Year,Month,EFPG_name,EFPG_code,Metroregion_name,Metroregion_code,Purchase_dollars_wtd,Purchase_grams_wtd,Purchase_dollars_unwtd,Purchase_grams_unwtd,Number_stores,Unit_value_mean_wtd,Unit_value_se_wtd,Unit_value_mean_unwtd,Price_index_GEKS
2012,1,Whole-grain breakfast cereal,74000,National,0,652907012,92397172743,427321384,61146996307,54849,0.707,0.0010,0.699,1.002122598
2012,2,Whole-grain breakfast cereal,74000,National,0,589958768,84168040269,399831731,57673647874,54847,0.701,0.0010,0.693,1.001865802
2012,3,Whole-grain breakfast cereal,74000,National,0,598022180,85586177381,417350440,60208349614,54780,0.699,0.0010,0.693,1.002907393
2012,4,Whole-grain breakfast cereal,74000,National,0,548171453,77131227091,382572977,54174476368,54792,0.711,0.0009,0.706,1.01118032
2012,5,Whole-grain breakfast cereal,74000,National,0,560558599,78653315621,393875239,55714026383,54732,0.713,0.0011,0.707,1.021936516
2012,6,Whole-grain breakfast cereal,74000,National,0,553461924,78339435182,386833845,55176802611,54838,0.706,0.0010,0.701,1.016936519
2012,7,Whole-grain breakfast cereal,74000,National,0,585159128,82249432295,409850622,57980641500,55135,0.711,0.0010,0.707,1.025739277
2012,8,Whole-grain breakfast cereal,74000,National,0,613794426,87682949556,430778271,61957156484,55029,0.7,0.0009,0.695,1.000602039
2012,9,Whole-grain breakfast cereal,74000,National,0,562731872,80139641115,393696286,56391841924,55008,0.702,0.0010,0.698,0.997657599
2012,10,Whole-grain breakfast cereal,74000,National,0,573072451,81336988191,399547773,56933303511,55035,0.705,0.0011,0.702,0.995641308
2012,11,Whole-grain breakfast cereal,74000,National,0,523074077,74525212099,360777193,51755623840,55138,0.702,0.0010,0.697,1.001871342
2012,12,Whole-grain breakfast cereal,74000,National,0,614128822,87058435986,415323217,59475353650,56014,0.705,0.0008,0.698,1.018286583
2013,1,Whole-grain breakfast cereal,74000,National,0,629464758,89452696970,411171620,59208047566,53683,0.704,0.0010,0.694,0.997582386
2013,2,Whole-grain breakfast cereal,74000,National,0,559249477,78929775101,368331372,52519777256,53795,0.709,0.0011,0.701,1.007687562
2013,3,Whole-grain breakfast cereal,74000,National,0,598842408,84266767017,401279640,57120411987,53901,0.711,0.0010,0.703,1.01744526
2013,4,Whole-grain breakfast cereal,74000,National,0,561070727,79372588526,373800210,53443144277,53953,0.707,0.0010,0.699,1.00962027
2013,5,Whole-grain breakfast cereal,74000,National,0,552895589,77216897526,371725540,52339295933,53936,0.716,0.0009,0.71,1.032859423
2013,6,Whole-grain breakfast cereal,74000,National,0,557224079,78283875550,374004470,53102918242,53873,0.712,0.0008,0.704,1.017295116
2013,7,Whole-grain breakfast cereal,74000,National,0,591346967,82626874711,397035838,56255359310,53955,0.716,0.0008,0.706,1.013291052
2013,8,Whole-grain breakfast cereal,74000,National,0,610455236,86300006394,410221481,58544981827,53974,0.707,0.0009,0.701,1.004097449
2013,9,Whole-grain breakfast cereal,74000,National,0,564013932,79297370140,381737423,54105901882,54116,0.711,0.0009,0.706,0.99539563
2013,10,Whole-grain breakfast cereal,74000,National,0,574917366,81115079979,388437051,55406608982,53958,0.709,0.0010,0.701,0.995073581
2013,11,Whole-grain breakfast cereal,74000,National,0,532732522,75340760137,351832959,50377691519,54001,0.707,0.0011,0.698,1.003148711
2013,12,Whole-grain breakfast cereal,74000,National,0,523637129,73690655489,341997151,48844728989,54611,0.711,0.0012,0.7,1.012250921
2014,1,Whole-grain breakfast cereal,74000,National,0,619813260,87416960001,409892758,58323951105,55421,0.709,0.0009,0.703,0.996914729
2014,2,Whole-grain breakfast cereal,74000,National,0,560980560,79137377983,371566649,52688132076,55585,0.709,0.0008,0.705,1.001869354
2014,3,Whole-grain breakfast cereal,74000,National,0,604913783,85909032979,403205405,57686018823,55853,0.704,0.0009,0.699,0.996494242
2014,4,Whole-grain breakfast cereal,74000,National,0,549746618,77578933312,367527824,52211943513,55529,0.709,0.0008,0.704,0.99838335
2014,5,Whole-grain breakfast cereal,74000,National,0,545999233,77122308144,368991574,52429344082,55456,0.708,0.0008,0.704,1.001584803
2014,6,Whole-grain breakfast cereal,74000,National,0,541633581,76637780093,368183275,52498131002,55651,0.707,0.0009,0.701,1.004329119
2014,7,Whole-grain breakfast cereal,74000,National,0,564628194,79946937196,384476884,54882202316,55393,0.706,0.0011,0.701,1.000884984
2014,8,Whole-grain breakfast cereal,74000,National,0,578744379,82604880027,393993927,56816906609,55272,0.701,0.0010,0.693,0.991159061
2014,9,Whole-grain breakfast cereal,74000,National,0,551050180,77648306012,372697242,52947599811,55015,0.71,0.0009,0.704,0.992688249
2014,10,Whole-grain breakfast cereal,74000,National,0,567109671,80345180218,378984947,54198106340,55018,0.706,0.0010,0.699,0.991954906
2014,11,Whole-grain breakfast cereal,74000,National,0,520705611,72439245276,344022000,48510692266,54974,0.719,0.0011,0.709,1.014425038
2014,12,Whole-grain breakfast cereal,74000,National,0,521729831,72726142783,344735110,48790935842,56084,0.717,0.0011,0.707,1.016246445
2015,1,Whole-grain breakfast cereal,74000,National,0,702787514,97800615321,453660292,63956766212,57499,0.719,0.0008,0.709,0.991686967
2015,2,Whole-grain breakfast cereal,74000,National,0,591842615,82485034040,385149242,54079010462,56625,0.718,0.0009,0.712,0.998808255
2015,3,Whole-grain breakfast cereal,74000,National,0,622076740,86144874963,406867673,56951133976,56673,0.722,0.0009,0.714,1.003386789
2015,4,Whole-grain breakfast cereal,74000,National,0,576583972,79309301425,376356904,52301564791,56496,0.727,0.0010,0.72,1.014210039
2015,5,Whole-grain breakfast cereal,74000,National,0,582946752,81052565172,381696423,53632208192,56462,0.719,0.0009,0.712,1.007484189
2015,6,Whole-grain breakfast cereal,74000,National,0,585329819,81577981425,384131260,54138433101,56463,0.718,0.0009,0.71,1.001213391
2015,7,Whole-grain breakfast cereal,74000,National,0,596687435,82648309488,392985487,55187310429,56413,0.722,0.0009,0.712,1.009022531
2015,8,Whole-grain breakfast cereal,74000,National,0,608497341,85310556918,403594113,57208027837,56437,0.713,0.0010,0.705,0.9973504
2015,9,Whole-grain breakfast cereal,74000,National,0,580257222,79826541145,383875473,53269008193,56667,0.727,0.0008,0.721,1.004646874
2015,10,Whole-grain breakfast cereal,74000,National,0,590269826,81391428763,386424265,53950107460,56740,0.725,0.0009,0.716,1.009165407
2015,11,Whole-grain breakfast cereal,74000,National,0,550311247,76248703435,358856475,50298857413,56762,0.722,0.0010,0.713,1.013297979
2015,12,Whole-grain breakfast cereal,74000,National,0,621004378,86158466059,404430272,56813195671,57481,0.721,0.0010,0.712,1.006322026
2016,1,Whole-grain breakfast cereal,74000,National,0,601916059,83329654349,403615331,56933530634,56233,0.722,0.0011,0.709,1.000519896
2016,2,Whole-grain breakfast cereal,74000,National,0,588638619,82074562694,397518021,56329114808,55877,0.717,0.0013,0.706,1.004768993
2016,3,Whole-grain breakfast cereal,74000,National,0,607412677,84421900251,417699851,58886804774,55935,0.719,0.0011,0.709,1.009603896
2016,4,Whole-grain breakfast cereal,74000,National,0,579119527,80723007950,401819101,56684573599,55907,0.717,0.0010,0.709,1.00602824
2016,5,Whole-grain breakfast cereal,74000,National,0,576013953,80012128275,401903910,56472558733,56081,0.72,0.0011,0.712,1.01669563
2016,6,Whole-grain breakfast cereal,74000,National,0,552589064,77091560535,383429875,54223674133,55863,0.717,0.0011,0.707,1.008509542
2016,7,Whole-grain breakfast cereal,74000,National,0,568187341,79484172045,393091885,55836036967,55760,0.715,0.0011,0.704,1.00946084
2016,8,Whole-grain breakfast cereal,74000,National,0,589146084,83896963956,409502235,59304035460,55640,0.702,0.0011,0.691,0.994895259
2016,9,Whole-grain breakfast cereal,74000,National,0,552792531,77226031969,383263538,54398665764,55469,0.716,0.0011,0.705,1.0050861
2016,10,Whole-grain breakfast cereal,74000,National,0,562924338,79214570507,389012601,55668555314,55661,0.711,0.0012,0.699,1.001947925
2016,11,Whole-grain breakfast cereal,74000,National,0,526877931,73996823009,357722841,51289790418,55290,0.712,0.0013,0.697,1.007805987
2016,12,Whole-grain breakfast cereal,74000,National,0,548822973,77114385589,366342712,52632155286,54770,0.712,0.0016,0.696,1.007456233
2017,1,Whole-grain breakfast cereal,74000,National,0,628665167,88457892833,403661142,58080201881,51005,0.711,0.0012,0.695,0.998194395
2017,2,Whole-grain breakfast cereal,74000,National,0,564632117,78837310652,366538306,52347549860,50946,0.716,0.0012,0.7,1.011502684
2017,3,Whole-grain breakfast cereal,74000,National,0,613333669,85735042389,408092047,58294258661,50935,0.715,0.0016,0.7,1.012851225
2017,4,Whole-grain breakfast cereal,74000,National,0,549602114,77005529052,372951775,53061730105,50840,0.714,0.0010,0.703,1.009081069
2017,5,Whole-grain breakfast cereal,74000,National,0,562033868,78912154175,384073075,54803870253,50593,0.712,0.0010,0.701,1.011961183
2017,6,Whole-grain breakfast cereal,74000,National,0,545700974,77715453854,376346685,54281086609,50554,0.702,0.0009,0.693,0.997348548
2017,7,Whole-grain breakfast cereal,74000,National,0,558375364,79334789657,392056757,56331659074,50834,0.704,0.0010,0.696,0.999718663
2017,8,Whole-grain breakfast cereal,74000,National,0,573030588,81598554350,408007578,58611301466,50477,0.702,0.0009,0.696,0.99687722
2017,9,Whole-grain breakfast cereal,74000,National,0,535737064,76396689543,381203463,54774422493,50428,0.701,0.0009,0.696,0.997837971
2017,10,Whole-grain breakfast cereal,74000,National,0,547771518,78567728962,390007199,56402656051,50574,0.697,0.0010,0.691,0.991420891
2017,11,Whole-grain breakfast cereal,74000,National,0,501481970,71311992109,352348134,50630848569,50268,0.703,0.0011,0.696,0.996463701
2017,12,Whole-grain breakfast cereal,74000,National,0,519631329,74778018423,361555266,52646094990,50300,0.695,0.0013,0.687,0.989162333
2018,1,Whole-grain breakfast cereal,74000,National,0,617580714,88594365404,407041731,59319288364,51275,0.697,0.0011,0.686,0.983955276
2018,2,Whole-grain breakfast cereal,74000,National,0,547592400,78184827152,362543514,52399508824,51322,0.7,0.0011,0.692,0.99325294
2018,3,Whole-grain breakfast cereal,74000,National,0,592872873,83703928928,397935566,57323698828,51288,0.708,0.0011,0.694,0.996530825
2018,4,Whole-grain breakfast cereal,74000,National,0,544472362,77032247070,370909518,53094506905,51678,0.707,0.0010,0.699,0.997682264
2018,5,Whole-grain breakfast cereal,74000,National,0,538520938,75685828793,370469972,52592518088,50777,0.712,0.0011,0.704,1.006863409
2018,6,Whole-grain breakfast cereal,74000,National,0,541447477,76143649186,370987935,52792137351,50996,0.711,0.0011,0.703,0.993809842
2018,7,Whole-grain breakfast cereal,74000,National,0,562759880,76833241152,385073934,53232188041,51143,0.732,0.0012,0.723,1.007601456
2018,8,Whole-grain breakfast cereal,74000,National,0,568980308,76961340286,392670570,53890039981,50539,0.739,0.0011,0.729,1.011633519
2018,9,Whole-grain breakfast cereal,74000,National,0,533014965,71275540132,365342482,49506371527,50265,0.748,0.0011,0.738,1.02178832
2018,10,Whole-grain breakfast cereal,74000,National,0,549757450,74480673947,379155386,51902729612,50071,0.738,0.0011,0.731,1.012479994
2018,11,Whole-grain breakfast cereal,74000,National,0,512462681,69463706639,349706192,48245163701,49681,0.738,0.0012,0.725,1.01236286
2018,12,Whole-grain breakfast cereal,74000,National,0,512705439,69579918376,346908620,47713877691,49570,0.737,0.0015,0.727,1.007048738
2012,1,Whole-grain breakfast cereal,74000,Census Region 1: Northeast,1,131493874,17779794095,88106156,12090647356,9402,0.74,0.0031,0.729,1.030170002
2012,2,Whole-grain breakfast cereal,74000,Census Region 1: Northeast,1,120750225,16514657193,81734856,11130088660,9427,0.731,0.0027,0.734,1.023261712
2012,3,Whole-grain breakfast cereal,74000,Census Region 1: Northeast,1,114224894,15796111036,84948688,11597871402,9441,0.723,0.0029,0.732,1.023912697
2012,4,Whole-grain breakfast cereal,74000,Census Region 1: Northeast,1,105635759,14411662886,78492777,10535138321,9467,0.733,0.0030,0.745,1.048249852
2012,5,Whole-grain breakfast cereal,74000,Census Region 1: Northeast,1,108729281,14598994936,80596767,10721806374,9483,0.745,0.0028,0.752,1.067352721
2012,6,Whole-grain breakfast cereal,74000,Census Region 1: Northeast,1,111560144,15226754442,81334345,10948152554,9495,0.733,0.0029,0.743,1.043651969
2012,7,Whole-grain breakfast cereal,74000,Census Region 1: Northeast,1,117534801,15707345498,86047454,11407732339,9537,0.748,0.0028,0.754,1.062131226
2012,8,Whole-grain breakfast cereal,74000,Census Region 1: Northeast,1,122972640,16701649427,87902475,11834280310,9538,0.736,0.0032,0.743,1.040684859
2012,9,Whole-grain breakfast cereal,74000,Census Region 1: Northeast,1,117369512,15978284108,83421782,11160993484,9525,0.735,0.0038,0.747,1.031535796
2012,10,Whole-grain breakfast cereal,74000,Census Region 1: Northeast,1,122222807,16770562253,86498986,11667084597,9540,0.729,0.0042,0.741,1.009994834
2012,11,Whole-grain breakfast cereal,74000,Census Region 1: Northeast,1,108910132,14957622681,75489299,10247865312,9550,0.728,0.0036,0.737,1.021494626
2012,12,Whole-grain breakfast cereal,74000,Census Region 1: Northeast,1,124737861,17007888095,83782331,11355682698,9639,0.733,0.0028,0.738,1.033624115
2013,1,Whole-grain breakfast cereal,74000,Census Region 1: Northeast,1,130443281,17666813165,86483580,11805707479,9358,0.738,0.0041,0.733,1.028152877
2013,2,Whole-grain breakfast cereal,74000,Census Region 1: Northeast,1,117515169,15688138874,76592308,10227919466,9350,0.749,0.0040,0.749,1.045436029
2013,3,Whole-grain breakfast cereal,74000,Census Region 1: Northeast,1,121431794,16346093005,82348765,11140142271,9356,0.743,0.0038,0.739,1.042597266
2013,4,Whole-grain breakfast cereal,74000,Census Region 1: Northeast,1,112282895,14978914077,75246154,10046796350,9369,0.75,0.0041,0.749,1.053245618
2013,5,Whole-grain breakfast cereal,74000,Census Region 1: Northeast,1,114011577,15206502578,78493095,10410333282,9372,0.75,0.0032,0.754,1.058878569
2013,6,Whole-grain breakfast cereal,74000,Census Region 1: Northeast,1,115176729,15437436488,79096370,10542980169,9364,0.746,0.0027,0.75,1.040678698
2013,7,Whole-grain breakfast cereal,74000,Census Region 1: Northeast,1,122848145,16244269920,83557203,11103248826,9386,0.756,0.0028,0.753,1.047707936
2013,8,Whole-grain breakfast cereal,74000,Census Region 1: Northeast,1,126330489,16868925675,85328470,11310218370,9399,0.749,0.0032,0.754,1.044386776
2013,9,Whole-grain breakfast cereal,74000,Census Region 1: Northeast,1,118183489,15730390105,82179953,10868586995,9387,0.751,0.0032,0.756,1.033019551
2013,10,Whole-grain breakfast cereal,74000,Census Region 1: Northeast,1,121798361,16337766673,84072322,11202428976,9342,0.746,0.0035,0.75,1.029045541
2013,11,Whole-grain breakfast cereal,74000,Census Region 1: Northeast,1,111451451,15054994339,74562645,9995844171,9338,0.74,0.0037,0.746,1.029689498
2013,12,Whole-grain breakfast cereal,74000,Census Region 1: Northeast,1,106625621,14277055738,70483205,9404618994,9434,0.747,0.0040,0.749,1.044619505
2014,1,Whole-grain breakfast cereal,74000,Census Region 1: Northeast,1,126812112,17113868151,86141431,11617107098,9411,0.741,0.0032,0.742,1.020185085
2014,2,Whole-grain breakfast cereal,74000,Census Region 1: Northeast,1,116374973,15646494569,78394382,10436451936,9471,0.744,0.0031,0.751,1.031591122
2014,3,Whole-grain breakfast cereal,74000,Census Region 1: Northeast,1,124647931,16963525084,84457916,11375343322,9494,0.735,0.0032,0.742,1.019668763
2014,4,Whole-grain breakfast cereal,74000,Census Region 1: Northeast,1,112823374,15182893734,76676353,10228763027,9418,0.743,0.0028,0.75,1.030448985
2014,5,Whole-grain breakfast cereal,74000,Census Region 1: Northeast,1,115329966,15631026692,78873989,10635982274,9421,0.738,0.0029,0.742,1.024352699
2014,6,Whole-grain breakfast cereal,74000,Census Region 1: Northeast,1,114439725,15341680016,77735194,10356536290,9443,0.746,0.0029,0.751,1.033632367
2014,7,Whole-grain breakfast cereal,74000,Census Region 1: Northeast,1,122640096,16383014843,81970489,10924947028,9411,0.749,0.0037,0.75,1.036754013
2014,8,Whole-grain breakfast cereal,74000,Census Region 1: Northeast,1,125998413,16873649584,82077424,11016945367,9415,0.747,0.0031,0.745,1.033611627
2014,9,Whole-grain breakfast cereal,74000,Census Region 1: Northeast,1,117113285,15591324913,80562965,10659635641,9376,0.751,0.0030,0.756,1.030833185
2014,10,Whole-grain breakfast cereal,74000,Census Region 1: Northeast,1,120071277,16331126910,80950595,10989206673,9364,0.735,0.0037,0.737,1.010938567
2014,11,Whole-grain breakfast cereal,74000,Census Region 1: Northeast,1,112003334,14884932685,72127252,9626344429,9386,0.752,0.0036,0.749,1.034667448
2014,12,Whole-grain breakfast cereal,74000,Census Region 1: Northeast,1,108963895,14473821701,69594630,9276664417,9524,0.753,0.0037,0.75,1.050064704
2015,1,Whole-grain breakfast cereal,74000,Census Region 1: Northeast,1,146960981,19425466606,95592759,12825772789,9743,0.757,0.0026,0.745,1.008271206
2015,2,Whole-grain breakfast cereal,74000,Census Region 1: Northeast,1,120232538,15706828483,77743874,10247050676,9539,0.765,0.0030,0.759,1.028591987
2015,3,Whole-grain breakfast cereal,74000,Census Region 1: Northeast,1,131543566,17261847146,86174507,11461423634,9502,0.762,0.0028,0.752,1.020465265
2015,4,Whole-grain breakfast cereal,74000,Census Region 1: Northeast,1,118449716,15347560749,77523593,10131868592,9453,0.772,0.0029,0.765,1.035745529
2015,5,Whole-grain breakfast cereal,74000,Census Region 1: Northeast,1,121127729,15787606529,79233970,10415798661,9461,0.767,0.0031,0.761,1.031665556
2015,6,Whole-grain breakfast cereal,74000,Census Region 1: Northeast,1,122549074,16003413810,79969728,10556281734,9456,0.766,0.0033,0.758,1.031805059
2015,7,Whole-grain breakfast cereal,74000,Census Region 1: Northeast,1,122367950,15932629263,81880217,10827381037,9447,0.768,0.0032,0.756,1.036439033
2015,8,Whole-grain breakfast cereal,74000,Census Region 1: Northeast,1,125095348,16504561162,83130230,11069772699,9431,0.758,0.0031,0.751,1.027007223
2015,9,Whole-grain breakfast cereal,74000,Census Region 1: Northeast,1,120256221,15550937791,81993435,10667045573,9599,0.773,0.0025,0.769,1.03431833
2015,10,Whole-grain breakfast cereal,74000,Census Region 1: Northeast,1,118270182,15558147109,79621323,10625195292,9574,0.76,0.0031,0.749,1.027098243
2015,11,Whole-grain breakfast cereal,74000,Census Region 1: Northeast,1,101644928,13466001078,72378695,9624680071,9586,0.755,0.0032,0.752,1.029985233
2015,12,Whole-grain breakfast cereal,74000,Census Region 1: Northeast,1,115003182,15113404593,80567717,10677157807,9772,0.761,0.0029,0.755,1.035938223
2016,1,Whole-grain breakfast cereal,74000,Census Region 1: Northeast,1,123687565,16256494552,82644621,11210230008,9632,0.761,0.0033,0.737,1.028240205
2016,2,Whole-grain breakfast cereal,74000,Census Region 1: Northeast,1,116939235,15491865675,78891758,10707795938,9576,0.755,0.0036,0.737,1.036659822
2016,3,Whole-grain breakfast cereal,74000,Census Region 1: Northeast,1,123689801,16458174655,85060405,11638355550,9579,0.752,0.0037,0.731,1.030732633
2016,4,Whole-grain breakfast cereal,74000,Census Region 1: Northeast,1,116371260,15498796550,80548808,10939018672,9588,0.751,0.0032,0.736,1.029621491
2016,5,Whole-grain breakfast cereal,74000,Census Region 1: Northeast,1,118964272,15687564209,83611479,11240042207,9601,0.758,0.0035,0.744,1.048127523
2016,6,Whole-grain breakfast cereal,74000,Census Region 1: Northeast,1,113171919,14927078992,78948340,10610976681,9604,0.758,0.0032,0.744,1.041363104
2016,7,Whole-grain breakfast cereal,74000,Census Region 1: Northeast,1,117101664,15448755137,81642190,11017455433,9604,0.758,0.0036,0.741,1.046461396
2016,8,Whole-grain breakfast cereal,74000,Census Region 1: Northeast,1,121275611,16192017712,84481061,11525239722,9613,0.749,0.0033,0.733,1.034932076
2016,9,Whole-grain breakfast cereal,74000,Census Region 1: Northeast,1,117631026,15667884221,81085762,11000813838,9576,0.751,0.0034,0.737,1.036320094
2016,10,Whole-grain breakfast cereal,74000,Census Region 1: Northeast,1,118039903,15842266883,80938760,11153168207,9585,0.745,0.0042,0.726,1.023479904
2016,11,Whole-grain breakfast cereal,74000,Census Region 1: Northeast,1,109447054,14469282345,73461505,10035337060,9558,0.756,0.0043,0.732,1.041090066
2016,12,Whole-grain breakfast cereal,74000,Census Region 1: Northeast,1,113265661,14953705192,74942977,10246777681,9417,0.757,0.0048,0.731,1.046358091
2017,1,Whole-grain breakfast cereal,74000,Census Region 1: Northeast,1,126970332,16440446579,83409849,11291292104,8868,0.772,0.0033,0.739,1.039347146
2017,2,Whole-grain breakfast cereal,74000,Census Region 1: Northeast,1,113921407,14920572725,73702622,10034670943,8860,0.764,0.0034,0.734,1.037475534
2017,3,Whole-grain breakfast cereal,74000,Census Region 1: Northeast,1,123859681,16252999627,83972755,11436957108,8823,0.762,0.0029,0.734,1.040006629
2017,4,Whole-grain breakfast cereal,74000,Census Region 1: Northeast,1,106833605,13938832145,74887533,10033022697,8800,0.766,0.0029,0.746,1.047676657
2017,5,Whole-grain breakfast cereal,74000,Census Region 1: Northeast,1,113209318,14921475231,79532963,10807825952,8795,0.759,0.0031,0.736,1.040737246
2017,6,Whole-grain breakfast cereal,74000,Census Region 1: Northeast,1,109250193,14494219305,76408646,10363438949,8800,0.754,0.0031,0.737,1.028476058
2017,7,Whole-grain breakfast cereal,74000,Census Region 1: Northeast,1,114484094,15035722116,80782496,10877069806,8799,0.761,0.0031,0.743,1.039310911
2017,8,Whole-grain breakfast cereal,74000,Census Region 1: Northeast,1,115605394,15347985524,82452918,11266728836,8802,0.753,0.0031,0.732,1.03046457
2017,9,Whole-grain breakfast cereal,74000,Census Region 1: Northeast,1,112996714,14988536950,80838429,10967740791,8798,0.754,0.0031,0.737,1.031611998
2017,10,Whole-grain breakfast cereal,74000,Census Region 1: Northeast,1,113521834,15268730202,80323810,11094775924,8779,0.743,0.0032,0.724,1.017370595
2017,11,Whole-grain breakfast cereal,74000,Census Region 1: Northeast,1,102509370,13543261151,71680260,9751094140,8757,0.757,0.0031,0.735,1.034227325
2017,12,Whole-grain breakfast cereal,74000,Census Region 1: Northeast,1,105168186,13880772328,72786876,9962053204,8753,0.758,0.0034,0.731,1.037380616
2018,1,Whole-grain breakfast cereal,74000,Census Region 1: Northeast,1,119827786,15941267732,81759670,11265146012,9198,0.752,0.0036,0.726,1.022545836
2018,2,Whole-grain breakfast cereal,74000,Census Region 1: Northeast,1,104723453,13895004065,71445297,9753564272,9200,0.754,0.0035,0.733,1.033615945
2018,3,Whole-grain breakfast cereal,74000,Census Region 1: Northeast,1,115902634,15346627911,79756372,10946800264,9192,0.755,0.0040,0.729,1.037808568
2018,4,Whole-grain breakfast cereal,74000,Census Region 1: Northeast,1,106720305,14068624522,73073370,9882462196,9211,0.759,0.0030,0.739,1.043501095
2018,5,Whole-grain breakfast cereal,74000,Census Region 1: Northeast,1,107526246,13994897267,75277952,10102955999,9152,0.768,0.0032,0.745,1.055977276
2018,6,Whole-grain breakfast cereal,74000,Census Region 1: Northeast,1,108566139,14072535222,75208267,9998271951,9152,0.771,0.0037,0.752,1.034942557
2018,7,Whole-grain breakfast cereal,74000,Census Region 1: Northeast,1,115045764,14562933998,78535142,10237303588,9180,0.79,0.0039,0.767,1.047341491
2018,8,Whole-grain breakfast cereal,74000,Census Region 1: Northeast,1,117080139,14732072161,79906704,10365820064,9115,0.795,0.0039,0.771,1.050074616
2018,9,Whole-grain breakfast cereal,74000,Census Region 1: Northeast,1,113349962,14059756542,77408215,9888751969,9091,0.806,0.0038,0.783,1.063341258
2018,10,Whole-grain breakfast cereal,74000,Census Region 1: Northeast,1,113616354,14394997403,78456684,10199130057,9099,0.789,0.0037,0.769,1.047822319
2018,11,Whole-grain breakfast cereal,74000,Census Region 1: Northeast,1,104943275,13185194564,70975599,9256497539,9088,0.796,0.0039,0.767,1.060289416
2018,12,Whole-grain breakfast cereal,74000,Census Region 1: Northeast,1,102895645,12942343013,69124509,8930958951,9089,0.795,0.0034,0.774,1.058113569
2012,1,Whole-grain breakfast cereal,74000,Census Region 2: Midwest,2,142617855,20728366369,86728733,12755303872,11113,0.688,0.0019,0.68,0.994535378
2012,2,Whole-grain breakfast cereal,74000,Census Region 2: Midwest,2,131000129,19537737488,81207217,12160185512,11135,0.67,0.0019,0.668,0.979076671
2012,3,Whole-grain breakfast cereal,74000,Census Region 2: Midwest,2,130972314,19379085748,82804231,12326246965,11153,0.676,0.0019,0.672,0.986307383
2012,4,Whole-grain breakfast cereal,74000,Census Region 2: Midwest,2,123901224,17966598444,78282104,11431996647,11084,0.69,0.0015,0.685,0.994360237
2012,5,Whole-grain breakfast cereal,74000,Census Region 2: Midwest,2,125509918,18243188554,80011680,11705866514,11119,0.688,0.0016,0.684,1.007504076
2012,6,Whole-grain breakfast cereal,74000,Census Region 2: Midwest,2,122664300,17855936267,77926941,11456925502,11162,0.687,0.0017,0.68,1.007542093
2012,7,Whole-grain breakfast cereal,74000,Census Region 2: Midwest,2,130713477,19055650878,83230124,12270563603,11206,0.686,0.0018,0.678,1.00602336
2012,8,Whole-grain breakfast cereal,74000,Census Region 2: Midwest,2,137182926,20224722672,87592159,13028891292,11214,0.678,0.0016,0.672,0.987594858
2012,9,Whole-grain breakfast cereal,74000,Census Region 2: Midwest,2,126086467,18489081282,80544716,11883802862,11210,0.682,0.0016,0.678,0.985447577
2012,10,Whole-grain breakfast cereal,74000,Census Region 2: Midwest,2,127815426,18702931771,81037161,11956698181,11218,0.683,0.0019,0.678,0.983230349
2012,11,Whole-grain breakfast cereal,74000,Census Region 2: Midwest,2,120565079,17787432277,74238925,11070293776,11203,0.678,0.0029,0.671,0.98399321
2012,12,Whole-grain breakfast cereal,74000,Census Region 2: Midwest,2,145634486,21362307495,86356710,12880670889,11356,0.682,0.0022,0.67,0.985165628
2013,1,Whole-grain breakfast cereal,74000,Census Region 2: Midwest,2,142911497,21060761983,81609803,12181804533,11021,0.679,0.0015,0.67,0.981100063
2013,2,Whole-grain breakfast cereal,74000,Census Region 2: Midwest,2,125694862,18516886623,73249680,10898385295,11042,0.679,0.0016,0.672,0.986757636
2013,3,Whole-grain breakfast cereal,74000,Census Region 2: Midwest,2,133630200,19476410196,80021502,11808135631,11037,0.686,0.0014,0.678,1.005656709
2013,4,Whole-grain breakfast cereal,74000,Census Region 2: Midwest,2,123033286,18097309816,74474051,11092833670,11049,0.68,0.0014,0.671,0.994531768
2013,5,Whole-grain breakfast cereal,74000,Census Region 2: Midwest,2,121188310,17551056792,73505474,10769335865,11048,0.69,0.0014,0.683,1.016956666
2013,6,Whole-grain breakfast cereal,74000,Census Region 2: Midwest,2,120988981,17573318655,73371322,10812650818,11018,0.688,0.0014,0.679,1.009706502
2013,7,Whole-grain breakfast cereal,74000,Census Region 2: Midwest,2,128993877,18772956148,77836737,11493085204,11078,0.687,0.0013,0.677,0.996346975
2013,8,Whole-grain breakfast cereal,74000,Census Region 2: Midwest,2,133793004,19753694831,81215448,12099648698,11082,0.677,0.0018,0.671,0.98421317
2013,9,Whole-grain breakfast cereal,74000,Census Region 2: Midwest,2,123671263,18064549300,75464948,11107929157,11127,0.685,0.0014,0.679,0.977418186
2013,10,Whole-grain breakfast cereal,74000,Census Region 2: Midwest,2,125049740,18265392748,76380157,11267610102,11085,0.685,0.0015,0.678,0.980533836
2013,11,Whole-grain breakfast cereal,74000,Census Region 2: Midwest,2,115539980,17075211718,69840169,10436297765,11090,0.677,0.0016,0.669,0.982514294
2013,12,Whole-grain breakfast cereal,74000,Census Region 2: Midwest,2,116759354,17087659292,69078834,10300045282,11243,0.683,0.0025,0.671,0.992174261
2014,1,Whole-grain breakfast cereal,74000,Census Region 2: Midwest,2,132388868,19262685701,81352105,11918948200,11331,0.687,0.0021,0.683,0.984923039
2014,2,Whole-grain breakfast cereal,74000,Census Region 2: Midwest,2,120738566,17545263244,73892816,10834202308,11343,0.688,0.0019,0.682,0.992912059
2014,3,Whole-grain breakfast cereal,74000,Census Region 2: Midwest,2,128808526,19174997742,79210208,11835855979,11425,0.672,0.0017,0.669,0.974260699
2014,4,Whole-grain breakfast cereal,74000,Census Region 2: Midwest,2,115489799,16828720535,72425765,10624810244,11355,0.686,0.0014,0.682,0.985719864
2014,5,Whole-grain breakfast cereal,74000,Census Region 2: Midwest,2,115449438,16894716611,73030835,10736586322,11333,0.683,0.0014,0.68,0.98390914
2014,6,Whole-grain breakfast cereal,74000,Census Region 2: Midwest,2,113874582,16804393813,72412978,10778740469,11386,0.678,0.0015,0.672,0.98168681
2014,7,Whole-grain breakfast cereal,74000,Census Region 2: Midwest,2,116869656,17343460211,75587743,11279413623,11302,0.674,0.0018,0.67,0.97527882
2014,8,Whole-grain breakfast cereal,74000,Census Region 2: Midwest,2,118636441,17712981600,77630462,11653491342,11247,0.67,0.0015,0.666,0.970319131
2014,9,Whole-grain breakfast cereal,74000,Census Region 2: Midwest,2,122284681,17649513222,73099489,10765934158,11193,0.693,0.0019,0.679,0.983763401
2014,10,Whole-grain breakfast cereal,74000,Census Region 2: Midwest,2,127019089,18361950490,74432507,11003406536,11202,0.692,0.0022,0.676,0.991532471
2014,11,Whole-grain breakfast cereal,74000,Census Region 2: Midwest,2,119580028,17140132426,69110634,10150088800,11214,0.698,0.0023,0.681,0.99749726
2014,12,Whole-grain breakfast cereal,74000,Census Region 2: Midwest,2,119276011,17149093439,69274874,10219221398,11464,0.696,0.0021,0.678,0.99840898
2015,1,Whole-grain breakfast cereal,74000,Census Region 2: Midwest,2,152304222,21965500682,91133851,13248009912,11856,0.693,0.0018,0.688,0.979774154
2015,2,Whole-grain breakfast cereal,74000,Census Region 2: Midwest,2,125935075,18028209568,77381025,11156539258,11620,0.699,0.0016,0.694,0.992606877
2015,3,Whole-grain breakfast cereal,74000,Census Region 2: Midwest,2,131878095,18878229936,80364274,11614761664,11633,0.699,0.0017,0.692,0.996725358
2015,4,Whole-grain breakfast cereal,74000,Census Region 2: Midwest,2,122830625,17486569424,75024963,10769471590,11623,0.702,0.0022,0.697,1.005002825
2015,5,Whole-grain breakfast cereal,74000,Census Region 2: Midwest,2,124167198,18020466575,76758983,11188884212,11605,0.689,0.0016,0.686,0.992426781
2015,6,Whole-grain breakfast cereal,74000,Census Region 2: Midwest,2,123369098,17850418040,76361113,11134951379,11579,0.691,0.0016,0.686,0.989270369
2015,7,Whole-grain breakfast cereal,74000,Census Region 2: Midwest,2,126117759,18284956977,77548563,11312950244,11558,0.69,0.0017,0.685,0.98709711
2015,8,Whole-grain breakfast cereal,74000,Census Region 2: Midwest,2,130031744,19052837131,80630850,11878364014,11570,0.682,0.0016,0.679,0.979248481
2015,9,Whole-grain breakfast cereal,74000,Census Region 2: Midwest,2,124205183,17784906419,76476290,11003283616,11624,0.698,0.0017,0.695,0.98566283
2015,10,Whole-grain breakfast cereal,74000,Census Region 2: Midwest,2,125860890,17991374903,77379470,11112072793,11749,0.7,0.0016,0.696,0.997567536
2015,11,Whole-grain breakfast cereal,74000,Census Region 2: Midwest,2,125888258,18103557712,73126587,10635107428,11774,0.695,0.0018,0.688,0.996136888
2015,12,Whole-grain breakfast cereal,74000,Census Region 2: Midwest,2,140815455,20195841637,82102050,11951906615,11918,0.697,0.0020,0.687,0.991989824
2016,1,Whole-grain breakfast cereal,74000,Census Region 2: Midwest,2,128928242,18478470443,79130747,11519600810,11454,0.698,0.0027,0.687,0.986002401
2016,2,Whole-grain breakfast cereal,74000,Census Region 2: Midwest,2,127194549,18320189362,78163989,11400133114,11393,0.694,0.0035,0.686,0.992311405
2016,3,Whole-grain breakfast cereal,74000,Census Region 2: Midwest,2,128480407,18513084731,81358692,11813630556,11410,0.694,0.0027,0.689,0.998065037
2016,4,Whole-grain breakfast cereal,74000,Census Region 2: Midwest,2,124136742,17971377219,79427283,11515622565,11417,0.691,0.0016,0.69,0.993011793
2016,5,Whole-grain breakfast cereal,74000,Census Region 2: Midwest,2,124786063,18034944600,79421339,11507539994,11488,0.692,0.0018,0.69,1.002631774
2016,6,Whole-grain breakfast cereal,74000,Census Region 2: Midwest,2,115742495,16752568745,74053945,10803800581,11407,0.691,0.0020,0.685,0.994725817
2016,7,Whole-grain breakfast cereal,74000,Census Region 2: Midwest,2,119937719,17343210876,76531280,11184768696,11412,0.692,0.0024,0.684,0.998996692
2016,8,Whole-grain breakfast cereal,74000,Census Region 2: Midwest,2,125039287,18575612345,81380663,12218342531,11350,0.673,0.0020,0.666,0.977508372
2016,9,Whole-grain breakfast cereal,74000,Census Region 2: Midwest,2,118013930,16997958596,75932070,11069848290,11366,0.694,0.0021,0.686,0.995900392
2016,10,Whole-grain breakfast cereal,74000,Census Region 2: Midwest,2,120068791,17453260629,76818906,11284593239,11420,0.688,0.0021,0.681,0.995004333
2016,11,Whole-grain breakfast cereal,74000,Census Region 2: Midwest,2,114381892,16670794554,70817437,10478280322,11329,0.686,0.0030,0.676,0.992904919
2016,12,Whole-grain breakfast cereal,74000,Census Region 2: Midwest,2,122367735,17785615262,73173700,10884371378,11198,0.688,0.0042,0.672,0.990884207
2017,1,Whole-grain breakfast cereal,74000,Census Region 2: Midwest,2,140386707,20568054836,78195681,11686665945,10524,0.683,0.0024,0.669,0.98466008
2017,2,Whole-grain breakfast cereal,74000,Census Region 2: Midwest,2,124758925,18099761187,71260771,10497218704,10516,0.689,0.0024,0.679,1.000411124
2017,3,Whole-grain breakfast cereal,74000,Census Region 2: Midwest,2,137157605,19929893258,78980833,11648655245,10525,0.688,0.0024,0.678,1.002251847
2017,4,Whole-grain breakfast cereal,74000,Census Region 2: Midwest,2,122799081,17837218195,72721373,10687589198,10462,0.688,0.0026,0.68,0.994270895
2017,5,Whole-grain breakfast cereal,74000,Census Region 2: Midwest,2,126497699,18290900069,75371817,11071731943,10356,0.692,0.0028,0.681,1.004999493
2017,6,Whole-grain breakfast cereal,74000,Census Region 2: Midwest,2,117753817,17361284256,73106948,10860612341,10347,0.678,0.0024,0.673,0.989381383
2017,7,Whole-grain breakfast cereal,74000,Census Region 2: Midwest,2,116534803,17367569404,75522354,11291196814,10413,0.671,0.0023,0.669,0.979751419
2017,8,Whole-grain breakfast cereal,74000,Census Region 2: Midwest,2,117415926,17592485028,78868884,11711323948,10279,0.667,0.0020,0.673,0.978612352
2017,9,Whole-grain breakfast cereal,74000,Census Region 2: Midwest,2,109935314,16594861564,73091716,10848842074,10285,0.662,0.0023,0.674,0.978270709
2017,10,Whole-grain breakfast cereal,74000,Census Region 2: Midwest,2,113883212,17292917814,75867333,11343890172,10324,0.659,0.0022,0.669,0.975053798
2017,11,Whole-grain breakfast cereal,74000,Census Region 2: Midwest,2,103946480,15665380289,69157046,10302502652,10257,0.664,0.0022,0.671,0.974987191
2017,12,Whole-grain breakfast cereal,74000,Census Region 2: Midwest,2,108975408,16731579252,71707681,10892558557,10230,0.651,0.0023,0.658,0.956999854
2018,1,Whole-grain breakfast cereal,74000,Census Region 2: Midwest,2,131302832,20005476175,80535096,12167860054,10563,0.656,0.0027,0.662,0.958793232
2018,2,Whole-grain breakfast cereal,74000,Census Region 2: Midwest,2,117116650,17784922627,72511243,10888641960,10575,0.659,0.0027,0.666,0.9693443
2018,3,Whole-grain breakfast cereal,74000,Census Region 2: Midwest,2,124597056,18651407261,78495125,11706522275,10531,0.668,0.0029,0.671,0.974787106
2018,4,Whole-grain breakfast cereal,74000,Census Region 2: Midwest,2,117095236,17518952323,73920029,10956643354,10563,0.668,0.0027,0.675,0.977014361
2018,5,Whole-grain breakfast cereal,74000,Census Region 2: Midwest,2,117471734,17468398517,73523639,10792647802,10140,0.672,0.0030,0.681,0.983582185
2018,6,Whole-grain breakfast cereal,74000,Census Region 2: Midwest,2,118500517,17616855869,73608685,10872701435,10434,0.673,0.0030,0.677,0.974406293
2018,7,Whole-grain breakfast cereal,74000,Census Region 2: Midwest,2,120794724,17453657798,75976030,10923159102,10539,0.692,0.0028,0.696,0.98687519
2018,8,Whole-grain breakfast cereal,74000,Census Region 2: Midwest,2,122517682,17494272588,78268480,11177170498,10401,0.7,0.0020,0.7,0.987255094
2018,9,Whole-grain breakfast cereal,74000,Census Region 2: Midwest,2,112953735,15970617203,72020927,10178017490,10397,0.707,0.0021,0.708,0.996992463
2018,10,Whole-grain breakfast cereal,74000,Census Region 2: Midwest,2,118212352,16839189156,75189187,10668254327,10366,0.702,0.0022,0.705,0.989784162
2018,11,Whole-grain breakfast cereal,74000,Census Region 2: Midwest,2,111758845,16126949394,70695352,10142110218,10320,0.693,0.0022,0.697,0.977108289
2018,12,Whole-grain breakfast cereal,74000,Census Region 2: Midwest,2,110080856,15843081386,69609770,9963949421,10310,0.695,0.0021,0.699,0.977163518
2012,1,Whole-grain breakfast cereal,74000,Census Region 3: South,3,225000767,32223009665,163858338,23513833977,24405,0.698,0.0007,0.697,0.986687522
2012,2,Whole-grain breakfast cereal,74000,Census Region 3: South,3,199954533,28414166892,153875208,22261670695,24354,0.704,0.0008,0.691,1.00320239
2012,3,Whole-grain breakfast cereal,74000,Census Region 3: South,3,208147122,29636638454,161294674,23318958461,24258,0.702,0.0007,0.692,1.002199765
2012,4,Whole-grain breakfast cereal,74000,Census Region 3: South,3,189813651,26695687147,146534115,20914001180,24308,0.711,0.0007,0.701,1.002832872
2012,5,Whole-grain breakfast cereal,74000,Census Region 3: South,3,195048774,27300881584,150745507,21400468338,24231,0.714,0.0008,0.704,1.013479442
2012,6,Whole-grain breakfast cereal,74000,Census Region 3: South,3,190739919,27175562674,147749993,21331984431,24285,0.702,0.0006,0.693,1.004828071
2012,7,Whole-grain breakfast cereal,74000,Census Region 3: South,3,200160554,28250476928,154645108,22071237511,24404,0.709,0.0007,0.701,1.018863237
2012,8,Whole-grain breakfast cereal,74000,Census Region 3: South,3,209300034,30036057393,164136555,23833333815,24313,0.697,0.0007,0.689,0.992055256
2012,9,Whole-grain breakfast cereal,74000,Census Region 3: South,3,188166141,26931958869,147322494,21413571934,24311,0.699,0.0007,0.688,0.989263616
2012,10,Whole-grain breakfast cereal,74000,Census Region 3: South,3,192766223,27367396681,149054393,21430858388,24319,0.704,0.0008,0.696,0.992678175
2012,11,Whole-grain breakfast cereal,74000,Census Region 3: South,3,177263600,25224389034,135255999,19570842707,24385,0.703,0.0010,0.691,0.998948841
2012,12,Whole-grain breakfast cereal,74000,Census Region 3: South,3,210485555,29970426901,158630626,22865568744,24815,0.702,0.0008,0.694,0.996495527
2013,1,Whole-grain breakfast cereal,74000,Census Region 3: South,3,207935910,29810306651,156493654,22789613732,23680,0.698,0.0008,0.687,0.989084461
2013,2,Whole-grain breakfast cereal,74000,Census Region 3: South,3,188809477,26819661007,141677458,20443291324,23742,0.704,0.0008,0.693,0.997851549
2013,3,Whole-grain breakfast cereal,74000,Census Region 3: South,3,204417364,28822744835,154352674,22122470924,23806,0.709,0.0008,0.698,1.010900533
2013,4,Whole-grain breakfast cereal,74000,Census Region 3: South,3,191597177,27146260981,143246144,20642390106,23846,0.706,0.0008,0.694,1.004412081
2013,5,Whole-grain breakfast cereal,74000,Census Region 3: South,3,188171790,26189334201,140938366,19975065371,23827,0.719,0.0008,0.706,1.032188271
2013,6,Whole-grain breakfast cereal,74000,Census Region 3: South,3,189698037,26868478664,142455774,20554676779,23825,0.706,0.0009,0.693,1.007881896
2013,7,Whole-grain breakfast cereal,74000,Census Region 3: South,3,202328362,28434067900,152155314,21789780384,23818,0.712,0.0007,0.698,1.003687224
2013,8,Whole-grain breakfast cereal,74000,Census Region 3: South,3,207283777,29169960712,156444583,22442188180,23839,0.711,0.0009,0.697,1.004164602
2013,9,Whole-grain breakfast cereal,74000,Census Region 3: South,3,190549961,26907223970,143232289,20549076028,23904,0.708,0.0008,0.697,0.987721956
2013,10,Whole-grain breakfast cereal,74000,Census Region 3: South,3,193171711,27426199828,145773168,21125459644,23808,0.704,0.0009,0.69,0.98559662
2013,11,Whole-grain breakfast cereal,74000,Census Region 3: South,3,183185816,26036553705,133492449,19366522190,23820,0.704,0.0009,0.689,0.991873139
2013,12,Whole-grain breakfast cereal,74000,Census Region 3: South,3,181954187,25794603810,130600772,18869504312,24028,0.705,0.0012,0.692,0.99889252
2014,1,Whole-grain breakfast cereal,74000,Census Region 3: South,3,215540867,30405864919,157054936,22491130454,24656,0.709,0.0008,0.698,0.994373812
2014,2,Whole-grain breakfast cereal,74000,Census Region 3: South,3,194115742,27418358788,143155407,20520987223,24733,0.708,0.0009,0.698,0.998834053
2014,3,Whole-grain breakfast cereal,74000,Census Region 3: South,3,209499030,29509402418,155318278,22247608214,24844,0.71,0.0010,0.698,1.001060482
2014,4,Whole-grain breakfast cereal,74000,Census Region 3: South,3,190904526,26946016510,141265700,20292785478,24705,0.708,0.0014,0.696,0.992988201
2014,5,Whole-grain breakfast cereal,74000,Census Region 3: South,3,185922278,26315408779,139128520,19943767046,24677,0.707,0.0011,0.698,0.99860122
2014,6,Whole-grain breakfast cereal,74000,Census Region 3: South,3,184537988,26277535533,140219058,20256828483,24783,0.702,0.0008,0.692,0.996579573
2014,7,Whole-grain breakfast cereal,74000,Census Region 3: South,3,190727053,27274369795,145501611,21072233375,24666,0.699,0.0010,0.69,0.987477648
2014,8,Whole-grain breakfast cereal,74000,Census Region 3: South,3,196088715,28309908949,150720478,22050319995,24608,0.693,0.0008,0.684,0.978399083
2014,9,Whole-grain breakfast cereal,74000,Census Region 3: South,3,181224804,25999488085,139028239,20109674541,24454,0.697,0.0007,0.691,0.977025733
2014,10,Whole-grain breakfast cereal,74000,Census Region 3: South,3,187622885,26929142763,143817408,20841887343,24463,0.697,0.0010,0.69,0.98026515
2014,11,Whole-grain breakfast cereal,74000,Census Region 3: South,3,171383513,24111056165,130456760,18582875350,24409,0.711,0.0011,0.702,1.001507196
2014,12,Whole-grain breakfast cereal,74000,Census Region 3: South,3,174521831,24701907237,133013927,19058981750,24928,0.707,0.0011,0.698,0.998104288
2015,1,Whole-grain breakfast cereal,74000,Census Region 3: South,3,246002330,34426674193,168560800,23983111818,25327,0.715,0.0006,0.703,0.987605195
2015,2,Whole-grain breakfast cereal,74000,Census Region 3: South,3,213203094,29997730350,147315774,20988016101,25014,0.711,0.0007,0.702,0.989431565
2015,3,Whole-grain breakfast cereal,74000,Census Region 3: South,3,218477146,30597281285,152186323,21550938480,25038,0.714,0.0007,0.706,0.990849364
2015,4,Whole-grain breakfast cereal,74000,Census Region 3: South,3,203411397,28330327877,140683697,19844563922,24917,0.718,0.0008,0.709,0.999453946
2015,5,Whole-grain breakfast cereal,74000,Census Region 3: South,3,203278356,28552340939,140942586,20052826075,24914,0.712,0.0008,0.703,0.994691683
2015,6,Whole-grain breakfast cereal,74000,Census Region 3: South,3,205753124,29044743048,142654733,20462982600,24932,0.708,0.0008,0.697,0.987988898
2015,7,Whole-grain breakfast cereal,74000,Census Region 3: South,3,210446544,29639900987,145676072,20808082531,24936,0.71,0.0008,0.7,0.991994071
2015,8,Whole-grain breakfast cereal,74000,Census Region 3: South,3,214531496,30429127966,149883938,21469461526,24993,0.705,0.0009,0.698,0.983721606
2015,9,Whole-grain breakfast cereal,74000,Census Region 3: South,3,204700205,28550753330,140435831,19812592968,24984,0.717,0.0008,0.709,0.990335941
2015,10,Whole-grain breakfast cereal,74000,Census Region 3: South,3,211046426,29360366173,142871863,20159046925,24958,0.719,0.0008,0.709,1.002251867
2015,11,Whole-grain breakfast cereal,74000,Census Region 3: South,3,197094674,27728084121,132980072,18975638118,24956,0.711,0.0009,0.701,0.997410402
2015,12,Whole-grain breakfast cereal,74000,Census Region 3: South,3,223832703,31652481502,151470345,21676189589,25250,0.707,0.0009,0.699,0.986572881
2016,1,Whole-grain breakfast cereal,74000,Census Region 3: South,3,211113888,29615821410,152530341,21772124053,24900,0.713,0.0012,0.701,0.987554744
2016,2,Whole-grain breakfast cereal,74000,Census Region 3: South,3,206432549,29169975833,151058668,21715646304,24740,0.708,0.0013,0.696,0.988879516
2016,3,Whole-grain breakfast cereal,74000,Census Region 3: South,3,212455245,29943191663,157686123,22556755966,24756,0.71,0.0009,0.699,0.991816493
2016,4,Whole-grain breakfast cereal,74000,Census Region 3: South,3,202073861,28456575317,150797112,21584488964,24737,0.71,0.0009,0.699,0.990594071
2016,5,Whole-grain breakfast cereal,74000,Census Region 3: South,3,199356081,28075910037,149101528,21340295831,24811,0.71,0.0010,0.699,0.996279391
2016,6,Whole-grain breakfast cereal,74000,Census Region 3: South,3,193595933,27545152689,142999506,20675789011,24710,0.703,0.0010,0.692,0.985815016
2016,7,Whole-grain breakfast cereal,74000,Census Region 3: South,3,194140663,27758500915,145080230,21056227800,24648,0.699,0.0009,0.689,0.984663607
2016,8,Whole-grain breakfast cereal,74000,Census Region 3: South,3,201055770,29039580903,150684631,22138738867,24607,0.692,0.0010,0.681,0.976178561
2016,9,Whole-grain breakfast cereal,74000,Census Region 3: South,3,186935829,26576104763,140513817,20302701445,24463,0.703,0.0009,0.692,0.982239394
2016,10,Whole-grain breakfast cereal,74000,Census Region 3: South,3,189794898,27132662325,142907413,20765611819,24553,0.7,0.0009,0.688,0.984800743
2016,11,Whole-grain breakfast cereal,74000,Census Region 3: South,3,176043770,25290464401,132010664,19323874447,24364,0.696,0.0010,0.683,0.982999811
2016,12,Whole-grain breakfast cereal,74000,Census Region 3: South,3,182128672,26179796237,136170574,19924000776,24158,0.696,0.0011,0.683,0.982706858
2017,1,Whole-grain breakfast cereal,74000,Census Region 3: South,3,210519403,30415248331,151822839,22243557944,21385,0.692,0.0009,0.683,0.971779876
2017,2,Whole-grain breakfast cereal,74000,Census Region 3: South,3,189944940,26958945772,138489350,20115043388,21341,0.705,0.0011,0.688,0.989318308
2017,3,Whole-grain breakfast cereal,74000,Census Region 3: South,3,207391292,29466342255,153729469,22246965349,21364,0.704,0.0009,0.691,0.989690067
2017,4,Whole-grain breakfast cereal,74000,Census Region 3: South,3,190097475,27049554260,140090886,20298502893,21371,0.703,0.0008,0.69,0.989801851
2017,5,Whole-grain breakfast cereal,74000,Census Region 3: South,3,192208634,27550423544,143283493,20858695187,21256,0.698,0.0009,0.687,0.984877069
2017,6,Whole-grain breakfast cereal,74000,Census Region 3: South,3,189249315,27575234723,141297018,20876254033,21187,0.686,0.0008,0.677,0.973171101
2017,7,Whole-grain breakfast cereal,74000,Census Region 3: South,3,195425276,28416018435,147978947,21741005941,21332,0.688,0.0010,0.681,0.973414091
2017,8,Whole-grain breakfast cereal,74000,Census Region 3: South,3,201383098,29318604027,154641493,22638381159,21149,0.687,0.0008,0.683,0.969819532
2017,9,Whole-grain breakfast cereal,74000,Census Region 3: South,3,185396667,26943754012,141841593,20882545391,21105,0.688,0.0008,0.679,0.972963446
2017,10,Whole-grain breakfast cereal,74000,Census Region 3: South,3,189172228,27487213292,145637603,21415429159,21214,0.688,0.0008,0.68,0.973681599
2017,11,Whole-grain breakfast cereal,74000,Census Region 3: South,3,172238729,24981589088,130268409,19122176129,21065,0.689,0.0008,0.681,0.969282527
2017,12,Whole-grain breakfast cereal,74000,Census Region 3: South,3,177073660,25940364037,134499528,19927998141,21114,0.683,0.0009,0.675,0.965234897
2018,1,Whole-grain breakfast cereal,74000,Census Region 3: South,3,219907631,32018620511,150446480,22315697220,21344,0.687,0.0007,0.674,0.964330082
2018,2,Whole-grain breakfast cereal,74000,Census Region 3: South,3,192802947,27889092816,133416749,19616555382,21356,0.691,0.0008,0.68,0.971799895
2018,3,Whole-grain breakfast cereal,74000,Census Region 3: South,3,211728109,30342652230,146774355,21588496204,21382,0.698,0.0008,0.68,0.97724621
2018,4,Whole-grain breakfast cereal,74000,Census Region 3: South,3,191084460,27595567489,137888226,20261692377,21402,0.692,0.0008,0.681,0.970466626
2018,5,Whole-grain breakfast cereal,74000,Census Region 3: South,3,185694673,26594316030,136188302,19806996926,21063,0.698,0.0008,0.688,0.97923263
2018,6,Whole-grain breakfast cereal,74000,Census Region 3: South,3,186354274,26691032583,136654858,19914175609,20973,0.698,0.0008,0.686,0.971605208
2018,7,Whole-grain breakfast cereal,74000,Census Region 3: South,3,195021495,27098503109,142501267,20056981164,20974,0.72,0.0010,0.71,0.983761386
2018,8,Whole-grain breakfast cereal,74000,Census Region 3: South,3,195068667,26954077177,144254958,20150519959,20669,0.724,0.0010,0.716,0.986485485
2018,9,Whole-grain breakfast cereal,74000,Census Region 3: South,3,182712132,24956370542,133127586,18359197305,20437,0.732,0.0009,0.725,0.996296028
2018,10,Whole-grain breakfast cereal,74000,Census Region 3: South,3,188468364,26095739388,138849448,19378114016,20348,0.722,0.0009,0.717,0.990293458
2018,11,Whole-grain breakfast cereal,74000,Census Region 3: South,3,173623396,24032984942,127859372,17996117990,20275,0.722,0.0008,0.71,0.989602432
2018,12,Whole-grain breakfast cereal,74000,Census Region 3: South,3,175240309,24317691746,129326565,18175055212,20272,0.721,0.0009,0.712,0.983049418
2012,1,Whole-grain breakfast cereal,74000,Census Region 4: West,4,153794517,21666002613,88628158,12787211102,9929,0.71,0.0023,0.693,1.014982645
2012,2,Whole-grain breakfast cereal,74000,Census Region 4: West,4,138253881,19701478696,83014450,12121703007,9931,0.702,0.0025,0.685,1.008771467
2012,3,Whole-grain breakfast cereal,74000,Census Region 4: West,4,144677851,20774342143,88302847,12965272786,9928,0.696,0.0028,0.681,1.00930998
2012,4,Whole-grain breakfast cereal,74000,Census Region 4: West,4,128820819,18057278613,79263980,11293340220,9933,0.713,0.0021,0.702,1.024869306
2012,5,Whole-grain breakfast cereal,74000,Census Region 4: West,4,131270626,18510250547,82521286,11885885157,9899,0.709,0.0030,0.694,1.020323827
2012,6,Whole-grain breakfast cereal,74000,Census Region 4: West,4,128497561,18081181799,79822566,11439740123,9896,0.711,0.0024,0.698,1.029374387
2012,7,Whole-grain breakfast cereal,74000,Census Region 4: West,4,136750297,19235958991,85927937,12231108047,9988,0.711,0.0021,0.703,1.029599284
2012,8,Whole-grain breakfast cereal,74000,Census Region 4: West,4,144338825,20720520064,91147083,13260651067,9964,0.697,0.0019,0.687,0.997327253
2012,9,Whole-grain breakfast cereal,74000,Census Region 4: West,4,131109753,18740316856,82407294,11933473644,9962,0.7,0.0020,0.691,0.998478459
2012,10,Whole-grain breakfast cereal,74000,Census Region 4: West,4,130267995,18496097486,82957234,11878662345,9958,0.704,0.0018,0.698,1.005376558
2012,11,Whole-grain breakfast cereal,74000,Census Region 4: West,4,116335266,16555768108,75792970,10866622046,10000,0.703,0.0018,0.697,1.007639839
2012,12,Whole-grain breakfast cereal,74000,Census Region 4: West,4,133270919,18717813495,86553550,12373431319,10204,0.712,0.0020,0.7,1.041972513
2013,1,Whole-grain breakfast cereal,74000,Census Region 4: West,4,148174070,20914815170,86584582,12430921822,9624,0.708,0.0016,0.697,1.005194496
2013,2,Whole-grain breakfast cereal,74000,Census Region 4: West,4,127229970,17905088596,76811926,10950181172,9661,0.711,0.0016,0.701,1.017826921
2013,3,Whole-grain breakfast cereal,74000,Census Region 4: West,4,139363050,19621518981,84556699,12049663161,9702,0.71,0.0018,0.702,1.024495613
2013,4,Whole-grain breakfast cereal,74000,Census Region 4: West,4,134157370,19150103651,80833860,11661124152,9689,0.701,0.0016,0.693,1.002869575
2013,5,Whole-grain breakfast cereal,74000,Census Region 4: West,4,129523911,18270003954,78788605,11184561415,9689,0.709,0.0014,0.704,1.026802283
2013,6,Whole-grain breakfast cereal,74000,Census Region 4: West,4,131360331,18404641743,79081004,11192610476,9666,0.714,0.0016,0.707,1.02492981
2013,7,Whole-grain breakfast cereal,74000,Census Region 4: West,4,137176584,19175580742,83486583,11869244896,9673,0.715,0.0016,0.703,1.019862732
2013,8,Whole-grain breakfast cereal,74000,Census Region 4: West,4,143047965,20507425176,87232980,12692926579,9654,0.698,0.0016,0.687,0.994658969
2013,9,Whole-grain breakfast cereal,74000,Census Region 4: West,4,131609220,18595206766,80860234,11580309701,9698,0.708,0.0015,0.698,0.998294858
2013,10,Whole-grain breakfast cereal,74000,Census Region 4: West,4,134897553,19085720730,82211404,11811110260,9723,0.707,0.0016,0.696,0.998317618
2013,11,Whole-grain breakfast cereal,74000,Census Region 4: West,4,122555275,17174000374,73937696,10579027393,9753,0.714,0.0017,0.699,1.02381336
2013,12,Whole-grain breakfast cereal,74000,Census Region 4: West,4,118297967,16531336649,71834341,10270560401,9906,0.716,0.0020,0.699,1.03040262
2014,1,Whole-grain breakfast cereal,74000,Census Region 4: West,4,145071412,20634541230,85344285,12296765353,10023,0.703,0.0016,0.694,0.997503601
2014,2,Whole-grain breakfast cereal,74000,Census Region 4: West,4,129751280,18527261382,76124044,10896490608,10038,0.7,0.0015,0.699,0.995289582
2014,3,Whole-grain breakfast cereal,74000,Census Region 4: West,4,141958296,20261107735,84219003,12227211308,10090,0.701,0.0016,0.689,1.001839535
2014,4,Whole-grain breakfast cereal,74000,Census Region 4: West,4,130528920,18621302534,77160004,11065584764,10051,0.701,0.0013,0.697,1.001790177
2014,5,Whole-grain breakfast cereal,74000,Census Region 4: West,4,129297551,18281156061,77958229,11113008439,10025,0.707,0.0013,0.702,1.006157259
2014,6,Whole-grain breakfast cereal,74000,Census Region 4: West,4,128781286,18214170730,77816045,11106025761,10039,0.707,0.0015,0.701,1.011092189
2014,7,Whole-grain breakfast cereal,74000,Census Region 4: West,4,134391389,18946092346,81417041,11605608290,10014,0.709,0.0019,0.702,1.011818658
2014,8,Whole-grain breakfast cereal,74000,Census Region 4: West,4,138020810,19708339893,83565564,12096149905,10002,0.7,0.0018,0.691,0.994382702
2014,9,Whole-grain breakfast cereal,74000,Census Region 4: West,4,130427411,18407979791,80006550,11412355470,9992,0.709,0.0015,0.701,0.998209424
2014,10,Whole-grain breakfast cereal,74000,Census Region 4: West,4,132396420,18722960056,79784437,11363605788,9989,0.707,0.0013,0.702,1.001024442
2014,11,Whole-grain breakfast cereal,74000,Census Region 4: West,4,117738736,16303124001,72327354,10151383686,9965,0.722,0.0015,0.712,1.034434904
2014,12,Whole-grain breakfast cereal,74000,Census Region 4: West,4,118968093,16401320407,72851679,10236068277,10168,0.725,0.0016,0.712,1.036531646
2015,1,Whole-grain breakfast cereal,74000,Census Region 4: West,4,157519981,21982973840,98372882,13899871693,10573,0.717,0.0018,0.708,0.998036246
2015,2,Whole-grain breakfast cereal,74000,Census Region 4: West,4,132471908,18752265639,82708568,11687404427,10452,0.706,0.0021,0.708,0.997569947
2015,3,Whole-grain breakfast cereal,74000,Census Region 4: West,4,140177933,19407516596,88142569,12324010197,10500,0.722,0.0021,0.715,1.018341879
2015,4,Whole-grain breakfast cereal,74000,Census Region 4: West,4,131892233,18144843376,83124650,11555660687,10503,0.727,0.0022,0.719,1.03081317
2015,5,Whole-grain breakfast cereal,74000,Census Region 4: West,4,134373468,18692151129,84760884,11974699244,10482,0.719,0.0023,0.708,1.025159663
2015,6,Whole-grain breakfast cereal,74000,Census Region 4: West,4,133658523,18679406527,85145686,11984217388,10496,0.716,0.0021,0.71,1.008572412
2015,7,Whole-grain breakfast cereal,74000,Census Region 4: West,4,137755182,18790822261,87880635,12238896616,10472,0.733,0.0022,0.718,1.033050742
2015,8,Whole-grain breakfast cereal,74000,Census Region 4: West,4,138838753,19324030659,89949096,12790429599,10443,0.718,0.0023,0.703,1.0130651
2015,9,Whole-grain breakfast cereal,74000,Census Region 4: West,4,131095613,17939943605,84969918,11786086036,10460,0.731,0.0019,0.721,1.02150097
2015,10,Whole-grain breakfast cereal,74000,Census Region 4: West,4,135092328,18481540579,86551609,12053792450,10459,0.731,0.0022,0.718,1.021568234
2015,11,Whole-grain breakfast cereal,74000,Census Region 4: West,4,125683388,16951060525,80371121,11063431795,10446,0.741,0.0025,0.726,1.046647559
2015,12,Whole-grain breakfast cereal,74000,Census Region 4: West,4,141353039,19196738327,90290161,12507941659,10541,0.736,0.0021,0.722,1.032119826
2016,1,Whole-grain breakfast cereal,74000,Census Region 4: West,4,138186363,18978867944,89309623,12431575763,10247,0.728,0.0028,0.718,1.015442157
2016,2,Whole-grain breakfast cereal,74000,Census Region 4: West,4,138072286,19092531824,89403606,12505539453,10168,0.723,0.0032,0.715,1.017753107
2016,3,Whole-grain breakfast cereal,74000,Census Region 4: West,4,142787225,19507449201,93594630,12878062702,10190,0.732,0.0030,0.727,1.032103854
2016,4,Whole-grain breakfast cereal,74000,Census Region 4: West,4,136537663,18796258864,91045898,12645443399,10165,0.726,0.0029,0.72,1.024669583
2016,5,Whole-grain breakfast cereal,74000,Census Region 4: West,4,132907536,18213709428,89769564,12384680702,10181,0.73,0.0031,0.725,1.037838243
2016,6,Whole-grain breakfast cereal,74000,Census Region 4: West,4,130078717,17866760109,87428084,12133107861,10142,0.728,0.0029,0.721,1.030849159
2016,7,Whole-grain breakfast cereal,74000,Census Region 4: West,4,137007295,18933705117,89838184,12577585037,10096,0.724,0.0026,0.714,1.026254455
2016,8,Whole-grain breakfast cereal,74000,Census Region 4: West,4,141775416,20089752996,92955881,13421714340,10070,0.706,0.0030,0.693,1.008373748
2016,9,Whole-grain breakfast cereal,74000,Census Region 4: West,4,130211746,17984084389,85731889,12025302190,10064,0.724,0.0026,0.713,1.021070102
2016,10,Whole-grain breakfast cereal,74000,Census Region 4: West,4,135020746,18786380671,88347523,12465182049,10103,0.719,0.0030,0.709,1.018877264
2016,11,Whole-grain breakfast cereal,74000,Census Region 4: West,4,127005215,17566281709,81433235,11452298589,10039,0.723,0.0033,0.711,1.034902453
2016,12,Whole-grain breakfast cereal,74000,Census Region 4: West,4,131060905,18195268897,82055461,11577005451,9997,0.72,0.0041,0.709,1.031045772
2017,1,Whole-grain breakfast cereal,74000,Census Region 4: West,4,150788726,21034143088,90232774,12858685889,10228,0.717,0.0034,0.702,1.023165446
2017,2,Whole-grain breakfast cereal,74000,Census Region 4: West,4,136006844,18858030968,83085564,11700616824,10229,0.721,0.0034,0.71,1.03575419
2017,3,Whole-grain breakfast cereal,74000,Census Region 4: West,4,144925090,20085807249,91408990,12961680959,10223,0.722,0.0061,0.705,1.040018721
2017,4,Whole-grain breakfast cereal,74000,Census Region 4: West,4,129871952,18179924453,85251982,12042615317,10207,0.714,0.0021,0.708,1.026853158
2017,5,Whole-grain breakfast cereal,74000,Census Region 4: West,4,130118217,18149355331,85884803,12065617171,10186,0.717,0.0023,0.712,1.039767806
2017,6,Whole-grain breakfast cereal,74000,Census Region 4: West,4,129447649,18284715570,85534073,12180781285,10220,0.708,0.0019,0.702,1.022175736
2017,7,Whole-grain breakfast cereal,74000,Census Region 4: West,4,131931191,18515479702,87772960,12422386513,10290,0.713,0.0021,0.707,1.029722546
2017,8,Whole-grain breakfast cereal,74000,Census Region 4: West,4,138626169,19339479771,92044283,12994867523,10247,0.717,0.0023,0.708,1.032432498
2017,9,Whole-grain breakfast cereal,74000,Census Region 4: West,4,127408369,17869537017,85431725,12075294237,10240,0.713,0.0021,0.707,1.030419542
2017,10,Whole-grain breakfast cereal,74000,Census Region 4: West,4,131194244,18518867654,88178453,12548560796,10257,0.708,0.0019,0.703,1.016588455
2017,11,Whole-grain breakfast cereal,74000,Census Region 4: West,4,122787392,17121761581,81242419,11455075648,10189,0.717,0.0029,0.709,1.029785517
2017,12,Whole-grain breakfast cereal,74000,Census Region 4: West,4,128414075,18225302805,82561180,11863485088,10203,0.705,0.0037,0.696,1.01891367
2018,1,Whole-grain breakfast cereal,74000,Census Region 4: West,4,146542465,20629000986,94300484,13570585078,10170,0.71,0.0023,0.695,1.009496105
2018,2,Whole-grain breakfast cereal,74000,Census Region 4: West,4,132949349,18615807644,85170226,12140747211,10191,0.714,0.0023,0.702,1.020085642
2018,3,Whole-grain breakfast cereal,74000,Census Region 4: West,4,140645074,19363241527,92909714,13081880086,10183,0.726,0.0022,0.71,1.029071293
2018,4,Whole-grain breakfast cereal,74000,Census Region 4: West,4,129572362,17849102736,86027892,11993708979,10502,0.726,0.0021,0.717,1.032434988
2018,5,Whole-grain breakfast cereal,74000,Census Region 4: West,4,127828286,17628216978,85480078,11889917360,10422,0.725,0.0021,0.719,1.039689022
2018,6,Whole-grain breakfast cereal,74000,Census Region 4: West,4,128026546,17763225512,85516126,12006988357,10437,0.721,0.0020,0.712,1.016656977
2018,7,Whole-grain breakfast cereal,74000,Census Region 4: West,4,131897897,17718146247,88061494,12014744188,10450,0.744,0.0024,0.733,1.029498224
2018,8,Whole-grain breakfast cereal,74000,Census Region 4: West,4,134313820,17780918360,90240428,12196529460,10354,0.755,0.0029,0.74,1.040321313
2018,9,Whole-grain breakfast cereal,74000,Census Region 4: West,4,123999135,16288795844,82785754,11080404764,10340,0.761,0.0028,0.747,1.051247611
2018,10,Whole-grain breakfast cereal,74000,Census Region 4: West,4,129460379,17150748000,86660067,11657231212,10258,0.755,0.0022,0.743,1.04261253
2018,11,Whole-grain breakfast cereal,74000,Census Region 4: West,4,122137164,16118577738,80175868,10850437954,9998,0.758,0.0026,0.739,1.044194315
2018,12,Whole-grain breakfast cereal,74000,Census Region 4: West,4,124488629,16476802231,78847775,10643914106,9899,0.756,0.0045,0.741,1.037207924
2012,1,Whole-grain breakfast cereal,74000,Atlanta-Sandy Springs-Roswell  GA,12060,11664308,1698580442,8845877,1283528115,1044,0.687,0.0027,0.689,0.982251025
2012,2,Whole-grain breakfast cereal,74000,Atlanta-Sandy Springs-Roswell  GA,12060,10432561,1538666311,8266283,1231392402,1042,0.678,0.0029,0.671,0.980834899
2012,3,Whole-grain breakfast cereal,74000,Atlanta-Sandy Springs-Roswell  GA,12060,10900397,1603522092,8695455,1286644767,1032,0.68,0.0027,0.676,0.976289516
2012,4,Whole-grain breakfast cereal,74000,Atlanta-Sandy Springs-Roswell  GA,12060,9848963,1415912747,7810717,1125488462,1035,0.696,0.0024,0.694,0.990505962
2012,5,Whole-grain breakfast cereal,74000,Atlanta-Sandy Springs-Roswell  GA,12060,10318313,1459079899,8229492,1169270658,1035,0.707,0.0023,0.704,1.003726312
2012,6,Whole-grain breakfast cereal,74000,Atlanta-Sandy Springs-Roswell  GA,12060,10111545,1476007285,8025939,1174621330,1037,0.685,0.0023,0.683,0.98554692
2012,7,Whole-grain breakfast cereal,74000,Atlanta-Sandy Springs-Roswell  GA,12060,10214607,1442868566,8115152,1150591538,1033,0.708,0.0023,0.705,1.024017675
2012,8,Whole-grain breakfast cereal,74000,Atlanta-Sandy Springs-Roswell  GA,12060,11186799,1652588296,8938187,1327851712,1035,0.677,0.0025,0.673,0.960035214
2012,9,Whole-grain breakfast cereal,74000,Atlanta-Sandy Springs-Roswell  GA,12060,10177244,1507212027,8102666,1207536960,1036,0.675,0.0026,0.671,0.955406444
2012,10,Whole-grain breakfast cereal,74000,Atlanta-Sandy Springs-Roswell  GA,12060,10112308,1466179509,8099333,1178640123,1033,0.69,0.0022,0.687,0.979247127
2012,11,Whole-grain breakfast cereal,74000,Atlanta-Sandy Springs-Roswell  GA,12060,9279534,1344591717,7463530,1088438393,1034,0.69,0.0024,0.686,0.98058723
2012,12,Whole-grain breakfast cereal,74000,Atlanta-Sandy Springs-Roswell  GA,12060,10801273,1552536164,8582288,1243397005,1050,0.696,0.0023,0.69,0.992811402
2013,1,Whole-grain breakfast cereal,74000,Atlanta-Sandy Springs-Roswell  GA,12060,10279254,1526368749,8379449,1255777058,963,0.673,0.0038,0.667,0.965328941
2013,2,Whole-grain breakfast cereal,74000,Atlanta-Sandy Springs-Roswell  GA,12060,9266065,1356142168,7534679,1113814231,962,0.683,0.0040,0.676,0.973383666
2013,3,Whole-grain breakfast cereal,74000,Atlanta-Sandy Springs-Roswell  GA,12060,10127751,1468269770,8307257,1212645686,963,0.69,0.0033,0.685,0.981474669
2013,4,Whole-grain breakfast cereal,74000,Atlanta-Sandy Springs-Roswell  GA,12060,9534429,1397426551,7705450,1142850590,962,0.682,0.0040,0.674,0.975762243
2013,5,Whole-grain breakfast cereal,74000,Atlanta-Sandy Springs-Roswell  GA,12060,9297192,1315565158,7540460,1080673107,961,0.707,0.0047,0.698,1.013248381
2013,6,Whole-grain breakfast cereal,74000,Atlanta-Sandy Springs-Roswell  GA,12060,9354224,1380082051,7586416,1123305113,961,0.678,0.0028,0.675,0.975224496
2013,7,Whole-grain breakfast cereal,74000,Atlanta-Sandy Springs-Roswell  GA,12060,10172592,1478507153,8273133,1215395540,958,0.688,0.0039,0.681,0.971527612
2013,8,Whole-grain breakfast cereal,74000,Atlanta-Sandy Springs-Roswell  GA,12060,10423382,1505214697,8521800,1248369928,959,0.692,0.0051,0.683,0.979652628
2013,9,Whole-grain breakfast cereal,74000,Atlanta-Sandy Springs-Roswell  GA,12060,9593420,1400851177,7810682,1152570292,958,0.685,0.0038,0.678,0.954932907
2013,10,Whole-grain breakfast cereal,74000,Atlanta-Sandy Springs-Roswell  GA,12060,9782489,1476091829,7932558,1201623615,955,0.663,0.0029,0.66,0.926507475
2013,11,Whole-grain breakfast cereal,74000,Atlanta-Sandy Springs-Roswell  GA,12060,9068235,1349068094,7205442,1080960882,956,0.672,0.0022,0.667,0.95262759
2013,12,Whole-grain breakfast cereal,74000,Atlanta-Sandy Springs-Roswell  GA,12060,8585215,1244529404,6867020,1008021084,965,0.69,0.0038,0.681,0.977981406
2014,1,Whole-grain breakfast cereal,74000,Atlanta-Sandy Springs-Roswell  GA,12060,10358084,1521907705,8184007,1206055114,984,0.681,0.0039,0.679,0.957246785
2014,2,Whole-grain breakfast cereal,74000,Atlanta-Sandy Springs-Roswell  GA,12060,9174024,1344213519,7509202,1097193898,984,0.682,0.0028,0.684,0.963441819
2014,3,Whole-grain breakfast cereal,74000,Atlanta-Sandy Springs-Roswell  GA,12060,9777177,1424272422,8105911,1193250408,986,0.686,0.0047,0.679,0.961149636
2014,4,Whole-grain breakfast cereal,74000,Atlanta-Sandy Springs-Roswell  GA,12060,9150319,1347459733,7482190,1099973684,985,0.679,0.0029,0.68,0.951185785
2014,5,Whole-grain breakfast cereal,74000,Atlanta-Sandy Springs-Roswell  GA,12060,9080258,1318460678,7451554,1086510347,984,0.689,0.0025,0.686,0.970226807
2014,6,Whole-grain breakfast cereal,74000,Atlanta-Sandy Springs-Roswell  GA,12060,8992071,1332514174,7436592,1101997915,986,0.675,0.0030,0.675,0.959191642
2014,7,Whole-grain breakfast cereal,74000,Atlanta-Sandy Springs-Roswell  GA,12060,9533883,1415620974,7821259,1164788150,983,0.673,0.0035,0.671,0.942685131
2014,8,Whole-grain breakfast cereal,74000,Atlanta-Sandy Springs-Roswell  GA,12060,9965781,1505148370,8220418,1246442361,985,0.662,0.0036,0.66,0.926883922
2014,9,Whole-grain breakfast cereal,74000,Atlanta-Sandy Springs-Roswell  GA,12060,9093925,1333214165,7541157,1110549085,980,0.682,0.0029,0.679,0.94408108
2014,10,Whole-grain breakfast cereal,74000,Atlanta-Sandy Springs-Roswell  GA,12060,9336400,1379570025,7691733,1136674004,982,0.677,0.0031,0.677,0.949336474
2014,11,Whole-grain breakfast cereal,74000,Atlanta-Sandy Springs-Roswell  GA,12060,8490762,1232453055,7054856,1028993331,980,0.689,0.0031,0.686,0.964498264
2014,12,Whole-grain breakfast cereal,74000,Atlanta-Sandy Springs-Roswell  GA,12060,8648285,1270694070,7111711,1048460306,993,0.681,0.0030,0.678,0.956502657
2015,1,Whole-grain breakfast cereal,74000,Atlanta-Sandy Springs-Roswell  GA,12060,11447525,1627556889,9085956,1311669380,1059,0.703,0.0037,0.693,0.966260787
2015,2,Whole-grain breakfast cereal,74000,Atlanta-Sandy Springs-Roswell  GA,12060,10167231,1459095991,8048848,1168002981,1057,0.697,0.0036,0.689,0.964651857
2015,3,Whole-grain breakfast cereal,74000,Atlanta-Sandy Springs-Roswell  GA,12060,10242230,1445614719,8096878,1158557610,1054,0.709,0.0039,0.699,0.973763943
2015,4,Whole-grain breakfast cereal,74000,Atlanta-Sandy Springs-Roswell  GA,12060,9591570,1343297637,7621580,1075363555,1054,0.714,0.0034,0.709,0.991603449
2015,5,Whole-grain breakfast cereal,74000,Atlanta-Sandy Springs-Roswell  GA,12060,9855859,1396697704,7804875,1119413691,1049,0.706,0.0048,0.697,0.980061769
2015,6,Whole-grain breakfast cereal,74000,Atlanta-Sandy Springs-Roswell  GA,12060,9834350,1434538061,7859912,1151121835,1053,0.686,0.0032,0.683,0.950559655
2015,7,Whole-grain breakfast cereal,74000,Atlanta-Sandy Springs-Roswell  GA,12060,10248404,1483190826,8085777,1176758956,1052,0.691,0.0032,0.687,0.959095336
2015,8,Whole-grain breakfast cereal,74000,Atlanta-Sandy Springs-Roswell  GA,12060,10417453,1501435365,8289487,1209011223,1050,0.694,0.0043,0.686,0.95666687
2015,9,Whole-grain breakfast cereal,74000,Atlanta-Sandy Springs-Roswell  GA,12060,9783341,1394726517,7702007,1105314384,1050,0.701,0.0026,0.697,0.955222295
2015,10,Whole-grain breakfast cereal,74000,Atlanta-Sandy Springs-Roswell  GA,12060,9859999,1396111879,7775981,1113068137,1048,0.706,0.0035,0.699,0.972571146
2015,11,Whole-grain breakfast cereal,74000,Atlanta-Sandy Springs-Roswell  GA,12060,9110635,1300509423,7259353,1048925465,1048,0.701,0.0040,0.692,0.976272297
2015,12,Whole-grain breakfast cereal,74000,Atlanta-Sandy Springs-Roswell  GA,12060,10355332,1505945312,8219635,1199703041,1060,0.688,0.0026,0.685,0.95460811
2016,1,Whole-grain breakfast cereal,74000,Atlanta-Sandy Springs-Roswell  GA,12060,9744164,1414152490,7955246,1164997439,1043,0.689,0.0038,0.683,0.954027283
2016,2,Whole-grain breakfast cereal,74000,Atlanta-Sandy Springs-Roswell  GA,12060,9432468,1376562464,7773278,1143181167,1027,0.685,0.0038,0.68,0.957097009
2016,3,Whole-grain breakfast cereal,74000,Atlanta-Sandy Springs-Roswell  GA,12060,9757592,1413460807,8015373,1170387516,1034,0.69,0.0042,0.685,0.966406024
2016,4,Whole-grain breakfast cereal,74000,Atlanta-Sandy Springs-Roswell  GA,12060,9550434,1376084822,7837123,1134458188,1040,0.694,0.0035,0.691,0.966801291
2016,5,Whole-grain breakfast cereal,74000,Atlanta-Sandy Springs-Roswell  GA,12060,9621019,1385526377,7852589,1139866667,1041,0.694,0.0034,0.689,0.975167815
2016,6,Whole-grain breakfast cereal,74000,Atlanta-Sandy Springs-Roswell  GA,12060,9169343,1348470772,7452530,1107748277,1038,0.68,0.0041,0.673,0.950430193
2016,7,Whole-grain breakfast cereal,74000,Atlanta-Sandy Springs-Roswell  GA,12060,9199882,1351668081,7568289,1119152119,1041,0.681,0.0029,0.676,0.952562841
2016,8,Whole-grain breakfast cereal,74000,Atlanta-Sandy Springs-Roswell  GA,12060,9387491,1397012919,7698010,1158443578,1033,0.672,0.0053,0.665,0.943283694
2016,9,Whole-grain breakfast cereal,74000,Atlanta-Sandy Springs-Roswell  GA,12060,8838108,1297099660,7214390,1071891804,1033,0.681,0.0049,0.673,0.945602956
2016,10,Whole-grain breakfast cereal,74000,Atlanta-Sandy Springs-Roswell  GA,12060,9015895,1320350413,7310989,1086716344,1031,0.683,0.0056,0.673,0.956709026
2016,11,Whole-grain breakfast cereal,74000,Atlanta-Sandy Springs-Roswell  GA,12060,8301735,1235109131,6836873,1025912117,1023,0.672,0.0037,0.666,0.948475725
2016,12,Whole-grain breakfast cereal,74000,Atlanta-Sandy Springs-Roswell  GA,12060,8368504,1241348284,6844402,1023602949,1017,0.674,0.0047,0.669,0.950828509
2017,1,Whole-grain breakfast cereal,74000,Atlanta-Sandy Springs-Roswell  GA,12060,9518782,1418611265,7786123,1170610881,873,0.671,0.0037,0.665,0.930874312
2017,2,Whole-grain breakfast cereal,74000,Atlanta-Sandy Springs-Roswell  GA,12060,8630589,1273687333,7034304,1056322840,879,0.678,0.0050,0.666,0.943676816
2017,3,Whole-grain breakfast cereal,74000,Atlanta-Sandy Springs-Roswell  GA,12060,9477546,1384300397,7765614,1156406140,879,0.685,0.0070,0.672,0.952413222
2017,4,Whole-grain breakfast cereal,74000,Atlanta-Sandy Springs-Roswell  GA,12060,8713267,1279491037,7176410,1066293138,875,0.681,0.0035,0.673,0.942724828
2017,5,Whole-grain breakfast cereal,74000,Atlanta-Sandy Springs-Roswell  GA,12060,8984467,1324590552,7290814,1084654018,873,0.678,0.0028,0.672,0.936879372
2017,6,Whole-grain breakfast cereal,74000,Atlanta-Sandy Springs-Roswell  GA,12060,8820958,1327742539,7226989,1096276559,872,0.664,0.0025,0.659,0.929311542
2017,7,Whole-grain breakfast cereal,74000,Atlanta-Sandy Springs-Roswell  GA,12060,9385336,1391922611,7738397,1162139743,871,0.674,0.0082,0.666,0.940037103
2017,8,Whole-grain breakfast cereal,74000,Atlanta-Sandy Springs-Roswell  GA,12060,9647282,1426408174,7964418,1180881678,869,0.676,0.0040,0.674,0.936298124
2017,9,Whole-grain breakfast cereal,74000,Atlanta-Sandy Springs-Roswell  GA,12060,9142565,1364138264,7498264,1128925830,872,0.67,0.0031,0.664,0.932363008
2017,10,Whole-grain breakfast cereal,74000,Atlanta-Sandy Springs-Roswell  GA,12060,9038102,1339001143,7412089,1113554463,885,0.675,0.0039,0.666,0.936267189
2017,11,Whole-grain breakfast cereal,74000,Atlanta-Sandy Springs-Roswell  GA,12060,8224602,1215545758,6731302,1009939274,887,0.677,0.0037,0.667,0.937416425
2017,12,Whole-grain breakfast cereal,74000,Atlanta-Sandy Springs-Roswell  GA,12060,8440365,1258750756,6901778,1040948956,886,0.671,0.0054,0.663,0.937359779
2018,1,Whole-grain breakfast cereal,74000,Atlanta-Sandy Springs-Roswell  GA,12060,10326390,1554810691,8050646,1222535745,878,0.664,0.0022,0.659,0.922151259
2018,2,Whole-grain breakfast cereal,74000,Atlanta-Sandy Springs-Roswell  GA,12060,9005024,1329376100,7062943,1055449886,882,0.677,0.0038,0.669,0.929070877
2018,3,Whole-grain breakfast cereal,74000,Atlanta-Sandy Springs-Roswell  GA,12060,9914908,1491214484,7870062,1200373263,884,0.665,0.0030,0.656,0.918178553
2018,4,Whole-grain breakfast cereal,74000,Atlanta-Sandy Springs-Roswell  GA,12060,9525512,1424584715,7401634,1111393049,890,0.669,0.0024,0.666,0.921873807
2018,5,Whole-grain breakfast cereal,74000,Atlanta-Sandy Springs-Roswell  GA,12060,9458783,1385361953,7351421,1080208428,888,0.683,0.0023,0.681,0.932407221
2018,6,Whole-grain breakfast cereal,74000,Atlanta-Sandy Springs-Roswell  GA,12060,9367605,1379142445,7350417,1096485646,889,0.679,0.0035,0.67,0.926352975
2018,7,Whole-grain breakfast cereal,74000,Atlanta-Sandy Springs-Roswell  GA,12060,9746803,1369360930,7636008,1090885728,893,0.712,0.0056,0.7,0.948360381
2018,8,Whole-grain breakfast cereal,74000,Atlanta-Sandy Springs-Roswell  GA,12060,9948650,1395732323,7852897,1115562237,875,0.713,0.0061,0.704,0.944727869
2018,9,Whole-grain breakfast cereal,74000,Atlanta-Sandy Springs-Roswell  GA,12060,9163015,1269839203,7111381,999693309,859,0.722,0.0053,0.711,0.951036234
2018,10,Whole-grain breakfast cereal,74000,Atlanta-Sandy Springs-Roswell  GA,12060,9720204,1359157802,7610167,1075563891,846,0.715,0.0048,0.708,0.948406086
2018,11,Whole-grain breakfast cereal,74000,Atlanta-Sandy Springs-Roswell  GA,12060,9032029,1281144391,7034096,1012614410,845,0.705,0.0034,0.695,0.940827852
2018,12,Whole-grain breakfast cereal,74000,Atlanta-Sandy Springs-Roswell  GA,12060,9053571,1280715146,7027902,998134258,837,0.707,0.0028,0.704,0.941286202
2012,1,Whole-grain breakfast cereal,74000,Boston-Cambridge-Newton  MA-NH,14460,11417030,1574703797,8372187,1115267865,866,0.725,0.0111,0.751,1.025161145
2012,2,Whole-grain breakfast cereal,74000,Boston-Cambridge-Newton  MA-NH,14460,10474355,1478389904,7766115,1059069255,863,0.708,0.0133,0.733,1.01061908
2012,3,Whole-grain breakfast cereal,74000,Boston-Cambridge-Newton  MA-NH,14460,10926493,1495552077,8167598,1087465200,864,0.731,0.0150,0.751,1.047653184
2012,4,Whole-grain breakfast cereal,74000,Boston-Cambridge-Newton  MA-NH,14460,10160361,1372323274,7614922,1007596652,864,0.74,0.0130,0.756,1.059892622
2012,5,Whole-grain breakfast cereal,74000,Boston-Cambridge-Newton  MA-NH,14460,10545495,1418785954,7961326,1048544347,868,0.743,0.0127,0.759,1.064448045
2012,6,Whole-grain breakfast cereal,74000,Boston-Cambridge-Newton  MA-NH,14460,10619526,1423984557,7702344,1011759294,867,0.746,0.0128,0.761,1.060259124
2012,7,Whole-grain breakfast cereal,74000,Boston-Cambridge-Newton  MA-NH,14460,11281541,1509885085,8020944,1051148315,871,0.747,0.0115,0.763,1.056263074
2012,8,Whole-grain breakfast cereal,74000,Boston-Cambridge-Newton  MA-NH,14460,11782538,1611097873,8335761,1105132851,870,0.731,0.0126,0.754,1.029785812
2012,9,Whole-grain breakfast cereal,74000,Boston-Cambridge-Newton  MA-NH,14460,11713812,1589256151,8156674,1073870559,867,0.737,0.0115,0.76,1.030330178
2012,10,Whole-grain breakfast cereal,74000,Boston-Cambridge-Newton  MA-NH,14460,11608897,1568487969,8276883,1090155086,868,0.74,0.0114,0.759,1.032211826
2012,11,Whole-grain breakfast cereal,74000,Boston-Cambridge-Newton  MA-NH,14460,11166919,1526560566,7530343,1018671157,868,0.732,0.0100,0.739,1.01865134
2012,12,Whole-grain breakfast cereal,74000,Boston-Cambridge-Newton  MA-NH,14460,12758633,1744718803,8298304,1123804780,874,0.731,0.0082,0.738,1.023000158
2013,1,Whole-grain breakfast cereal,74000,Boston-Cambridge-Newton  MA-NH,14460,11834988,1652674508,8311248,1121737148,850,0.716,0.0119,0.741,1.012842739
2013,2,Whole-grain breakfast cereal,74000,Boston-Cambridge-Newton  MA-NH,14460,10928303,1482540878,7516682,989767649,848,0.737,0.0116,0.759,1.038164658
2013,3,Whole-grain breakfast cereal,74000,Boston-Cambridge-Newton  MA-NH,14460,11630995,1596103290,8123907,1076351341,850,0.729,0.0122,0.755,1.036596322
2013,4,Whole-grain breakfast cereal,74000,Boston-Cambridge-Newton  MA-NH,14460,10841199,1496963347,7497979,990987009,851,0.724,0.0108,0.757,1.025838786
2013,5,Whole-grain breakfast cereal,74000,Boston-Cambridge-Newton  MA-NH,14460,11250072,1507305211,7846433,1014063408,852,0.746,0.0118,0.774,1.053005555
2013,6,Whole-grain breakfast cereal,74000,Boston-Cambridge-Newton  MA-NH,14460,11011620,1482435467,7566235,988230102,852,0.743,0.0104,0.766,1.035686737
2013,7,Whole-grain breakfast cereal,74000,Boston-Cambridge-Newton  MA-NH,14460,11945887,1585460365,7899269,1021980347,853,0.753,0.0064,0.773,1.036585517
2013,8,Whole-grain breakfast cereal,74000,Boston-Cambridge-Newton  MA-NH,14460,12337788,1658932450,8047948,1049076906,858,0.744,0.0123,0.767,1.033996621
2013,9,Whole-grain breakfast cereal,74000,Boston-Cambridge-Newton  MA-NH,14460,11391594,1532542452,8089426,1054645787,851,0.743,0.0108,0.767,1.022351171
2013,10,Whole-grain breakfast cereal,74000,Boston-Cambridge-Newton  MA-NH,14460,11913569,1626888291,8236896,1085802161,848,0.732,0.0125,0.759,1.012272424
2013,11,Whole-grain breakfast cereal,74000,Boston-Cambridge-Newton  MA-NH,14460,10828125,1499035388,7490220,996156965,841,0.722,0.0096,0.752,1.003744211
2013,12,Whole-grain breakfast cereal,74000,Boston-Cambridge-Newton  MA-NH,14460,9930436,1350212009,7061635,924863038,858,0.735,0.0112,0.764,1.03680458
2014,1,Whole-grain breakfast cereal,74000,Boston-Cambridge-Newton  MA-NH,14460,11812884,1607540130,8435864,1110970973,845,0.735,0.0105,0.759,1.016903675
2014,2,Whole-grain breakfast cereal,74000,Boston-Cambridge-Newton  MA-NH,14460,11098156,1509565594,7758697,1026890516,856,0.735,0.0122,0.756,1.022293352
2014,3,Whole-grain breakfast cereal,74000,Boston-Cambridge-Newton  MA-NH,14460,12264125,1658801324,8523981,1122087175,858,0.739,0.0116,0.76,1.027308478
2014,4,Whole-grain breakfast cereal,74000,Boston-Cambridge-Newton  MA-NH,14460,11334856,1539852660,7826061,1038981872,852,0.736,0.0092,0.753,1.022718951
2014,5,Whole-grain breakfast cereal,74000,Boston-Cambridge-Newton  MA-NH,14460,11592949,1571950017,8160863,1083523234,852,0.737,0.0086,0.753,1.014406753
2014,6,Whole-grain breakfast cereal,74000,Boston-Cambridge-Newton  MA-NH,14460,11147010,1498900016,7801800,1017490543,856,0.744,0.0099,0.767,1.029078618
2014,7,Whole-grain breakfast cereal,74000,Boston-Cambridge-Newton  MA-NH,14460,12253571,1655092064,7701327,1007975278,848,0.74,0.0140,0.764,1.018270497
2014,8,Whole-grain breakfast cereal,74000,Boston-Cambridge-Newton  MA-NH,14460,15244611,2035706842,7710280,1015221510,845,0.749,0.0090,0.759,1.024323599
2014,9,Whole-grain breakfast cereal,74000,Boston-Cambridge-Newton  MA-NH,14460,11654871,1559641857,8181477,1065801989,841,0.747,0.0095,0.768,1.022675064
2014,10,Whole-grain breakfast cereal,74000,Boston-Cambridge-Newton  MA-NH,14460,12113575,1685153424,8260033,1112701121,840,0.719,0.0132,0.742,0.984823706
2014,11,Whole-grain breakfast cereal,74000,Boston-Cambridge-Newton  MA-NH,14460,11158213,1515693815,7349954,972561477,839,0.736,0.0117,0.756,1.00695298
2014,12,Whole-grain breakfast cereal,74000,Boston-Cambridge-Newton  MA-NH,14460,10580164,1449866433,7150507,944049244,857,0.73,0.0139,0.757,1.022063131
2015,1,Whole-grain breakfast cereal,74000,Boston-Cambridge-Newton  MA-NH,14460,13843923,1853559815,9236721,1210206588,877,0.747,0.0051,0.763,0.990715789
2015,2,Whole-grain breakfast cereal,74000,Boston-Cambridge-Newton  MA-NH,14460,11328987,1509514309,7637188,994521047,864,0.751,0.0066,0.768,1.00067821
2015,3,Whole-grain breakfast cereal,74000,Boston-Cambridge-Newton  MA-NH,14460,12490896,1633708859,8592076,1112147716,855,0.765,0.0063,0.773,1.014185294
2015,4,Whole-grain breakfast cereal,74000,Boston-Cambridge-Newton  MA-NH,14460,11434303,1493413237,7818583,1004787739,855,0.766,0.0065,0.778,1.012820132
2015,5,Whole-grain breakfast cereal,74000,Boston-Cambridge-Newton  MA-NH,14460,11654380,1512915324,7969276,1024441544,853,0.77,0.0071,0.778,1.020595866
2015,6,Whole-grain breakfast cereal,74000,Boston-Cambridge-Newton  MA-NH,14460,11690964,1524003965,7896371,1012661872,851,0.767,0.0076,0.78,1.016490618
2015,7,Whole-grain breakfast cereal,74000,Boston-Cambridge-Newton  MA-NH,14460,11369664,1473153919,7788717,998252185,849,0.772,0.0076,0.78,1.033225921
2015,8,Whole-grain breakfast cereal,74000,Boston-Cambridge-Newton  MA-NH,14460,11795102,1543090878,8011260,1037760004,851,0.764,0.0076,0.772,1.014727605
2015,9,Whole-grain breakfast cereal,74000,Boston-Cambridge-Newton  MA-NH,14460,11788294,1508930715,8118692,1035089085,872,0.781,0.0059,0.784,1.021440207
2015,10,Whole-grain breakfast cereal,74000,Boston-Cambridge-Newton  MA-NH,14460,12293600,1629701989,8091144,1056752695,871,0.754,0.0061,0.766,0.997637607
2015,11,Whole-grain breakfast cereal,74000,Boston-Cambridge-Newton  MA-NH,14460,11426418,1505446977,7441167,968174795,877,0.759,0.0062,0.769,1.006092692
2015,12,Whole-grain breakfast cereal,74000,Boston-Cambridge-Newton  MA-NH,14460,12262067,1582532669,8106477,1039348589,879,0.775,0.0065,0.78,1.028034786
2016,1,Whole-grain breakfast cereal,74000,Boston-Cambridge-Newton  MA-NH,14460,11965990,1623724344,8405845,1128784127,896,0.737,0.0045,0.745,0.989296704
2016,2,Whole-grain breakfast cereal,74000,Boston-Cambridge-Newton  MA-NH,14460,11705600,1561468052,8171653,1083379359,894,0.75,0.0051,0.754,1.012986723
2016,3,Whole-grain breakfast cereal,74000,Boston-Cambridge-Newton  MA-NH,14460,12782143,1708382085,8839560,1172072205,893,0.748,0.0051,0.754,1.009665343
2016,4,Whole-grain breakfast cereal,74000,Boston-Cambridge-Newton  MA-NH,14460,11894933,1585962860,8333394,1107337294,896,0.75,0.0050,0.753,1.011222046
2016,5,Whole-grain breakfast cereal,74000,Boston-Cambridge-Newton  MA-NH,14460,12291569,1627549092,8689726,1147498959,894,0.755,0.0046,0.757,1.026812062
2016,6,Whole-grain breakfast cereal,74000,Boston-Cambridge-Newton  MA-NH,14460,11706049,1553503886,8257017,1090330916,896,0.754,0.0051,0.757,1.014789793
2016,7,Whole-grain breakfast cereal,74000,Boston-Cambridge-Newton  MA-NH,14460,11738367,1569367863,8130132,1077096703,896,0.748,0.0060,0.755,1.020682166
2016,8,Whole-grain breakfast cereal,74000,Boston-Cambridge-Newton  MA-NH,14460,12152897,1661321524,8506105,1142862332,895,0.732,0.0051,0.744,0.997843299
2016,9,Whole-grain breakfast cereal,74000,Boston-Cambridge-Newton  MA-NH,14460,11972550,1616203481,8459455,1121330187,895,0.741,0.0062,0.754,1.022282366
2016,10,Whole-grain breakfast cereal,74000,Boston-Cambridge-Newton  MA-NH,14460,12018237,1616367361,8355971,1114583563,894,0.744,0.0053,0.75,1.005282607
2016,11,Whole-grain breakfast cereal,74000,Boston-Cambridge-Newton  MA-NH,14460,10939821,1460132920,7667242,1021012459,885,0.749,0.0052,0.751,1.016244073
2016,12,Whole-grain breakfast cereal,74000,Boston-Cambridge-Newton  MA-NH,14460,10839145,1427132842,7706777,1023946512,865,0.76,0.0051,0.753,1.032926514
2017,1,Whole-grain breakfast cereal,74000,Boston-Cambridge-Newton  MA-NH,14460,12383718,1643663358,8266161,1111175762,824,0.753,0.0039,0.744,0.99130049
2017,2,Whole-grain breakfast cereal,74000,Boston-Cambridge-Newton  MA-NH,14460,11395905,1496506022,7686435,1018948196,827,0.762,0.0055,0.754,1.005357682
2017,3,Whole-grain breakfast cereal,74000,Boston-Cambridge-Newton  MA-NH,14460,12786955,1699806931,8793275,1170313123,823,0.752,0.0039,0.751,0.997127547
2017,4,Whole-grain breakfast cereal,74000,Boston-Cambridge-Newton  MA-NH,14460,11119401,1446936970,7690263,1012779566,824,0.768,0.0045,0.759,1.011388768
2017,5,Whole-grain breakfast cereal,74000,Boston-Cambridge-Newton  MA-NH,14460,12018925,1587731949,8388251,1115315107,823,0.757,0.0044,0.752,1.003837476
2017,6,Whole-grain breakfast cereal,74000,Boston-Cambridge-Newton  MA-NH,14460,11056485,1437068627,7890097,1039798778,823,0.769,0.0049,0.759,1.007796285
2017,7,Whole-grain breakfast cereal,74000,Boston-Cambridge-Newton  MA-NH,14460,11408936,1480239590,8098416,1060908153,821,0.771,0.0044,0.763,1.011097071
2017,8,Whole-grain breakfast cereal,74000,Boston-Cambridge-Newton  MA-NH,14460,11438288,1497120086,8282159,1097018360,820,0.764,0.0047,0.755,1.004502466
2017,9,Whole-grain breakfast cereal,74000,Boston-Cambridge-Newton  MA-NH,14460,11434235,1508208084,8360467,1113818711,820,0.758,0.0047,0.751,1.001933887
2017,10,Whole-grain breakfast cereal,74000,Boston-Cambridge-Newton  MA-NH,14460,11573085,1523920013,8394669,1111088317,822,0.759,0.0039,0.756,1.000245562
2017,11,Whole-grain breakfast cereal,74000,Boston-Cambridge-Newton  MA-NH,14460,10667565,1394378408,7587199,1000573315,816,0.765,0.0042,0.758,1.015050206
2017,12,Whole-grain breakfast cereal,74000,Boston-Cambridge-Newton  MA-NH,14460,11045936,1423485646,7640569,1002089115,816,0.776,0.0041,0.762,1.019182515
2018,1,Whole-grain breakfast cereal,74000,Boston-Cambridge-Newton  MA-NH,14460,11857976,1544847743,8710019,1150730021,830,0.768,0.0043,0.757,1.00624432
2018,2,Whole-grain breakfast cereal,74000,Boston-Cambridge-Newton  MA-NH,14460,10437078,1334098829,7710432,1011103140,837,0.782,0.0062,0.763,1.030948409
2018,3,Whole-grain breakfast cereal,74000,Boston-Cambridge-Newton  MA-NH,14460,11888346,1526108712,8667588,1139483578,830,0.779,0.0066,0.761,1.023568981
2018,4,Whole-grain breakfast cereal,74000,Boston-Cambridge-Newton  MA-NH,14460,10967462,1421635276,7972229,1048222448,831,0.771,0.0049,0.761,1.009959245
2018,5,Whole-grain breakfast cereal,74000,Boston-Cambridge-Newton  MA-NH,14460,11185513,1430192779,8226483,1073907707,831,0.782,0.0058,0.766,1.027509326
2018,6,Whole-grain breakfast cereal,74000,Boston-Cambridge-Newton  MA-NH,14460,11003543,1412390884,8054972,1043264010,833,0.779,0.0049,0.772,1.008306197
2018,7,Whole-grain breakfast cereal,74000,Boston-Cambridge-Newton  MA-NH,14460,11519020,1450426425,8319072,1062271551,837,0.794,0.0062,0.783,1.013905842
2018,8,Whole-grain breakfast cereal,74000,Boston-Cambridge-Newton  MA-NH,14460,11668389,1468126237,8415214,1076093214,817,0.795,0.0063,0.782,1.020284999
2018,9,Whole-grain breakfast cereal,74000,Boston-Cambridge-Newton  MA-NH,14460,11394040,1389078340,8349583,1042282198,814,0.82,0.0067,0.801,1.047606325
2018,10,Whole-grain breakfast cereal,74000,Boston-Cambridge-Newton  MA-NH,14460,11537401,1419740129,8467442,1065825008,819,0.813,0.0061,0.794,1.036431414
2018,11,Whole-grain breakfast cereal,74000,Boston-Cambridge-Newton  MA-NH,14460,10529646,1310316945,7711247,974559271,821,0.804,0.0056,0.791,1.037478092
2018,12,Whole-grain breakfast cereal,74000,Boston-Cambridge-Newton  MA-NH,14460,10547441,1310670127,7538063,951673101,819,0.805,0.0052,0.792,1.033449656
2012,1,Whole-grain breakfast cereal,74000,Chicago-Naperville-Elgin  IL-IN-WI,16980,19533299,2800153075,13277818,1906442012,1540,0.698,0.0061,0.696,0.984439053
2012,2,Whole-grain breakfast cereal,74000,Chicago-Naperville-Elgin  IL-IN-WI,16980,17405794,2515768623,11873988,1718907089,1539,0.692,0.0053,0.691,0.982386484
2012,3,Whole-grain breakfast cereal,74000,Chicago-Naperville-Elgin  IL-IN-WI,16980,17681423,2535787338,11973330,1714262047,1543,0.697,0.0049,0.698,0.991108848
2012,4,Whole-grain breakfast cereal,74000,Chicago-Naperville-Elgin  IL-IN-WI,16980,16786604,2348103058,11600101,1629640428,1548,0.715,0.0058,0.712,1.011055657
2012,5,Whole-grain breakfast cereal,74000,Chicago-Naperville-Elgin  IL-IN-WI,16980,16767099,2363127183,11398483,1601068173,1545,0.71,0.0054,0.712,1.005579612
2012,6,Whole-grain breakfast cereal,74000,Chicago-Naperville-Elgin  IL-IN-WI,16980,16318194,2302719296,11245763,1593666859,1540,0.709,0.0056,0.706,1.005257412
2012,7,Whole-grain breakfast cereal,74000,Chicago-Naperville-Elgin  IL-IN-WI,16980,16550513,2373323207,11707059,1688021400,1553,0.697,0.0069,0.694,0.995144916
2012,8,Whole-grain breakfast cereal,74000,Chicago-Naperville-Elgin  IL-IN-WI,16980,17712964,2571211653,12550609,1819049004,1545,0.689,0.0043,0.69,0.974260605
2012,9,Whole-grain breakfast cereal,74000,Chicago-Naperville-Elgin  IL-IN-WI,16980,16409324,2350055753,11845348,1695486320,1543,0.698,0.0046,0.699,0.979488377
2012,10,Whole-grain breakfast cereal,74000,Chicago-Naperville-Elgin  IL-IN-WI,16980,17536258,2500356116,11710835,1685590691,1542,0.701,0.0071,0.695,0.979504079
2012,11,Whole-grain breakfast cereal,74000,Chicago-Naperville-Elgin  IL-IN-WI,16980,18168175,2555095840,10323444,1479162447,1546,0.711,0.0104,0.698,0.989076869
2012,12,Whole-grain breakfast cereal,74000,Chicago-Naperville-Elgin  IL-IN-WI,16980,26170054,3576451056,12036380,1721384076,1567,0.732,0.0052,0.699,1.001713777
2013,1,Whole-grain breakfast cereal,74000,Chicago-Naperville-Elgin  IL-IN-WI,16980,21396659,3123906367,11168007,1633216534,1472,0.685,0.0044,0.684,0.963225859
2013,2,Whole-grain breakfast cereal,74000,Chicago-Naperville-Elgin  IL-IN-WI,16980,17348996,2480508087,9830207,1403542018,1478,0.699,0.0069,0.7,0.991586701
2013,3,Whole-grain breakfast cereal,74000,Chicago-Naperville-Elgin  IL-IN-WI,16980,16803781,2420768994,10590499,1522768206,1474,0.694,0.0044,0.695,0.996257012
2013,4,Whole-grain breakfast cereal,74000,Chicago-Naperville-Elgin  IL-IN-WI,16980,16060762,2339269688,10124166,1486632160,1467,0.687,0.0045,0.681,0.981478827
2013,5,Whole-grain breakfast cereal,74000,Chicago-Naperville-Elgin  IL-IN-WI,16980,15698950,2236680441,9803489,1394462640,1474,0.702,0.0043,0.703,1.009885284
2013,6,Whole-grain breakfast cereal,74000,Chicago-Naperville-Elgin  IL-IN-WI,16980,15864921,2229690132,9864120,1392554282,1479,0.712,0.0046,0.708,1.010609967
2013,7,Whole-grain breakfast cereal,74000,Chicago-Naperville-Elgin  IL-IN-WI,16980,16284156,2284046170,10184474,1440523593,1487,0.713,0.0038,0.707,1.006312672
2013,8,Whole-grain breakfast cereal,74000,Chicago-Naperville-Elgin  IL-IN-WI,16980,17558236,2525352562,10884516,1556786239,1486,0.695,0.0037,0.699,0.982197906
2013,9,Whole-grain breakfast cereal,74000,Chicago-Naperville-Elgin  IL-IN-WI,16980,16208971,2286909284,10114726,1420653839,1488,0.709,0.0036,0.712,0.98881243
2013,10,Whole-grain breakfast cereal,74000,Chicago-Naperville-Elgin  IL-IN-WI,16980,16390691,2308888036,10394396,1464443469,1488,0.71,0.0044,0.71,0.992911723
2013,11,Whole-grain breakfast cereal,74000,Chicago-Naperville-Elgin  IL-IN-WI,16980,15612744,2163357482,9468785,1315963403,1492,0.722,0.0049,0.72,1.016386791
2013,12,Whole-grain breakfast cereal,74000,Chicago-Naperville-Elgin  IL-IN-WI,16980,17926627,2393343298,9547772,1325999005,1509,0.749,0.0100,0.72,1.041787112
2014,1,Whole-grain breakfast cereal,74000,Chicago-Naperville-Elgin  IL-IN-WI,16980,12628742,1816938654,10265323,1442541437,1394,0.695,0.0081,0.712,0.99693592
2014,2,Whole-grain breakfast cereal,74000,Chicago-Naperville-Elgin  IL-IN-WI,16980,11283564,1631929100,9091615,1276499128,1394,0.691,0.0091,0.712,1.013230922
2014,3,Whole-grain breakfast cereal,74000,Chicago-Naperville-Elgin  IL-IN-WI,16980,12105551,1746477796,9540801,1327811247,1410,0.693,0.0096,0.719,1.017427332
2014,4,Whole-grain breakfast cereal,74000,Chicago-Naperville-Elgin  IL-IN-WI,16980,11739318,1694787526,9371640,1316577195,1399,0.693,0.0080,0.712,0.988393196
2014,5,Whole-grain breakfast cereal,74000,Chicago-Naperville-Elgin  IL-IN-WI,16980,11473748,1623635478,9133783,1255664299,1398,0.707,0.0097,0.727,1.011793457
2014,6,Whole-grain breakfast cereal,74000,Chicago-Naperville-Elgin  IL-IN-WI,16980,11051607,1605719513,8809650,1240852798,1413,0.688,0.0091,0.71,0.999564779
2014,7,Whole-grain breakfast cereal,74000,Chicago-Naperville-Elgin  IL-IN-WI,16980,11371167,1675803865,9082925,1289073817,1403,0.679,0.0114,0.705,0.996717588
2014,8,Whole-grain breakfast cereal,74000,Chicago-Naperville-Elgin  IL-IN-WI,16980,11689423,1711916057,9314271,1326630096,1403,0.683,0.0092,0.702,0.996403785
2014,9,Whole-grain breakfast cereal,74000,Chicago-Naperville-Elgin  IL-IN-WI,16980,22015337,2875713308,8966262,1236090991,1408,0.766,0.0064,0.725,1.041955693
2014,10,Whole-grain breakfast cereal,74000,Chicago-Naperville-Elgin  IL-IN-WI,16980,26325008,3545603877,9226636,1308829140,1393,0.742,0.0063,0.705,1.01906983
2014,11,Whole-grain breakfast cereal,74000,Chicago-Naperville-Elgin  IL-IN-WI,16980,24160087,3167431055,8294373,1156722364,1396,0.763,0.0057,0.717,1.048495366
2014,12,Whole-grain breakfast cereal,74000,Chicago-Naperville-Elgin  IL-IN-WI,16980,22782398,3019378967,8354344,1172456524,1430,0.755,0.0055,0.713,1.04491268
2015,1,Whole-grain breakfast cereal,74000,Chicago-Naperville-Elgin  IL-IN-WI,16980,20340824,2834842005,13191492,1814916648,1551,0.718,0.0035,0.727,0.986402675
2015,2,Whole-grain breakfast cereal,74000,Chicago-Naperville-Elgin  IL-IN-WI,16980,16533742,2281666234,10956234,1488373270,1501,0.725,0.0045,0.736,1.013868091
2015,3,Whole-grain breakfast cereal,74000,Chicago-Naperville-Elgin  IL-IN-WI,16980,17347024,2385138557,11522803,1556828538,1491,0.727,0.0044,0.74,1.014146142
2015,4,Whole-grain breakfast cereal,74000,Chicago-Naperville-Elgin  IL-IN-WI,16980,16734853,2307016643,11048169,1493875269,1494,0.725,0.0042,0.74,1.008405814
2015,5,Whole-grain breakfast cereal,74000,Chicago-Naperville-Elgin  IL-IN-WI,16980,16820014,2318387746,11011731,1488994185,1499,0.726,0.0049,0.74,1.020882683
2015,6,Whole-grain breakfast cereal,74000,Chicago-Naperville-Elgin  IL-IN-WI,16980,16772594,2360653587,11006960,1526424746,1495,0.711,0.0053,0.721,0.99341007
2015,7,Whole-grain breakfast cereal,74000,Chicago-Naperville-Elgin  IL-IN-WI,16980,16807204,2346126204,11005666,1512118286,1496,0.716,0.0050,0.728,0.999928093
2015,8,Whole-grain breakfast cereal,74000,Chicago-Naperville-Elgin  IL-IN-WI,16980,17518387,2457437493,11433424,1575545862,1498,0.713,0.0050,0.726,0.999823496
2015,9,Whole-grain breakfast cereal,74000,Chicago-Naperville-Elgin  IL-IN-WI,16980,17161755,2364975218,11089903,1517032404,1503,0.726,0.0051,0.731,0.994006228
2015,10,Whole-grain breakfast cereal,74000,Chicago-Naperville-Elgin  IL-IN-WI,16980,18041323,2459385162,11115779,1499663501,1534,0.734,0.0051,0.741,1.010496316
2015,11,Whole-grain breakfast cereal,74000,Chicago-Naperville-Elgin  IL-IN-WI,16980,19908298,2662107500,10429922,1406807577,1545,0.748,0.0050,0.741,1.033726087
2015,12,Whole-grain breakfast cereal,74000,Chicago-Naperville-Elgin  IL-IN-WI,16980,22180205,2982203776,11574206,1573741771,1570,0.744,0.0064,0.735,1.01965171
2016,1,Whole-grain breakfast cereal,74000,Chicago-Naperville-Elgin  IL-IN-WI,16980,19876378,2680260844,11294019,1546480053,1501,0.742,0.0106,0.73,1.003852812
2016,2,Whole-grain breakfast cereal,74000,Chicago-Naperville-Elgin  IL-IN-WI,16980,20456611,2743473500,10966365,1481780160,1501,0.746,0.0142,0.74,1.018809264
2016,3,Whole-grain breakfast cereal,74000,Chicago-Naperville-Elgin  IL-IN-WI,16980,16304049,2231072031,11321602,1514027557,1496,0.731,0.0065,0.748,1.020606189
2016,4,Whole-grain breakfast cereal,74000,Chicago-Naperville-Elgin  IL-IN-WI,16980,15854946,2171978296,11030205,1482681577,1501,0.73,0.0060,0.744,1.018537706
2016,5,Whole-grain breakfast cereal,74000,Chicago-Naperville-Elgin  IL-IN-WI,16980,15802313,2171648268,11035077,1491514847,1511,0.728,0.0057,0.74,1.026959845
2016,6,Whole-grain breakfast cereal,74000,Chicago-Naperville-Elgin  IL-IN-WI,16980,14906385,2078443550,10361900,1419001886,1508,0.717,0.0049,0.73,0.99750171
2016,7,Whole-grain breakfast cereal,74000,Chicago-Naperville-Elgin  IL-IN-WI,16980,14729140,2027522691,10309554,1393267625,1516,0.726,0.0053,0.74,1.019000078
2016,8,Whole-grain breakfast cereal,74000,Chicago-Naperville-Elgin  IL-IN-WI,16980,15730850,2221764258,11144107,1540424859,1503,0.708,0.0052,0.723,1.003582432
2016,9,Whole-grain breakfast cereal,74000,Chicago-Naperville-Elgin  IL-IN-WI,16980,14670523,2038487045,10482520,1430160506,1492,0.72,0.0044,0.733,1.004587604
2016,10,Whole-grain breakfast cereal,74000,Chicago-Naperville-Elgin  IL-IN-WI,16980,14838741,2091994862,10502119,1442535084,1506,0.709,0.0055,0.728,1.001692957
2016,11,Whole-grain breakfast cereal,74000,Chicago-Naperville-Elgin  IL-IN-WI,16980,16001990,2202121845,9637701,1317538644,1483,0.727,0.0113,0.731,1.016045786
2016,12,Whole-grain breakfast cereal,74000,Chicago-Naperville-Elgin  IL-IN-WI,16980,18618319,2544282747,10123257,1401426842,1479,0.732,0.0185,0.722,1.008973846
2017,1,Whole-grain breakfast cereal,74000,Chicago-Naperville-Elgin  IL-IN-WI,16980,25957120,3561976076,11350122,1608749957,1328,0.729,0.0060,0.706,1.000579351
2017,2,Whole-grain breakfast cereal,74000,Chicago-Naperville-Elgin  IL-IN-WI,16980,21771003,2985208543,9849046,1353071319,1334,0.729,0.0062,0.728,1.014662813
2017,3,Whole-grain breakfast cereal,74000,Chicago-Naperville-Elgin  IL-IN-WI,16980,24098751,3266500122,10898747,1463784707,1336,0.738,0.0054,0.745,1.025156736
2017,4,Whole-grain breakfast cereal,74000,Chicago-Naperville-Elgin  IL-IN-WI,16980,20748155,2937083432,10317590,1408109160,1333,0.706,0.0094,0.733,0.984800497
2017,5,Whole-grain breakfast cereal,74000,Chicago-Naperville-Elgin  IL-IN-WI,16980,18632309,2579900266,10739790,1471891613,1314,0.722,0.0055,0.73,1.009980502
2017,6,Whole-grain breakfast cereal,74000,Chicago-Naperville-Elgin  IL-IN-WI,16980,15530597,2196391734,10200445,1398023178,1314,0.707,0.0073,0.73,0.99812977
2017,7,Whole-grain breakfast cereal,74000,Chicago-Naperville-Elgin  IL-IN-WI,16980,14744833,2051144271,10175033,1371254619,1311,0.719,0.0064,0.742,1.025706033
2017,8,Whole-grain breakfast cereal,74000,Chicago-Naperville-Elgin  IL-IN-WI,16980,15708446,2219682520,11045383,1527473288,1291,0.708,0.0073,0.723,1.006484982
2017,9,Whole-grain breakfast cereal,74000,Chicago-Naperville-Elgin  IL-IN-WI,16980,14581400,2068684268,10017081,1363618832,1292,0.705,0.0074,0.735,1.001332113
2017,10,Whole-grain breakfast cereal,74000,Chicago-Naperville-Elgin  IL-IN-WI,16980,14920204,2144186918,10319328,1437514782,1305,0.696,0.0072,0.718,0.995245483
2017,11,Whole-grain breakfast cereal,74000,Chicago-Naperville-Elgin  IL-IN-WI,16980,13775313,1966733405,9486824,1320630043,1301,0.7,0.0076,0.718,0.9987828
2017,12,Whole-grain breakfast cereal,74000,Chicago-Naperville-Elgin  IL-IN-WI,16980,14889486,2171562724,9624418,1369955871,1299,0.686,0.0082,0.703,0.981354971
2018,1,Whole-grain breakfast cereal,74000,Chicago-Naperville-Elgin  IL-IN-WI,16980,16813162,2469397065,10607942,1483437556,1317,0.681,0.0166,0.715,0.979739802
2018,2,Whole-grain breakfast cereal,74000,Chicago-Naperville-Elgin  IL-IN-WI,16980,14621573,2135911237,9289001,1290611071,1311,0.685,0.0166,0.72,0.992550862
2018,3,Whole-grain breakfast cereal,74000,Chicago-Naperville-Elgin  IL-IN-WI,16980,15045200,2139277420,9763526,1326208730,1313,0.703,0.0195,0.736,1.013528915
2018,4,Whole-grain breakfast cereal,74000,Chicago-Naperville-Elgin  IL-IN-WI,16980,14414349,2071791915,9451469,1293844062,1314,0.696,0.0181,0.73,1.003411873
2018,5,Whole-grain breakfast cereal,74000,Chicago-Naperville-Elgin  IL-IN-WI,16980,14220974,2030467271,9225616,1249813519,1307,0.7,0.0202,0.738,1.014311903
2018,6,Whole-grain breakfast cereal,74000,Chicago-Naperville-Elgin  IL-IN-WI,16980,14307304,2064575961,9128884,1263728746,1309,0.693,0.0212,0.722,0.985076007
2018,7,Whole-grain breakfast cereal,74000,Chicago-Naperville-Elgin  IL-IN-WI,16980,14177575,1956630065,9289843,1226779796,1315,0.725,0.0190,0.757,1.017422684
2018,8,Whole-grain breakfast cereal,74000,Chicago-Naperville-Elgin  IL-IN-WI,16980,14572432,1972656148,9769867,1276187175,1313,0.739,0.0120,0.766,1.022907391
2018,9,Whole-grain breakfast cereal,74000,Chicago-Naperville-Elgin  IL-IN-WI,16980,13806308,1864749759,9012269,1179862254,1305,0.74,0.0099,0.764,1.025480473
2018,10,Whole-grain breakfast cereal,74000,Chicago-Naperville-Elgin  IL-IN-WI,16980,14805148,2029927652,9645197,1282103701,1301,0.729,0.0105,0.752,1.000584667
2018,11,Whole-grain breakfast cereal,74000,Chicago-Naperville-Elgin  IL-IN-WI,16980,13371759,1810051856,8743969,1150284482,1298,0.739,0.0147,0.76,1.031288462
2018,12,Whole-grain breakfast cereal,74000,Chicago-Naperville-Elgin  IL-IN-WI,16980,12641526,1717528041,8359048,1108962651,1290,0.736,0.0134,0.754,1.032143135
2012,1,Whole-grain breakfast cereal,74000,Dallas-Fort Worth-Arlington  TX,19100,11278143,1665709935,8904186,1333682945,1069,0.677,0.0025,0.668,0.976328993
2012,2,Whole-grain breakfast cereal,74000,Dallas-Fort Worth-Arlington  TX,19100,10228181,1525113844,8364634,1272177994,1060,0.671,0.0035,0.658,0.973686411
2012,3,Whole-grain breakfast cereal,74000,Dallas-Fort Worth-Arlington  TX,19100,10578095,1587456255,8790712,1341468771,1056,0.666,0.0029,0.655,0.968200495
2012,4,Whole-grain breakfast cereal,74000,Dallas-Fort Worth-Arlington  TX,19100,9695812,1419286989,8074882,1196804019,1059,0.683,0.0028,0.675,0.990476391
2012,5,Whole-grain breakfast cereal,74000,Dallas-Fort Worth-Arlington  TX,19100,9884947,1455765867,8325860,1238807648,1060,0.679,0.0026,0.672,0.984031418
2012,6,Whole-grain breakfast cereal,74000,Dallas-Fort Worth-Arlington  TX,19100,9516263,1402352845,8021893,1198015705,1058,0.679,0.0025,0.67,0.989716246
2012,7,Whole-grain breakfast cereal,74000,Dallas-Fort Worth-Arlington  TX,19100,9941906,1471250042,8409985,1260688043,1062,0.676,0.0025,0.667,0.990800646
2012,8,Whole-grain breakfast cereal,74000,Dallas-Fort Worth-Arlington  TX,19100,10616684,1586958132,9091051,1376165001,1055,0.669,0.0030,0.661,0.972363001
2012,9,Whole-grain breakfast cereal,74000,Dallas-Fort Worth-Arlington  TX,19100,9473377,1401425048,8147173,1219073707,1045,0.676,0.0027,0.668,0.976677154
2012,10,Whole-grain breakfast cereal,74000,Dallas-Fort Worth-Arlington  TX,19100,9578740,1406301557,8234417,1226571474,1047,0.681,0.0030,0.671,0.985491252
2012,11,Whole-grain breakfast cereal,74000,Dallas-Fort Worth-Arlington  TX,19100,8803036,1295456089,7582854,1128938284,1047,0.68,0.0028,0.672,0.978804175
2012,12,Whole-grain breakfast cereal,74000,Dallas-Fort Worth-Arlington  TX,19100,10298614,1518339348,8752230,1311728417,1062,0.678,0.0030,0.667,0.981604486
2013,1,Whole-grain breakfast cereal,74000,Dallas-Fort Worth-Arlington  TX,19100,9802401,1447112906,8199223,1245164732,1019,0.677,0.0033,0.658,0.974169662
2013,2,Whole-grain breakfast cereal,74000,Dallas-Fort Worth-Arlington  TX,19100,8838662,1304523967,7346679,1112977620,1025,0.678,0.0033,0.66,0.976730094
2013,3,Whole-grain breakfast cereal,74000,Dallas-Fort Worth-Arlington  TX,19100,9736760,1420545248,8072360,1207558922,1025,0.685,0.0030,0.668,0.998664847
2013,4,Whole-grain breakfast cereal,74000,Dallas-Fort Worth-Arlington  TX,19100,9359240,1371298351,7667352,1156512204,1034,0.683,0.0029,0.663,0.98772272
2013,5,Whole-grain breakfast cereal,74000,Dallas-Fort Worth-Arlington  TX,19100,9133374,1327812231,7540538,1126685405,1029,0.688,0.0028,0.669,1.004440763
2013,6,Whole-grain breakfast cereal,74000,Dallas-Fort Worth-Arlington  TX,19100,8840185,1279150253,7323100,1088578247,1029,0.691,0.0029,0.673,1.002168953
2013,7,Whole-grain breakfast cereal,74000,Dallas-Fort Worth-Arlington  TX,19100,9469189,1369610402,7841686,1165820889,1032,0.691,0.0028,0.673,0.991093139
2013,8,Whole-grain breakfast cereal,74000,Dallas-Fort Worth-Arlington  TX,19100,9942898,1456461291,8287010,1254691685,1039,0.683,0.0036,0.66,0.978513092
2013,9,Whole-grain breakfast cereal,74000,Dallas-Fort Worth-Arlington  TX,19100,9098016,1319852426,7507045,1115046832,1041,0.689,0.0028,0.673,0.973950704
2013,10,Whole-grain breakfast cereal,74000,Dallas-Fort Worth-Arlington  TX,19100,9302137,1353194244,7691079,1147315222,1038,0.687,0.0029,0.67,0.974272768
2013,11,Whole-grain breakfast cereal,74000,Dallas-Fort Worth-Arlington  TX,19100,8555053,1244669334,7016631,1045235086,1035,0.687,0.0027,0.671,0.984060197
2013,12,Whole-grain breakfast cereal,74000,Dallas-Fort Worth-Arlington  TX,19100,8578368,1245602577,7057911,1054031968,1033,0.689,0.0030,0.67,0.992646726
2014,1,Whole-grain breakfast cereal,74000,Dallas-Fort Worth-Arlington  TX,19100,9890977,1432837711,8045007,1193122009,1075,0.69,0.0043,0.674,0.977716888
2014,2,Whole-grain breakfast cereal,74000,Dallas-Fort Worth-Arlington  TX,19100,8738223,1258186766,7234418,1067548831,1078,0.695,0.0030,0.678,0.989637738
2014,3,Whole-grain breakfast cereal,74000,Dallas-Fort Worth-Arlington  TX,19100,9634111,1404410614,8030026,1204570747,1087,0.686,0.0035,0.667,0.980336065
2014,4,Whole-grain breakfast cereal,74000,Dallas-Fort Worth-Arlington  TX,19100,8804466,1264090946,7263966,1066444852,1081,0.697,0.0025,0.681,0.984501601
2014,5,Whole-grain breakfast cereal,74000,Dallas-Fort Worth-Arlington  TX,19100,8764035,1255222474,7238862,1062665093,1076,0.698,0.0025,0.681,0.986938874
2014,6,Whole-grain breakfast cereal,74000,Dallas-Fort Worth-Arlington  TX,19100,8661815,1249107641,7248047,1074816403,1082,0.693,0.0030,0.674,0.991294311
2014,7,Whole-grain breakfast cereal,74000,Dallas-Fort Worth-Arlington  TX,19100,8921316,1290702398,7421095,1111619373,1084,0.691,0.0043,0.668,0.984121182
2014,8,Whole-grain breakfast cereal,74000,Dallas-Fort Worth-Arlington  TX,19100,9269863,1348689660,7797223,1173203598,1077,0.687,0.0038,0.665,0.978442899
2014,9,Whole-grain breakfast cereal,74000,Dallas-Fort Worth-Arlington  TX,19100,8507232,1234713377,7199118,1073615103,1073,0.689,0.0032,0.671,0.970972974
2014,10,Whole-grain breakfast cereal,74000,Dallas-Fort Worth-Arlington  TX,19100,8774393,1264425684,7356309,1084782499,1072,0.694,0.0031,0.678,0.983362003
2014,11,Whole-grain breakfast cereal,74000,Dallas-Fort Worth-Arlington  TX,19100,7913546,1124209560,6686197,978424140,1067,0.704,0.0037,0.683,0.999427361
2014,12,Whole-grain breakfast cereal,74000,Dallas-Fort Worth-Arlington  TX,19100,8071082,1149041145,6756546,991734015,1084,0.702,0.0039,0.681,0.998293064
2015,1,Whole-grain breakfast cereal,74000,Dallas-Fort Worth-Arlington  TX,19100,12174070,1702064261,10054408,1444695087,1203,0.715,0.0025,0.696,0.988291824
2015,2,Whole-grain breakfast cereal,74000,Dallas-Fort Worth-Arlington  TX,19100,10716215,1502714207,8877770,1269402127,1190,0.713,0.0028,0.699,0.992481465
2015,3,Whole-grain breakfast cereal,74000,Dallas-Fort Worth-Arlington  TX,19100,11061562,1551819423,9181127,1317931057,1200,0.713,0.0028,0.697,0.993933449
2015,4,Whole-grain breakfast cereal,74000,Dallas-Fort Worth-Arlington  TX,19100,10457629,1457883224,8688029,1233821405,1195,0.717,0.0030,0.704,1.003816396
2015,5,Whole-grain breakfast cereal,74000,Dallas-Fort Worth-Arlington  TX,19100,10751473,1518397261,8896471,1283482799,1198,0.708,0.0033,0.693,0.996055718
2015,6,Whole-grain breakfast cereal,74000,Dallas-Fort Worth-Arlington  TX,19100,10535630,1486523182,8702283,1255207198,1195,0.709,0.0030,0.693,0.996017204
2015,7,Whole-grain breakfast cereal,74000,Dallas-Fort Worth-Arlington  TX,19100,10691058,1504674709,8804017,1265322583,1198,0.711,0.0032,0.696,0.997974051
2015,8,Whole-grain breakfast cereal,74000,Dallas-Fort Worth-Arlington  TX,19100,10908764,1541975315,9039790,1311727339,1201,0.707,0.0036,0.689,0.993540786
2015,9,Whole-grain breakfast cereal,74000,Dallas-Fort Worth-Arlington  TX,19100,10122649,1403896025,8424521,1197872756,1201,0.721,0.0032,0.703,1.004819678
2015,10,Whole-grain breakfast cereal,74000,Dallas-Fort Worth-Arlington  TX,19100,10593517,1468500731,8773391,1246844965,1198,0.721,0.0032,0.704,1.011557512
2015,11,Whole-grain breakfast cereal,74000,Dallas-Fort Worth-Arlington  TX,19100,9809536,1361399352,8127421,1163534232,1200,0.721,0.0036,0.699,1.017533718
2015,12,Whole-grain breakfast cereal,74000,Dallas-Fort Worth-Arlington  TX,19100,11155150,1540030394,9252903,1319006468,1208,0.724,0.0036,0.702,1.017854437
2016,1,Whole-grain breakfast cereal,74000,Dallas-Fort Worth-Arlington  TX,19100,10829109,1521525948,8947400,1284409594,1203,0.712,0.0033,0.697,0.991511258
2016,2,Whole-grain breakfast cereal,74000,Dallas-Fort Worth-Arlington  TX,19100,10802244,1533190409,8876072,1279133239,1178,0.705,0.0032,0.694,0.989240029
2016,3,Whole-grain breakfast cereal,74000,Dallas-Fort Worth-Arlington  TX,19100,11402433,1612584301,9370792,1344719028,1191,0.707,0.0033,0.697,0.999776304
2016,4,Whole-grain breakfast cereal,74000,Dallas-Fort Worth-Arlington  TX,19100,11071955,1553424986,9090872,1298707839,1202,0.713,0.0033,0.7,1.002482378
2016,5,Whole-grain breakfast cereal,74000,Dallas-Fort Worth-Arlington  TX,19100,10835718,1521146247,9018081,1288674844,1210,0.712,0.0031,0.7,1.015979836
2016,6,Whole-grain breakfast cereal,74000,Dallas-Fort Worth-Arlington  TX,19100,10404092,1476953535,8623943,1242914935,1208,0.704,0.0028,0.694,0.999985324
2016,7,Whole-grain breakfast cereal,74000,Dallas-Fort Worth-Arlington  TX,19100,10619305,1506387927,8745408,1266911769,1208,0.705,0.0029,0.69,1.007917485
2016,8,Whole-grain breakfast cereal,74000,Dallas-Fort Worth-Arlington  TX,19100,11192211,1622132220,9326205,1376956984,1195,0.69,0.0031,0.677,0.984357325
2016,9,Whole-grain breakfast cereal,74000,Dallas-Fort Worth-Arlington  TX,19100,10300657,1469184269,8556556,1243244376,1192,0.701,0.0029,0.688,0.990681254
2016,10,Whole-grain breakfast cereal,74000,Dallas-Fort Worth-Arlington  TX,19100,10682306,1505586206,8776186,1265515572,1205,0.71,0.0037,0.693,1.006805756
2016,11,Whole-grain breakfast cereal,74000,Dallas-Fort Worth-Arlington  TX,19100,9966795,1402742454,8180175,1182149958,1206,0.711,0.0037,0.692,1.015592936
2016,12,Whole-grain breakfast cereal,74000,Dallas-Fort Worth-Arlington  TX,19100,10444273,1476130590,8479581,1231174445,1202,0.708,0.0041,0.689,1.014100692
2017,1,Whole-grain breakfast cereal,74000,Dallas-Fort Worth-Arlington  TX,19100,11615985,1661278282,9062413,1309502558,1030,0.699,0.0028,0.692,0.993178466
2017,2,Whole-grain breakfast cereal,74000,Dallas-Fort Worth-Arlington  TX,19100,10502031,1501671757,8258904,1189146599,1025,0.699,0.0035,0.695,1.001145654
2017,3,Whole-grain breakfast cereal,74000,Dallas-Fort Worth-Arlington  TX,19100,11362308,1643608098,9075649,1320649882,1027,0.691,0.0027,0.687,0.990966599
2017,4,Whole-grain breakfast cereal,74000,Dallas-Fort Worth-Arlington  TX,19100,10563207,1516897919,8493809,1225837206,1028,0.696,0.0028,0.693,0.994066477
2017,5,Whole-grain breakfast cereal,74000,Dallas-Fort Worth-Arlington  TX,19100,10824780,1558309461,8688995,1257498918,1031,0.695,0.0026,0.691,1.000767416
2017,6,Whole-grain breakfast cereal,74000,Dallas-Fort Worth-Arlington  TX,19100,10597974,1552283703,8504143,1255278439,1028,0.683,0.0024,0.677,0.986942377
2017,7,Whole-grain breakfast cereal,74000,Dallas-Fort Worth-Arlington  TX,19100,10747605,1575281814,8683786,1277753426,1036,0.682,0.0027,0.68,0.980496361
2017,8,Whole-grain breakfast cereal,74000,Dallas-Fort Worth-Arlington  TX,19100,11254874,1629613422,9277879,1348407141,1036,0.691,0.0023,0.688,0.991059369
2017,9,Whole-grain breakfast cereal,74000,Dallas-Fort Worth-Arlington  TX,19100,10200294,1487118508,8418865,1229379592,1032,0.686,0.0020,0.685,0.990565802
2017,10,Whole-grain breakfast cereal,74000,Dallas-Fort Worth-Arlington  TX,19100,10505819,1532948448,8719558,1278169590,1050,0.685,0.0023,0.682,0.982470148
2017,11,Whole-grain breakfast cereal,74000,Dallas-Fort Worth-Arlington  TX,19100,9291095,1363431929,7661936,1131603762,1052,0.681,0.0017,0.677,0.970808609
2017,12,Whole-grain breakfast cereal,74000,Dallas-Fort Worth-Arlington  TX,19100,9699775,1452791609,8027859,1211460507,1056,0.668,0.0027,0.663,0.95185159
2018,1,Whole-grain breakfast cereal,74000,Dallas-Fort Worth-Arlington  TX,19100,11937220,1738030129,9328709,1391737214,1064,0.687,0.0031,0.67,0.964991222
2018,2,Whole-grain breakfast cereal,74000,Dallas-Fort Worth-Arlington  TX,19100,10690791,1551874765,8432013,1250563560,1064,0.689,0.0029,0.674,0.971228014
2018,3,Whole-grain breakfast cereal,74000,Dallas-Fort Worth-Arlington  TX,19100,11562785,1664089783,9175095,1355379773,1068,0.695,0.0031,0.677,0.978165391
2018,4,Whole-grain breakfast cereal,74000,Dallas-Fort Worth-Arlington  TX,19100,11057560,1581673543,8745101,1278893847,1072,0.699,0.0031,0.684,0.985130512
2018,5,Whole-grain breakfast cereal,74000,Dallas-Fort Worth-Arlington  TX,19100,10980854,1556919870,8723108,1264140771,1063,0.705,0.0028,0.69,0.996922023
2018,6,Whole-grain breakfast cereal,74000,Dallas-Fort Worth-Arlington  TX,19100,10783038,1556465249,8625738,1273857557,1057,0.693,0.0032,0.677,0.976094624
2018,7,Whole-grain breakfast cereal,74000,Dallas-Fort Worth-Arlington  TX,19100,11028837,1539346112,8846291,1261824398,1058,0.716,0.0039,0.701,0.980975719
2018,8,Whole-grain breakfast cereal,74000,Dallas-Fort Worth-Arlington  TX,19100,11392096,1549495314,9169043,1281948489,1063,0.735,0.0042,0.715,0.998286257
2018,9,Whole-grain breakfast cereal,74000,Dallas-Fort Worth-Arlington  TX,19100,10175454,1380164324,8127357,1127259299,1068,0.737,0.0035,0.721,0.99976098
2018,10,Whole-grain breakfast cereal,74000,Dallas-Fort Worth-Arlington  TX,19100,10935017,1500239746,8733192,1223455015,1076,0.729,0.0035,0.714,0.9941609
2018,11,Whole-grain breakfast cereal,74000,Dallas-Fort Worth-Arlington  TX,19100,10165144,1416709178,8105753,1153755187,1062,0.718,0.0035,0.703,0.985240395
2018,12,Whole-grain breakfast cereal,74000,Dallas-Fort Worth-Arlington  TX,19100,10212901,1411070120,8182724,1151260878,1055,0.724,0.0034,0.711,0.982654646
2012,1,Whole-grain breakfast cereal,74000,Detroit-Warren-Dearborn  MI,19820,7120809,1114162900,4647957,689818771,823,0.639,0.0068,0.674,1.004398649
2012,2,Whole-grain breakfast cereal,74000,Detroit-Warren-Dearborn  MI,19820,6766052,1087633032,4428635,679980034,824,0.622,0.0067,0.651,0.989051511
2012,3,Whole-grain breakfast cereal,74000,Detroit-Warren-Dearborn  MI,19820,6936139,1109887798,4505794,684375710,824,0.625,0.0072,0.658,0.979336099
2012,4,Whole-grain breakfast cereal,74000,Detroit-Warren-Dearborn  MI,19820,6203566,964353099,4055423,592605621,824,0.643,0.0071,0.684,1.00805381
2012,5,Whole-grain breakfast cereal,74000,Detroit-Warren-Dearborn  MI,19820,6678910,1037368380,4419193,646286853,825,0.644,0.0070,0.684,1.000361644
2012,6,Whole-grain breakfast cereal,74000,Detroit-Warren-Dearborn  MI,19820,6455991,1011649312,4216066,622682519,824,0.638,0.0070,0.677,1.018010624
2012,7,Whole-grain breakfast cereal,74000,Detroit-Warren-Dearborn  MI,19820,6749572,1062348794,4395803,653540013,827,0.635,0.0066,0.673,1.016219591
2012,8,Whole-grain breakfast cereal,74000,Detroit-Warren-Dearborn  MI,19820,7187360,1156239429,4674905,716133207,828,0.622,0.0070,0.653,0.986660153
2012,9,Whole-grain breakfast cereal,74000,Detroit-Warren-Dearborn  MI,19820,6648060,1049117851,4350336,647360268,828,0.634,0.0072,0.672,0.99475011
2012,10,Whole-grain breakfast cereal,74000,Detroit-Warren-Dearborn  MI,19820,6889856,1073743832,4611646,678133856,826,0.642,0.0069,0.68,0.988581048
2012,11,Whole-grain breakfast cereal,74000,Detroit-Warren-Dearborn  MI,19820,6339350,996672764,4230006,626832132,826,0.636,0.0072,0.675,0.997507218
2012,12,Whole-grain breakfast cereal,74000,Detroit-Warren-Dearborn  MI,19820,7141523,1131045568,4749041,712364669,832,0.631,0.0065,0.667,0.99091788
2013,1,Whole-grain breakfast cereal,74000,Detroit-Warren-Dearborn  MI,19820,6957363,1108622555,4566816,692842518,781,0.628,0.0078,0.659,0.987477418
2013,2,Whole-grain breakfast cereal,74000,Detroit-Warren-Dearborn  MI,19820,6303479,1002775776,4130051,625912003,779,0.629,0.0078,0.66,0.984938006
2013,3,Whole-grain breakfast cereal,74000,Detroit-Warren-Dearborn  MI,19820,7035280,1109952294,4630105,691732924,782,0.634,0.0081,0.669,1.005104401
2013,4,Whole-grain breakfast cereal,74000,Detroit-Warren-Dearborn  MI,19820,6112237,982280708,4022222,619555507,782,0.622,0.0075,0.649,0.984625541
2013,5,Whole-grain breakfast cereal,74000,Detroit-Warren-Dearborn  MI,19820,6199061,974892577,3993057,593316784,787,0.636,0.0082,0.673,1.017981075
2013,6,Whole-grain breakfast cereal,74000,Detroit-Warren-Dearborn  MI,19820,6200852,971808159,4045569,601684763,788,0.638,0.0077,0.672,1.011314535
2013,7,Whole-grain breakfast cereal,74000,Detroit-Warren-Dearborn  MI,19820,6255975,981864854,4221100,637684121,794,0.637,0.0066,0.662,0.994151626
2013,8,Whole-grain breakfast cereal,74000,Detroit-Warren-Dearborn  MI,19820,6869916,1096429367,4560473,696353058,796,0.627,0.0077,0.655,0.984046025
2013,9,Whole-grain breakfast cereal,74000,Detroit-Warren-Dearborn  MI,19820,6259488,984072709,4281504,643970104,796,0.636,0.0078,0.665,0.970288672
2013,10,Whole-grain breakfast cereal,74000,Detroit-Warren-Dearborn  MI,19820,6393657,1016590951,4280544,648798022,792,0.629,0.0083,0.66,0.96985152
2013,11,Whole-grain breakfast cereal,74000,Detroit-Warren-Dearborn  MI,19820,5852379,940700588,3951136,610145604,792,0.622,0.0069,0.648,0.974394954
2013,12,Whole-grain breakfast cereal,74000,Detroit-Warren-Dearborn  MI,19820,5711887,908612627,3802837,573211831,798,0.629,0.0076,0.663,0.98959674
2014,1,Whole-grain breakfast cereal,74000,Detroit-Warren-Dearborn  MI,19820,10518996,1569382317,4431532,662673193,831,0.67,0.0180,0.669,1.016672201
2014,2,Whole-grain breakfast cereal,74000,Detroit-Warren-Dearborn  MI,19820,9482538,1428638169,4065819,603559840,830,0.664,0.0136,0.674,1.011470089
2014,3,Whole-grain breakfast cereal,74000,Detroit-Warren-Dearborn  MI,19820,10049604,1589128745,4623672,724825465,835,0.632,0.0090,0.638,0.982028677
2014,4,Whole-grain breakfast cereal,74000,Detroit-Warren-Dearborn  MI,19820,8044267,1216659398,4030641,594416858,831,0.661,0.0079,0.678,1.0115426
2014,5,Whole-grain breakfast cereal,74000,Detroit-Warren-Dearborn  MI,19820,7928072,1203667423,4155637,618712080,832,0.659,0.0080,0.672,1.007678029
2014,6,Whole-grain breakfast cereal,74000,Detroit-Warren-Dearborn  MI,19820,7278586,1123318070,4085002,610677783,834,0.648,0.0060,0.669,1.001037445
2014,7,Whole-grain breakfast cereal,74000,Detroit-Warren-Dearborn  MI,19820,7175018,1150784682,4121192,630274678,829,0.623,0.0080,0.654,0.981760658
2014,8,Whole-grain breakfast cereal,74000,Detroit-Warren-Dearborn  MI,19820,7485336,1184016841,4329840,667296269,827,0.632,0.0065,0.649,0.980938997
2014,9,Whole-grain breakfast cereal,74000,Detroit-Warren-Dearborn  MI,19820,7266909,1134676919,4199486,634162803,826,0.64,0.0056,0.662,0.968086298
2014,10,Whole-grain breakfast cereal,74000,Detroit-Warren-Dearborn  MI,19820,7321246,1150961770,4173370,629282955,820,0.636,0.0072,0.663,0.994714413
2014,11,Whole-grain breakfast cereal,74000,Detroit-Warren-Dearborn  MI,19820,6820229,1059066374,3868100,578785126,817,0.644,0.0067,0.668,0.995815722
2014,12,Whole-grain breakfast cereal,74000,Detroit-Warren-Dearborn  MI,19820,7100266,1122650030,3872716,590815459,837,0.632,0.0077,0.655,0.98855926
2015,1,Whole-grain breakfast cereal,74000,Detroit-Warren-Dearborn  MI,19820,9210095,1427470248,5226659,783743322,850,0.645,0.0109,0.667,0.986705167
2015,2,Whole-grain breakfast cereal,74000,Detroit-Warren-Dearborn  MI,19820,7946796,1233735827,4449559,660480656,841,0.644,0.0084,0.674,0.988941658
2015,3,Whole-grain breakfast cereal,74000,Detroit-Warren-Dearborn  MI,19820,8121715,1262228135,4573740,685163710,840,0.643,0.0104,0.668,0.995280452
2015,4,Whole-grain breakfast cereal,74000,Detroit-Warren-Dearborn  MI,19820,7481442,1165485183,4205809,618015600,843,0.642,0.0097,0.681,1.008998674
2015,5,Whole-grain breakfast cereal,74000,Detroit-Warren-Dearborn  MI,19820,7762676,1223301152,4403223,658662613,843,0.635,0.0095,0.669,0.995324761
2015,6,Whole-grain breakfast cereal,74000,Detroit-Warren-Dearborn  MI,19820,7966514,1247135248,4564912,679415930,837,0.639,0.0100,0.672,0.990630438
2015,7,Whole-grain breakfast cereal,74000,Detroit-Warren-Dearborn  MI,19820,7818984,1221427203,4508827,675981427,837,0.64,0.0098,0.667,0.989366658
2015,8,Whole-grain breakfast cereal,74000,Detroit-Warren-Dearborn  MI,19820,8151611,1279294515,4654059,709268903,837,0.637,0.0092,0.656,0.983838488
2015,9,Whole-grain breakfast cereal,74000,Detroit-Warren-Dearborn  MI,19820,7922884,1216375884,4550643,678355562,837,0.651,0.0118,0.671,0.988220439
2015,10,Whole-grain breakfast cereal,74000,Detroit-Warren-Dearborn  MI,19820,7914150,1228490907,4467946,658032717,834,0.644,0.0100,0.679,1.004256178
2015,11,Whole-grain breakfast cereal,74000,Detroit-Warren-Dearborn  MI,19820,7555915,1173946173,4276771,634571367,838,0.644,0.0094,0.674,1.003380353
2015,12,Whole-grain breakfast cereal,74000,Detroit-Warren-Dearborn  MI,19820,8366884,1308992316,4712058,704636327,850,0.639,0.0095,0.669,0.99042483
2016,1,Whole-grain breakfast cereal,74000,Detroit-Warren-Dearborn  MI,19820,7604792,1189986456,4462651,668427505,827,0.639,0.0152,0.668,0.978413512
2016,2,Whole-grain breakfast cereal,74000,Detroit-Warren-Dearborn  MI,19820,7974814,1277453694,4532172,684372374,837,0.624,0.0158,0.662,0.978963557
2016,3,Whole-grain breakfast cereal,74000,Detroit-Warren-Dearborn  MI,19820,8311199,1344333055,4619258,689296890,831,0.618,0.0181,0.67,0.981229905
2016,4,Whole-grain breakfast cereal,74000,Detroit-Warren-Dearborn  MI,19820,7980253,1252476636,4555398,670955212,836,0.637,0.0117,0.679,0.998798204
2016,5,Whole-grain breakfast cereal,74000,Detroit-Warren-Dearborn  MI,19820,8010251,1262268133,4509323,660733881,835,0.635,0.0142,0.682,1.010593624
2016,6,Whole-grain breakfast cereal,74000,Detroit-Warren-Dearborn  MI,19820,7522829,1184113215,4342737,652368069,833,0.635,0.0147,0.666,0.990884699
2016,7,Whole-grain breakfast cereal,74000,Detroit-Warren-Dearborn  MI,19820,7748022,1217583921,4458095,667873279,835,0.636,0.0124,0.668,0.993358466
2016,8,Whole-grain breakfast cereal,74000,Detroit-Warren-Dearborn  MI,19820,8012648,1304624618,4556507,715868165,824,0.614,0.0172,0.637,0.972459857
2016,9,Whole-grain breakfast cereal,74000,Detroit-Warren-Dearborn  MI,19820,7449721,1153869573,4424333,667295850,828,0.646,0.0224,0.663,0.993132324
2016,10,Whole-grain breakfast cereal,74000,Detroit-Warren-Dearborn  MI,19820,7528221,1198328803,4438774,677916950,831,0.628,0.0161,0.655,0.990180366
2016,11,Whole-grain breakfast cereal,74000,Detroit-Warren-Dearborn  MI,19820,6910920,1125239425,3883436,596491948,826,0.614,0.0194,0.651,0.981304685
2016,12,Whole-grain breakfast cereal,74000,Detroit-Warren-Dearborn  MI,19820,6977198,1140486680,3899863,606362707,814,0.612,0.0154,0.643,0.972872316
2017,1,Whole-grain breakfast cereal,74000,Detroit-Warren-Dearborn  MI,19820,8747013,1346225598,4339676,667581928,666,0.65,0.0118,0.65,0.959594809
2017,2,Whole-grain breakfast cereal,74000,Detroit-Warren-Dearborn  MI,19820,7733640,1181175139,3984115,602440866,664,0.655,0.0141,0.661,0.98572756
2017,3,Whole-grain breakfast cereal,74000,Detroit-Warren-Dearborn  MI,19820,8262691,1277165831,4427650,684599544,663,0.647,0.0145,0.647,0.98118932
2017,4,Whole-grain breakfast cereal,74000,Detroit-Warren-Dearborn  MI,19820,7098113,1113902830,4006197,612739755,662,0.637,0.0077,0.654,0.971554358
2017,5,Whole-grain breakfast cereal,74000,Detroit-Warren-Dearborn  MI,19820,7265010,1138119786,4250885,642316676,651,0.638,0.0075,0.662,0.983194694
2017,6,Whole-grain breakfast cereal,74000,Detroit-Warren-Dearborn  MI,19820,6973209,1102033680,4127151,630725170,653,0.633,0.0072,0.654,0.966085315
2017,7,Whole-grain breakfast cereal,74000,Detroit-Warren-Dearborn  MI,19820,7257781,1157301201,4270062,661390136,653,0.627,0.0085,0.646,0.955976248
2017,8,Whole-grain breakfast cereal,74000,Detroit-Warren-Dearborn  MI,19820,7375483,1158644831,4346269,657345943,652,0.637,0.0062,0.661,0.97032697
2017,9,Whole-grain breakfast cereal,74000,Detroit-Warren-Dearborn  MI,19820,6788018,1061886685,4063376,616156644,654,0.639,0.0082,0.659,0.970908008
2017,10,Whole-grain breakfast cereal,74000,Detroit-Warren-Dearborn  MI,19820,7175344,1138091123,4254715,648664864,651,0.63,0.0076,0.656,0.967111387
2017,11,Whole-grain breakfast cereal,74000,Detroit-Warren-Dearborn  MI,19820,6404587,1000230282,3863964,585414048,654,0.64,0.0074,0.66,0.969655767
2017,12,Whole-grain breakfast cereal,74000,Detroit-Warren-Dearborn  MI,19820,6650251,1085930715,3938550,615549427,653,0.612,0.0084,0.64,0.944036742
2018,1,Whole-grain breakfast cereal,74000,Detroit-Warren-Dearborn  MI,19820,8506923,1344608983,4444613,682678340,669,0.633,0.0153,0.651,0.956141465
2018,2,Whole-grain breakfast cereal,74000,Detroit-Warren-Dearborn  MI,19820,7698398,1218795518,3998748,609700115,667,0.632,0.0135,0.656,0.957001795
2018,3,Whole-grain breakfast cereal,74000,Detroit-Warren-Dearborn  MI,19820,8063279,1266806173,4452539,679912668,669,0.637,0.0180,0.655,0.955792947
2018,4,Whole-grain breakfast cereal,74000,Detroit-Warren-Dearborn  MI,19820,7594835,1192223328,4101163,613401488,669,0.637,0.0117,0.669,0.970350822
2018,5,Whole-grain breakfast cereal,74000,Detroit-Warren-Dearborn  MI,19820,7734328,1187423493,4134760,609082309,666,0.651,0.0144,0.679,0.98600205
2018,6,Whole-grain breakfast cereal,74000,Detroit-Warren-Dearborn  MI,19820,7874462,1234128209,4211426,635957934,665,0.638,0.0133,0.662,0.968959771
2018,7,Whole-grain breakfast cereal,74000,Detroit-Warren-Dearborn  MI,19820,7970832,1236945421,4274711,632223813,661,0.644,0.0153,0.676,0.976835323
2018,8,Whole-grain breakfast cereal,74000,Detroit-Warren-Dearborn  MI,19820,7936728,1212539931,4368151,647494213,660,0.655,0.0125,0.675,0.98241227
2018,9,Whole-grain breakfast cereal,74000,Detroit-Warren-Dearborn  MI,19820,7412555,1107977942,4047054,586446786,658,0.669,0.0174,0.69,1.003923348
2018,10,Whole-grain breakfast cereal,74000,Detroit-Warren-Dearborn  MI,19820,7747946,1171955744,4197134,608540971,660,0.661,0.0181,0.69,1.004146439
2018,11,Whole-grain breakfast cereal,74000,Detroit-Warren-Dearborn  MI,19820,7252162,1116796101,3963472,582767414,662,0.649,0.0125,0.68,0.98843283
2018,12,Whole-grain breakfast cereal,74000,Detroit-Warren-Dearborn  MI,19820,7048454,1098466202,3890624,566348615,659,0.642,0.0126,0.687,0.980724685
2012,1,Whole-grain breakfast cereal,74000,Houston-The Woodlands-Sugar Land  TX,26420,9960748,1445417868,6261065,948233549,992,0.689,0.0040,0.66,0.975960377
2012,2,Whole-grain breakfast cereal,74000,Houston-The Woodlands-Sugar Land  TX,26420,9352146,1383585351,5971949,930445812,993,0.676,0.0037,0.642,0.973221971
2012,3,Whole-grain breakfast cereal,74000,Houston-The Woodlands-Sugar Land  TX,26420,9973712,1484398235,6274587,980271434,992,0.672,0.0040,0.64,0.964650647
2012,4,Whole-grain breakfast cereal,74000,Houston-The Woodlands-Sugar Land  TX,26420,9136210,1303817677,5743806,864852473,996,0.701,0.0021,0.664,0.992766524
2012,5,Whole-grain breakfast cereal,74000,Houston-The Woodlands-Sugar Land  TX,26420,9434208,1359135519,5945022,896282013,993,0.694,0.0022,0.663,0.974283156
2012,6,Whole-grain breakfast cereal,74000,Houston-The Woodlands-Sugar Land  TX,26420,9017718,1298913289,5774315,874621620,1005,0.694,0.0024,0.66,0.991642623
2012,7,Whole-grain breakfast cereal,74000,Houston-The Woodlands-Sugar Land  TX,26420,9290124,1351476226,6074782,924606987,1008,0.687,0.0023,0.657,0.989529667
2012,8,Whole-grain breakfast cereal,74000,Houston-The Woodlands-Sugar Land  TX,26420,9565038,1425279092,6527881,1010196799,998,0.671,0.0044,0.646,0.959384391
2012,9,Whole-grain breakfast cereal,74000,Houston-The Woodlands-Sugar Land  TX,26420,8603998,1262239063,5820428,886802370,985,0.682,0.0043,0.656,0.968096734
2012,10,Whole-grain breakfast cereal,74000,Houston-The Woodlands-Sugar Land  TX,26420,8668622,1263341184,5858460,891047413,986,0.686,0.0048,0.657,0.973414214
2012,11,Whole-grain breakfast cereal,74000,Houston-The Woodlands-Sugar Land  TX,26420,7985753,1156057835,5353006,811881163,1002,0.691,0.0050,0.659,0.981675526
2012,12,Whole-grain breakfast cereal,74000,Houston-The Woodlands-Sugar Land  TX,26420,9226186,1332355217,6229594,952445202,1013,0.692,0.0051,0.654,0.989146212
2013,1,Whole-grain breakfast cereal,74000,Houston-The Woodlands-Sugar Land  TX,26420,9895835,1474875312,6006179,933321162,971,0.671,0.0075,0.644,0.958613671
2013,2,Whole-grain breakfast cereal,74000,Houston-The Woodlands-Sugar Land  TX,26420,8830219,1306505155,5351742,827356570,968,0.676,0.0075,0.647,0.961131401
2013,3,Whole-grain breakfast cereal,74000,Houston-The Woodlands-Sugar Land  TX,26420,9887554,1441574903,6014258,912878329,972,0.686,0.0051,0.659,0.982834397
2013,4,Whole-grain breakfast cereal,74000,Houston-The Woodlands-Sugar Land  TX,26420,9314044,1377425993,5591622,863361040,975,0.676,0.0073,0.648,0.9663727
2013,5,Whole-grain breakfast cereal,74000,Houston-The Woodlands-Sugar Land  TX,26420,9169116,1331261363,5496199,833917829,970,0.689,0.0064,0.659,0.989415974
2013,6,Whole-grain breakfast cereal,74000,Houston-The Woodlands-Sugar Land  TX,26420,8899425,1286780028,5351467,810113172,976,0.692,0.0069,0.661,0.988966385
2013,7,Whole-grain breakfast cereal,74000,Houston-The Woodlands-Sugar Land  TX,26420,9505091,1384044808,5758530,873772079,974,0.687,0.0066,0.659,0.970355723
2013,8,Whole-grain breakfast cereal,74000,Houston-The Woodlands-Sugar Land  TX,26420,10368198,1557983754,6164692,964303042,976,0.665,0.0079,0.639,0.938489152
2013,9,Whole-grain breakfast cereal,74000,Houston-The Woodlands-Sugar Land  TX,26420,9235428,1352520743,5480054,835472115,977,0.683,0.0067,0.656,0.954931974
2013,10,Whole-grain breakfast cereal,74000,Houston-The Woodlands-Sugar Land  TX,26420,9436791,1376419478,5638323,859167507,977,0.686,0.0068,0.656,0.96208174
2013,11,Whole-grain breakfast cereal,74000,Houston-The Woodlands-Sugar Land  TX,26420,8577572,1239146340,5041630,765449655,972,0.692,0.0081,0.659,0.976742657
2013,12,Whole-grain breakfast cereal,74000,Houston-The Woodlands-Sugar Land  TX,26420,8553116,1235420250,5103473,776550034,978,0.692,0.0079,0.657,0.984661791
2014,1,Whole-grain breakfast cereal,74000,Houston-The Woodlands-Sugar Land  TX,26420,10291585,1478042739,5960901,900249750,1017,0.696,0.0058,0.662,0.975534177
2014,2,Whole-grain breakfast cereal,74000,Houston-The Woodlands-Sugar Land  TX,26420,9184544,1321533248,5330041,799947583,1017,0.695,0.0058,0.666,0.972237423
2014,3,Whole-grain breakfast cereal,74000,Houston-The Woodlands-Sugar Land  TX,26420,10119498,1460563348,5984542,913572382,1017,0.693,0.0063,0.655,0.972599478
2014,4,Whole-grain breakfast cereal,74000,Houston-The Woodlands-Sugar Land  TX,26420,9112688,1301571924,5412806,803630258,1015,0.7,0.0031,0.674,0.976500248
2014,5,Whole-grain breakfast cereal,74000,Houston-The Woodlands-Sugar Land  TX,26420,8707121,1256330868,5400952,802455904,1022,0.693,0.0034,0.673,0.974916121
2014,6,Whole-grain breakfast cereal,74000,Houston-The Woodlands-Sugar Land  TX,26420,8744284,1269915471,5521538,832887553,1023,0.689,0.0045,0.663,0.971134854
2014,7,Whole-grain breakfast cereal,74000,Houston-The Woodlands-Sugar Land  TX,26420,8774365,1282008890,5608500,861886834,1020,0.684,0.0072,0.651,0.968247876
2014,8,Whole-grain breakfast cereal,74000,Houston-The Woodlands-Sugar Land  TX,26420,9210816,1362460727,5899030,912741642,1019,0.676,0.0066,0.646,0.957196088
2014,9,Whole-grain breakfast cereal,74000,Houston-The Woodlands-Sugar Land  TX,26420,8605819,1271585736,5483329,837893647,1004,0.677,0.0052,0.654,0.943964086
2014,10,Whole-grain breakfast cereal,74000,Houston-The Woodlands-Sugar Land  TX,26420,8618338,1243272009,5498556,823275986,1009,0.693,0.0047,0.668,0.978209895
2014,11,Whole-grain breakfast cereal,74000,Houston-The Woodlands-Sugar Land  TX,26420,7781591,1106263585,5008796,746336325,1011,0.703,0.0070,0.671,0.989952397
2014,12,Whole-grain breakfast cereal,74000,Houston-The Woodlands-Sugar Land  TX,26420,8000653,1135080733,5049522,758906521,1027,0.705,0.0081,0.665,0.992548067
2015,1,Whole-grain breakfast cereal,74000,Houston-The Woodlands-Sugar Land  TX,26420,11758436,1659264983,6683856,992972778,1150,0.709,0.0042,0.673,0.967758599
2015,2,Whole-grain breakfast cereal,74000,Houston-The Woodlands-Sugar Land  TX,26420,9906170,1423385168,5718037,842498632,1132,0.696,0.0028,0.679,0.958141527
2015,3,Whole-grain breakfast cereal,74000,Houston-The Woodlands-Sugar Land  TX,26420,10289309,1457222368,6025098,891555832,1138,0.706,0.0035,0.676,0.971139356
2015,4,Whole-grain breakfast cereal,74000,Houston-The Woodlands-Sugar Land  TX,26420,9845244,1372063557,5744980,837269897,1131,0.718,0.0036,0.686,0.991598919
2015,5,Whole-grain breakfast cereal,74000,Houston-The Woodlands-Sugar Land  TX,26420,10122515,1442911831,5857209,875982723,1130,0.702,0.0039,0.669,0.9776063
2015,6,Whole-grain breakfast cereal,74000,Houston-The Woodlands-Sugar Land  TX,26420,9971777,1400291765,5843283,867819397,1141,0.712,0.0048,0.673,0.984286358
2015,7,Whole-grain breakfast cereal,74000,Houston-The Woodlands-Sugar Land  TX,26420,10232769,1458973456,5825533,872708949,1181,0.701,0.0045,0.668,0.972108284
2015,8,Whole-grain breakfast cereal,74000,Houston-The Woodlands-Sugar Land  TX,26420,9990132,1409083960,5978484,906583083,1198,0.709,0.0071,0.659,0.98852758
2015,9,Whole-grain breakfast cereal,74000,Houston-The Woodlands-Sugar Land  TX,26420,9376437,1294217724,5486375,806091232,1184,0.724,0.0067,0.681,0.99380585
2015,10,Whole-grain breakfast cereal,74000,Houston-The Woodlands-Sugar Land  TX,26420,9726193,1317811088,5638897,823034949,1186,0.738,0.0076,0.685,1.01094066
2015,11,Whole-grain breakfast cereal,74000,Houston-The Woodlands-Sugar Land  TX,26420,9166491,1249720860,5246971,776168906,1185,0.733,0.0085,0.676,1.014382106
2015,12,Whole-grain breakfast cereal,74000,Houston-The Woodlands-Sugar Land  TX,26420,10681024,1486307428,6018915,893926505,1188,0.719,0.0076,0.673,0.989432115
2016,1,Whole-grain breakfast cereal,74000,Houston-The Woodlands-Sugar Land  TX,26420,10812534,1543445488,5772051,864259718,1216,0.701,0.0122,0.668,0.96512603
2016,2,Whole-grain breakfast cereal,74000,Houston-The Woodlands-Sugar Land  TX,26420,10730149,1521640423,5741291,852198865,1202,0.705,0.0070,0.674,0.973461017
2016,3,Whole-grain breakfast cereal,74000,Houston-The Woodlands-Sugar Land  TX,26420,11307378,1579459261,6060506,892881439,1206,0.716,0.0064,0.679,0.998836754
2016,4,Whole-grain breakfast cereal,74000,Houston-The Woodlands-Sugar Land  TX,26420,10426872,1451156459,6037008,884685994,1205,0.719,0.0086,0.682,1.004280569
2016,5,Whole-grain breakfast cereal,74000,Houston-The Woodlands-Sugar Land  TX,26420,9643343,1355989006,5731728,845508438,1210,0.711,0.0102,0.678,0.996575738
2016,6,Whole-grain breakfast cereal,74000,Houston-The Woodlands-Sugar Land  TX,26420,9342843,1324004393,5601226,831976319,1196,0.706,0.0105,0.673,0.990899799
2016,7,Whole-grain breakfast cereal,74000,Houston-The Woodlands-Sugar Land  TX,26420,9637214,1406679184,5722091,866574862,1202,0.685,0.0088,0.66,0.966562963
2016,8,Whole-grain breakfast cereal,74000,Houston-The Woodlands-Sugar Land  TX,26420,10238480,1532743651,6174188,962488947,1196,0.668,0.0107,0.641,0.946926514
2016,9,Whole-grain breakfast cereal,74000,Houston-The Woodlands-Sugar Land  TX,26420,9207204,1344103231,5517052,836607265,1199,0.685,0.0096,0.659,0.959335378
2016,10,Whole-grain breakfast cereal,74000,Houston-The Woodlands-Sugar Land  TX,26420,9569858,1398825985,5673112,855875355,1205,0.684,0.0069,0.663,0.963738225
2016,11,Whole-grain breakfast cereal,74000,Houston-The Woodlands-Sugar Land  TX,26420,8587933,1233605878,5123894,772525757,1193,0.696,0.0109,0.663,0.98602867
2016,12,Whole-grain breakfast cereal,74000,Houston-The Woodlands-Sugar Land  TX,26420,8791736,1274305058,5254754,801109983,1194,0.69,0.0117,0.656,0.979962745
2017,1,Whole-grain breakfast cereal,74000,Houston-The Woodlands-Sugar Land  TX,26420,10352559,1496430747,5851929,885394371,973,0.692,0.0048,0.661,0.977804548
2017,2,Whole-grain breakfast cereal,74000,Houston-The Woodlands-Sugar Land  TX,26420,9360581,1330478514,5390387,808777014,972,0.704,0.0126,0.666,0.996267152
2017,3,Whole-grain breakfast cereal,74000,Houston-The Woodlands-Sugar Land  TX,26420,9425104,1397106112,6016596,914528001,969,0.675,0.0065,0.658,0.974061554
2017,4,Whole-grain breakfast cereal,74000,Houston-The Woodlands-Sugar Land  TX,26420,8620840,1244109702,5561373,827860167,969,0.693,0.0066,0.672,0.995878579
2017,5,Whole-grain breakfast cereal,74000,Houston-The Woodlands-Sugar Land  TX,26420,8705227,1262423858,5611544,837345349,965,0.69,0.0045,0.67,1.000996991
2017,6,Whole-grain breakfast cereal,74000,Houston-The Woodlands-Sugar Land  TX,26420,8910363,1316770945,5694693,869956544,974,0.677,0.0067,0.655,0.980468629
2017,7,Whole-grain breakfast cereal,74000,Houston-The Woodlands-Sugar Land  TX,26420,9078632,1355972734,5822021,895478812,977,0.67,0.0073,0.65,0.966117746
2017,8,Whole-grain breakfast cereal,74000,Houston-The Woodlands-Sugar Land  TX,26420,10384821,1504009368,6757368,1007644407,979,0.69,0.0041,0.671,0.988727189
2017,9,Whole-grain breakfast cereal,74000,Houston-The Woodlands-Sugar Land  TX,26420,8338159,1222727206,5500051,824391209,969,0.682,0.0035,0.667,0.985359129
2017,10,Whole-grain breakfast cereal,74000,Houston-The Woodlands-Sugar Land  TX,26420,8509837,1240122348,5722707,856738470,957,0.686,0.0058,0.668,0.97662157
2017,11,Whole-grain breakfast cereal,74000,Houston-The Woodlands-Sugar Land  TX,26420,7466506,1082395013,4954064,737736763,967,0.69,0.0045,0.672,0.982191496
2017,12,Whole-grain breakfast cereal,74000,Houston-The Woodlands-Sugar Land  TX,26420,7764128,1165089920,5153548,791596277,973,0.666,0.0046,0.651,0.957772657
2018,1,Whole-grain breakfast cereal,74000,Houston-The Woodlands-Sugar Land  TX,26420,9994129,1423348297,5678556,865056420,896,0.702,0.0056,0.656,0.977257371
2018,2,Whole-grain breakfast cereal,74000,Houston-The Woodlands-Sugar Land  TX,26420,8788451,1271244390,4991871,759772995,900,0.691,0.0054,0.657,0.969088011
2018,3,Whole-grain breakfast cereal,74000,Houston-The Woodlands-Sugar Land  TX,26420,9646693,1365530041,5515721,835070467,898,0.706,0.0060,0.661,0.986231518
2018,4,Whole-grain breakfast cereal,74000,Houston-The Woodlands-Sugar Land  TX,26420,9105405,1284377946,5249435,789859295,899,0.709,0.0055,0.665,0.991467309
2018,5,Whole-grain breakfast cereal,74000,Houston-The Woodlands-Sugar Land  TX,26420,8941826,1244035697,5142425,762800029,895,0.719,0.0046,0.674,1.005221878
2018,6,Whole-grain breakfast cereal,74000,Houston-The Woodlands-Sugar Land  TX,26420,9195002,1313402073,5330497,812379171,902,0.7,0.0054,0.656,0.978521021
2018,7,Whole-grain breakfast cereal,74000,Houston-The Woodlands-Sugar Land  TX,26420,9242026,1277136279,5427608,797793608,898,0.724,0.0057,0.68,0.994779417
2018,8,Whole-grain breakfast cereal,74000,Houston-The Woodlands-Sugar Land  TX,26420,9459117,1284249639,5622079,818847889,895,0.737,0.0078,0.687,1.005367636
2018,9,Whole-grain breakfast cereal,74000,Houston-The Woodlands-Sugar Land  TX,26420,8419652,1137529609,4903490,704245536,896,0.74,0.0059,0.696,1.009992062
2018,10,Whole-grain breakfast cereal,74000,Houston-The Woodlands-Sugar Land  TX,26420,8936126,1219988958,5182069,749478537,893,0.732,0.0058,0.691,1.001937698
2018,11,Whole-grain breakfast cereal,74000,Houston-The Woodlands-Sugar Land  TX,26420,8127308,1126067915,4688169,688445313,898,0.722,0.0060,0.681,0.991991673
2018,12,Whole-grain breakfast cereal,74000,Houston-The Woodlands-Sugar Land  TX,26420,8050358,1100888127,4772040,687765355,899,0.731,0.0049,0.694,0.997292709
2012,1,Whole-grain breakfast cereal,74000,Los Angeles-Long Beach-Anaheim  CA,31080,26841282,3740580148,13090629,1812469302,1402,0.718,0.0068,0.722,1.045696869
2012,2,Whole-grain breakfast cereal,74000,Los Angeles-Long Beach-Anaheim  CA,31080,24199682,3403571213,12486091,1757830177,1398,0.711,0.0087,0.71,1.053192832
2012,3,Whole-grain breakfast cereal,74000,Los Angeles-Long Beach-Anaheim  CA,31080,25968821,3741770482,13498465,1971433838,1403,0.694,0.0104,0.685,1.039625915
2012,4,Whole-grain breakfast cereal,74000,Los Angeles-Long Beach-Anaheim  CA,31080,22979835,3200360236,11997324,1664172487,1406,0.718,0.0068,0.721,1.062263701
2012,5,Whole-grain breakfast cereal,74000,Los Angeles-Long Beach-Anaheim  CA,31080,23622124,3287709133,12580211,1768314267,1399,0.718,0.0124,0.711,1.051264082
2012,6,Whole-grain breakfast cereal,74000,Los Angeles-Long Beach-Anaheim  CA,31080,23494899,3288242129,12126063,1702506738,1402,0.715,0.0088,0.712,1.059964704
2012,7,Whole-grain breakfast cereal,74000,Los Angeles-Long Beach-Anaheim  CA,31080,25096512,3498840067,12902991,1773731467,1407,0.717,0.0077,0.727,1.066332729
2012,8,Whole-grain breakfast cereal,74000,Los Angeles-Long Beach-Anaheim  CA,31080,25632132,3671150791,13591333,1930556447,1413,0.698,0.0059,0.704,1.029281293
2012,9,Whole-grain breakfast cereal,74000,Los Angeles-Long Beach-Anaheim  CA,31080,23403568,3354169489,12388430,1757401158,1414,0.698,0.0060,0.705,1.0228369
2012,10,Whole-grain breakfast cereal,74000,Los Angeles-Long Beach-Anaheim  CA,31080,22176372,3144605723,12450114,1725652640,1413,0.705,0.0039,0.721,1.037038345
2012,11,Whole-grain breakfast cereal,74000,Los Angeles-Long Beach-Anaheim  CA,31080,17506051,2513857863,11260497,1558984359,1410,0.696,0.0066,0.722,1.038569761
2012,12,Whole-grain breakfast cereal,74000,Los Angeles-Long Beach-Anaheim  CA,31080,20393472,2882130880,12755842,1760642465,1428,0.708,0.0062,0.724,1.068363415
2013,1,Whole-grain breakfast cereal,74000,Los Angeles-Long Beach-Anaheim  CA,31080,28246346,3895832002,11638824,1641780549,1317,0.725,0.0066,0.709,1.041843318
2013,2,Whole-grain breakfast cereal,74000,Los Angeles-Long Beach-Anaheim  CA,31080,21151407,2961357163,10144391,1408305917,1314,0.714,0.0063,0.72,1.044031696
2013,3,Whole-grain breakfast cereal,74000,Los Angeles-Long Beach-Anaheim  CA,31080,23232221,3287189701,11283443,1593620707,1314,0.707,0.0074,0.708,1.045171189
2013,4,Whole-grain breakfast cereal,74000,Los Angeles-Long Beach-Anaheim  CA,31080,21960395,3117176721,10698450,1510263999,1316,0.704,0.0060,0.708,1.026325027
2013,5,Whole-grain breakfast cereal,74000,Los Angeles-Long Beach-Anaheim  CA,31080,21385379,2987178845,10284510,1414463499,1315,0.716,0.0050,0.727,1.058538468
2013,6,Whole-grain breakfast cereal,74000,Los Angeles-Long Beach-Anaheim  CA,31080,21384256,2962663410,10292356,1419332119,1310,0.722,0.0064,0.725,1.05326383
2013,7,Whole-grain breakfast cereal,74000,Los Angeles-Long Beach-Anaheim  CA,31080,22348455,3121951224,10918758,1528360968,1310,0.716,0.0064,0.714,1.035649219
2013,8,Whole-grain breakfast cereal,74000,Los Angeles-Long Beach-Anaheim  CA,31080,23830547,3503018478,11710699,1721127746,1313,0.68,0.0065,0.68,0.994313449
2013,9,Whole-grain breakfast cereal,74000,Los Angeles-Long Beach-Anaheim  CA,31080,21318304,2997295651,10415179,1452839090,1325,0.711,0.0055,0.717,1.020727915
2013,10,Whole-grain breakfast cereal,74000,Los Angeles-Long Beach-Anaheim  CA,31080,22243646,3140239611,10870763,1530018676,1328,0.708,0.0063,0.71,1.0179999
2013,11,Whole-grain breakfast cereal,74000,Los Angeles-Long Beach-Anaheim  CA,31080,19902948,2731456757,9635975,1317864541,1333,0.729,0.0055,0.731,1.056385641
2013,12,Whole-grain breakfast cereal,74000,Los Angeles-Long Beach-Anaheim  CA,31080,19117926,2638945988,9221006,1282845131,1353,0.724,0.0081,0.719,1.064568073
2014,1,Whole-grain breakfast cereal,74000,Los Angeles-Long Beach-Anaheim  CA,31080,23810447,3399474875,11163504,1577072280,1345,0.7,0.0059,0.708,1.013879736
2014,2,Whole-grain breakfast cereal,74000,Los Angeles-Long Beach-Anaheim  CA,31080,21548192,3101227165,9937970,1402167802,1345,0.695,0.0050,0.709,1.010127539
2014,3,Whole-grain breakfast cereal,74000,Los Angeles-Long Beach-Anaheim  CA,31080,23622493,3365623360,10806628,1529678301,1348,0.702,0.0052,0.706,1.026820676
2014,4,Whole-grain breakfast cereal,74000,Los Angeles-Long Beach-Anaheim  CA,31080,21890328,3120063390,10140881,1427364931,1348,0.702,0.0044,0.71,1.02262304
2014,5,Whole-grain breakfast cereal,74000,Los Angeles-Long Beach-Anaheim  CA,31080,21673758,3070235727,10176896,1429968351,1346,0.706,0.0047,0.712,1.020510695
2014,6,Whole-grain breakfast cereal,74000,Los Angeles-Long Beach-Anaheim  CA,31080,21752202,3070371553,10283340,1444381733,1346,0.708,0.0060,0.712,1.034104556
2014,7,Whole-grain breakfast cereal,74000,Los Angeles-Long Beach-Anaheim  CA,31080,22830649,3241676979,10898090,1529647912,1343,0.704,0.0066,0.712,1.029276144
2014,8,Whole-grain breakfast cereal,74000,Los Angeles-Long Beach-Anaheim  CA,31080,23503025,3370465124,11237441,1622581838,1345,0.697,0.0075,0.693,1.008929664
2014,9,Whole-grain breakfast cereal,74000,Los Angeles-Long Beach-Anaheim  CA,31080,21770651,3047913596,10393632,1435123484,1339,0.714,0.0057,0.724,1.023476836
2014,10,Whole-grain breakfast cereal,74000,Los Angeles-Long Beach-Anaheim  CA,31080,22223814,3146431051,10310964,1428927902,1344,0.706,0.0040,0.722,1.027621886
2014,11,Whole-grain breakfast cereal,74000,Los Angeles-Long Beach-Anaheim  CA,31080,18989198,2617066544,9061826,1223350936,1330,0.726,0.0050,0.741,1.061247402
2014,12,Whole-grain breakfast cereal,74000,Los Angeles-Long Beach-Anaheim  CA,31080,19022248,2587127933,8999667,1201421961,1354,0.735,0.0050,0.749,1.077630851
2015,1,Whole-grain breakfast cereal,74000,Los Angeles-Long Beach-Anaheim  CA,31080,27818888,3823388574,14435458,2007830383,1433,0.728,0.0061,0.719,1.004237801
2015,2,Whole-grain breakfast cereal,74000,Los Angeles-Long Beach-Anaheim  CA,31080,23475662,3336495637,11926640,1650957948,1423,0.704,0.0073,0.722,0.996261573
2015,3,Whole-grain breakfast cereal,74000,Los Angeles-Long Beach-Anaheim  CA,31080,24841174,3409278697,12859213,1761027634,1431,0.729,0.0073,0.73,1.026671555
2015,4,Whole-grain breakfast cereal,74000,Los Angeles-Long Beach-Anaheim  CA,31080,23305171,3167597349,12180738,1652078982,1430,0.736,0.0075,0.737,1.041416902
2015,5,Whole-grain breakfast cereal,74000,Los Angeles-Long Beach-Anaheim  CA,31080,24198471,3327021533,12323066,1688600355,1428,0.727,0.0090,0.73,1.03850568
2015,6,Whole-grain breakfast cereal,74000,Los Angeles-Long Beach-Anaheim  CA,31080,24225766,3323018766,12461681,1717096066,1419,0.729,0.0079,0.726,1.024869625
2015,7,Whole-grain breakfast cereal,74000,Los Angeles-Long Beach-Anaheim  CA,31080,25073693,3351070692,12882715,1765900201,1414,0.748,0.0078,0.73,1.05993072
2015,8,Whole-grain breakfast cereal,74000,Los Angeles-Long Beach-Anaheim  CA,31080,25426290,3369373994,13476135,1888272774,1423,0.755,0.0092,0.714,1.05782718
2015,9,Whole-grain breakfast cereal,74000,Los Angeles-Long Beach-Anaheim  CA,31080,23706657,3169542999,12324582,1652127625,1420,0.748,0.0069,0.746,1.047467656
2015,10,Whole-grain breakfast cereal,74000,Los Angeles-Long Beach-Anaheim  CA,31080,25057021,3332921301,12763971,1741398718,1423,0.752,0.0079,0.733,1.04631223
2015,11,Whole-grain breakfast cereal,74000,Los Angeles-Long Beach-Anaheim  CA,31080,23236225,3005169484,11600034,1530921715,1413,0.773,0.0084,0.758,1.087399682
2015,12,Whole-grain breakfast cereal,74000,Los Angeles-Long Beach-Anaheim  CA,31080,25484984,3346321300,12852076,1715543920,1425,0.762,0.0075,0.749,1.068531414
2016,1,Whole-grain breakfast cereal,74000,Los Angeles-Long Beach-Anaheim  CA,31080,18354017,2486530283,13200030,1774987848,1381,0.738,0.0189,0.744,1.021502098
2016,2,Whole-grain breakfast cereal,74000,Los Angeles-Long Beach-Anaheim  CA,31080,17968280,2450645092,13131617,1783863735,1372,0.733,0.0233,0.736,1.023340573
2016,3,Whole-grain breakfast cereal,74000,Los Angeles-Long Beach-Anaheim  CA,31080,18819168,2524815850,13395189,1760942549,1377,0.745,0.0216,0.761,1.04132904
2016,4,Whole-grain breakfast cereal,74000,Los Angeles-Long Beach-Anaheim  CA,31080,18650611,2547305715,13198749,1767640147,1373,0.732,0.0201,0.747,1.020988518
2016,5,Whole-grain breakfast cereal,74000,Los Angeles-Long Beach-Anaheim  CA,31080,18097285,2434684431,12846959,1699075033,1381,0.743,0.0211,0.756,1.051703214
2016,6,Whole-grain breakfast cereal,74000,Los Angeles-Long Beach-Anaheim  CA,31080,17347678,2346861709,12398502,1650305693,1370,0.739,0.0201,0.751,1.038635375
2016,7,Whole-grain breakfast cereal,74000,Los Angeles-Long Beach-Anaheim  CA,31080,17967485,2468026723,12855643,1744023964,1371,0.728,0.0164,0.737,1.038263248
2016,8,Whole-grain breakfast cereal,74000,Los Angeles-Long Beach-Anaheim  CA,31080,18700976,2684147500,13385669,1907044008,1364,0.697,0.0187,0.702,1.000241984
2016,9,Whole-grain breakfast cereal,74000,Los Angeles-Long Beach-Anaheim  CA,31080,16705631,2269617138,12064776,1607078383,1364,0.736,0.0151,0.751,1.034318609
2016,10,Whole-grain breakfast cereal,74000,Los Angeles-Long Beach-Anaheim  CA,31080,17263293,2366370091,12393953,1669967107,1368,0.73,0.0206,0.742,1.026967627
2016,11,Whole-grain breakfast cereal,74000,Los Angeles-Long Beach-Anaheim  CA,31080,15703060,2164110995,11211365,1512700686,1364,0.726,0.0224,0.741,1.024833546
2016,12,Whole-grain breakfast cereal,74000,Los Angeles-Long Beach-Anaheim  CA,31080,15592477,2133378134,10971484,1457016569,1352,0.731,0.0301,0.753,1.03393912
2017,1,Whole-grain breakfast cereal,74000,Los Angeles-Long Beach-Anaheim  CA,31080,26291963,3579739096,12234077,1654463860,1403,0.734,0.0113,0.739,1.050266917
2017,2,Whole-grain breakfast cereal,74000,Los Angeles-Long Beach-Anaheim  CA,31080,24523641,3298154231,11325083,1500668899,1402,0.744,0.0057,0.755,1.065152624
2017,3,Whole-grain breakfast cereal,74000,Los Angeles-Long Beach-Anaheim  CA,31080,27155427,3594984454,12697653,1727852068,1404,0.755,0.0284,0.735,1.083307289
2017,4,Whole-grain breakfast cereal,74000,Los Angeles-Long Beach-Anaheim  CA,31080,20589067,2874054869,11680700,1583192025,1413,0.716,0.0064,0.738,1.040232313
2017,5,Whole-grain breakfast cereal,74000,Los Angeles-Long Beach-Anaheim  CA,31080,20336013,2867173275,11838959,1595170606,1412,0.709,0.0051,0.742,1.053114865
2017,6,Whole-grain breakfast cereal,74000,Los Angeles-Long Beach-Anaheim  CA,31080,20691093,2941856024,11727823,1593347082,1410,0.703,0.0043,0.736,1.03508017
2017,7,Whole-grain breakfast cereal,74000,Los Angeles-Long Beach-Anaheim  CA,31080,20063678,2853425453,11823564,1598336757,1427,0.703,0.0046,0.74,1.044748307
2017,8,Whole-grain breakfast cereal,74000,Los Angeles-Long Beach-Anaheim  CA,31080,21782052,3100721935,12674199,1760233095,1426,0.702,0.0075,0.72,1.041042398
2017,9,Whole-grain breakfast cereal,74000,Los Angeles-Long Beach-Anaheim  CA,31080,19535524,2720581942,11677370,1581906298,1434,0.718,0.0060,0.738,1.052259852
2017,10,Whole-grain breakfast cereal,74000,Los Angeles-Long Beach-Anaheim  CA,31080,20224767,2928990615,12058497,1678965417,1435,0.691,0.0040,0.718,1.015693042
2017,11,Whole-grain breakfast cereal,74000,Los Angeles-Long Beach-Anaheim  CA,31080,21225587,2933699681,11119356,1532257574,1429,0.724,0.0149,0.726,1.0497667
2017,12,Whole-grain breakfast cereal,74000,Los Angeles-Long Beach-Anaheim  CA,31080,24240129,3447586876,11140847,1562414638,1426,0.703,0.0200,0.713,1.035099611
2018,1,Whole-grain breakfast cereal,74000,Los Angeles-Long Beach-Anaheim  CA,31080,27660529,3792605730,12942527,1815989899,1420,0.729,0.0091,0.713,1.028332491
2018,2,Whole-grain breakfast cereal,74000,Los Angeles-Long Beach-Anaheim  CA,31080,24847692,3384436352,11597841,1604302796,1431,0.734,0.0088,0.723,1.039902897
2018,3,Whole-grain breakfast cereal,74000,Los Angeles-Long Beach-Anaheim  CA,31080,23460580,3168717259,12758115,1748799359,1439,0.74,0.0093,0.73,1.043984659
2018,4,Whole-grain breakfast cereal,74000,Los Angeles-Long Beach-Anaheim  CA,31080,20056853,2706149774,11649174,1562513980,1546,0.741,0.0096,0.746,1.049670884
2018,5,Whole-grain breakfast cereal,74000,Los Angeles-Long Beach-Anaheim  CA,31080,19898641,2676919141,11642079,1564941052,1532,0.743,0.0101,0.744,1.061246231
2018,6,Whole-grain breakfast cereal,74000,Los Angeles-Long Beach-Anaheim  CA,31080,19738119,2677549683,11626034,1574614844,1536,0.737,0.0094,0.738,1.032163568
2018,7,Whole-grain breakfast cereal,74000,Los Angeles-Long Beach-Anaheim  CA,31080,20352638,2704410248,11952043,1581100997,1530,0.753,0.0113,0.756,1.038232086
2018,8,Whole-grain breakfast cereal,74000,Los Angeles-Long Beach-Anaheim  CA,31080,20481284,2606364629,12050287,1560530950,1513,0.786,0.0153,0.772,1.078396064
2018,9,Whole-grain breakfast cereal,74000,Los Angeles-Long Beach-Anaheim  CA,31080,19118724,2434951837,11227559,1447668491,1516,0.785,0.0143,0.776,1.069911416
2018,10,Whole-grain breakfast cereal,74000,Los Angeles-Long Beach-Anaheim  CA,31080,19825954,2564772797,11782443,1523525898,1504,0.773,0.0100,0.773,1.057940412
2018,11,Whole-grain breakfast cereal,74000,Los Angeles-Long Beach-Anaheim  CA,31080,21267229,2683232086,10729896,1403624325,1508,0.793,0.0109,0.764,1.088342768
2018,12,Whole-grain breakfast cereal,74000,Los Angeles-Long Beach-Anaheim  CA,31080,24829084,3126364116,10260527,1321237800,1506,0.794,0.0173,0.777,1.089912132
2012,1,Whole-grain breakfast cereal,74000,Miami-Fort Lauderdale-West Palm Beach  FL,33100,10729899,1417385128,9100322,1189215241,1014,0.757,0.0030,0.765,1.048072195
2012,2,Whole-grain breakfast cereal,74000,Miami-Fort Lauderdale-West Palm Beach  FL,33100,9890108,1301445221,8471065,1113965513,1012,0.76,0.0048,0.76,1.04532226
2012,3,Whole-grain breakfast cereal,74000,Miami-Fort Lauderdale-West Palm Beach  FL,33100,10578621,1397403167,9007672,1183642084,1015,0.757,0.0038,0.761,1.048062412
2012,4,Whole-grain breakfast cereal,74000,Miami-Fort Lauderdale-West Palm Beach  FL,33100,9258233,1201201437,7733353,1007022943,1012,0.771,0.0061,0.768,1.069388172
2012,5,Whole-grain breakfast cereal,74000,Miami-Fort Lauderdale-West Palm Beach  FL,33100,9513659,1205561143,7863057,1005831605,1013,0.789,0.0090,0.782,1.093421224
2012,6,Whole-grain breakfast cereal,74000,Miami-Fort Lauderdale-West Palm Beach  FL,33100,9135430,1217885420,7613079,1014024090,1022,0.75,0.0043,0.751,1.039663926
2012,7,Whole-grain breakfast cereal,74000,Miami-Fort Lauderdale-West Palm Beach  FL,33100,9654381,1237327186,7716899,989627319,1022,0.78,0.0068,0.78,1.077356836
2012,8,Whole-grain breakfast cereal,74000,Miami-Fort Lauderdale-West Palm Beach  FL,33100,10238738,1349114132,8524160,1127084716,1020,0.759,0.0053,0.756,1.038180431
2012,9,Whole-grain breakfast cereal,74000,Miami-Fort Lauderdale-West Palm Beach  FL,33100,9057349,1214593273,7536602,1022209538,1019,0.746,0.0066,0.737,1.025514468
2012,10,Whole-grain breakfast cereal,74000,Miami-Fort Lauderdale-West Palm Beach  FL,33100,10494364,1363341463,7668540,1008858412,1018,0.77,0.0035,0.76,1.057220345
2012,11,Whole-grain breakfast cereal,74000,Miami-Fort Lauderdale-West Palm Beach  FL,33100,12101267,1547326439,7094034,933274636,1018,0.782,0.0041,0.76,1.071121711
2012,12,Whole-grain breakfast cereal,74000,Miami-Fort Lauderdale-West Palm Beach  FL,33100,13413993,1764892922,8520373,1075860772,1027,0.76,0.0072,0.792,1.04348539
2013,1,Whole-grain breakfast cereal,74000,Miami-Fort Lauderdale-West Palm Beach  FL,33100,11262125,1482468133,8529223,1115379708,990,0.76,0.0062,0.765,1.056102712
2013,2,Whole-grain breakfast cereal,74000,Miami-Fort Lauderdale-West Palm Beach  FL,33100,10005561,1290047767,7763768,1005281730,988,0.776,0.0047,0.772,1.069572438
2013,3,Whole-grain breakfast cereal,74000,Miami-Fort Lauderdale-West Palm Beach  FL,33100,11031624,1443218900,8293345,1076908039,989,0.764,0.0070,0.77,1.047173162
2013,4,Whole-grain breakfast cereal,74000,Miami-Fort Lauderdale-West Palm Beach  FL,33100,9908098,1298451890,7575127,990135395,990,0.763,0.0049,0.765,1.053138688
2013,5,Whole-grain breakfast cereal,74000,Miami-Fort Lauderdale-West Palm Beach  FL,33100,9505862,1215588801,7183438,914863007,990,0.782,0.0056,0.785,1.083589719
2013,6,Whole-grain breakfast cereal,74000,Miami-Fort Lauderdale-West Palm Beach  FL,33100,9779152,1295401917,7449240,999950762,985,0.755,0.0100,0.745,1.043557596
2013,7,Whole-grain breakfast cereal,74000,Miami-Fort Lauderdale-West Palm Beach  FL,33100,10485203,1379559161,8066299,1071172526,990,0.76,0.0071,0.753,1.032622907
2013,8,Whole-grain breakfast cereal,74000,Miami-Fort Lauderdale-West Palm Beach  FL,33100,10620839,1375354243,8065873,1043594802,986,0.772,0.0043,0.773,1.043970929
2013,9,Whole-grain breakfast cereal,74000,Miami-Fort Lauderdale-West Palm Beach  FL,33100,9851204,1282841329,7597579,1001585424,987,0.768,0.0088,0.759,1.038163933
2013,10,Whole-grain breakfast cereal,74000,Miami-Fort Lauderdale-West Palm Beach  FL,33100,9848034,1316080323,7735768,1046965516,986,0.748,0.0091,0.739,1.009644986
2013,11,Whole-grain breakfast cereal,74000,Miami-Fort Lauderdale-West Palm Beach  FL,33100,9433207,1258345654,7242065,967760610,985,0.75,0.0033,0.748,1.019299608
2013,12,Whole-grain breakfast cereal,74000,Miami-Fort Lauderdale-West Palm Beach  FL,33100,9302509,1224517154,6986316,903627662,996,0.76,0.0116,0.773,1.039319173
2014,1,Whole-grain breakfast cereal,74000,Miami-Fort Lauderdale-West Palm Beach  FL,33100,10715990,1413499370,8579992,1119463563,1005,0.758,0.0040,0.766,1.019378665
2014,2,Whole-grain breakfast cereal,74000,Miami-Fort Lauderdale-West Palm Beach  FL,33100,9452675,1232549555,7746695,1021028931,1014,0.767,0.0058,0.759,1.040285746
2014,3,Whole-grain breakfast cereal,74000,Miami-Fort Lauderdale-West Palm Beach  FL,33100,10135669,1306720257,8397348,1078258482,1017,0.776,0.0053,0.779,1.048047113
2014,4,Whole-grain breakfast cereal,74000,Miami-Fort Lauderdale-West Palm Beach  FL,33100,9932309,1270940119,7641817,1019716877,1010,0.781,0.0180,0.749,1.062118318
2014,5,Whole-grain breakfast cereal,74000,Miami-Fort Lauderdale-West Palm Beach  FL,33100,8396610,1087011740,7221361,949855323,1009,0.772,0.0172,0.76,1.053078469
2014,6,Whole-grain breakfast cereal,74000,Miami-Fort Lauderdale-West Palm Beach  FL,33100,7226187,978504701,7228886,968395069,1007,0.738,0.0070,0.746,1.013398363
2014,7,Whole-grain breakfast cereal,74000,Miami-Fort Lauderdale-West Palm Beach  FL,33100,7467951,1007396758,7586137,1014835622,1009,0.741,0.0079,0.748,1.006150748
2014,8,Whole-grain breakfast cereal,74000,Miami-Fort Lauderdale-West Palm Beach  FL,33100,7750089,1086777367,7756000,1054971034,1010,0.713,0.0043,0.735,0.976579985
2014,9,Whole-grain breakfast cereal,74000,Miami-Fort Lauderdale-West Palm Beach  FL,33100,7054272,974204913,7183943,968402288,1007,0.724,0.0039,0.742,0.984080457
2014,10,Whole-grain breakfast cereal,74000,Miami-Fort Lauderdale-West Palm Beach  FL,33100,7661158,1038698986,7582267,1025144055,1005,0.738,0.0128,0.74,1.004493487
2014,11,Whole-grain breakfast cereal,74000,Miami-Fort Lauderdale-West Palm Beach  FL,33100,6950910,906140956,6801022,878700814,1003,0.767,0.0181,0.774,1.041802215
2014,12,Whole-grain breakfast cereal,74000,Miami-Fort Lauderdale-West Palm Beach  FL,33100,6896479,912899531,7279126,941163814,1017,0.755,0.0075,0.773,1.03785173
2015,1,Whole-grain breakfast cereal,74000,Miami-Fort Lauderdale-West Palm Beach  FL,33100,7684369,1052261777,8734961,1152332583,972,0.73,0.0043,0.758,0.985672245
2015,2,Whole-grain breakfast cereal,74000,Miami-Fort Lauderdale-West Palm Beach  FL,33100,6553350,895313195,7461129,982862415,957,0.732,0.0055,0.759,0.99160821
2015,3,Whole-grain breakfast cereal,74000,Miami-Fort Lauderdale-West Palm Beach  FL,33100,6859335,932165700,7736847,1006782099,948,0.736,0.0053,0.768,0.993328224
2015,4,Whole-grain breakfast cereal,74000,Miami-Fort Lauderdale-West Palm Beach  FL,33100,6149504,831491178,6886198,895411184,949,0.74,0.0056,0.769,0.998306426
2015,5,Whole-grain breakfast cereal,74000,Miami-Fort Lauderdale-West Palm Beach  FL,33100,5949618,809983366,6648461,866017804,949,0.735,0.0066,0.768,0.994861926
2015,6,Whole-grain breakfast cereal,74000,Miami-Fort Lauderdale-West Palm Beach  FL,33100,6013075,836179197,6763907,912044987,948,0.719,0.0063,0.742,0.974411482
2015,7,Whole-grain breakfast cereal,74000,Miami-Fort Lauderdale-West Palm Beach  FL,33100,6206693,858383346,7043126,945718714,947,0.723,0.0057,0.745,0.979082891
2015,8,Whole-grain breakfast cereal,74000,Miami-Fort Lauderdale-West Palm Beach  FL,33100,6541367,898067918,7252102,956401048,948,0.728,0.0061,0.758,0.984157283
2015,9,Whole-grain breakfast cereal,74000,Miami-Fort Lauderdale-West Palm Beach  FL,33100,5900823,806120908,6725863,890496908,961,0.732,0.0049,0.755,0.984107953
2015,10,Whole-grain breakfast cereal,74000,Miami-Fort Lauderdale-West Palm Beach  FL,33100,6118160,830468155,6890535,895005574,959,0.737,0.0057,0.77,0.99698427
2015,11,Whole-grain breakfast cereal,74000,Miami-Fort Lauderdale-West Palm Beach  FL,33100,5921853,811279275,6741609,889954186,963,0.73,0.0055,0.758,0.999479108
2015,12,Whole-grain breakfast cereal,74000,Miami-Fort Lauderdale-West Palm Beach  FL,33100,6885789,945195576,7991733,1066102779,976,0.729,0.0049,0.75,0.988043163
2016,1,Whole-grain breakfast cereal,74000,Miami-Fort Lauderdale-West Palm Beach  FL,33100,11274830,1533279923,8255925,1115352352,1045,0.735,0.0041,0.74,1.005894325
2016,2,Whole-grain breakfast cereal,74000,Miami-Fort Lauderdale-West Palm Beach  FL,33100,12687014,1702874627,8343843,1137460262,1040,0.745,0.0121,0.734,1.014951902
2016,3,Whole-grain breakfast cereal,74000,Miami-Fort Lauderdale-West Palm Beach  FL,33100,10953748,1508015139,8642169,1174665548,1047,0.726,0.0051,0.736,0.993266595
2016,4,Whole-grain breakfast cereal,74000,Miami-Fort Lauderdale-West Palm Beach  FL,33100,9909718,1357957869,7957843,1092964083,1044,0.73,0.0050,0.728,0.993930116
2016,5,Whole-grain breakfast cereal,74000,Miami-Fort Lauderdale-West Palm Beach  FL,33100,9957322,1357880021,7926281,1076918351,1042,0.733,0.0048,0.736,1.001453045
2016,6,Whole-grain breakfast cereal,74000,Miami-Fort Lauderdale-West Palm Beach  FL,33100,9704966,1339585222,7517849,1037827832,1039,0.724,0.0045,0.724,0.995969656
2016,7,Whole-grain breakfast cereal,74000,Miami-Fort Lauderdale-West Palm Beach  FL,33100,9520620,1310219646,7583695,1058075542,1046,0.727,0.0057,0.717,0.998076001
2016,8,Whole-grain breakfast cereal,74000,Miami-Fort Lauderdale-West Palm Beach  FL,33100,9941659,1383245513,7763544,1080807121,1045,0.719,0.0044,0.718,0.989921743
2016,9,Whole-grain breakfast cereal,74000,Miami-Fort Lauderdale-West Palm Beach  FL,33100,9578562,1316122174,7624822,1046792126,1032,0.728,0.0040,0.728,1.000809904
2016,10,Whole-grain breakfast cereal,74000,Miami-Fort Lauderdale-West Palm Beach  FL,33100,9468893,1302612888,7379965,1021404759,1039,0.727,0.0054,0.723,1.009489728
2016,11,Whole-grain breakfast cereal,74000,Miami-Fort Lauderdale-West Palm Beach  FL,33100,8899837,1240086286,7195717,1012948170,1032,0.718,0.0051,0.71,0.993406695
2016,12,Whole-grain breakfast cereal,74000,Miami-Fort Lauderdale-West Palm Beach  FL,33100,9244553,1266114765,7517703,1033493480,1026,0.73,0.0042,0.727,1.009646128
2017,1,Whole-grain breakfast cereal,74000,Miami-Fort Lauderdale-West Palm Beach  FL,33100,11438249,1577688502,8197794,1130291112,916,0.725,0.0041,0.725,0.991502555
2017,2,Whole-grain breakfast cereal,74000,Miami-Fort Lauderdale-West Palm Beach  FL,33100,10402194,1410223079,7563192,1043793755,914,0.738,0.0037,0.725,1.005254084
2017,3,Whole-grain breakfast cereal,74000,Miami-Fort Lauderdale-West Palm Beach  FL,33100,11145766,1490886829,8218048,1107905265,916,0.748,0.0055,0.742,1.023645531
2017,4,Whole-grain breakfast cereal,74000,Miami-Fort Lauderdale-West Palm Beach  FL,33100,10691001,1455518858,7337488,1008079469,915,0.735,0.0047,0.728,1.011725445
2017,5,Whole-grain breakfast cereal,74000,Miami-Fort Lauderdale-West Palm Beach  FL,33100,9818625,1324293621,7456633,1028540930,911,0.741,0.0065,0.725,1.014418055
2017,6,Whole-grain breakfast cereal,74000,Miami-Fort Lauderdale-West Palm Beach  FL,33100,9199238,1280574515,7100473,987063738,913,0.718,0.0055,0.719,0.989171871
2017,7,Whole-grain breakfast cereal,74000,Miami-Fort Lauderdale-West Palm Beach  FL,33100,9291792,1298022507,7660518,1050019552,916,0.716,0.0054,0.73,1.004448288
2017,8,Whole-grain breakfast cereal,74000,Miami-Fort Lauderdale-West Palm Beach  FL,33100,9751106,1349802396,8190941,1124923716,901,0.722,0.0043,0.728,0.998412426
2017,9,Whole-grain breakfast cereal,74000,Miami-Fort Lauderdale-West Palm Beach  FL,33100,8938415,1243724537,7456467,1044613825,902,0.719,0.0048,0.714,0.99825472
2017,10,Whole-grain breakfast cereal,74000,Miami-Fort Lauderdale-West Palm Beach  FL,33100,9398911,1320611693,7789910,1083371860,911,0.712,0.0047,0.719,0.99623569
2017,11,Whole-grain breakfast cereal,74000,Miami-Fort Lauderdale-West Palm Beach  FL,33100,8576781,1197374161,7048068,974023217,908,0.716,0.0055,0.724,0.988726784
2017,12,Whole-grain breakfast cereal,74000,Miami-Fort Lauderdale-West Palm Beach  FL,33100,8447569,1165336986,7164798,983325552,904,0.725,0.0059,0.729,1.013162396
2018,1,Whole-grain breakfast cereal,74000,Miami-Fort Lauderdale-West Palm Beach  FL,33100,11729403,1596235442,8558814,1190832120,938,0.735,0.0029,0.719,0.989371972
2018,2,Whole-grain breakfast cereal,74000,Miami-Fort Lauderdale-West Palm Beach  FL,33100,10244969,1381813205,7623564,1049933176,935,0.741,0.0030,0.726,0.997858417
2018,3,Whole-grain breakfast cereal,74000,Miami-Fort Lauderdale-West Palm Beach  FL,33100,11371956,1548415956,8149494,1151987106,937,0.734,0.0036,0.707,0.987383668
2018,4,Whole-grain breakfast cereal,74000,Miami-Fort Lauderdale-West Palm Beach  FL,33100,8978663,1249977748,7830060,1115835645,941,0.718,0.0052,0.702,0.975784246
2018,5,Whole-grain breakfast cereal,74000,Miami-Fort Lauderdale-West Palm Beach  FL,33100,8484285,1158201861,7608244,1059390265,926,0.733,0.0041,0.718,0.992611198
2018,6,Whole-grain breakfast cereal,74000,Miami-Fort Lauderdale-West Palm Beach  FL,33100,8429555,1141138161,7445817,1030602914,929,0.739,0.0044,0.722,0.997052446
2018,7,Whole-grain breakfast cereal,74000,Miami-Fort Lauderdale-West Palm Beach  FL,33100,8686531,1144658111,7685968,1023181197,929,0.759,0.0046,0.751,1.012185488
2018,8,Whole-grain breakfast cereal,74000,Miami-Fort Lauderdale-West Palm Beach  FL,33100,8652556,1130688403,7776872,1030650911,923,0.765,0.0048,0.755,1.012978969
2018,9,Whole-grain breakfast cereal,74000,Miami-Fort Lauderdale-West Palm Beach  FL,33100,8023364,1043011767,7172897,936237382,923,0.769,0.0043,0.766,1.019215534
2018,10,Whole-grain breakfast cereal,74000,Miami-Fort Lauderdale-West Palm Beach  FL,33100,8416585,1094893990,7604570,1003807107,923,0.769,0.0048,0.758,1.009612886
2018,11,Whole-grain breakfast cereal,74000,Miami-Fort Lauderdale-West Palm Beach  FL,33100,7982386,1038341404,7220279,954863002,925,0.769,0.0048,0.756,1.018331893
2018,12,Whole-grain breakfast cereal,74000,Miami-Fort Lauderdale-West Palm Beach  FL,33100,8103007,1064377825,7373254,982843590,925,0.761,0.0043,0.75,1.010878762
2012,1,Whole-grain breakfast cereal,74000,New York-Newark-Jersey City  NY-NJ-PA,35620,47688364,6097024262,22902012,3086443461,2481,0.782,0.0070,0.742,1.078598518
2012,2,Whole-grain breakfast cereal,74000,New York-Newark-Jersey City  NY-NJ-PA,35620,42029808,5399150881,21061591,2735573985,2493,0.778,0.0047,0.77,1.066478827
2012,3,Whole-grain breakfast cereal,74000,New York-Newark-Jersey City  NY-NJ-PA,35620,34414114,4589090562,22103169,2940594032,2497,0.75,0.0067,0.752,1.049148303
2012,4,Whole-grain breakfast cereal,74000,New York-Newark-Jersey City  NY-NJ-PA,35620,30575109,3869861461,19777035,2500428688,2491,0.79,0.0061,0.791,1.116982662
2012,5,Whole-grain breakfast cereal,74000,New York-Newark-Jersey City  NY-NJ-PA,35620,32433809,4043567150,20537119,2566621050,2500,0.802,0.0062,0.8,1.126536229
2012,6,Whole-grain breakfast cereal,74000,New York-Newark-Jersey City  NY-NJ-PA,35620,33228759,4259384258,21079606,2709091207,2510,0.78,0.0059,0.778,1.096277462
2012,7,Whole-grain breakfast cereal,74000,New York-Newark-Jersey City  NY-NJ-PA,35620,34400980,4303425207,21985293,2763636700,2513,0.799,0.0060,0.796,1.11893557
2012,8,Whole-grain breakfast cereal,74000,New York-Newark-Jersey City  NY-NJ-PA,35620,35591637,4512320831,22247654,2870492949,2512,0.789,0.0076,0.775,1.098812667
2012,9,Whole-grain breakfast cereal,74000,New York-Newark-Jersey City  NY-NJ-PA,35620,34085847,4315692614,21621799,2776845983,2508,0.79,0.0072,0.779,1.091618123
2012,10,Whole-grain breakfast cereal,74000,New York-Newark-Jersey City  NY-NJ-PA,35620,36412481,4663101788,22694900,2965723869,2514,0.781,0.0070,0.765,1.066080468
2012,11,Whole-grain breakfast cereal,74000,New York-Newark-Jersey City  NY-NJ-PA,35620,32176867,4063644492,19570683,2507592858,2515,0.792,0.0071,0.78,1.087677515
2012,12,Whole-grain breakfast cereal,74000,New York-Newark-Jersey City  NY-NJ-PA,35620,37325512,4701162422,20971078,2693661328,2552,0.794,0.0062,0.779,1.102429984
2013,1,Whole-grain breakfast cereal,74000,New York-Newark-Jersey City  NY-NJ-PA,35620,42937454,5443884234,22133439,2939545047,2448,0.789,0.0113,0.753,1.090611485
2013,2,Whole-grain breakfast cereal,74000,New York-Newark-Jersey City  NY-NJ-PA,35620,37763373,4691999111,19252653,2452169205,2448,0.805,0.0103,0.785,1.115578817
2013,3,Whole-grain breakfast cereal,74000,New York-Newark-Jersey City  NY-NJ-PA,35620,38449205,4875574254,20933576,2737237784,2452,0.789,0.0106,0.765,1.099490662
2013,4,Whole-grain breakfast cereal,74000,New York-Newark-Jersey City  NY-NJ-PA,35620,35445556,4377244870,18960803,2408977261,2455,0.81,0.0105,0.787,1.134509757
2013,5,Whole-grain breakfast cereal,74000,New York-Newark-Jersey City  NY-NJ-PA,35620,34689013,4392728199,19850855,2523745890,2453,0.79,0.0080,0.787,1.116355589
2013,6,Whole-grain breakfast cereal,74000,New York-Newark-Jersey City  NY-NJ-PA,35620,33533375,4218050019,19833393,2506585576,2451,0.795,0.0074,0.791,1.110224328
2013,7,Whole-grain breakfast cereal,74000,New York-Newark-Jersey City  NY-NJ-PA,35620,34970846,4399528720,21059651,2726604695,2452,0.795,0.0084,0.772,1.101642533
2013,8,Whole-grain breakfast cereal,74000,New York-Newark-Jersey City  NY-NJ-PA,35620,36582030,4623199443,21444373,2719231002,2455,0.791,0.0081,0.789,1.101672818
2013,9,Whole-grain breakfast cereal,74000,New York-Newark-Jersey City  NY-NJ-PA,35620,36001156,4499858825,21007546,2666081112,2461,0.8,0.0083,0.788,1.095332449
2013,10,Whole-grain breakfast cereal,74000,New York-Newark-Jersey City  NY-NJ-PA,35620,38357786,4829946889,21955493,2809348751,2445,0.794,0.0091,0.782,1.088103325
2013,11,Whole-grain breakfast cereal,74000,New York-Newark-Jersey City  NY-NJ-PA,35620,34265578,4260768611,18840339,2399882505,2449,0.804,0.0091,0.785,1.110433457
2013,12,Whole-grain breakfast cereal,74000,New York-Newark-Jersey City  NY-NJ-PA,35620,32888568,4034204842,17558920,2213039140,2478,0.815,0.0106,0.793,1.137310906
2014,1,Whole-grain breakfast cereal,74000,New York-Newark-Jersey City  NY-NJ-PA,35620,38699557,4911078608,22349897,2914659383,2468,0.788,0.0085,0.767,1.075216685
2014,2,Whole-grain breakfast cereal,74000,New York-Newark-Jersey City  NY-NJ-PA,35620,34824924,4357196233,19787526,2489301956,2496,0.799,0.0073,0.795,1.097264425
2014,3,Whole-grain breakfast cereal,74000,New York-Newark-Jersey City  NY-NJ-PA,35620,37402936,4803347569,21658000,2792387013,2504,0.779,0.0075,0.776,1.072235087
2014,4,Whole-grain breakfast cereal,74000,New York-Newark-Jersey City  NY-NJ-PA,35620,33116786,4188382039,19151048,2433255106,2466,0.791,0.0070,0.787,1.090063143
2014,5,Whole-grain breakfast cereal,74000,New York-Newark-Jersey City  NY-NJ-PA,35620,33816229,4293348831,19982800,2573245672,2463,0.788,0.0077,0.777,1.08674358
2014,6,Whole-grain breakfast cereal,74000,New York-Newark-Jersey City  NY-NJ-PA,35620,32893888,4128942144,19474771,2457518405,2472,0.797,0.0082,0.792,1.098631676
2014,7,Whole-grain breakfast cereal,74000,New York-Newark-Jersey City  NY-NJ-PA,35620,34616597,4420385005,20484003,2627394133,2461,0.783,0.0098,0.78,1.089214383
2014,8,Whole-grain breakfast cereal,74000,New York-Newark-Jersey City  NY-NJ-PA,35620,34137940,4371364511,20040035,2582599119,2463,0.781,0.0081,0.776,1.080281398
2014,9,Whole-grain breakfast cereal,74000,New York-Newark-Jersey City  NY-NJ-PA,35620,34146928,4308049996,20470505,2607374698,2458,0.793,0.0078,0.785,1.083748594
2014,10,Whole-grain breakfast cereal,74000,New York-Newark-Jersey City  NY-NJ-PA,35620,35399968,4557195267,20551377,2709708255,2453,0.777,0.0094,0.758,1.06323345
2014,11,Whole-grain breakfast cereal,74000,New York-Newark-Jersey City  NY-NJ-PA,35620,35146791,4303915138,18219874,2328049783,2468,0.817,0.0097,0.783,1.109255159
2014,12,Whole-grain breakfast cereal,74000,New York-Newark-Jersey City  NY-NJ-PA,35620,34021021,4145802522,16997021,2145599407,2500,0.821,0.0096,0.792,1.136758534
2015,1,Whole-grain breakfast cereal,74000,New York-Newark-Jersey City  NY-NJ-PA,35620,46303264,5745836647,24756148,3239213680,2566,0.806,0.0074,0.764,1.053096164
2015,2,Whole-grain breakfast cereal,74000,New York-Newark-Jersey City  NY-NJ-PA,35620,38039366,4661017262,19581408,2450383686,2532,0.816,0.0083,0.799,1.079042188
2015,3,Whole-grain breakfast cereal,74000,New York-Newark-Jersey City  NY-NJ-PA,35620,42439059,5289421233,22197114,2849200456,2523,0.802,0.0076,0.779,1.059815568
2015,4,Whole-grain breakfast cereal,74000,New York-Newark-Jersey City  NY-NJ-PA,35620,38053853,4657398316,19762285,2452843876,2514,0.817,0.0078,0.806,1.079007325
2015,5,Whole-grain breakfast cereal,74000,New York-Newark-Jersey City  NY-NJ-PA,35620,38699509,4790796707,20200677,2537196662,2510,0.808,0.0087,0.796,1.074550086
2015,6,Whole-grain breakfast cereal,74000,New York-Newark-Jersey City  NY-NJ-PA,35620,37940294,4664697437,20263210,2553725682,2507,0.813,0.0092,0.793,1.087119896
2015,7,Whole-grain breakfast cereal,74000,New York-Newark-Jersey City  NY-NJ-PA,35620,36253334,4506149238,20878759,2675014426,2501,0.805,0.0091,0.781,1.078952919
2015,8,Whole-grain breakfast cereal,74000,New York-Newark-Jersey City  NY-NJ-PA,35620,36798043,4618922042,20889154,2672669336,2490,0.797,0.0088,0.782,1.075542896
2015,9,Whole-grain breakfast cereal,74000,New York-Newark-Jersey City  NY-NJ-PA,35620,35634965,4416611250,21243978,2670681311,2537,0.807,0.0070,0.795,1.074075947
2015,10,Whole-grain breakfast cereal,74000,New York-Newark-Jersey City  NY-NJ-PA,35620,33962325,4172283491,19809424,2549241178,2514,0.814,0.0095,0.777,1.096674777
2015,11,Whole-grain breakfast cereal,74000,New York-Newark-Jersey City  NY-NJ-PA,35620,24792067,3140829786,17460914,2238072518,2520,0.789,0.0112,0.78,1.091043929
2015,12,Whole-grain breakfast cereal,74000,New York-Newark-Jersey City  NY-NJ-PA,35620,29127004,3633762829,19761221,2538938944,2575,0.802,0.0099,0.778,1.096412312
2016,1,Whole-grain breakfast cereal,74000,New York-Newark-Jersey City  NY-NJ-PA,35620,41569479,5162524566,21375037,2851969165,2455,0.805,0.0107,0.749,1.087349195
2016,2,Whole-grain breakfast cereal,74000,New York-Newark-Jersey City  NY-NJ-PA,35620,36620212,4559787965,19568887,2597216841,2432,0.803,0.0117,0.753,1.113553752
2016,3,Whole-grain breakfast cereal,74000,New York-Newark-Jersey City  NY-NJ-PA,35620,38902549,4879542250,21467549,2890767366,2433,0.797,0.0120,0.743,1.100887822
2016,4,Whole-grain breakfast cereal,74000,New York-Newark-Jersey City  NY-NJ-PA,35620,36509412,4618291242,20319780,2684654943,2439,0.791,0.0107,0.757,1.093168029
2016,5,Whole-grain breakfast cereal,74000,New York-Newark-Jersey City  NY-NJ-PA,35620,37081246,4669895998,21506931,2814401787,2444,0.794,0.0110,0.764,1.109236728
2016,6,Whole-grain breakfast cereal,74000,New York-Newark-Jersey City  NY-NJ-PA,35620,33797763,4213292299,19872366,2597608201,2438,0.802,0.0114,0.765,1.113969847
2016,7,Whole-grain breakfast cereal,74000,New York-Newark-Jersey City  NY-NJ-PA,35620,35281678,4411011369,20811133,2752534669,2443,0.8,0.0124,0.756,1.116913314
2016,8,Whole-grain breakfast cereal,74000,New York-Newark-Jersey City  NY-NJ-PA,35620,36522557,4584232920,21098990,2784605811,2444,0.797,0.0118,0.758,1.115885033
2016,9,Whole-grain breakfast cereal,74000,New York-Newark-Jersey City  NY-NJ-PA,35620,37725054,4795506458,20838208,2779183454,2434,0.787,0.0110,0.75,1.093485738
2016,10,Whole-grain breakfast cereal,74000,New York-Newark-Jersey City  NY-NJ-PA,35620,38408354,4853415074,20658168,2812421115,2437,0.791,0.0128,0.735,1.084341875
2016,11,Whole-grain breakfast cereal,74000,New York-Newark-Jersey City  NY-NJ-PA,35620,35622256,4431949987,18544533,2483380841,2433,0.804,0.0126,0.747,1.107138813
2016,12,Whole-grain breakfast cereal,74000,New York-Newark-Jersey City  NY-NJ-PA,35620,36421974,4525143338,18745363,2505661356,2385,0.805,0.0143,0.748,1.115493112
2017,1,Whole-grain breakfast cereal,74000,New York-Newark-Jersey City  NY-NJ-PA,35620,43666622,5170798905,22457445,2944232957,2264,0.844,0.0108,0.763,1.12350883
2017,2,Whole-grain breakfast cereal,74000,New York-Newark-Jersey City  NY-NJ-PA,35620,38195214,4666409713,18559002,2483350430,2264,0.819,0.0103,0.747,1.108746587
2017,3,Whole-grain breakfast cereal,74000,New York-Newark-Jersey City  NY-NJ-PA,35620,40634879,4968789149,21827725,2929653414,2252,0.818,0.0091,0.745,1.116713966
2017,4,Whole-grain breakfast cereal,74000,New York-Newark-Jersey City  NY-NJ-PA,35620,33526788,4073166380,19635256,2544632421,2230,0.823,0.0095,0.772,1.130441959
2017,5,Whole-grain breakfast cereal,74000,New York-Newark-Jersey City  NY-NJ-PA,35620,34951709,4369098978,20558507,2746592033,2236,0.8,0.0102,0.749,1.105583265
2017,6,Whole-grain breakfast cereal,74000,New York-Newark-Jersey City  NY-NJ-PA,35620,32264013,4023276221,19243234,2549698167,2234,0.802,0.0105,0.755,1.104319519
2017,7,Whole-grain breakfast cereal,74000,New York-Newark-Jersey City  NY-NJ-PA,35620,33558814,4174638087,20431764,2703666664,2239,0.804,0.0105,0.756,1.111280843
2017,8,Whole-grain breakfast cereal,74000,New York-Newark-Jersey City  NY-NJ-PA,35620,33596305,4298101880,20682136,2814152950,2230,0.782,0.0104,0.735,1.089478783
2017,9,Whole-grain breakfast cereal,74000,New York-Newark-Jersey City  NY-NJ-PA,35620,34076485,4234407961,20833250,2755317426,2228,0.805,0.0107,0.756,1.109186168
2017,10,Whole-grain breakfast cereal,74000,New York-Newark-Jersey City  NY-NJ-PA,35620,34273280,4375555379,20540679,2814926392,2227,0.783,0.0106,0.73,1.079391819
2017,11,Whole-grain breakfast cereal,74000,New York-Newark-Jersey City  NY-NJ-PA,35620,30522785,3797142090,18116201,2418368771,2230,0.804,0.0105,0.749,1.107219132
2017,12,Whole-grain breakfast cereal,74000,New York-Newark-Jersey City  NY-NJ-PA,35620,30256030,3756648973,18175880,2455715938,2231,0.805,0.0119,0.74,1.11501543
2018,1,Whole-grain breakfast cereal,74000,New York-Newark-Jersey City  NY-NJ-PA,35620,37008225,4595879113,19227103,2588442739,2315,0.805,0.0122,0.743,1.11579598
2018,2,Whole-grain breakfast cereal,74000,New York-Newark-Jersey City  NY-NJ-PA,35620,31075480,3883434920,16116343,2135890360,2307,0.8,0.0117,0.755,1.115135041
2018,3,Whole-grain breakfast cereal,74000,New York-Newark-Jersey City  NY-NJ-PA,35620,35355194,4408052852,18407844,2461977212,2301,0.802,0.0134,0.748,1.12511536
2018,4,Whole-grain breakfast cereal,74000,New York-Newark-Jersey City  NY-NJ-PA,35620,32992225,4128376337,16836443,2175955025,2312,0.799,0.0101,0.774,1.128554962
2018,5,Whole-grain breakfast cereal,74000,New York-Newark-Jersey City  NY-NJ-PA,35620,31775308,3914237938,17303435,2229203775,2296,0.812,0.0116,0.776,1.146183879
2018,6,Whole-grain breakfast cereal,74000,New York-Newark-Jersey City  NY-NJ-PA,35620,31659980,3875941824,17140106,2202940835,2290,0.817,0.0129,0.778,1.12138543
2018,7,Whole-grain breakfast cereal,74000,New York-Newark-Jersey City  NY-NJ-PA,35620,33274340,4010371139,17669108,2226284398,2296,0.83,0.0138,0.794,1.126682456
2018,8,Whole-grain breakfast cereal,74000,New York-Newark-Jersey City  NY-NJ-PA,35620,33841896,4049911025,17867376,2246315659,2290,0.836,0.0137,0.795,1.135268635
2018,9,Whole-grain breakfast cereal,74000,New York-Newark-Jersey City  NY-NJ-PA,35620,34964766,4077795753,17547789,2148087596,2287,0.857,0.0123,0.817,1.146727634
2018,10,Whole-grain breakfast cereal,74000,New York-Newark-Jersey City  NY-NJ-PA,35620,34951622,4187402481,18228773,2291352388,2295,0.835,0.0123,0.796,1.123974362
2018,11,Whole-grain breakfast cereal,74000,New York-Newark-Jersey City  NY-NJ-PA,35620,32994298,3889691115,16017130,2032262419,2282,0.848,0.0130,0.788,1.144199018
2018,12,Whole-grain breakfast cereal,74000,New York-Newark-Jersey City  NY-NJ-PA,35620,31861620,3717173946,15376508,1878631056,2281,0.857,0.0111,0.818,1.152777657
2012,1,Whole-grain breakfast cereal,74000,Philadelphia-Camden-Wilmington  PA-NJ-DE-MD,37980,12452962,1777127800,10401978,1472144353,1097,0.701,0.0068,0.707,0.993467928
2012,2,Whole-grain breakfast cereal,74000,Philadelphia-Camden-Wilmington  PA-NJ-DE-MD,37980,11631991,1627006539,9620015,1317484383,1102,0.715,0.0070,0.73,1.014394568
2012,3,Whole-grain breakfast cereal,74000,Philadelphia-Camden-Wilmington  PA-NJ-DE-MD,37980,11842777,1690459621,10007207,1396441623,1103,0.701,0.0064,0.717,1.00426664
2012,4,Whole-grain breakfast cereal,74000,Philadelphia-Camden-Wilmington  PA-NJ-DE-MD,37980,11054847,1578165108,9168217,1248440805,1104,0.7,0.0085,0.734,1.019464536
2012,5,Whole-grain breakfast cereal,74000,Philadelphia-Camden-Wilmington  PA-NJ-DE-MD,37980,11249343,1576535089,9456271,1270626257,1106,0.714,0.0078,0.744,1.041124439
2012,6,Whole-grain breakfast cereal,74000,Philadelphia-Camden-Wilmington  PA-NJ-DE-MD,37980,11250988,1611689599,9502033,1298544593,1106,0.698,0.0081,0.732,1.012996167
2012,7,Whole-grain breakfast cereal,74000,Philadelphia-Camden-Wilmington  PA-NJ-DE-MD,37980,12271097,1731337464,9926613,1335827933,1122,0.709,0.0077,0.743,1.030838387
2012,8,Whole-grain breakfast cereal,74000,Philadelphia-Camden-Wilmington  PA-NJ-DE-MD,37980,13846316,1998406251,10363344,1437540873,1120,0.693,0.0070,0.721,0.999048355
2012,9,Whole-grain breakfast cereal,74000,Philadelphia-Camden-Wilmington  PA-NJ-DE-MD,37980,13309609,1922844305,9764532,1336831761,1120,0.692,0.0093,0.73,0.987622642
2012,10,Whole-grain breakfast cereal,74000,Philadelphia-Camden-Wilmington  PA-NJ-DE-MD,37980,14562921,2157886279,10516548,1466756931,1124,0.675,0.0100,0.717,0.957368365
2012,11,Whole-grain breakfast cereal,74000,Philadelphia-Camden-Wilmington  PA-NJ-DE-MD,37980,12881312,1906153360,8975622,1231924880,1126,0.676,0.0099,0.729,0.982256458
2012,12,Whole-grain breakfast cereal,74000,Philadelphia-Camden-Wilmington  PA-NJ-DE-MD,37980,14648505,2156917631,9960581,1367830538,1136,0.679,0.0091,0.728,0.991476976
2013,1,Whole-grain breakfast cereal,74000,Philadelphia-Camden-Wilmington  PA-NJ-DE-MD,37980,14759012,2134849335,10191018,1436285688,1102,0.691,0.0059,0.71,0.979402412
2013,2,Whole-grain breakfast cereal,74000,Philadelphia-Camden-Wilmington  PA-NJ-DE-MD,37980,13072906,1850987418,8837401,1207767792,1099,0.706,0.0067,0.732,1.006704774
2013,3,Whole-grain breakfast cereal,74000,Philadelphia-Camden-Wilmington  PA-NJ-DE-MD,37980,14049895,1979842862,9837922,1358937122,1099,0.71,0.0059,0.724,1.010605692
2013,4,Whole-grain breakfast cereal,74000,Philadelphia-Camden-Wilmington  PA-NJ-DE-MD,37980,12861664,1819609651,8689839,1185277448,1098,0.707,0.0063,0.733,1.018487241
2013,5,Whole-grain breakfast cereal,74000,Philadelphia-Camden-Wilmington  PA-NJ-DE-MD,37980,13239118,1861011403,9122648,1233254274,1097,0.711,0.0068,0.74,1.021671636
2013,6,Whole-grain breakfast cereal,74000,Philadelphia-Camden-Wilmington  PA-NJ-DE-MD,37980,13463279,1921487906,9307667,1277784772,1098,0.701,0.0067,0.728,0.995553128
2013,7,Whole-grain breakfast cereal,74000,Philadelphia-Camden-Wilmington  PA-NJ-DE-MD,37980,13706415,1935401495,9545003,1308292518,1098,0.708,0.0060,0.73,1.003671769
2013,8,Whole-grain breakfast cereal,74000,Philadelphia-Camden-Wilmington  PA-NJ-DE-MD,37980,14209117,2012933714,9823934,1335288955,1101,0.706,0.0065,0.736,1.00408155
2013,9,Whole-grain breakfast cereal,74000,Philadelphia-Camden-Wilmington  PA-NJ-DE-MD,37980,13782455,1939870614,9587285,1295895462,1099,0.71,0.0065,0.74,0.996400028
2013,10,Whole-grain breakfast cereal,74000,Philadelphia-Camden-Wilmington  PA-NJ-DE-MD,37980,14384709,2029533620,10116899,1373734652,1093,0.709,0.0054,0.736,0.993408595
2013,11,Whole-grain breakfast cereal,74000,Philadelphia-Camden-Wilmington  PA-NJ-DE-MD,37980,13748665,2003844178,8890478,1220089585,1098,0.686,0.0068,0.729,0.986925303
2013,12,Whole-grain breakfast cereal,74000,Philadelphia-Camden-Wilmington  PA-NJ-DE-MD,37980,13173653,1873447930,8360755,1134534744,1110,0.703,0.0077,0.737,1.005196548
2014,1,Whole-grain breakfast cereal,74000,Philadelphia-Camden-Wilmington  PA-NJ-DE-MD,37980,16233301,2300545189,10461650,1448740816,1105,0.706,0.0056,0.722,0.984768772
2014,2,Whole-grain breakfast cereal,74000,Philadelphia-Camden-Wilmington  PA-NJ-DE-MD,37980,14992466,2099107327,9519197,1285939957,1113,0.714,0.0062,0.74,1.006546302
2014,3,Whole-grain breakfast cereal,74000,Philadelphia-Camden-Wilmington  PA-NJ-DE-MD,37980,16166067,2302088380,10153515,1401850920,1110,0.702,0.0058,0.724,0.985945519
2014,4,Whole-grain breakfast cereal,74000,Philadelphia-Camden-Wilmington  PA-NJ-DE-MD,37980,14656565,2083558742,9189488,1256599459,1108,0.703,0.0055,0.731,0.989511782
2014,5,Whole-grain breakfast cereal,74000,Philadelphia-Camden-Wilmington  PA-NJ-DE-MD,37980,14676947,2084584927,9333971,1287979116,1108,0.704,0.0051,0.725,0.994491607
2014,6,Whole-grain breakfast cereal,74000,Philadelphia-Camden-Wilmington  PA-NJ-DE-MD,37980,14332045,2001688730,9125088,1240278723,1108,0.716,0.0050,0.736,1.003703519
2014,7,Whole-grain breakfast cereal,74000,Philadelphia-Camden-Wilmington  PA-NJ-DE-MD,37980,14916126,2076480250,9541946,1303284140,1105,0.718,0.0060,0.732,1.007782372
2014,8,Whole-grain breakfast cereal,74000,Philadelphia-Camden-Wilmington  PA-NJ-DE-MD,37980,15024511,2114934922,9597867,1322965372,1103,0.71,0.0048,0.725,0.996336584
2014,9,Whole-grain breakfast cereal,74000,Philadelphia-Camden-Wilmington  PA-NJ-DE-MD,37980,14472857,1999913704,9381503,1261703493,1102,0.724,0.0046,0.744,1.007867615
2014,10,Whole-grain breakfast cereal,74000,Philadelphia-Camden-Wilmington  PA-NJ-DE-MD,37980,15538295,2218608324,9816779,1368859265,1101,0.7,0.0055,0.717,0.970858702
2014,11,Whole-grain breakfast cereal,74000,Philadelphia-Camden-Wilmington  PA-NJ-DE-MD,37980,13691886,1918866956,8695510,1179156839,1099,0.714,0.0056,0.737,1.004132831
2014,12,Whole-grain breakfast cereal,74000,Philadelphia-Camden-Wilmington  PA-NJ-DE-MD,37980,13160757,1842609849,8375618,1135389690,1115,0.714,0.0073,0.738,1.012830124
2015,1,Whole-grain breakfast cereal,74000,Philadelphia-Camden-Wilmington  PA-NJ-DE-MD,37980,18204140,2475895502,11465145,1572897238,1137,0.735,0.0037,0.729,0.981587518
2015,2,Whole-grain breakfast cereal,74000,Philadelphia-Camden-Wilmington  PA-NJ-DE-MD,37980,14768818,1967916309,9291656,1238487708,1100,0.75,0.0037,0.75,1.00686881
2015,3,Whole-grain breakfast cereal,74000,Philadelphia-Camden-Wilmington  PA-NJ-DE-MD,37980,16595500,2231846263,10517929,1426291013,1099,0.744,0.0034,0.737,0.993490897
2015,4,Whole-grain breakfast cereal,74000,Philadelphia-Camden-Wilmington  PA-NJ-DE-MD,37980,14480422,1920908421,9202410,1224129030,1096,0.754,0.0035,0.752,1.014387237
2015,5,Whole-grain breakfast cereal,74000,Philadelphia-Camden-Wilmington  PA-NJ-DE-MD,37980,14915615,1993662251,9481765,1268872894,1095,0.748,0.0037,0.747,1.005319985
2015,6,Whole-grain breakfast cereal,74000,Philadelphia-Camden-Wilmington  PA-NJ-DE-MD,37980,14724710,1970109591,9424006,1265644377,1095,0.747,0.0042,0.745,1.012046239
2015,7,Whole-grain breakfast cereal,74000,Philadelphia-Camden-Wilmington  PA-NJ-DE-MD,37980,14962606,1987092646,9666362,1298498708,1093,0.753,0.0042,0.744,1.008716068
2015,8,Whole-grain breakfast cereal,74000,Philadelphia-Camden-Wilmington  PA-NJ-DE-MD,37980,15201184,2067192060,9769612,1330306484,1092,0.735,0.0040,0.734,0.998014542
2015,9,Whole-grain breakfast cereal,74000,Philadelphia-Camden-Wilmington  PA-NJ-DE-MD,37980,14853168,1943378917,9796789,1288706259,1096,0.764,0.0032,0.76,1.016143318
2015,10,Whole-grain breakfast cereal,74000,Philadelphia-Camden-Wilmington  PA-NJ-DE-MD,37980,14597825,1969190703,9501606,1289214628,1085,0.741,0.0040,0.737,0.998042549
2015,11,Whole-grain breakfast cereal,74000,Philadelphia-Camden-Wilmington  PA-NJ-DE-MD,37980,12746412,1733395491,8636226,1166857018,1086,0.735,0.0032,0.74,1.001767761
2015,12,Whole-grain breakfast cereal,74000,Philadelphia-Camden-Wilmington  PA-NJ-DE-MD,37980,14487631,1949380702,9582184,1288214945,1136,0.743,0.0034,0.744,1.007520383
2016,1,Whole-grain breakfast cereal,74000,Philadelphia-Camden-Wilmington  PA-NJ-DE-MD,37980,15772473,2098758143,10023532,1371527754,1088,0.752,0.0044,0.731,1.009964291
2016,2,Whole-grain breakfast cereal,74000,Philadelphia-Camden-Wilmington  PA-NJ-DE-MD,37980,15236703,2061046594,9525606,1305736012,1082,0.739,0.0046,0.73,1.007680306
2016,3,Whole-grain breakfast cereal,74000,Philadelphia-Camden-Wilmington  PA-NJ-DE-MD,37980,16531411,2239890616,10352836,1434254594,1085,0.738,0.0045,0.722,1.000894481
2016,4,Whole-grain breakfast cereal,74000,Philadelphia-Camden-Wilmington  PA-NJ-DE-MD,37980,15311436,2075430795,9723396,1326746611,1085,0.738,0.0039,0.733,1.002251632
2016,5,Whole-grain breakfast cereal,74000,Philadelphia-Camden-Wilmington  PA-NJ-DE-MD,37980,15118713,1984913742,10014583,1344090293,1084,0.762,0.0062,0.745,1.039375742
2016,6,Whole-grain breakfast cereal,74000,Philadelphia-Camden-Wilmington  PA-NJ-DE-MD,37980,14506925,1972414970,9360904,1276147921,1084,0.735,0.0039,0.734,1.003372386
2016,7,Whole-grain breakfast cereal,74000,Philadelphia-Camden-Wilmington  PA-NJ-DE-MD,37980,14374794,1948315882,9613634,1314484720,1082,0.738,0.0043,0.731,1.011578949
2016,8,Whole-grain breakfast cereal,74000,Philadelphia-Camden-Wilmington  PA-NJ-DE-MD,37980,14745913,2033809772,9785773,1346934464,1084,0.725,0.0036,0.727,0.996929662
2016,9,Whole-grain breakfast cereal,74000,Philadelphia-Camden-Wilmington  PA-NJ-DE-MD,37980,14289596,1944121883,9456244,1298436762,1081,0.735,0.0040,0.728,1.004344341
2016,10,Whole-grain breakfast cereal,74000,Philadelphia-Camden-Wilmington  PA-NJ-DE-MD,37980,14859841,2107021863,9636768,1362844582,1082,0.705,0.0039,0.707,0.968047628
2016,11,Whole-grain breakfast cereal,74000,Philadelphia-Camden-Wilmington  PA-NJ-DE-MD,37980,14062670,1907976443,8653878,1192054149,1083,0.737,0.0042,0.726,1.011038965
2016,12,Whole-grain breakfast cereal,74000,Philadelphia-Camden-Wilmington  PA-NJ-DE-MD,37980,14657546,2009000460,8764250,1217103801,1072,0.73,0.0039,0.72,1.003006352
2017,1,Whole-grain breakfast cereal,74000,Philadelphia-Camden-Wilmington  PA-NJ-DE-MD,37980,15712266,2118924881,10399484,1402875845,1029,0.742,0.0038,0.741,0.99782168
2017,2,Whole-grain breakfast cereal,74000,Philadelphia-Camden-Wilmington  PA-NJ-DE-MD,37980,13351855,1817809993,8784292,1212108939,1028,0.735,0.0037,0.725,0.995014581
2017,3,Whole-grain breakfast cereal,74000,Philadelphia-Camden-Wilmington  PA-NJ-DE-MD,37980,15351764,2110475408,10284310,1423809408,1028,0.727,0.0032,0.722,0.989695578
2017,4,Whole-grain breakfast cereal,74000,Philadelphia-Camden-Wilmington  PA-NJ-DE-MD,37980,13531595,1808628349,9160409,1228593656,1027,0.748,0.0034,0.746,1.013784876
2017,5,Whole-grain breakfast cereal,74000,Philadelphia-Camden-Wilmington  PA-NJ-DE-MD,37980,14100723,1923947554,9442964,1298091905,1025,0.733,0.0034,0.727,0.997083335
2017,6,Whole-grain breakfast cereal,74000,Philadelphia-Camden-Wilmington  PA-NJ-DE-MD,37980,13452927,1840701089,8979357,1236237057,1024,0.731,0.0042,0.726,0.988786012
2017,7,Whole-grain breakfast cereal,74000,Philadelphia-Camden-Wilmington  PA-NJ-DE-MD,37980,14071277,1925157631,9424968,1294214377,1022,0.731,0.0037,0.728,0.987827925
2017,8,Whole-grain breakfast cereal,74000,Philadelphia-Camden-Wilmington  PA-NJ-DE-MD,37980,14455397,2008331047,9749463,1366529627,1023,0.72,0.0042,0.713,0.976242851
2017,9,Whole-grain breakfast cereal,74000,Philadelphia-Camden-Wilmington  PA-NJ-DE-MD,37980,14305332,1946614095,9657301,1316184721,1019,0.735,0.0030,0.734,0.994861948
2017,10,Whole-grain breakfast cereal,74000,Philadelphia-Camden-Wilmington  PA-NJ-DE-MD,37980,14452038,2029936448,9643156,1370018495,1018,0.712,0.0034,0.704,0.968837555
2017,11,Whole-grain breakfast cereal,74000,Philadelphia-Camden-Wilmington  PA-NJ-DE-MD,37980,13684491,1849629986,8531122,1166644793,1020,0.74,0.0051,0.731,0.996004424
2017,12,Whole-grain breakfast cereal,74000,Philadelphia-Camden-Wilmington  PA-NJ-DE-MD,37980,14667887,1995102180,8729827,1213131532,1018,0.735,0.0074,0.72,0.990666359
2018,1,Whole-grain breakfast cereal,74000,Philadelphia-Camden-Wilmington  PA-NJ-DE-MD,37980,14925642,2020505869,9526918,1323036328,1317,0.739,0.0043,0.72,1.005747599
2018,2,Whole-grain breakfast cereal,74000,Philadelphia-Camden-Wilmington  PA-NJ-DE-MD,37980,13128445,1795391638,8196086,1130313344,1320,0.731,0.0030,0.725,1.000835394
2018,3,Whole-grain breakfast cereal,74000,Philadelphia-Camden-Wilmington  PA-NJ-DE-MD,37980,14859142,2008866942,9411855,1306390806,1318,0.74,0.0038,0.72,1.013471114
2018,4,Whole-grain breakfast cereal,74000,Philadelphia-Camden-Wilmington  PA-NJ-DE-MD,37980,13524450,1783129061,8423843,1128143642,1320,0.758,0.0040,0.747,1.032453797
2018,5,Whole-grain breakfast cereal,74000,Philadelphia-Camden-Wilmington  PA-NJ-DE-MD,37980,13916600,1835549953,8782425,1174220735,1317,0.758,0.0037,0.748,1.032209482
2018,6,Whole-grain breakfast cereal,74000,Philadelphia-Camden-Wilmington  PA-NJ-DE-MD,37980,13625454,1807125977,8668759,1157261121,1315,0.754,0.0039,0.749,1.012030028
2018,7,Whole-grain breakfast cereal,74000,Philadelphia-Camden-Wilmington  PA-NJ-DE-MD,37980,14804284,1916602956,9113477,1192845418,1317,0.772,0.0050,0.764,1.013145817
2018,8,Whole-grain breakfast cereal,74000,Philadelphia-Camden-Wilmington  PA-NJ-DE-MD,37980,15093810,1946932090,9324813,1218689389,1320,0.775,0.0054,0.765,1.022558691
2018,9,Whole-grain breakfast cereal,74000,Philadelphia-Camden-Wilmington  PA-NJ-DE-MD,37980,14180982,1781721830,9104187,1160385704,1310,0.796,0.0053,0.785,1.04555559
2018,10,Whole-grain breakfast cereal,74000,Philadelphia-Camden-Wilmington  PA-NJ-DE-MD,37980,14232997,1854902494,9183238,1201256233,1315,0.767,0.0046,0.764,1.01327192
2018,11,Whole-grain breakfast cereal,74000,Philadelphia-Camden-Wilmington  PA-NJ-DE-MD,37980,12977203,1682699280,8263281,1091031329,1315,0.771,0.0040,0.757,1.026450742
2018,12,Whole-grain breakfast cereal,74000,Philadelphia-Camden-Wilmington  PA-NJ-DE-MD,37980,12542533,1632619127,7904941,1022528707,1320,0.768,0.0041,0.773,1.018678066
2012,1,All other breakfast cereal,74050,National,0,345769085,49040567939,221508110,32001230005,54853,0.705,0.0010,0.692,1.000282801
2012,2,All other breakfast cereal,74050,National,0,305182267,43754412966,203582835,29887335535,54791,0.697,0.0009,0.681,1.002279674
2012,3,All other breakfast cereal,74050,National,0,313997100,45301023063,214670901,31402184790,54711,0.693,0.0007,0.684,0.992607475
2012,4,All other breakfast cereal,74050,National,0,305602892,44280559866,211456988,31221400033,54851,0.69,0.0008,0.677,0.981355067
2012,5,All other breakfast cereal,74050,National,0,304829479,43797212447,208486529,30297886924,54830,0.696,0.0007,0.688,0.99756893
2012,6,All other breakfast cereal,74050,National,0,305795340,44149013838,211151476,31012098568,54955,0.693,0.0008,0.681,0.99780556
2012,7,All other breakfast cereal,74050,National,0,320812470,46241025355,222278586,32715967298,55189,0.694,0.0009,0.679,1.001569972
2012,8,All other breakfast cereal,74050,National,0,309800286,44761989979,211849892,31147507577,55084,0.692,0.0008,0.68,1.000894043
2012,9,All other breakfast cereal,74050,National,0,286952780,41270769090,197496867,28959473954,55066,0.695,0.0009,0.682,1.000118973
2012,10,All other breakfast cereal,74050,National,0,291314130,41778376828,199938678,29138613547,55154,0.697,0.0008,0.686,1.006004894
2012,11,All other breakfast cereal,74050,National,0,269450663,38542891031,182569232,26602494894,55172,0.699,0.0011,0.686,1.012105918
2012,12,All other breakfast cereal,74050,National,0,326367942,46757703806,218759830,32144245120,56032,0.698,0.0009,0.681,1.014307151
2013,1,All other breakfast cereal,74050,National,0,308429268,44631573789,200083869,29699617567,50944,0.691,0.0008,0.674,1.002885089
2013,2,All other breakfast cereal,74050,National,0,269748474,38621989592,175599827,25661801540,51041,0.698,0.0007,0.684,1.013459127
2013,3,All other breakfast cereal,74050,National,0,292809032,42479621594,193800136,28606651094,51151,0.689,0.0006,0.677,1.006135386
2013,4,All other breakfast cereal,74050,National,0,274729247,39775771398,180145397,26554048480,51226,0.691,0.0007,0.678,1.001554573
2013,5,All other breakfast cereal,74050,National,0,280628865,40590419965,186365212,27521108497,51206,0.691,0.0007,0.677,1.00711706
2013,6,All other breakfast cereal,74050,National,0,273802689,40075385724,181080885,27084927935,51078,0.683,0.0007,0.669,0.998240456
2013,7,All other breakfast cereal,74050,National,0,275667148,40784370603,181817229,27641283974,51154,0.676,0.0008,0.658,0.998109431
2013,8,All other breakfast cereal,74050,National,0,267093796,39370241196,176497163,26683458728,51057,0.678,0.0007,0.661,1.004039977
2013,9,All other breakfast cereal,74050,National,0,236532982,34608812660,156470387,23476893787,51515,0.683,0.0007,0.666,1.006351513
2013,10,All other breakfast cereal,74050,National,0,236541717,34719214335,155742393,23314184072,51050,0.681,0.0009,0.668,1.001233145
2013,11,All other breakfast cereal,74050,National,0,223508931,32356691153,145161473,21588455967,50930,0.691,0.0010,0.672,1.016362128
2013,12,All other breakfast cereal,74050,National,0,236312165,33946629658,152433174,22549406187,51627,0.696,0.0010,0.676,1.02180212
2014,1,All other breakfast cereal,74050,National,0,271716187,39701058777,175810310,26224088765,53342,0.684,0.0010,0.67,1.000648155
2014,2,All other breakfast cereal,74050,National,0,256327764,37567048311,165775173,24709407799,53642,0.682,0.0010,0.671,1.002671888
2014,3,All other breakfast cereal,74050,National,0,271608992,40180844162,177481407,26789667387,53998,0.676,0.0007,0.662,0.99174155
2014,4,All other breakfast cereal,74050,National,0,254339345,37845089074,166326156,25133332263,53299,0.672,0.0008,0.662,0.988880424
2014,5,All other breakfast cereal,74050,National,0,246369831,36301719621,163326120,24449066395,53196,0.679,0.0006,0.668,0.996121255
2014,6,All other breakfast cereal,74050,National,0,255251673,38220102036,170692661,25933598470,53741,0.668,0.0006,0.658,0.986974548
2014,7,All other breakfast cereal,74050,National,0,268359828,39996943002,179795596,27322538384,53453,0.671,0.0007,0.658,0.987712355
2014,8,All other breakfast cereal,74050,National,0,263055517,39145221319,175199374,26434352109,53210,0.672,0.0007,0.663,0.990494521
2014,9,All other breakfast cereal,74050,National,0,237230139,35138683326,157356084,23656918351,53170,0.675,0.0006,0.665,0.991616544
2014,10,All other breakfast cereal,74050,National,0,241902462,35342718162,159600586,23751791022,52839,0.684,0.0008,0.672,1.007476024
2014,11,All other breakfast cereal,74050,National,0,234659275,34312712665,153545261,22941559718,52757,0.684,0.0008,0.669,1.011985082
2014,12,All other breakfast cereal,74050,National,0,242976690,35236662471,157996347,23515735511,54535,0.69,0.0008,0.672,1.019696844
2015,1,All other breakfast cereal,74050,National,0,295445875,44227229997,182978913,28106976289,55636,0.668,0.0007,0.651,0.978004778
2015,2,All other breakfast cereal,74050,National,0,244322710,35896335191,153574684,23186246621,54743,0.681,0.0008,0.662,0.998298536
2015,3,All other breakfast cereal,74050,National,0,260832285,37986747405,165818841,24818624480,54875,0.687,0.0008,0.668,1.000456882
2015,4,All other breakfast cereal,74050,National,0,252354738,36911176118,161410035,24228211936,54568,0.684,0.0008,0.666,0.998774123
2015,5,All other breakfast cereal,74050,National,0,254488002,37465252636,163462127,24727183964,54629,0.679,0.0007,0.661,1.00031552
2015,6,All other breakfast cereal,74050,National,0,258029196,37967866156,163499273,24627275635,54622,0.68,0.0007,0.664,1.004296968
2015,7,All other breakfast cereal,74050,National,0,267509133,39589401310,170598846,25826042630,54542,0.676,0.0007,0.661,1.00226748
2015,8,All other breakfast cereal,74050,National,0,263156897,39072048035,169535346,25624894509,54606,0.674,0.0007,0.662,1.002880009
2015,9,All other breakfast cereal,74050,National,0,241600020,35239901913,154084621,22991210471,54395,0.686,0.0007,0.67,1.01193343
2015,10,All other breakfast cereal,74050,National,0,248490967,36064496136,158014756,23476004866,54284,0.689,0.0007,0.673,1.01740534
2015,11,All other breakfast cereal,74050,National,0,235625012,34160043607,149721203,22209725912,54566,0.69,0.0009,0.674,1.019137257
2015,12,All other breakfast cereal,74050,National,0,283255763,41368288868,179053766,26830478981,55547,0.685,0.0007,0.667,1.011626107
2016,1,All other breakfast cereal,74050,National,0,275569568,40833484793,172724349,26208355126,57177,0.675,0.0012,0.659,1.000829941
2016,2,All other breakfast cereal,74050,National,0,269094432,39527511228,171611064,25750882622,56616,0.681,0.0011,0.666,1.009487719
2016,3,All other breakfast cereal,74050,National,0,271328918,39778736295,178233856,26694807931,56762,0.682,0.0011,0.668,1.006179296
2016,4,All other breakfast cereal,74050,National,0,261521572,38543341257,171429032,25777017185,56792,0.679,0.0011,0.665,1.006803006
2016,5,All other breakfast cereal,74050,National,0,265096346,39003188583,175312961,26241495973,57038,0.68,0.0011,0.668,1.011233557
2016,6,All other breakfast cereal,74050,National,0,265944860,39285797312,176675509,26638506873,56799,0.677,0.0010,0.663,1.004198387
2016,7,All other breakfast cereal,74050,National,0,283435358,41778863286,185256391,27745260537,56731,0.678,0.0011,0.668,1.007559314
2016,8,All other breakfast cereal,74050,National,0,283732976,42359923825,187995872,28594401236,56590,0.67,0.0010,0.657,1.00783421
2016,9,All other breakfast cereal,74050,National,0,258657186,38384591073,171337583,25928359727,56352,0.674,0.0010,0.661,0.999364099
2016,10,All other breakfast cereal,74050,National,0,257616585,37957763038,170359836,25653966047,56586,0.679,0.0011,0.664,1.008812677
2016,11,All other breakfast cereal,74050,National,0,247477447,36496865722,161364421,24323195699,56224,0.678,0.0011,0.663,1.008045441
2016,12,All other breakfast cereal,74050,National,0,271268628,39995347382,175411447,26601713297,56198,0.678,0.0014,0.659,1.01372353
2017,1,All other breakfast cereal,74050,National,0,300656892,45019601333,181456183,28045424944,51806,0.668,0.0014,0.647,0.996205118
2017,2,All other breakfast cereal,74050,National,0,272208794,40796083246,167851796,25869268204,51782,0.667,0.0015,0.649,0.99801248
2017,3,All other breakfast cereal,74050,National,0,294576483,43487195969,186039096,28268935874,51825,0.677,0.0016,0.658,1.009678803
2017,4,All other breakfast cereal,74050,National,0,265684768,39070413605,171358128,25839234600,51768,0.68,0.0014,0.663,1.006954191
2017,5,All other breakfast cereal,74050,National,0,269046513,39712796833,175870412,26678799133,51659,0.677,0.0013,0.659,1.009831316
2017,6,All other breakfast cereal,74050,National,0,267832315,39906394827,178100352,27109744730,51742,0.671,0.0011,0.657,1.00201818
2017,7,All other breakfast cereal,74050,National,0,272617641,40747526910,182318124,27754991477,51985,0.669,0.0012,0.657,1.0011856
2017,8,All other breakfast cereal,74050,National,0,270293775,40831469755,183949579,28274236106,51688,0.662,0.0011,0.651,1.006133945
2017,9,All other breakfast cereal,74050,National,0,250363824,38472644281,168173444,26222371335,51492,0.651,0.0012,0.641,0.98834822
2017,10,All other breakfast cereal,74050,National,0,249786995,37606876024,169361656,25766677556,51593,0.664,0.0011,0.657,0.999526255
2017,11,All other breakfast cereal,74050,National,0,232102307,34513832954,155624716,23540206135,51234,0.672,0.0013,0.661,1.007133306
2017,12,All other breakfast cereal,74050,National,0,250019066,37119563170,167528712,25371420875,51281,0.674,0.0018,0.66,1.011629259
2018,1,All other breakfast cereal,74050,National,0,272069646,41248707745,173814760,26922551430,51614,0.66,0.0014,0.646,0.983826922
2018,2,All other breakfast cereal,74050,National,0,244112487,36896474917,158688770,24415102504,51665,0.662,0.0013,0.65,0.993737995
2018,3,All other breakfast cereal,74050,National,0,272410694,40599398947,176440102,26863754079,51874,0.671,0.0014,0.657,0.99833462
2018,4,All other breakfast cereal,74050,National,0,255639223,38872972716,171040849,26556877763,52359,0.658,0.0014,0.644,0.982273486
2018,5,All other breakfast cereal,74050,National,0,252519268,38202480215,170275233,26137078068,51727,0.661,0.0013,0.651,0.987474584
2018,6,All other breakfast cereal,74050,National,0,251607697,38158200623,169776377,26104988895,52028,0.659,0.0013,0.65,0.989321029
2018,7,All other breakfast cereal,74050,National,0,259391276,38787176909,176468891,26924121689,52210,0.669,0.0012,0.655,1.005991844
2018,8,All other breakfast cereal,74050,National,0,255562096,38542171178,174262278,26877246490,51768,0.663,0.0009,0.648,0.995246002
2018,9,All other breakfast cereal,74050,National,0,234757534,35333782397,161844010,25344197406,51710,0.664,0.0014,0.639,0.991452891
2018,10,All other breakfast cereal,74050,National,0,240863630,36211561348,163181813,24989165400,51476,0.665,0.0013,0.653,1.003969936
2018,11,All other breakfast cereal,74050,National,0,228008603,34576412567,153330999,23375213635,51347,0.659,0.0032,0.656,1.00975781
2018,12,All other breakfast cereal,74050,National,0,225592470,34459975136,151939591,23003171277,51396,0.655,0.0050,0.661,1.038791451
2012,1,All other breakfast cereal,74050,Census Region 1: Northeast,1,65254206,8528764325,40716157,5380707804,9409,0.765,0.0028,0.757,1.037329046
2012,2,All other breakfast cereal,74050,Census Region 1: Northeast,1,57531323,7566154380,37045917,4911897234,9414,0.76,0.0031,0.754,1.029492608
2012,3,All other breakfast cereal,74050,Census Region 1: Northeast,1,55859928,7556183270,40208380,5390109847,9437,0.739,0.0019,0.746,1.005540555
2012,4,All other breakfast cereal,74050,Census Region 1: Northeast,1,53186076,7106479811,38633316,5157587470,9445,0.748,0.0021,0.749,1.020913215
2012,5,All other breakfast cereal,74050,Census Region 1: Northeast,1,57017164,7652796414,40302627,5355838153,9444,0.745,0.0021,0.752,1.011170491
2012,6,All other breakfast cereal,74050,Census Region 1: Northeast,1,55308814,7385709900,39305299,5261614921,9438,0.749,0.0021,0.747,1.018965498
2012,7,All other breakfast cereal,74050,Census Region 1: Northeast,1,58347599,7751562989,40742620,5426606809,9483,0.753,0.0025,0.751,1.02769586
2012,8,All other breakfast cereal,74050,Census Region 1: Northeast,1,58136346,7701612661,39677369,5263784913,9486,0.755,0.0027,0.754,1.033948192
2012,9,All other breakfast cereal,74050,Census Region 1: Northeast,1,55580303,7437302499,38289985,5143101977,9471,0.747,0.0029,0.744,1.02129598
2012,10,All other breakfast cereal,74050,Census Region 1: Northeast,1,53961963,7090885434,37221862,4914175474,9498,0.761,0.0026,0.757,1.04477814
2012,11,All other breakfast cereal,74050,Census Region 1: Northeast,1,50571594,6626023842,33590255,4443233490,9491,0.763,0.0032,0.756,1.052353599
2012,12,All other breakfast cereal,74050,Census Region 1: Northeast,1,58855975,7681830426,38264014,5064574592,9605,0.766,0.0028,0.756,1.059904692
2013,1,All other breakfast cereal,74050,Census Region 1: Northeast,1,57277545,7624948854,36066797,4874253739,9057,0.751,0.0032,0.74,1.037291156
2013,2,All other breakfast cereal,74050,Census Region 1: Northeast,1,50448203,6621301376,32638790,4342803325,9057,0.762,0.0033,0.752,1.044897282
2013,3,All other breakfast cereal,74050,Census Region 1: Northeast,1,53385801,7167791197,34776866,4670378361,9060,0.745,0.0025,0.745,1.02808495
2013,4,All other breakfast cereal,74050,Census Region 1: Northeast,1,50397245,6724794462,33113790,4469127944,9066,0.749,0.0032,0.741,1.030028034
2013,5,All other breakfast cereal,74050,Census Region 1: Northeast,1,52132103,6961271476,35172434,4746972799,9060,0.749,0.0027,0.741,1.022741718
2013,6,All other breakfast cereal,74050,Census Region 1: Northeast,1,49361195,6610081762,33157989,4509803491,9053,0.747,0.0031,0.735,1.024635572
2013,7,All other breakfast cereal,74050,Census Region 1: Northeast,1,50835216,6790666312,33357967,4551381567,9076,0.749,0.0039,0.733,1.029618681
2013,8,All other breakfast cereal,74050,Census Region 1: Northeast,1,50221173,6779523748,32814114,4498663702,9077,0.741,0.0036,0.729,1.029973132
2013,9,All other breakfast cereal,74050,Census Region 1: Northeast,1,44859141,6037622654,29640711,4056990773,9073,0.743,0.0033,0.731,1.032800084
2013,10,All other breakfast cereal,74050,Census Region 1: Northeast,1,44557287,6014360996,28848055,3921298072,9049,0.741,0.0034,0.736,1.032624118
2013,11,All other breakfast cereal,74050,Census Region 1: Northeast,1,42403998,5732174506,27123032,3729591648,9057,0.74,0.0038,0.727,1.039132032
2013,12,All other breakfast cereal,74050,Census Region 1: Northeast,1,43636009,5750582076,27359700,3647883032,9142,0.759,0.0034,0.75,1.058094208
2014,1,All other breakfast cereal,74050,Census Region 1: Northeast,1,48651594,6471485738,31518483,4210904389,9257,0.752,0.0028,0.748,1.028742484
2014,2,All other breakfast cereal,74050,Census Region 1: Northeast,1,47786121,6458662669,30946413,4168185413,9397,0.74,0.0024,0.742,1.02858126
2014,3,All other breakfast cereal,74050,Census Region 1: Northeast,1,49268171,6690782366,31966548,4327233008,9407,0.736,0.0020,0.739,1.022816235
2014,4,All other breakfast cereal,74050,Census Region 1: Northeast,1,45579627,6176164762,29998343,4031729143,9229,0.738,0.0022,0.744,1.011141932
2014,5,All other breakfast cereal,74050,Census Region 1: Northeast,1,45907171,6216000051,30144387,4093358938,9223,0.739,0.0021,0.736,1.011898544
2014,6,All other breakfast cereal,74050,Census Region 1: Northeast,1,47046536,6385855596,30302634,4102919954,9242,0.737,0.0022,0.739,1.01088757
2014,7,All other breakfast cereal,74050,Census Region 1: Northeast,1,49975262,6713196655,31768751,4302273045,9219,0.744,0.0028,0.738,1.02232343
2014,8,All other breakfast cereal,74050,Census Region 1: Northeast,1,52375563,7203681437,32600646,4531007702,9261,0.727,0.0024,0.72,1.00620768
2014,9,All other breakfast cereal,74050,Census Region 1: Northeast,1,45528309,6149419469,29526140,3976296679,9391,0.74,0.0026,0.743,1.009120953
2014,10,All other breakfast cereal,74050,Census Region 1: Northeast,1,44795836,5990089677,28787128,3862244654,9239,0.748,0.0020,0.745,1.037623518
2014,11,All other breakfast cereal,74050,Census Region 1: Northeast,1,44421552,5892115427,27604904,3723477469,9201,0.754,0.0028,0.741,1.039878005
2014,12,All other breakfast cereal,74050,Census Region 1: Northeast,1,46227178,6132322741,27841109,3773623574,9550,0.754,0.0026,0.738,1.04027282
2015,1,All other breakfast cereal,74050,Census Region 1: Northeast,1,56140303,7894169567,33219576,4702390068,9784,0.711,0.0023,0.706,0.987581398
2015,2,All other breakfast cereal,74050,Census Region 1: Northeast,1,45236516,6137241885,27661292,3827138989,9657,0.737,0.0026,0.723,1.011469418
2015,3,All other breakfast cereal,74050,Census Region 1: Northeast,1,49026555,6516309444,29766601,4016420726,9671,0.752,0.0030,0.741,1.025832813
2015,4,All other breakfast cereal,74050,Census Region 1: Northeast,1,46040675,6110115721,28453430,3818696640,9615,0.754,0.0027,0.745,1.027108213
2015,5,All other breakfast cereal,74050,Census Region 1: Northeast,1,47041479,6246122355,28825511,3896434953,9628,0.753,0.0024,0.74,1.026157522
2015,6,All other breakfast cereal,74050,Census Region 1: Northeast,1,48805949,6566939604,29721621,4039450382,9627,0.743,0.0025,0.736,1.019898071
2015,7,All other breakfast cereal,74050,Census Region 1: Northeast,1,48866221,6597409962,30054895,4126992067,9576,0.741,0.0031,0.728,1.021823686
2015,8,All other breakfast cereal,74050,Census Region 1: Northeast,1,49394984,6707493833,30457543,4189069027,9552,0.736,0.0030,0.727,1.017715498
2015,9,All other breakfast cereal,74050,Census Region 1: Northeast,1,45704638,6080153742,28335670,3789655059,9555,0.752,0.0028,0.748,1.03904058
2015,10,All other breakfast cereal,74050,Census Region 1: Northeast,1,44711809,5915020804,27734529,3698489738,9466,0.756,0.0029,0.75,1.048160311
2015,11,All other breakfast cereal,74050,Census Region 1: Northeast,1,38708214,5148159093,25783009,3432009942,9478,0.752,0.0038,0.751,1.047372064
2015,12,All other breakfast cereal,74050,Census Region 1: Northeast,1,46858650,6274465906,29863794,4023212487,9710,0.747,0.0032,0.742,1.043760061
2016,1,All other breakfast cereal,74050,Census Region 1: Northeast,1,50902483,7059153837,31629842,4499493313,9737,0.721,0.0056,0.703,1.032438857
2016,2,All other breakfast cereal,74050,Census Region 1: Northeast,1,49755811,6884017058,31569676,4464704825,9642,0.723,0.0056,0.707,1.032013726
2016,3,All other breakfast cereal,74050,Census Region 1: Northeast,1,48268784,6571546316,30902809,4279994466,9642,0.735,0.0058,0.722,1.047576296
2016,4,All other breakfast cereal,74050,Census Region 1: Northeast,1,48767947,6731184039,30721205,4287662745,9656,0.725,0.0050,0.717,1.026402491
2016,5,All other breakfast cereal,74050,Census Region 1: Northeast,1,50071494,6850567824,32171416,4440420221,9698,0.731,0.0054,0.725,1.039158003
2016,6,All other breakfast cereal,74050,Census Region 1: Northeast,1,49280380,6720503155,32061858,4447730792,9657,0.733,0.0052,0.721,1.037705833
2016,7,All other breakfast cereal,74050,Census Region 1: Northeast,1,53841248,7374718891,33821574,4702203292,9663,0.73,0.0053,0.719,1.035776152
2016,8,All other breakfast cereal,74050,Census Region 1: Northeast,1,53699110,7447138844,34317691,4855687903,9666,0.721,0.0051,0.707,1.038175883
2016,9,All other breakfast cereal,74050,Census Region 1: Northeast,1,50317700,6894019977,31918226,4414229568,9644,0.73,0.0045,0.723,1.037137928
2016,10,All other breakfast cereal,74050,Census Region 1: Northeast,1,48347158,6516937693,30368549,4170413773,9649,0.742,0.0054,0.728,1.053122408
2016,11,All other breakfast cereal,74050,Census Region 1: Northeast,1,46750567,6408901564,28936391,4034677653,9615,0.729,0.0058,0.717,1.042994268
2016,12,All other breakfast cereal,74050,Census Region 1: Northeast,1,49457413,6743610281,30521298,4257272952,9586,0.733,0.0054,0.717,1.051691159
2017,1,All other breakfast cereal,74050,Census Region 1: Northeast,1,51876232,6984726308,31369962,4454798871,9066,0.743,0.0038,0.704,1.043039943
2017,2,All other breakfast cereal,74050,Census Region 1: Northeast,1,47172910,6383369503,29438584,4160137595,9089,0.739,0.0038,0.708,1.0448689
2017,3,All other breakfast cereal,74050,Census Region 1: Northeast,1,51257520,6853812272,32804629,4576066947,9080,0.748,0.0033,0.717,1.052281516
2017,4,All other breakfast cereal,74050,Census Region 1: Northeast,1,44830310,5983863173,29693161,4105818807,9045,0.749,0.0037,0.723,1.049927481
2017,5,All other breakfast cereal,74050,Census Region 1: Northeast,1,46845057,6288916565,30815380,4227747332,9061,0.745,0.0033,0.729,1.0516899
2017,6,All other breakfast cereal,74050,Census Region 1: Northeast,1,46577212,6280333717,31101419,4318753862,9048,0.742,0.0035,0.72,1.030390428
2017,7,All other breakfast cereal,74050,Census Region 1: Northeast,1,48166488,6535780588,32111623,4471660821,9071,0.737,0.0038,0.718,1.041480066
2017,8,All other breakfast cereal,74050,Census Region 1: Northeast,1,48444323,6586203846,32849028,4569403035,9046,0.736,0.0037,0.719,1.044282248
2017,9,All other breakfast cereal,74050,Census Region 1: Northeast,1,45376920,6143712939,29684257,4143214517,9048,0.739,0.0040,0.716,1.046676022
2017,10,All other breakfast cereal,74050,Census Region 1: Northeast,1,44580190,6068439573,30025352,4184880477,9024,0.735,0.0035,0.717,1.033544828
2017,11,All other breakfast cereal,74050,Census Region 1: Northeast,1,41370243,5550419660,27330981,3787708261,8994,0.745,0.0041,0.722,1.041406211
2017,12,All other breakfast cereal,74050,Census Region 1: Northeast,1,42962619,5730614594,28458303,3938126696,8974,0.75,0.0039,0.723,1.052576089
2018,1,All other breakfast cereal,74050,Census Region 1: Northeast,1,46551942,6334815394,29603198,4173249636,9229,0.735,0.0044,0.709,1.029386501
2018,2,All other breakfast cereal,74050,Census Region 1: Northeast,1,40962304,5600486349,27251472,3818348471,9245,0.731,0.0042,0.714,1.031514017
2018,3,All other breakfast cereal,74050,Census Region 1: Northeast,1,46969777,6254560803,30882953,4264707098,9260,0.751,0.0046,0.724,1.049729259
2018,4,All other breakfast cereal,74050,Census Region 1: Northeast,1,43880791,5897189409,28423982,3930275666,9254,0.744,0.0043,0.723,1.044804031
2018,5,All other breakfast cereal,74050,Census Region 1: Northeast,1,44477183,6071566891,29370732,4107193693,9234,0.733,0.0037,0.715,1.027028771
2018,6,All other breakfast cereal,74050,Census Region 1: Northeast,1,43575526,5921335540,29091856,4037093653,9242,0.736,0.0037,0.721,1.029549267
2018,7,All other breakfast cereal,74050,Census Region 1: Northeast,1,46287525,6259004594,30456654,4243686335,9256,0.74,0.0042,0.718,1.040295423
2018,8,All other breakfast cereal,74050,Census Region 1: Northeast,1,45747135,6203724761,30590902,4273161756,9224,0.737,0.0040,0.716,1.047534076
2018,9,All other breakfast cereal,74050,Census Region 1: Northeast,1,43445242,5788114867,28554763,3934389991,9197,0.751,0.0046,0.726,1.054487621
2018,10,All other breakfast cereal,74050,Census Region 1: Northeast,1,44698582,6107532830,28807813,4066929115,9164,0.732,0.0042,0.708,1.033662216
2018,11,All other breakfast cereal,74050,Census Region 1: Northeast,1,41382478,5550658343,26687674,3678675741,9125,0.746,0.0040,0.725,1.061192742
2018,12,All other breakfast cereal,74050,Census Region 1: Northeast,1,39321334,5215381461,25599211,3506963359,9139,0.754,0.0042,0.73,1.092681152
2012,1,All other breakfast cereal,74050,Census Region 2: Midwest,2,73080743,10725821006,43504559,6538912599,10981,0.681,0.0020,0.665,0.994535213
2012,2,All other breakfast cereal,74050,Census Region 2: Midwest,2,64165135,9740871432,40085659,6200027574,10957,0.659,0.0017,0.647,0.977796796
2012,3,All other breakfast cereal,74050,Census Region 2: Midwest,2,66939855,10126200294,41111253,6294160323,10959,0.661,0.0016,0.653,0.967029323
2012,4,All other breakfast cereal,74050,Census Region 2: Midwest,2,66753856,10080793815,41591409,6399132705,10980,0.662,0.0015,0.65,0.958198273
2012,5,All other breakfast cereal,74050,Census Region 2: Midwest,2,65318572,9716022746,40741129,6162958442,11010,0.672,0.0013,0.661,0.984290664
2012,6,All other breakfast cereal,74050,Census Region 2: Midwest,2,65444568,9831457828,41081156,6286058751,11060,0.666,0.0015,0.654,0.983410858
2012,7,All other breakfast cereal,74050,Census Region 2: Midwest,2,69208867,10381998982,43788174,6711641470,11092,0.667,0.0017,0.652,0.986646202
2012,8,All other breakfast cereal,74050,Census Region 2: Midwest,2,66260108,10028741624,41751028,6462994767,11088,0.661,0.0014,0.646,0.978193568
2012,9,All other breakfast cereal,74050,Census Region 2: Midwest,2,61541393,9228975311,38518649,5914247529,11078,0.667,0.0015,0.651,0.981205483
2012,10,All other breakfast cereal,74050,Census Region 2: Midwest,2,63282833,9517468835,39407287,6041044521,11087,0.665,0.0012,0.652,0.978299876
2012,11,All other breakfast cereal,74050,Census Region 2: Midwest,2,58714316,8713144620,36285894,5530975840,11085,0.674,0.0026,0.656,0.996171175
2012,12,All other breakfast cereal,74050,Census Region 2: Midwest,2,73484423,11007120417,44570551,6877429397,11232,0.668,0.0020,0.648,0.990763551
2013,1,All other breakfast cereal,74050,Census Region 2: Midwest,2,68610854,10356397466,39270577,6116948542,10467,0.662,0.0015,0.642,0.982789616
2013,2,All other breakfast cereal,74050,Census Region 2: Midwest,2,59836302,8947294717,35027514,5393958936,10505,0.669,0.0011,0.649,0.98765034
2013,3,All other breakfast cereal,74050,Census Region 2: Midwest,2,63938740,9633250975,38380173,5921287051,10562,0.664,0.0010,0.648,0.990601681
2013,4,All other breakfast cereal,74050,Census Region 2: Midwest,2,58012927,8738527915,34831245,5393352996,10570,0.664,0.0010,0.646,0.987753882
2013,5,All other breakfast cereal,74050,Census Region 2: Midwest,2,59205135,8857927363,36118469,5559682112,10555,0.668,0.0009,0.65,0.995672556
2013,6,All other breakfast cereal,74050,Census Region 2: Midwest,2,58469593,8899074681,35185441,5511252985,10492,0.657,0.0010,0.638,0.984742312
2013,7,All other breakfast cereal,74050,Census Region 2: Midwest,2,58628047,9010192722,35333926,5624200016,10532,0.651,0.0012,0.628,0.984707882
2013,8,All other breakfast cereal,74050,Census Region 2: Midwest,2,56583834,8690651426,34159680,5432305212,10527,0.651,0.0010,0.629,0.989020726
2013,9,All other breakfast cereal,74050,Census Region 2: Midwest,2,49970037,7572283767,30009871,4687427515,10588,0.66,0.0012,0.64,0.994813389
2013,10,All other breakfast cereal,74050,Census Region 2: Midwest,2,49356644,7447005261,29833611,4645390500,10479,0.663,0.0012,0.642,0.992883988
2013,11,All other breakfast cereal,74050,Census Region 2: Midwest,2,46378078,6986562340,28005780,4339906231,10485,0.664,0.0012,0.645,1.000534367
2013,12,All other breakfast cereal,74050,Census Region 2: Midwest,2,50335829,7460314399,30352950,4671698500,10712,0.675,0.0022,0.65,1.009569003
2014,1,All other breakfast cereal,74050,Census Region 2: Midwest,2,57053315,8687540715,35107650,5465828779,10893,0.657,0.0020,0.642,0.985582791
2014,2,All other breakfast cereal,74050,Census Region 2: Midwest,2,54944734,8462912660,33105765,5166471487,10904,0.649,0.0028,0.641,0.983214564
2014,3,All other breakfast cereal,74050,Census Region 2: Midwest,2,57465301,8928315696,35338374,5600105809,10997,0.644,0.0016,0.631,0.970667045
2014,4,All other breakfast cereal,74050,Census Region 2: Midwest,2,53084231,8310304890,32778865,5200851596,10848,0.639,0.0017,0.63,0.970052767
2014,5,All other breakfast cereal,74050,Census Region 2: Midwest,2,51229697,7880134794,32176872,5048706538,10741,0.65,0.0013,0.637,0.978791455
2014,6,All other breakfast cereal,74050,Census Region 2: Midwest,2,52735256,8227315797,33503364,5323240641,10821,0.641,0.0016,0.629,0.974842257
2014,7,All other breakfast cereal,74050,Census Region 2: Midwest,2,55713539,8758001333,35668758,5685859475,10727,0.636,0.0015,0.627,0.958901269
2014,8,All other breakfast cereal,74050,Census Region 2: Midwest,2,52021504,8120954117,34383084,5431208418,10516,0.641,0.0012,0.633,0.979786364
2014,9,All other breakfast cereal,74050,Census Region 2: Midwest,2,51176059,7921277994,31129925,4930781086,10387,0.646,0.0014,0.631,0.976353139
2014,10,All other breakfast cereal,74050,Census Region 2: Midwest,2,54377795,8262590437,32238643,5026892706,10380,0.658,0.0019,0.641,0.987694758
2014,11,All other breakfast cereal,74050,Census Region 2: Midwest,2,52374288,7968780014,30817220,4825676457,10369,0.657,0.0021,0.639,0.996260929
2014,12,All other breakfast cereal,74050,Census Region 2: Midwest,2,55359772,8361196309,32573655,5070990144,10813,0.662,0.0017,0.642,1.001982403
2015,1,All other breakfast cereal,74050,Census Region 2: Midwest,2,64435148,10017862136,37232119,5964982283,11058,0.643,0.0020,0.624,0.96752038
2015,2,All other breakfast cereal,74050,Census Region 2: Midwest,2,51714468,7961380422,30867624,4857750357,10799,0.65,0.0015,0.635,0.985142616
2015,3,All other breakfast cereal,74050,Census Region 2: Midwest,2,55684106,8502866266,33519853,5233479104,10844,0.655,0.0016,0.64,0.979340088
2015,4,All other breakfast cereal,74050,Census Region 2: Midwest,2,54392600,8282090059,32624631,5087469529,10795,0.657,0.0022,0.641,0.984825279
2015,5,All other breakfast cereal,74050,Census Region 2: Midwest,2,55187807,8536571424,33760116,5339973232,10800,0.646,0.0014,0.632,0.983255648
2015,6,All other breakfast cereal,74050,Census Region 2: Midwest,2,55212701,8463233174,32957652,5178910066,10819,0.652,0.0014,0.636,0.992474893
2015,7,All other breakfast cereal,74050,Census Region 2: Midwest,2,55897796,8636427996,33927725,5338073184,10844,0.647,0.0015,0.636,0.987487379
2015,8,All other breakfast cereal,74050,Census Region 2: Midwest,2,55930903,8702670657,34081307,5375772446,10871,0.643,0.0014,0.634,0.982660409
2015,9,All other breakfast cereal,74050,Census Region 2: Midwest,2,51081440,7753893689,31020661,4809771652,10699,0.659,0.0015,0.645,0.998323175
2015,10,All other breakfast cereal,74050,Census Region 2: Midwest,2,53020998,8015964704,32144154,4965326404,10698,0.661,0.0014,0.647,0.99863448
2015,11,All other breakfast cereal,74050,Census Region 2: Midwest,2,52810018,7942127814,30639217,4720064787,10808,0.665,0.0018,0.649,1.003421842
2015,12,All other breakfast cereal,74050,Census Region 2: Midwest,2,64523021,9811802128,37621152,5877682908,11027,0.658,0.0017,0.64,0.990698428
2016,1,All other breakfast cereal,74050,Census Region 2: Midwest,2,57674282,8765212605,33597610,5290145045,11341,0.658,0.0024,0.635,0.993791213
2016,2,All other breakfast cereal,74050,Census Region 2: Midwest,2,57374877,8646063318,33480578,5173167129,11248,0.664,0.0024,0.647,1.004348483
2016,3,All other breakfast cereal,74050,Census Region 2: Midwest,2,55986934,8491073892,34772434,5410646157,11237,0.659,0.0023,0.643,0.989712774
2016,4,All other breakfast cereal,74050,Census Region 2: Midwest,2,54138512,8265072410,33721137,5265968219,11289,0.655,0.0021,0.64,0.995047956
2016,5,All other breakfast cereal,74050,Census Region 2: Midwest,2,54147384,8238134708,34342612,5339482244,11320,0.657,0.0020,0.643,1.003014665
2016,6,All other breakfast cereal,74050,Census Region 2: Midwest,2,54888604,8436420421,34234682,5360316834,11271,0.651,0.0016,0.639,0.97904588
2016,7,All other breakfast cereal,74050,Census Region 2: Midwest,2,57644205,8758006846,35879508,5543592593,11240,0.658,0.0022,0.647,0.997559734
2016,8,All other breakfast cereal,74050,Census Region 2: Midwest,2,58560644,9028716426,36970510,5800950910,11201,0.649,0.0016,0.637,0.995677305
2016,9,All other breakfast cereal,74050,Census Region 2: Midwest,2,54037829,8287331128,34093193,5326168340,11149,0.652,0.0014,0.64,0.99068501
2016,10,All other breakfast cereal,74050,Census Region 2: Midwest,2,53023674,8116527513,33361672,5223457438,11207,0.653,0.0019,0.639,0.986020453
2016,11,All other breakfast cereal,74050,Census Region 2: Midwest,2,51424036,7841018565,31567737,4924498460,11164,0.656,0.0018,0.641,0.986128831
2016,12,All other breakfast cereal,74050,Census Region 2: Midwest,2,59196657,9021167341,35571180,5598802518,11155,0.656,0.0034,0.635,0.987120074
2017,1,All other breakfast cereal,74050,Census Region 2: Midwest,2,68912088,10837355527,35136229,5661060689,10401,0.636,0.0031,0.621,0.97184669
2017,2,All other breakfast cereal,74050,Census Region 2: Midwest,2,60888751,9516245737,32256935,5152804288,10345,0.64,0.0031,0.626,0.975924552
2017,3,All other breakfast cereal,74050,Census Region 2: Midwest,2,66201242,10172410655,35805802,5650229898,10382,0.651,0.0029,0.634,0.992250893
2017,4,All other breakfast cereal,74050,Census Region 2: Midwest,2,58085206,8879224027,32804831,5111839776,10411,0.654,0.0038,0.642,0.98742564
2017,5,All other breakfast cereal,74050,Census Region 2: Midwest,2,58379893,8932519295,34161225,5365071272,10326,0.654,0.0029,0.637,0.9941472
2017,6,All other breakfast cereal,74050,Census Region 2: Midwest,2,56278339,8739555694,34427372,5418248289,10374,0.644,0.0025,0.635,0.981899797
2017,7,All other breakfast cereal,74050,Census Region 2: Midwest,2,54600424,8583821653,34728224,5474912215,10440,0.636,0.0020,0.634,0.984143715
2017,8,All other breakfast cereal,74050,Census Region 2: Midwest,2,53547625,8598974042,35179819,5630598717,10351,0.623,0.0021,0.625,0.986443823
2017,9,All other breakfast cereal,74050,Census Region 2: Midwest,2,49931806,8258056237,31935960,5201299811,10262,0.605,0.0026,0.614,0.962246154
2017,10,All other breakfast cereal,74050,Census Region 2: Midwest,2,50184206,8017486405,32381166,5092741584,10340,0.626,0.0030,0.636,0.990081499
2017,11,All other breakfast cereal,74050,Census Region 2: Midwest,2,47215696,7499055313,30288470,4750361177,10196,0.63,0.0027,0.638,0.99055602
2017,12,All other breakfast cereal,74050,Census Region 2: Midwest,2,51809732,8238901160,33583540,5287579854,10200,0.629,0.0027,0.635,0.979797024
2018,1,All other breakfast cereal,74050,Census Region 2: Midwest,2,56419346,9275446035,34213703,5567760780,10430,0.608,0.0034,0.614,0.94697847
2018,2,All other breakfast cereal,74050,Census Region 2: Midwest,2,51817755,8417155448,31612860,5079169548,10422,0.616,0.0035,0.622,0.965787816
2018,3,All other breakfast cereal,74050,Census Region 2: Midwest,2,56993487,9094073280,34862356,5529500369,10445,0.627,0.0042,0.63,0.963191996
2018,4,All other breakfast cereal,74050,Census Region 2: Midwest,2,54897590,8946620442,34542967,5618228077,10569,0.614,0.0041,0.615,0.947916129
2018,5,All other breakfast cereal,74050,Census Region 2: Midwest,2,53255530,8560475422,33590264,5344139887,10204,0.622,0.0044,0.629,0.972968741
2018,6,All other breakfast cereal,74050,Census Region 2: Midwest,2,53726373,8675978472,33641401,5380198274,10519,0.619,0.0045,0.625,0.969935315
2018,7,All other breakfast cereal,74050,Census Region 2: Midwest,2,54942470,8746381071,34921361,5549691242,10625,0.628,0.0034,0.629,0.982143457
2018,8,All other breakfast cereal,74050,Census Region 2: Midwest,2,53934688,8667642430,34509178,5592277066,10508,0.622,0.0017,0.617,0.957761676
2018,9,All other breakfast cereal,74050,Census Region 2: Midwest,2,48896752,7895774952,31932468,5292672227,10589,0.619,0.0028,0.603,0.950451739
2018,10,All other breakfast cereal,74050,Census Region 2: Midwest,2,49372094,7831703519,32025550,5104787747,10499,0.63,0.0023,0.627,0.987603878
2018,11,All other breakfast cereal,74050,Census Region 2: Midwest,2,48051012,7586972138,30549203,4836735926,10466,0.633,0.0022,0.632,0.971784784
2018,12,All other breakfast cereal,74050,Census Region 2: Midwest,2,47999844,7493056909,30671101,4792264388,10482,0.641,0.0021,0.64,1.000313827
2012,1,All other breakfast cereal,74050,Census Region 3: South,3,139507226,20110616626,96114039,14024538389,24466,0.694,0.0006,0.685,0.979217918
2012,2,All other breakfast cereal,74050,Census Region 3: South,3,121800044,17592839161,88673861,13156886960,24434,0.692,0.0006,0.674,0.997650896
2012,3,All other breakfast cereal,74050,Census Region 3: South,3,126742100,18225471229,93055551,13700101199,24346,0.695,0.0005,0.679,0.99577651
2012,4,All other breakfast cereal,74050,Census Region 3: South,3,122862334,17794130874,90544957,13467905520,24413,0.69,0.0007,0.672,0.977130818
2012,5,All other breakfast cereal,74050,Census Region 3: South,3,121830495,17615427009,89117144,13068445759,24389,0.692,0.0005,0.682,0.996478972
2012,6,All other breakfast cereal,74050,Census Region 3: South,3,124435387,18017005270,91691819,13581825925,24455,0.691,0.0005,0.675,0.999259274
2012,7,All other breakfast cereal,74050,Census Region 3: South,3,128895942,18650651242,96541932,14366089260,24571,0.691,0.0007,0.672,1.002458316
2012,8,All other breakfast cereal,74050,Census Region 3: South,3,123720786,17918756920,91437106,13566092957,24490,0.69,0.0005,0.674,1.005270868
2012,9,All other breakfast cereal,74050,Census Region 3: South,3,113883513,16417418051,84272793,12445155325,24500,0.694,0.0005,0.677,0.999581406
2012,10,All other breakfast cereal,74050,Census Region 3: South,3,116665235,16720872058,85686681,12576926322,24548,0.698,0.0009,0.681,1.008069377
2012,11,All other breakfast cereal,74050,Census Region 3: South,3,108919684,15693376544,78650181,11567067198,24553,0.694,0.0009,0.68,1.005338084
2012,12,All other breakfast cereal,74050,Census Region 3: South,3,132201233,19037482851,95340457,14116311476,25025,0.694,0.0008,0.675,1.007152956
2013,1,All other breakfast cereal,74050,Census Region 3: South,3,121093493,17616974143,86752905,12949824893,22336,0.687,0.0008,0.67,0.99638933
2013,2,All other breakfast cereal,74050,Census Region 3: South,3,106384850,15305106047,75121404,11047388929,22387,0.695,0.0007,0.68,1.007169136
2013,3,All other breakfast cereal,74050,Census Region 3: South,3,116825363,16946478936,83911126,12461123485,22410,0.689,0.0005,0.673,1.001406812
2013,4,All other breakfast cereal,74050,Census Region 3: South,3,111349869,16146263450,78001391,11539103055,22459,0.69,0.0008,0.676,0.991702391
2013,5,All other breakfast cereal,74050,Census Region 3: South,3,112340705,16248918923,79547103,11795373753,22469,0.691,0.0007,0.674,1.005839597
2013,6,All other breakfast cereal,74050,Census Region 3: South,3,110216328,16132414450,77765412,11676201470,22423,0.683,0.0007,0.666,0.99553049
2013,7,All other breakfast cereal,74050,Census Region 3: South,3,110598036,16502562656,78247458,12000736059,22442,0.67,0.0009,0.652,0.99239174
2013,8,All other breakfast cereal,74050,Census Region 3: South,3,107494066,15947108741,76720068,11706677523,22365,0.674,0.0007,0.655,0.999811844
2013,9,All other breakfast cereal,74050,Census Region 3: South,3,93749948,13785001101,66574115,10053823041,22638,0.68,0.0006,0.662,1.001874924
2013,10,All other breakfast cereal,74050,Census Region 3: South,3,95000266,14114809258,66973739,10129836502,22391,0.673,0.0010,0.661,0.987180573
2013,11,All other breakfast cereal,74050,Census Region 3: South,3,90651208,13112073122,62395248,9284557621,22309,0.691,0.0008,0.672,1.007927348
2013,12,All other breakfast cereal,74050,Census Region 3: South,3,97171633,14139552463,66201013,9911423283,22583,0.687,0.0008,0.668,1.005478118
2014,1,All other breakfast cereal,74050,Census Region 3: South,3,113417320,16652157003,76423693,11501486337,23498,0.681,0.0014,0.664,0.992851826
2014,2,All other breakfast cereal,74050,Census Region 3: South,3,104801892,15322586488,71635102,10774667055,23672,0.684,0.0011,0.665,0.999999071
2014,3,All other breakfast cereal,74050,Census Region 3: South,3,111945192,16493030762,76891662,11648500217,23835,0.679,0.0011,0.66,0.985483817
2014,4,All other breakfast cereal,74050,Census Region 3: South,3,103936202,15432243690,71247535,10871791463,23533,0.674,0.0012,0.655,0.986962009
2014,5,All other breakfast cereal,74050,Census Region 3: South,3,98886226,14599503520,69722606,10508840135,23555,0.677,0.0008,0.663,0.994064186
2014,6,All other breakfast cereal,74050,Census Region 3: South,3,103482474,15591857096,73802968,11307712528,23971,0.664,0.0007,0.653,0.978994878
2014,7,All other breakfast cereal,74050,Census Region 3: South,3,107782880,16127911535,77238874,11811745098,23866,0.668,0.0009,0.654,0.981178795
2014,8,All other breakfast cereal,74050,Census Region 3: South,3,104983206,15640402389,74926528,11348692766,23806,0.671,0.0008,0.66,0.981122171
2014,9,All other breakfast cereal,74050,Census Region 3: South,3,92562320,13751448246,66454598,10062581001,23763,0.673,0.0007,0.66,0.98172042
2014,10,All other breakfast cereal,74050,Census Region 3: South,3,93951320,13781668544,67544517,10096314614,23598,0.682,0.0011,0.669,0.998286451
2014,11,All other breakfast cereal,74050,Census Region 3: South,3,91307315,13461231299,65461227,9833014498,23618,0.678,0.0009,0.666,1.002712937
2014,12,All other breakfast cereal,74050,Census Region 3: South,3,94681002,13861569735,67742077,10144666033,24400,0.683,0.0008,0.668,1.011587298
2015,1,All other breakfast cereal,74050,Census Region 3: South,3,117242860,17438261457,75771735,11740095309,24544,0.672,0.0006,0.645,0.981187966
2015,2,All other breakfast cereal,74050,Census Region 3: South,3,101542016,14883289920,65429176,9959121710,24191,0.682,0.0007,0.657,0.995355853
2015,3,All other breakfast cereal,74050,Census Region 3: South,3,104898268,15275291070,69296653,10465258490,24208,0.687,0.0007,0.662,0.993745708
2015,4,All other breakfast cereal,74050,Census Region 3: South,3,101078840,14804416999,66813015,10131920686,24042,0.683,0.0006,0.659,0.993591799
2015,5,All other breakfast cereal,74050,Census Region 3: South,3,99972860,14711182072,66974799,10208338651,24107,0.68,0.0007,0.656,1.000182735
2015,6,All other breakfast cereal,74050,Census Region 3: South,3,103898407,15340037410,68437432,10420632194,24035,0.677,0.0006,0.657,0.999364565
2015,7,All other breakfast cereal,74050,Census Region 3: South,3,109377385,16261244811,71571977,10939243901,23998,0.673,0.0006,0.654,0.993490334
2015,8,All other breakfast cereal,74050,Census Region 3: South,3,105912703,15786149820,70907372,10838547542,24045,0.671,0.0007,0.654,0.99590894
2015,9,All other breakfast cereal,74050,Census Region 3: South,3,97093291,14285776921,63341153,9593486942,24046,0.68,0.0006,0.66,1.001099467
2015,10,All other breakfast cereal,74050,Census Region 3: South,3,101783974,14930235741,65728204,9931712735,24024,0.682,0.0007,0.662,1.005167297
2015,11,All other breakfast cereal,74050,Census Region 3: South,3,97453271,14182314409,62562203,9389937588,24134,0.687,0.0008,0.666,1.008931883
2015,12,All other breakfast cereal,74050,Census Region 3: South,3,116300405,17065244697,74885015,11380408266,24526,0.682,0.0007,0.658,1.004569281
2016,1,All other breakfast cereal,74050,Census Region 3: South,3,111557465,16493427174,73284147,11151120205,25733,0.676,0.0010,0.657,0.989408557
2016,2,All other breakfast cereal,74050,Census Region 3: South,3,107954322,15906267081,72976940,11045731686,25456,0.679,0.0010,0.661,0.995175114
2016,3,All other breakfast cereal,74050,Census Region 3: South,3,109121397,16032333680,75455233,11393041475,25591,0.681,0.0007,0.662,0.990616144
2016,4,All other breakfast cereal,74050,Census Region 3: South,3,103961332,15315791270,71780215,10855438632,25580,0.679,0.0008,0.661,0.99453997
2016,5,All other breakfast cereal,74050,Census Region 3: South,3,104566097,15374368363,72308913,10886249602,25682,0.68,0.0009,0.664,0.999737069
2016,6,All other breakfast cereal,74050,Census Region 3: South,3,105729140,15645687134,74208226,11282380688,25575,0.676,0.0010,0.658,0.997244516
2016,7,All other breakfast cereal,74050,Census Region 3: South,3,111236981,16494174688,77385718,11729712046,25559,0.674,0.0007,0.66,0.993303073
2016,8,All other breakfast cereal,74050,Census Region 3: South,3,111627431,16721558289,78946209,12129903982,25466,0.668,0.0007,0.651,0.99146009
2016,9,All other breakfast cereal,74050,Census Region 3: South,3,100072447,14931816223,70532032,10793125799,25342,0.67,0.0008,0.653,0.982286231
2016,10,All other breakfast cereal,74050,Census Region 3: South,3,100161901,14818707393,71048883,10802591926,25445,0.676,0.0008,0.658,0.998036458
2016,11,All other breakfast cereal,74050,Census Region 3: South,3,95429063,14148388029,67282395,10235098362,25229,0.674,0.0008,0.657,0.995466588
2016,12,All other breakfast cereal,74050,Census Region 3: South,3,102638865,15173748360,72489827,11023085569,25271,0.676,0.0011,0.658,1.006710995
2017,1,All other breakfast cereal,74050,Census Region 3: South,3,115806053,17472762559,77406318,12051177440,21940,0.663,0.0010,0.642,0.984849268
2017,2,All other breakfast cereal,74050,Census Region 3: South,3,105447263,16083593740,71491420,11188330486,21941,0.656,0.0009,0.639,0.975098677
2017,3,All other breakfast cereal,74050,Census Region 3: South,3,114961004,17144979357,79452917,12266083507,21950,0.671,0.0010,0.648,0.989213197
2017,4,All other breakfast cereal,74050,Census Region 3: South,3,105572193,15669026645,72884407,11168252033,21924,0.674,0.0008,0.653,0.991405605
2017,5,All other breakfast cereal,74050,Census Region 3: South,3,105306655,15667147713,73958289,11404047252,21877,0.672,0.0010,0.649,0.996387504
2017,6,All other breakfast cereal,74050,Census Region 3: South,3,107168148,16120315753,75611774,11710178446,21919,0.665,0.0009,0.646,0.991210185
2017,7,All other breakfast cereal,74050,Census Region 3: South,3,108619159,16447624021,77211811,11986513448,22028,0.66,0.0008,0.644,0.981272584
2017,8,All other breakfast cereal,74050,Census Region 3: South,3,108171490,16534949103,77865045,12215627039,21884,0.654,0.0007,0.637,0.987757415
2017,9,All other breakfast cereal,74050,Census Region 3: South,3,100655842,15554802996,71507088,11370260713,21792,0.647,0.0009,0.629,0.969415743
2017,10,All other breakfast cereal,74050,Census Region 3: South,3,101209103,15426740846,72137833,11198204980,21829,0.656,0.0008,0.644,0.981615762
2017,11,All other breakfast cereal,74050,Census Region 3: South,3,91481064,13760597066,65378751,10089739198,21695,0.665,0.0008,0.648,0.984891778
2017,12,All other breakfast cereal,74050,Census Region 3: South,3,97665383,14674625456,70230157,10821384120,21767,0.666,0.0009,0.649,0.992697589
2018,1,All other breakfast cereal,74050,Census Region 3: South,3,110781012,16806922531,72829227,11388867937,21720,0.659,0.0007,0.639,0.97316734
2018,2,All other breakfast cereal,74050,Census Region 3: South,3,98571440,14925492224,65885484,10287632022,21714,0.66,0.0007,0.64,0.981495288
2018,3,All other breakfast cereal,74050,Census Region 3: South,3,111245440,16612396268,72591747,11189367467,21834,0.67,0.0007,0.649,0.985364339
2018,4,All other breakfast cereal,74050,Census Region 3: South,3,101877008,15625426885,70920397,11157121302,21860,0.652,0.0009,0.636,0.968396097
2018,5,All other breakfast cereal,74050,Census Region 3: South,3,100154939,15263866202,70625148,10991963529,21662,0.656,0.0006,0.643,0.974451973
2018,6,All other breakfast cereal,74050,Census Region 3: South,3,100765570,15377414845,71289809,11155962600,21612,0.655,0.0006,0.639,0.97275238
2018,7,All other breakfast cereal,74050,Census Region 3: South,3,102892240,15518749805,73824580,11431589071,21664,0.663,0.0006,0.646,0.989726258
2018,8,All other breakfast cereal,74050,Census Region 3: South,3,101945620,15538530441,72821002,11407045798,21404,0.656,0.0006,0.638,0.973108848
2018,9,All other breakfast cereal,74050,Census Region 3: South,3,93703331,14332498149,67622926,10829233507,21306,0.654,0.0012,0.624,0.965125809
2018,10,All other breakfast cereal,74050,Census Region 3: South,3,95678937,14475094688,68036528,10563809779,21225,0.661,0.0005,0.644,0.981119752
2018,11,All other breakfast cereal,74050,Census Region 3: South,3,89451143,13456333401,63783457,9899470352,21158,0.665,0.0006,0.644,0.990559274
2018,12,All other breakfast cereal,74050,Census Region 3: South,3,88309608,13175444469,63490634,9733153283,21172,0.67,0.0006,0.652,1.023647789
2012,1,All other breakfast cereal,74050,Census Region 4: West,4,67926911,9675365982,41173355,6057071213,9997,0.702,0.0026,0.68,1.021298495
2012,2,All other breakfast cereal,74050,Census Region 4: West,4,61685765,8854547994,37777398,5618523767,9986,0.697,0.0027,0.672,1.018222201
2012,3,All other breakfast cereal,74050,Census Region 4: West,4,64455217,9393168270,40295716,6017813421,9969,0.686,0.0021,0.67,1.010034929
2012,4,All other breakfast cereal,74050,Census Region 4: West,4,62800626,9299155366,40687306,6196774338,10013,0.675,0.0027,0.657,0.984528279
2012,5,All other breakfast cereal,74050,Census Region 4: West,4,60663249,8812966278,38325630,5710644569,9987,0.688,0.0025,0.671,1.010565121
2012,6,All other breakfast cereal,74050,Census Region 4: West,4,60606571,8914840840,39073203,5882598972,10002,0.68,0.0023,0.664,0.999486685
2012,7,All other breakfast cereal,74050,Census Region 4: West,4,64360062,9456812142,41205860,6211629759,10043,0.681,0.0029,0.663,0.997320941
2012,8,All other breakfast cereal,74050,Census Region 4: West,4,61683046,9112878774,38984389,5854634940,10020,0.677,0.0017,0.666,0.994300704
2012,9,All other breakfast cereal,74050,Census Region 4: West,4,55947570,8187073230,36415440,5456969123,10017,0.683,0.0024,0.667,1.008715364
2012,10,All other breakfast cereal,74050,Census Region 4: West,4,57404099,8449150501,37622848,5606467230,10021,0.679,0.0019,0.671,1.003916604
2012,11,All other breakfast cereal,74050,Census Region 4: West,4,51245069,7510346025,34042902,5061218366,10043,0.682,0.0035,0.673,1.01088644
2012,12,All other breakfast cereal,74050,Census Region 4: West,4,61826311,9031270112,40584809,6085929655,10170,0.685,0.0022,0.667,1.022854099
2013,1,All other breakfast cereal,74050,Census Region 4: West,4,61447375,9033253327,37993589,5758590392,9084,0.68,0.0019,0.66,1.014880147
2013,2,All other breakfast cereal,74050,Census Region 4: West,4,53079118,7748287452,32812120,4877650350,9092,0.685,0.0017,0.673,1.032342231
2013,3,All other breakfast cereal,74050,Census Region 4: West,4,58659128,8732100486,36731971,5553862197,9119,0.672,0.0018,0.661,1.018608412
2013,4,All other breakfast cereal,74050,Census Region 4: West,4,54969206,8166185571,34198971,5152464484,9131,0.673,0.0015,0.664,1.014276162
2013,5,All other breakfast cereal,74050,Census Region 4: West,4,56950921,8522302203,35527206,5419079834,9122,0.668,0.0019,0.656,1.01002338
2013,6,All other breakfast cereal,74050,Census Region 4: West,4,55755573,8433814832,34972042,5387669989,9110,0.661,0.0019,0.649,1.000442943
2013,7,All other breakfast cereal,74050,Census Region 4: West,4,55605849,8480948913,34877878,5464966332,9104,0.656,0.0022,0.638,0.996146445
2013,8,All other breakfast cereal,74050,Census Region 4: West,4,52794724,7952957281,32803301,5045812292,9088,0.664,0.0017,0.65,1.008958545
2013,9,All other breakfast cereal,74050,Census Region 4: West,4,47953856,7213905138,30245690,4678652458,9216,0.665,0.0022,0.646,1.014125712
2013,10,All other breakfast cereal,74050,Census Region 4: West,4,47627520,7143038820,30086988,4617658998,9131,0.667,0.0020,0.652,1.014097755
2013,11,All other breakfast cereal,74050,Census Region 4: West,4,44075646,6525881186,27637413,4234400468,9079,0.675,0.0023,0.653,1.031529274
2013,12,All other breakfast cereal,74050,Census Region 4: West,4,45168694,6596180720,28519511,4318401373,9190,0.685,0.0025,0.66,1.038308554
2014,1,All other breakfast cereal,74050,Census Region 4: West,4,52593958,7889875320,32760484,5045869261,9694,0.667,0.0017,0.649,1.013485569
2014,2,All other breakfast cereal,74050,Census Region 4: West,4,48795017,7322886493,30087893,4600083845,9669,0.666,0.0017,0.654,1.00866765
2014,3,All other breakfast cereal,74050,Census Region 4: West,4,52930329,8068715337,33284823,5213828353,9759,0.656,0.0018,0.638,1.003470532
2014,4,All other breakfast cereal,74050,Census Region 4: West,4,51739286,7926375731,32301413,5028960061,9689,0.653,0.0016,0.642,0.995801786
2014,5,All other breakfast cereal,74050,Census Region 4: West,4,50346737,7606081256,31282256,4798160784,9677,0.662,0.0016,0.652,1.005630705
2014,6,All other breakfast cereal,74050,Census Region 4: West,4,51987407,8015073547,33083695,5199725348,9707,0.649,0.0016,0.636,0.995934771
2014,7,All other breakfast cereal,74050,Census Region 4: West,4,54888147,8397833480,35119213,5522660767,9641,0.654,0.0018,0.636,0.999009345
2014,8,All other breakfast cereal,74050,Census Region 4: West,4,53675243,8180183375,33289116,5123443223,9627,0.656,0.0015,0.65,1.004764634
2014,9,All other breakfast cereal,74050,Census Region 4: West,4,47963452,7316537616,30245420,4687259586,9629,0.656,0.0015,0.645,1.011597877
2014,10,All other breakfast cereal,74050,Census Region 4: West,4,48777511,7308369504,31030298,4766339048,9622,0.667,0.0019,0.651,1.021281365
2014,11,All other breakfast cereal,74050,Census Region 4: West,4,46556120,6990585925,29661910,4559391294,9569,0.666,0.0019,0.651,1.025119233
2014,12,All other breakfast cereal,74050,Census Region 4: West,4,46708738,6881573686,29839507,4526455760,9772,0.679,0.0020,0.659,1.041520915
2015,1,All other breakfast cereal,74050,Census Region 4: West,4,57627564,8876936837,36755483,5699508630,10250,0.649,0.0016,0.645,0.975524574
2015,2,All other breakfast cereal,74050,Census Region 4: West,4,45829710,6914422963,29616592,4542235565,10096,0.663,0.0018,0.652,1.004620323
2015,3,All other breakfast cereal,74050,Census Region 4: West,4,51223356,7692280626,33235734,5103466160,10152,0.666,0.0023,0.651,1.0094739
2015,4,All other breakfast cereal,74050,Census Region 4: West,4,50842623,7714553338,33518960,5190125082,10116,0.659,0.0018,0.646,1.001046549
2015,5,All other breakfast cereal,74050,Census Region 4: West,4,52285855,7971376785,33901700,5282437129,10094,0.656,0.0018,0.642,0.995317563
2015,6,All other breakfast cereal,74050,Census Region 4: West,4,50112139,7597655969,32382567,4988282993,10141,0.66,0.0018,0.649,1.011306612
2015,7,All other breakfast cereal,74050,Census Region 4: West,4,53367731,8094318541,35044249,5421733478,10124,0.659,0.0020,0.646,1.018167323
2015,8,All other breakfast cereal,74050,Census Region 4: West,4,51918307,7875733725,34089124,5221505494,10138,0.659,0.0017,0.653,1.02772781
2015,9,All other breakfast cereal,74050,Census Region 4: West,4,47720652,7120077561,31387138,4798296819,10095,0.67,0.0017,0.654,1.028489129
2015,10,All other breakfast cereal,74050,Census Region 4: West,4,48974186,7203274887,32407868,4880475990,10096,0.68,0.0017,0.664,1.038547348
2015,11,All other breakfast cereal,74050,Census Region 4: West,4,46653508,6887442292,30736774,4667713595,10146,0.677,0.0024,0.658,1.0385711
2015,12,All other breakfast cereal,74050,Census Region 4: West,4,55573687,8216776137,36683804,5549175319,10284,0.676,0.0016,0.661,1.023483295
2016,1,All other breakfast cereal,74050,Census Region 4: West,4,55435338,8515691177,34212750,5267596564,10366,0.651,0.0018,0.649,1.003182837
2016,2,All other breakfast cereal,74050,Census Region 4: West,4,54009423,8091163771,33583869,5067278983,10270,0.668,0.0017,0.663,1.027685651
2016,3,All other breakfast cereal,74050,Census Region 4: West,4,57951803,8683782406,37103380,5611125833,10292,0.667,0.0018,0.661,1.018723018
2016,4,All other breakfast cereal,74050,Census Region 4: West,4,54653783,8231293539,35206475,5367947589,10267,0.664,0.0017,0.656,1.030755106
2016,5,All other breakfast cereal,74050,Census Region 4: West,4,56311372,8540117689,36490019,5575343906,10338,0.659,0.0017,0.654,1.022823752
2016,6,All other breakfast cereal,74050,Census Region 4: West,4,56046737,8483186601,36170742,5548078559,10296,0.661,0.0018,0.652,1.016247233
2016,7,All other breakfast cereal,74050,Census Region 4: West,4,60712924,9151962860,38169591,5769752606,10269,0.663,0.0021,0.662,1.022854517
2016,8,All other breakfast cereal,74050,Census Region 4: West,4,59845791,9162510265,37761462,5807858442,10257,0.653,0.0018,0.65,1.026218629
2016,9,All other breakfast cereal,74050,Census Region 4: West,4,54229209,8271423745,34794132,5394836021,10217,0.656,0.0018,0.645,1.006741216
2016,10,All other breakfast cereal,74050,Census Region 4: West,4,56083852,8505590439,35580732,5457502910,10285,0.659,0.0021,0.652,1.014856506
2016,11,All other breakfast cereal,74050,Census Region 4: West,4,53873781,8098557564,33577898,5128921223,10216,0.665,0.0020,0.655,1.028836262
2016,12,All other breakfast cereal,74050,Census Region 4: West,4,59975694,9056821400,36829142,5722552258,10186,0.662,0.0021,0.644,1.025136934
2017,1,All other breakfast cereal,74050,Census Region 4: West,4,64062519,9724756939,37543674,5878387944,10399,0.659,0.0040,0.639,1.014101296
2017,2,All other breakfast cereal,74050,Census Region 4: West,4,58699870,8812874265,34664857,5367995835,10407,0.666,0.0049,0.646,1.034872367
2017,3,All other breakfast cereal,74050,Census Region 4: West,4,62156716,9315993685,37975749,5776555521,10413,0.667,0.0060,0.657,1.036566945
2017,4,All other breakfast cereal,74050,Census Region 4: West,4,57197059,8538299759,35975729,5453323984,10388,0.67,0.0030,0.66,1.029106337
2017,5,All other breakfast cereal,74050,Census Region 4: West,4,58514907,8824213259,36935518,5681933277,10395,0.663,0.0038,0.65,1.022268293
2017,6,All other breakfast cereal,74050,Census Region 4: West,4,57808616,8766189663,36959787,5662564133,10401,0.659,0.0027,0.653,1.024472626
2017,7,All other breakfast cereal,74050,Census Region 4: West,4,61231570,9180300647,38266466,5821904994,10446,0.667,0.0037,0.657,1.029879685
2017,8,All other breakfast cereal,74050,Census Region 4: West,4,60130337,9111342764,38055687,5858607316,10407,0.66,0.0033,0.65,1.031086953
2017,9,All other breakfast cereal,74050,Census Region 4: West,4,54399256,8516072108,35046139,5507596293,10390,0.639,0.0026,0.636,1.012212243
2017,10,All other breakfast cereal,74050,Census Region 4: West,4,53813496,8094209199,34817305,5290850515,10400,0.665,0.0021,0.658,1.034005885
2017,11,All other breakfast cereal,74050,Census Region 4: West,4,52035304,7703760914,32626514,4912397500,10349,0.675,0.0037,0.664,1.041697518
2017,12,All other breakfast cereal,74050,Census Region 4: West,4,57581332,8475421961,35256712,5324330205,10340,0.679,0.0066,0.662,1.043276358
2018,1,All other breakfast cereal,74050,Census Region 4: West,4,58317346,8831523784,37168632,5792673077,10235,0.66,0.0041,0.642,1.005827713
2018,2,All other breakfast cereal,74050,Census Region 4: West,4,52760989,7953340896,33938954,5229952462,10284,0.663,0.0035,0.649,1.020344657
2018,3,All other breakfast cereal,74050,Census Region 4: West,4,57201990,8638368595,38103046,5880179144,10335,0.662,0.0020,0.648,1.010011356
2018,4,All other breakfast cereal,74050,Census Region 4: West,4,54983834,8403735981,37153503,5851252718,10676,0.654,0.0021,0.635,0.99466471
2018,5,All other breakfast cereal,74050,Census Region 4: West,4,54631617,8306571700,36689088,5693780959,10627,0.658,0.0020,0.644,0.998654739
2018,6,All other breakfast cereal,74050,Census Region 4: West,4,53540228,8183471767,35753310,5531734368,10655,0.654,0.0021,0.646,1.004773599
2018,7,All other breakfast cereal,74050,Census Region 4: West,4,55269040,8263041439,37266295,5699155040,10665,0.669,0.0023,0.654,1.023413314
2018,8,All other breakfast cereal,74050,Census Region 4: West,4,53934652,8132273547,36341196,5604761869,10632,0.663,0.0025,0.648,1.024178295
2018,9,All other breakfast cereal,74050,Census Region 4: West,4,48712210,7317394427,33733852,5287901681,10618,0.666,0.0034,0.638,1.030634413
2018,10,All other breakfast cereal,74050,Census Region 4: West,4,51114018,7797230311,34311921,5253638759,10588,0.656,0.0046,0.653,1.034548745
2018,11,All other breakfast cereal,74050,Census Region 4: West,4,49123970,7982448686,32310664,4960331615,10598,0.615,0.0127,0.651,1.056930237
2018,12,All other breakfast cereal,74050,Census Region 4: West,4,49961684,8576092296,32178645,4970790247,10603,0.583,0.0179,0.647,1.073525752
2012,1,All other breakfast cereal,74050,Atlanta-Sandy Springs-Roswell  GA,12060,6753560,975630423,5011053,727993336,1040,0.692,0.0026,0.688,0.980018468
2012,2,All other breakfast cereal,74050,Atlanta-Sandy Springs-Roswell  GA,12060,5882210,888561741,4581767,705973512,1039,0.662,0.0023,0.649,0.967798217
2012,3,All other breakfast cereal,74050,Atlanta-Sandy Springs-Roswell  GA,12060,5997566,881340209,4686124,697815487,1033,0.681,0.0013,0.672,0.979362744
2012,4,All other breakfast cereal,74050,Atlanta-Sandy Springs-Roswell  GA,12060,6073834,913089234,4793807,733956298,1031,0.665,0.0021,0.653,0.945594009
2012,5,All other breakfast cereal,74050,Atlanta-Sandy Springs-Roswell  GA,12060,5848631,830489592,4563184,654112258,1033,0.704,0.0014,0.698,1.013521426
2012,6,All other breakfast cereal,74050,Atlanta-Sandy Springs-Roswell  GA,12060,6069875,881782830,4776126,701817185,1034,0.688,0.0013,0.681,0.993790722
2012,7,All other breakfast cereal,74050,Atlanta-Sandy Springs-Roswell  GA,12060,6437775,954495306,5063950,759313468,1033,0.674,0.0012,0.667,0.975223385
2012,8,All other breakfast cereal,74050,Atlanta-Sandy Springs-Roswell  GA,12060,5812803,844005270,4558165,670013587,1035,0.689,0.0015,0.68,1.009256412
2012,9,All other breakfast cereal,74050,Atlanta-Sandy Springs-Roswell  GA,12060,5459733,789372967,4307170,631515738,1033,0.692,0.0016,0.682,1.005879456
2012,10,All other breakfast cereal,74050,Atlanta-Sandy Springs-Roswell  GA,12060,5534081,795514328,4328035,629265292,1030,0.696,0.0012,0.688,1.007194109
2012,11,All other breakfast cereal,74050,Atlanta-Sandy Springs-Roswell  GA,12060,5203310,739242380,4070504,585241914,1030,0.704,0.0016,0.696,1.013340794
2012,12,All other breakfast cereal,74050,Atlanta-Sandy Springs-Roswell  GA,12060,6438419,946106923,5014856,751551855,1048,0.681,0.0021,0.667,0.994487111
2013,1,All other breakfast cereal,74050,Atlanta-Sandy Springs-Roswell  GA,12060,5545539,812699045,4527728,674885571,950,0.682,0.0036,0.671,0.97193639
2013,2,All other breakfast cereal,74050,Atlanta-Sandy Springs-Roswell  GA,12060,4453103,631321661,3618095,520839955,953,0.705,0.0025,0.695,1.027720084
2013,3,All other breakfast cereal,74050,Atlanta-Sandy Springs-Roswell  GA,12060,5414707,799638739,4433822,661060392,954,0.677,0.0019,0.671,0.978866335
2013,4,All other breakfast cereal,74050,Atlanta-Sandy Springs-Roswell  GA,12060,4833257,697358317,3890070,569599372,952,0.693,0.0023,0.683,0.987208909
2013,5,All other breakfast cereal,74050,Atlanta-Sandy Springs-Roswell  GA,12060,5035641,730344369,4066648,599601263,952,0.689,0.0031,0.678,0.998390172
2013,6,All other breakfast cereal,74050,Atlanta-Sandy Springs-Roswell  GA,12060,4893795,726526997,3981895,600901613,953,0.674,0.0026,0.663,0.984969455
2013,7,All other breakfast cereal,74050,Atlanta-Sandy Springs-Roswell  GA,12060,4774694,722520626,3907541,603936603,947,0.661,0.0047,0.647,0.981860777
2013,8,All other breakfast cereal,74050,Atlanta-Sandy Springs-Roswell  GA,12060,4801337,719007943,3875587,588784309,946,0.668,0.0022,0.658,0.987911713
2013,9,All other breakfast cereal,74050,Atlanta-Sandy Springs-Roswell  GA,12060,4221099,633398764,3428519,521121272,949,0.666,0.0020,0.658,0.986042344
2013,10,All other breakfast cereal,74050,Atlanta-Sandy Springs-Roswell  GA,12060,4224486,633418245,3427176,518274455,945,0.667,0.0010,0.661,0.960617062
2013,11,All other breakfast cereal,74050,Atlanta-Sandy Springs-Roswell  GA,12060,4091777,591202687,3207069,472192862,945,0.692,0.0031,0.679,0.995910836
2013,12,All other breakfast cereal,74050,Atlanta-Sandy Springs-Roswell  GA,12060,4305197,632618768,3359311,504799740,951,0.681,0.0022,0.665,0.988040637
2014,1,All other breakfast cereal,74050,Atlanta-Sandy Springs-Roswell  GA,12060,5054791,757555614,3973482,601826918,974,0.667,0.0049,0.66,0.966154079
2014,2,All other breakfast cereal,74050,Atlanta-Sandy Springs-Roswell  GA,12060,4521431,674657566,3730116,560233533,975,0.67,0.0019,0.666,0.969092998
2014,3,All other breakfast cereal,74050,Atlanta-Sandy Springs-Roswell  GA,12060,4744843,721316890,3956508,607365573,975,0.658,0.0032,0.651,0.943920809
2014,4,All other breakfast cereal,74050,Atlanta-Sandy Springs-Roswell  GA,12060,4490351,683524659,3723429,570473137,972,0.657,0.0028,0.653,0.951889255
2014,5,All other breakfast cereal,74050,Atlanta-Sandy Springs-Roswell  GA,12060,4352069,649723206,3608107,541580051,970,0.67,0.0020,0.666,0.975965357
2014,6,All other breakfast cereal,74050,Atlanta-Sandy Springs-Roswell  GA,12060,4573115,693425278,3809605,583027849,979,0.659,0.0027,0.653,0.967859608
2014,7,All other breakfast cereal,74050,Atlanta-Sandy Springs-Roswell  GA,12060,4777702,737181950,4019934,627805617,976,0.648,0.0040,0.64,0.948164474
2014,8,All other breakfast cereal,74050,Atlanta-Sandy Springs-Roswell  GA,12060,4521729,677043852,3759227,565616042,975,0.668,0.0016,0.665,0.97902915
2014,9,All other breakfast cereal,74050,Atlanta-Sandy Springs-Roswell  GA,12060,4090739,607094452,3408538,510963941,973,0.674,0.0034,0.667,0.974608177
2014,10,All other breakfast cereal,74050,Atlanta-Sandy Springs-Roswell  GA,12060,4139462,613653918,3476749,521381880,974,0.675,0.0034,0.667,0.986976826
2014,11,All other breakfast cereal,74050,Atlanta-Sandy Springs-Roswell  GA,12060,4033078,595496318,3363165,504587980,972,0.677,0.0050,0.667,0.990311738
2014,12,All other breakfast cereal,74050,Atlanta-Sandy Springs-Roswell  GA,12060,4156261,612973042,3445687,516274119,989,0.678,0.0039,0.667,1.003160478
2015,1,All other breakfast cereal,74050,Atlanta-Sandy Springs-Roswell  GA,12060,5315879,801286871,4191442,648951866,1028,0.663,0.0044,0.646,0.967226641
2015,2,All other breakfast cereal,74050,Atlanta-Sandy Springs-Roswell  GA,12060,4729670,708460518,3693052,565020518,1018,0.668,0.0036,0.654,0.975367371
2015,3,All other breakfast cereal,74050,Atlanta-Sandy Springs-Roswell  GA,12060,4719087,706090564,3771940,579678162,1019,0.668,0.0049,0.651,0.962720985
2015,4,All other breakfast cereal,74050,Atlanta-Sandy Springs-Roswell  GA,12060,4735983,714593188,3771751,581667521,1016,0.663,0.0039,0.648,0.964630248
2015,5,All other breakfast cereal,74050,Atlanta-Sandy Springs-Roswell  GA,12060,4668491,698118903,3745154,576681768,1019,0.669,0.0056,0.649,0.992005771
2015,6,All other breakfast cereal,74050,Atlanta-Sandy Springs-Roswell  GA,12060,4589472,685000425,3692799,561223553,1021,0.67,0.0040,0.658,1.005026726
2015,7,All other breakfast cereal,74050,Atlanta-Sandy Springs-Roswell  GA,12060,4983053,754714568,3942183,609036703,1016,0.66,0.0030,0.647,0.979498017
2015,8,All other breakfast cereal,74050,Atlanta-Sandy Springs-Roswell  GA,12060,4795490,720108880,3846093,585657940,1017,0.666,0.0021,0.657,0.998062439
2015,9,All other breakfast cereal,74050,Atlanta-Sandy Springs-Roswell  GA,12060,4375315,647747591,3438730,516228662,1015,0.675,0.0018,0.666,0.994989735
2015,10,All other breakfast cereal,74050,Atlanta-Sandy Springs-Roswell  GA,12060,4522809,670559531,3583577,540444904,1011,0.674,0.0028,0.663,0.996701452
2015,11,All other breakfast cereal,74050,Atlanta-Sandy Springs-Roswell  GA,12060,4321009,634781541,3437487,516779984,1012,0.681,0.0044,0.665,1.0003389
2015,12,All other breakfast cereal,74050,Atlanta-Sandy Springs-Roswell  GA,12060,5073229,755567618,4057131,621855096,1014,0.671,0.0056,0.652,0.993448355
2016,1,All other breakfast cereal,74050,Atlanta-Sandy Springs-Roswell  GA,12060,4801893,721599630,3728787,568808010,1043,0.665,0.0063,0.656,0.984685842
2016,2,All other breakfast cereal,74050,Atlanta-Sandy Springs-Roswell  GA,12060,4711316,710516409,3710982,569111317,1025,0.663,0.0036,0.652,0.988075376
2016,3,All other breakfast cereal,74050,Atlanta-Sandy Springs-Roswell  GA,12060,4838332,728762349,3847808,591914188,1036,0.664,0.0065,0.65,0.977703309
2016,4,All other breakfast cereal,74050,Atlanta-Sandy Springs-Roswell  GA,12060,4714759,709849097,3693296,567284942,1037,0.664,0.0060,0.651,0.980610223
2016,5,All other breakfast cereal,74050,Atlanta-Sandy Springs-Roswell  GA,12060,4730580,695247775,3677562,549503901,1041,0.68,0.0106,0.669,1.024809568
2016,6,All other breakfast cereal,74050,Atlanta-Sandy Springs-Roswell  GA,12060,4750543,718082107,3788922,585433576,1039,0.662,0.0081,0.647,0.980307968
2016,7,All other breakfast cereal,74050,Atlanta-Sandy Springs-Roswell  GA,12060,4834832,717342613,3759750,564995044,1040,0.674,0.0024,0.665,0.99920597
2016,8,All other breakfast cereal,74050,Atlanta-Sandy Springs-Roswell  GA,12060,4801513,722018077,3735597,569999014,1040,0.665,0.0030,0.655,0.975506795
2016,9,All other breakfast cereal,74050,Atlanta-Sandy Springs-Roswell  GA,12060,4415822,664438833,3450299,531838388,1031,0.665,0.0079,0.649,0.970348836
2016,10,All other breakfast cereal,74050,Atlanta-Sandy Springs-Roswell  GA,12060,4477849,673998541,3511588,542164456,1031,0.664,0.0068,0.648,0.973762905
2016,11,All other breakfast cereal,74050,Atlanta-Sandy Springs-Roswell  GA,12060,4359676,650754868,3370449,513998220,1029,0.67,0.0061,0.656,0.983465112
2016,12,All other breakfast cereal,74050,Atlanta-Sandy Springs-Roswell  GA,12060,4596650,691198528,3602206,555261959,1020,0.665,0.0141,0.649,0.989029719
2017,1,All other breakfast cereal,74050,Atlanta-Sandy Springs-Roswell  GA,12060,4931499,758082138,3942274,625374014,873,0.651,0.0080,0.63,0.960735032
2017,2,All other breakfast cereal,74050,Atlanta-Sandy Springs-Roswell  GA,12060,4454316,695547472,3569023,572692364,877,0.64,0.0051,0.623,0.953558096
2017,3,All other breakfast cereal,74050,Atlanta-Sandy Springs-Roswell  GA,12060,4939272,756957880,4029535,634738417,872,0.653,0.0058,0.635,0.968143712
2017,4,All other breakfast cereal,74050,Atlanta-Sandy Springs-Roswell  GA,12060,4561996,703651707,3697850,582929128,878,0.648,0.0045,0.634,0.96078048
2017,5,All other breakfast cereal,74050,Atlanta-Sandy Springs-Roswell  GA,12060,4608594,711732486,3791588,604564072,877,0.648,0.0071,0.627,0.964947171
2017,6,All other breakfast cereal,74050,Atlanta-Sandy Springs-Roswell  GA,12060,4659773,715954631,3883808,613947006,881,0.651,0.0073,0.633,0.969303621
2017,7,All other breakfast cereal,74050,Atlanta-Sandy Springs-Roswell  GA,12060,4781173,735973279,3947248,622262304,883,0.65,0.0057,0.634,0.96971017
2017,8,All other breakfast cereal,74050,Atlanta-Sandy Springs-Roswell  GA,12060,4696358,731630646,3859882,614702969,878,0.642,0.0044,0.628,0.972543803
2017,9,All other breakfast cereal,74050,Atlanta-Sandy Springs-Roswell  GA,12060,4741729,753494790,3835898,629899167,878,0.629,0.0071,0.609,0.947771474
2017,10,All other breakfast cereal,74050,Atlanta-Sandy Springs-Roswell  GA,12060,4545818,702209287,3667175,575620033,876,0.647,0.0036,0.637,0.972500931
2017,11,All other breakfast cereal,74050,Atlanta-Sandy Springs-Roswell  GA,12060,4217949,645013739,3408897,532514690,876,0.654,0.0036,0.64,0.97125896
2017,12,All other breakfast cereal,74050,Atlanta-Sandy Springs-Roswell  GA,12060,4623512,702220914,3760119,585243181,883,0.658,0.0084,0.642,0.971524077
2018,1,All other breakfast cereal,74050,Atlanta-Sandy Springs-Roswell  GA,12060,5114266,791993915,4143671,661130571,880,0.646,0.0057,0.627,0.948113847
2018,2,All other breakfast cereal,74050,Atlanta-Sandy Springs-Roswell  GA,12060,4478604,696149516,3639202,581960222,867,0.643,0.0040,0.625,0.94508275
2018,3,All other breakfast cereal,74050,Atlanta-Sandy Springs-Roswell  GA,12060,4804094,739662996,3881537,614030293,881,0.649,0.0037,0.632,0.963643461
2018,4,All other breakfast cereal,74050,Atlanta-Sandy Springs-Roswell  GA,12060,4740169,735985716,3923288,638391389,883,0.644,0.0102,0.615,0.944093714
2018,5,All other breakfast cereal,74050,Atlanta-Sandy Springs-Roswell  GA,12060,4789878,731170650,3917173,615201931,882,0.655,0.0047,0.637,0.96401639
2018,6,All other breakfast cereal,74050,Atlanta-Sandy Springs-Roswell  GA,12060,4782466,737833885,3942700,626630910,887,0.648,0.0049,0.629,0.951448791
2018,7,All other breakfast cereal,74050,Atlanta-Sandy Springs-Roswell  GA,12060,5052230,772590820,4148142,649685616,892,0.654,0.0028,0.638,0.968827319
2018,8,All other breakfast cereal,74050,Atlanta-Sandy Springs-Roswell  GA,12060,4842811,745464503,3958941,630182206,879,0.65,0.0055,0.628,0.944385594
2018,9,All other breakfast cereal,74050,Atlanta-Sandy Springs-Roswell  GA,12060,4670510,755806896,3909524,669923921,858,0.618,0.0126,0.584,0.908001459
2018,10,All other breakfast cereal,74050,Atlanta-Sandy Springs-Roswell  GA,12060,4652081,707422422,3813522,599724974,855,0.658,0.0051,0.636,0.975977125
2018,11,All other breakfast cereal,74050,Atlanta-Sandy Springs-Roswell  GA,12060,4354773,661532114,3551159,559531628,849,0.658,0.0052,0.635,0.982965329
2018,12,All other breakfast cereal,74050,Atlanta-Sandy Springs-Roswell  GA,12060,4325119,640624025,3545711,543451687,848,0.675,0.0051,0.652,1.026157989
2012,1,All other breakfast cereal,74050,Boston-Cambridge-Newton  MA-NH,14460,4747995,624101813,3593263,470480342,861,0.761,0.0072,0.764,1.010900389
2012,2,All other breakfast cereal,74050,Boston-Cambridge-Newton  MA-NH,14460,4230519,566347292,3112550,409483326,860,0.747,0.0064,0.76,1.005913516
2012,3,All other breakfast cereal,74050,Boston-Cambridge-Newton  MA-NH,14460,4670853,623441950,3558672,472167154,864,0.749,0.0062,0.754,0.998280062
2012,4,All other breakfast cereal,74050,Boston-Cambridge-Newton  MA-NH,14460,4478082,585780367,3366387,437552813,864,0.764,0.0090,0.769,1.022399393
2012,5,All other breakfast cereal,74050,Boston-Cambridge-Newton  MA-NH,14460,4703747,619018578,3524446,461215347,858,0.76,0.0084,0.764,1.01528077
2012,6,All other breakfast cereal,74050,Boston-Cambridge-Newton  MA-NH,14460,4610504,603969041,3370239,443382275,859,0.763,0.0097,0.76,1.012923255
2012,7,All other breakfast cereal,74050,Boston-Cambridge-Newton  MA-NH,14460,4859710,636788692,3474695,451635973,866,0.763,0.0099,0.769,1.013038766
2012,8,All other breakfast cereal,74050,Boston-Cambridge-Newton  MA-NH,14460,4777107,624651086,3421002,441176779,865,0.765,0.0099,0.775,1.024892561
2012,9,All other breakfast cereal,74050,Boston-Cambridge-Newton  MA-NH,14460,4683410,615853414,3375592,440958161,865,0.76,0.0083,0.766,1.020668813
2012,10,All other breakfast cereal,74050,Boston-Cambridge-Newton  MA-NH,14460,4591542,595996872,3357618,434544228,865,0.77,0.0093,0.773,1.036422796
2012,11,All other breakfast cereal,74050,Boston-Cambridge-Newton  MA-NH,14460,4416066,567441702,2994898,384364576,866,0.778,0.0109,0.779,1.047120672
2012,12,All other breakfast cereal,74050,Boston-Cambridge-Newton  MA-NH,14460,5146860,663339427,3481714,454020668,876,0.776,0.0113,0.767,1.039256964
2013,1,All other breakfast cereal,74050,Boston-Cambridge-Newton  MA-NH,14460,4615281,620243701,3146957,421555594,815,0.744,0.0081,0.747,1.020230906
2013,2,All other breakfast cereal,74050,Boston-Cambridge-Newton  MA-NH,14460,4159375,539668742,2897691,379227479,816,0.771,0.0128,0.764,1.051870959
2013,3,All other breakfast cereal,74050,Boston-Cambridge-Newton  MA-NH,14460,4567592,619173172,3134312,415291047,816,0.738,0.0066,0.755,1.009563863
2013,4,All other breakfast cereal,74050,Boston-Cambridge-Newton  MA-NH,14460,4245213,568875236,2879271,380705908,818,0.746,0.0085,0.756,1.007205886
2013,5,All other breakfast cereal,74050,Boston-Cambridge-Newton  MA-NH,14460,4384387,580875137,3009044,396376219,814,0.755,0.0104,0.759,1.015667854
2013,6,All other breakfast cereal,74050,Boston-Cambridge-Newton  MA-NH,14460,4155859,550688398,2842700,375759735,812,0.755,0.0113,0.757,1.012710053
2013,7,All other breakfast cereal,74050,Boston-Cambridge-Newton  MA-NH,14460,4296381,567983923,2790328,373594782,815,0.756,0.0140,0.747,1.009116271
2013,8,All other breakfast cereal,74050,Boston-Cambridge-Newton  MA-NH,14460,4199336,557463998,2737910,363699924,818,0.753,0.0137,0.753,1.010621215
2013,9,All other breakfast cereal,74050,Boston-Cambridge-Newton  MA-NH,14460,3716724,491773364,2634504,346566263,816,0.756,0.0101,0.76,1.025627091
2013,10,All other breakfast cereal,74050,Boston-Cambridge-Newton  MA-NH,14460,3799117,505519537,2599989,343071760,813,0.752,0.0096,0.758,1.009755008
2013,11,All other breakfast cereal,74050,Boston-Cambridge-Newton  MA-NH,14460,3437014,457085463,2392526,316284176,811,0.752,0.0094,0.756,1.011313601
2013,12,All other breakfast cereal,74050,Boston-Cambridge-Newton  MA-NH,14460,3501952,453183640,2402107,307462297,824,0.773,0.0121,0.781,1.044218783
2014,1,All other breakfast cereal,74050,Boston-Cambridge-Newton  MA-NH,14460,4220419,553036950,2892071,374035714,832,0.763,0.0117,0.773,1.012829575
2014,2,All other breakfast cereal,74050,Boston-Cambridge-Newton  MA-NH,14460,3788120,487617680,2631433,341166488,847,0.777,0.0146,0.771,1.056139813
2014,3,All other breakfast cereal,74050,Boston-Cambridge-Newton  MA-NH,14460,4348015,570862362,2942672,384413563,847,0.762,0.0096,0.765,1.025525254
2014,4,All other breakfast cereal,74050,Boston-Cambridge-Newton  MA-NH,14460,3994654,528681263,2736087,358827832,828,0.756,0.0118,0.763,1.012577596
2014,5,All other breakfast cereal,74050,Boston-Cambridge-Newton  MA-NH,14460,4323605,576539706,2882607,380018794,828,0.75,0.0078,0.759,0.988786845
2014,6,All other breakfast cereal,74050,Boston-Cambridge-Newton  MA-NH,14460,4089719,542812201,2706474,352235327,831,0.753,0.0102,0.768,1.004405999
2014,7,All other breakfast cereal,74050,Boston-Cambridge-Newton  MA-NH,14460,4346954,565939175,2713743,350669599,829,0.768,0.0125,0.774,1.021305543
2014,8,All other breakfast cereal,74050,Boston-Cambridge-Newton  MA-NH,14460,5551308,731349411,2831431,371982768,831,0.759,0.0086,0.761,1.00712312
2014,9,All other breakfast cereal,74050,Boston-Cambridge-Newton  MA-NH,14460,3957448,511380472,2755777,355252402,847,0.774,0.0156,0.776,1.013072878
2014,10,All other breakfast cereal,74050,Boston-Cambridge-Newton  MA-NH,14460,3836184,503297574,2650738,347463272,828,0.762,0.0094,0.763,1.032336131
2014,11,All other breakfast cereal,74050,Boston-Cambridge-Newton  MA-NH,14460,3829206,501649166,2507676,328350263,822,0.763,0.0113,0.764,1.013238443
2014,12,All other breakfast cereal,74050,Boston-Cambridge-Newton  MA-NH,14460,3734424,487805271,2510399,326767253,860,0.766,0.0123,0.768,1.030024788
2015,1,All other breakfast cereal,74050,Boston-Cambridge-Newton  MA-NH,14460,4281937,571122581,2786965,368864205,888,0.75,0.0040,0.756,0.986942676
2015,2,All other breakfast cereal,74050,Boston-Cambridge-Newton  MA-NH,14460,3619964,481459184,2377991,312360790,880,0.752,0.0040,0.761,1.000519894
2015,3,All other breakfast cereal,74050,Boston-Cambridge-Newton  MA-NH,14460,3747978,480108319,2534762,326575077,883,0.781,0.0067,0.776,1.018251504
2015,4,All other breakfast cereal,74050,Boston-Cambridge-Newton  MA-NH,14460,3658479,472714220,2434051,314441599,882,0.774,0.0052,0.774,1.003575887
2015,5,All other breakfast cereal,74050,Boston-Cambridge-Newton  MA-NH,14460,3791114,493580842,2503074,325422674,884,0.768,0.0046,0.769,1.001187065
2015,6,All other breakfast cereal,74050,Boston-Cambridge-Newton  MA-NH,14460,3727944,475704604,2450426,314039417,883,0.784,0.0058,0.78,1.017405698
2015,7,All other breakfast cereal,74050,Boston-Cambridge-Newton  MA-NH,14460,3874600,527037814,2509039,332942920,877,0.735,0.0058,0.754,0.981937563
2015,8,All other breakfast cereal,74050,Boston-Cambridge-Newton  MA-NH,14460,3788862,499446070,2481478,325337795,872,0.759,0.0061,0.763,1.013864842
2015,9,All other breakfast cereal,74050,Boston-Cambridge-Newton  MA-NH,14460,3718413,474938251,2435652,309187355,872,0.783,0.0052,0.788,1.022418617
2015,10,All other breakfast cereal,74050,Boston-Cambridge-Newton  MA-NH,14460,3619147,457077441,2383629,303269660,871,0.792,0.0069,0.786,1.045746146
2015,11,All other breakfast cereal,74050,Boston-Cambridge-Newton  MA-NH,14460,3437410,432113239,2262985,287446190,870,0.795,0.0091,0.787,1.035738138
2015,12,All other breakfast cereal,74050,Boston-Cambridge-Newton  MA-NH,14460,3979173,510750400,2610115,338746125,884,0.779,0.0067,0.771,1.025944766
2016,1,All other breakfast cereal,74050,Boston-Cambridge-Newton  MA-NH,14460,3866209,513467613,2726291,364557579,914,0.753,0.0063,0.748,1.018694003
2016,2,All other breakfast cereal,74050,Boston-Cambridge-Newton  MA-NH,14460,3876656,506626655,2682975,358357924,904,0.765,0.0071,0.749,1.027486858
2016,3,All other breakfast cereal,74050,Boston-Cambridge-Newton  MA-NH,14460,3955561,514245919,2748210,363115386,902,0.769,0.0070,0.757,1.030724265
2016,4,All other breakfast cereal,74050,Boston-Cambridge-Newton  MA-NH,14460,3896512,507318168,2657973,352327084,903,0.768,0.0071,0.754,1.020485267
2016,5,All other breakfast cereal,74050,Boston-Cambridge-Newton  MA-NH,14460,4015181,523172838,2774434,366767350,910,0.767,0.0066,0.756,1.025426958
2016,6,All other breakfast cereal,74050,Boston-Cambridge-Newton  MA-NH,14460,4015605,526412680,2803155,374398380,903,0.763,0.0074,0.749,1.00795452
2016,7,All other breakfast cereal,74050,Boston-Cambridge-Newton  MA-NH,14460,4324509,585911112,2940362,401701424,901,0.738,0.0061,0.732,0.992214138
2016,8,All other breakfast cereal,74050,Boston-Cambridge-Newton  MA-NH,14460,4197106,564413804,2929323,398424860,906,0.744,0.0060,0.735,1.016114437
2016,9,All other breakfast cereal,74050,Boston-Cambridge-Newton  MA-NH,14460,4064167,530462025,2781867,367953203,903,0.766,0.0063,0.756,1.020018618
2016,10,All other breakfast cereal,74050,Boston-Cambridge-Newton  MA-NH,14460,3940972,505686434,2727725,357712227,902,0.779,0.0074,0.763,1.043102513
2016,11,All other breakfast cereal,74050,Boston-Cambridge-Newton  MA-NH,14460,3846557,515319238,2631835,353243047,893,0.746,0.0068,0.745,0.99815536
2016,12,All other breakfast cereal,74050,Boston-Cambridge-Newton  MA-NH,14460,3858104,505899526,2734580,369365449,893,0.763,0.0074,0.74,1.022777555
2017,1,All other breakfast cereal,74050,Boston-Cambridge-Newton  MA-NH,14460,4104309,540939435,2824651,383404207,858,0.759,0.0064,0.737,1.008306512
2017,2,All other breakfast cereal,74050,Boston-Cambridge-Newton  MA-NH,14460,3831616,503221667,2649478,358673431,863,0.761,0.0069,0.739,1.006184055
2017,3,All other breakfast cereal,74050,Boston-Cambridge-Newton  MA-NH,14460,4114931,541143252,2908897,391504909,853,0.76,0.0059,0.743,1.007186071
2017,4,All other breakfast cereal,74050,Boston-Cambridge-Newton  MA-NH,14460,3830242,499504353,2701531,362063835,852,0.767,0.0066,0.746,1.001692184
2017,5,All other breakfast cereal,74050,Boston-Cambridge-Newton  MA-NH,14460,3882605,494827353,2777008,363978365,858,0.785,0.0073,0.763,1.040247575
2017,6,All other breakfast cereal,74050,Boston-Cambridge-Newton  MA-NH,14460,3825338,490883694,2783720,368373604,857,0.779,0.0075,0.756,1.02114376
2017,7,All other breakfast cereal,74050,Boston-Cambridge-Newton  MA-NH,14460,3949043,519716875,2857111,382704622,861,0.76,0.0068,0.747,1.002653593
2017,8,All other breakfast cereal,74050,Boston-Cambridge-Newton  MA-NH,14460,4001051,522503814,2878045,381745214,857,0.766,0.0065,0.754,1.003962574
2017,9,All other breakfast cereal,74050,Boston-Cambridge-Newton  MA-NH,14460,3757791,491056544,2772822,368600322,857,0.765,0.0072,0.752,1.015798546
2017,10,All other breakfast cereal,74050,Boston-Cambridge-Newton  MA-NH,14460,3742354,487390827,2784644,368572636,858,0.768,0.0066,0.756,1.019809492
2017,11,All other breakfast cereal,74050,Boston-Cambridge-Newton  MA-NH,14460,3566196,457634258,2581078,340405300,859,0.779,0.0073,0.758,1.018239642
2017,12,All other breakfast cereal,74050,Boston-Cambridge-Newton  MA-NH,14460,3757921,480516804,2692819,355157831,853,0.782,0.0064,0.758,1.02522995
2018,1,All other breakfast cereal,74050,Boston-Cambridge-Newton  MA-NH,14460,3938212,513958200,2881420,385483121,839,0.766,0.0055,0.747,1.003778061
2018,2,All other breakfast cereal,74050,Boston-Cambridge-Newton  MA-NH,14460,3591182,463942621,2650939,353827426,846,0.774,0.0064,0.749,1.015730747
2018,3,All other breakfast cereal,74050,Boston-Cambridge-Newton  MA-NH,14460,4143151,527818554,3061164,403317900,847,0.785,0.0061,0.759,1.028885469
2018,4,All other breakfast cereal,74050,Boston-Cambridge-Newton  MA-NH,14460,3700857,474719168,2741317,361697967,848,0.78,0.0051,0.758,1.018960692
2018,5,All other breakfast cereal,74050,Boston-Cambridge-Newton  MA-NH,14460,3848467,507100668,2865261,384395974,845,0.759,0.0046,0.745,0.985890454
2018,6,All other breakfast cereal,74050,Boston-Cambridge-Newton  MA-NH,14460,3775029,482680355,2811270,369884905,847,0.782,0.0052,0.76,1.013736201
2018,7,All other breakfast cereal,74050,Boston-Cambridge-Newton  MA-NH,14460,3845541,486220656,2830899,370957995,847,0.791,0.0070,0.763,1.027302078
2018,8,All other breakfast cereal,74050,Boston-Cambridge-Newton  MA-NH,14460,3898305,504231202,2866352,381865466,839,0.773,0.0056,0.751,1.012576437
2018,9,All other breakfast cereal,74050,Boston-Cambridge-Newton  MA-NH,14460,3846951,496145688,2816277,374128621,830,0.775,0.0055,0.753,1.004319455
2018,10,All other breakfast cereal,74050,Boston-Cambridge-Newton  MA-NH,14460,3661536,465722967,2740271,361077379,825,0.786,0.0067,0.759,1.031185092
2018,11,All other breakfast cereal,74050,Boston-Cambridge-Newton  MA-NH,14460,3417854,432788303,2524809,330749882,822,0.79,0.0060,0.763,1.03024202
2018,12,All other breakfast cereal,74050,Boston-Cambridge-Newton  MA-NH,14460,3412868,434431770,2467277,327464230,824,0.786,0.0061,0.753,1.052800071
2012,1,All other breakfast cereal,74050,Chicago-Naperville-Elgin  IL-IN-WI,16980,9111072,1279117707,6484162,927797221,1513,0.712,0.0091,0.699,1.00481885
2012,2,All other breakfast cereal,74050,Chicago-Naperville-Elgin  IL-IN-WI,16980,8138051,1161798099,5759627,833653519,1509,0.7,0.0071,0.691,1.001454217
2012,3,All other breakfast cereal,74050,Chicago-Naperville-Elgin  IL-IN-WI,16980,8764692,1262073206,6129127,889305759,1517,0.694,0.0046,0.689,0.98341931
2012,4,All other breakfast cereal,74050,Chicago-Naperville-Elgin  IL-IN-WI,16980,8506940,1214899839,6059669,879734547,1516,0.7,0.0084,0.689,0.994335805
2012,5,All other breakfast cereal,74050,Chicago-Naperville-Elgin  IL-IN-WI,16980,8430372,1192878427,5889299,840375197,1524,0.707,0.0061,0.701,0.992440076
2012,6,All other breakfast cereal,74050,Chicago-Naperville-Elgin  IL-IN-WI,16980,8089175,1163006002,5792153,841556645,1520,0.696,0.0059,0.688,0.990624452
2012,7,All other breakfast cereal,74050,Chicago-Naperville-Elgin  IL-IN-WI,16980,8366817,1219701477,6241402,925956503,1520,0.686,0.0093,0.674,0.977244147
2012,8,All other breakfast cereal,74050,Chicago-Naperville-Elgin  IL-IN-WI,16980,8193275,1211491399,6119370,915760053,1523,0.676,0.0069,0.668,0.960715126
2012,9,All other breakfast cereal,74050,Chicago-Naperville-Elgin  IL-IN-WI,16980,6996505,1011567663,5219262,764516674,1514,0.692,0.0069,0.683,0.986775932
2012,10,All other breakfast cereal,74050,Chicago-Naperville-Elgin  IL-IN-WI,16980,7552857,1091176049,5274814,770558016,1509,0.692,0.0057,0.685,0.992757911
2012,11,All other breakfast cereal,74050,Chicago-Naperville-Elgin  IL-IN-WI,16980,8146003,1156519935,5078270,742635471,1522,0.704,0.0126,0.684,0.994244607
2012,12,All other breakfast cereal,74050,Chicago-Naperville-Elgin  IL-IN-WI,16980,11149050,1537309317,6104826,884553488,1543,0.725,0.0062,0.69,1.01792784
2013,1,All other breakfast cereal,74050,Chicago-Naperville-Elgin  IL-IN-WI,16980,9748919,1400221061,5358871,789147727,1421,0.696,0.0041,0.679,0.991189745
2013,2,All other breakfast cereal,74050,Chicago-Naperville-Elgin  IL-IN-WI,16980,7836319,1128148079,4646736,683981194,1404,0.695,0.0050,0.679,0.997698765
2013,3,All other breakfast cereal,74050,Chicago-Naperville-Elgin  IL-IN-WI,16980,7896526,1170032111,5333046,802161617,1417,0.675,0.0040,0.665,0.97992887
2013,4,All other breakfast cereal,74050,Chicago-Naperville-Elgin  IL-IN-WI,16980,7119995,1051650602,4780176,723551790,1407,0.677,0.0050,0.661,0.991093747
2013,5,All other breakfast cereal,74050,Chicago-Naperville-Elgin  IL-IN-WI,16980,7351250,1071081524,4977803,737183935,1413,0.686,0.0038,0.675,0.985823917
2013,6,All other breakfast cereal,74050,Chicago-Naperville-Elgin  IL-IN-WI,16980,7150240,1058198570,4821799,729471061,1391,0.676,0.0048,0.661,0.982873756
2013,7,All other breakfast cereal,74050,Chicago-Naperville-Elgin  IL-IN-WI,16980,7173395,1067798919,4775182,730300007,1420,0.672,0.0052,0.654,0.982041575
2013,8,All other breakfast cereal,74050,Chicago-Naperville-Elgin  IL-IN-WI,16980,7189521,1074407498,4796416,731721483,1415,0.669,0.0042,0.655,0.970105475
2013,9,All other breakfast cereal,74050,Chicago-Naperville-Elgin  IL-IN-WI,16980,6300487,918610817,4230389,630274060,1415,0.686,0.0047,0.671,0.987994321
2013,10,All other breakfast cereal,74050,Chicago-Naperville-Elgin  IL-IN-WI,16980,6194202,897070048,4234227,628285518,1399,0.69,0.0052,0.674,0.983117482
2013,11,All other breakfast cereal,74050,Chicago-Naperville-Elgin  IL-IN-WI,16980,5950845,844872117,3915688,571256198,1408,0.704,0.0070,0.685,1.022118529
2013,12,All other breakfast cereal,74050,Chicago-Naperville-Elgin  IL-IN-WI,16980,7128857,968019967,4386931,634234341,1441,0.736,0.0131,0.692,1.044527212
2014,1,All other breakfast cereal,74050,Chicago-Naperville-Elgin  IL-IN-WI,16980,5597066,832449798,4533810,663707083,1361,0.672,0.0067,0.683,1.002075874
2014,2,All other breakfast cereal,74050,Chicago-Naperville-Elgin  IL-IN-WI,16980,5318204,805843473,4254933,636694796,1340,0.66,0.0061,0.668,0.986274422
2014,3,All other breakfast cereal,74050,Chicago-Naperville-Elgin  IL-IN-WI,16980,5883883,908677953,4668458,708941957,1360,0.648,0.0058,0.659,0.964823547
2014,4,All other breakfast cereal,74050,Chicago-Naperville-Elgin  IL-IN-WI,16980,5258846,824301653,4212381,645109415,1350,0.638,0.0070,0.653,0.965560656
2014,5,All other breakfast cereal,74050,Chicago-Naperville-Elgin  IL-IN-WI,16980,5263391,816613969,4229889,648379225,1346,0.645,0.0057,0.652,0.96274157
2014,6,All other breakfast cereal,74050,Chicago-Naperville-Elgin  IL-IN-WI,16980,5310291,813879440,4226030,635539029,1343,0.652,0.0067,0.665,0.974814457
2014,7,All other breakfast cereal,74050,Chicago-Naperville-Elgin  IL-IN-WI,16980,5465241,842910286,4374461,667048429,1346,0.648,0.0065,0.656,0.969656806
2014,8,All other breakfast cereal,74050,Chicago-Naperville-Elgin  IL-IN-WI,16980,5648601,884272394,4495807,695160286,1326,0.639,0.0056,0.647,0.959971677
2014,9,All other breakfast cereal,74050,Chicago-Naperville-Elgin  IL-IN-WI,16980,8987656,1276278387,4089646,617815798,1315,0.704,0.0053,0.662,0.996867868
2014,10,All other breakfast cereal,74050,Chicago-Naperville-Elgin  IL-IN-WI,16980,10486596,1469659240,4238340,638162436,1303,0.714,0.0053,0.664,0.997983427
2014,11,All other breakfast cereal,74050,Chicago-Naperville-Elgin  IL-IN-WI,16980,10249564,1431894038,3975599,598385954,1296,0.716,0.0065,0.664,1.011234249
2014,12,All other breakfast cereal,74050,Chicago-Naperville-Elgin  IL-IN-WI,16980,10148606,1396441984,4039016,592994344,1356,0.727,0.0059,0.681,1.04507741
2015,1,All other breakfast cereal,74050,Chicago-Naperville-Elgin  IL-IN-WI,16980,8616586,1341287770,5417766,839100280,1459,0.642,0.0020,0.646,0.947229026
2015,2,All other breakfast cereal,74050,Chicago-Naperville-Elgin  IL-IN-WI,16980,6810731,1010077239,4353201,645135336,1415,0.674,0.0021,0.675,0.987605965
2015,3,All other breakfast cereal,74050,Chicago-Naperville-Elgin  IL-IN-WI,16980,7600933,1108170340,4905839,716771814,1422,0.686,0.0023,0.684,0.977841041
2015,4,All other breakfast cereal,74050,Chicago-Naperville-Elgin  IL-IN-WI,16980,7059072,1033473916,4572095,671940014,1417,0.683,0.0031,0.68,0.990271956
2015,5,All other breakfast cereal,74050,Chicago-Naperville-Elgin  IL-IN-WI,16980,7528134,1121523269,4780673,711179728,1426,0.671,0.0033,0.672,0.968002585
2015,6,All other breakfast cereal,74050,Chicago-Naperville-Elgin  IL-IN-WI,16980,7143703,1070775833,4532132,681825994,1418,0.667,0.0032,0.665,0.974682183
2015,7,All other breakfast cereal,74050,Chicago-Naperville-Elgin  IL-IN-WI,16980,7326175,1079977313,4679888,690603701,1417,0.678,0.0023,0.678,0.990884897
2015,8,All other breakfast cereal,74050,Chicago-Naperville-Elgin  IL-IN-WI,16980,7439484,1107571056,4742574,703183763,1426,0.672,0.0021,0.674,0.978619283
2015,9,All other breakfast cereal,74050,Chicago-Naperville-Elgin  IL-IN-WI,16980,6854960,986919641,4335468,628498182,1413,0.695,0.0031,0.69,1.001721842
2015,10,All other breakfast cereal,74050,Chicago-Naperville-Elgin  IL-IN-WI,16980,7261791,1028419390,4465276,638132737,1420,0.706,0.0030,0.7,1.01168626
2015,11,All other breakfast cereal,74050,Chicago-Naperville-Elgin  IL-IN-WI,16980,8038512,1112269868,4231365,605661248,1430,0.723,0.0034,0.699,1.0198536
2015,12,All other breakfast cereal,74050,Chicago-Naperville-Elgin  IL-IN-WI,16980,9683177,1366930294,5177973,757841873,1456,0.708,0.0036,0.683,1.006172101
2016,1,All other breakfast cereal,74050,Chicago-Naperville-Elgin  IL-IN-WI,16980,8991053,1313975575,4623893,700533801,1483,0.684,0.0083,0.66,0.984352659
2016,2,All other breakfast cereal,74050,Chicago-Naperville-Elgin  IL-IN-WI,16980,8767641,1239719216,4504489,646911073,1477,0.707,0.0072,0.696,1.011530634
2016,3,All other breakfast cereal,74050,Chicago-Naperville-Elgin  IL-IN-WI,16980,6944704,1000873581,4687294,682340456,1471,0.694,0.0064,0.687,0.99716002
2016,4,All other breakfast cereal,74050,Chicago-Naperville-Elgin  IL-IN-WI,16980,6811626,992090730,4611555,676252801,1475,0.687,0.0059,0.682,1.000122114
2016,5,All other breakfast cereal,74050,Chicago-Naperville-Elgin  IL-IN-WI,16980,6800718,970059179,4542844,647600393,1479,0.701,0.0035,0.701,1.016550606
2016,6,All other breakfast cereal,74050,Chicago-Naperville-Elgin  IL-IN-WI,16980,6969795,1008580330,4670455,681708582,1484,0.691,0.0045,0.685,0.98788229
2016,7,All other breakfast cereal,74050,Chicago-Naperville-Elgin  IL-IN-WI,16980,7077199,1018297002,4709338,675281654,1486,0.695,0.0037,0.697,1.012115357
2016,8,All other breakfast cereal,74050,Chicago-Naperville-Elgin  IL-IN-WI,16980,7373254,1097907635,4933932,733323942,1472,0.672,0.0053,0.673,1.002579372
2016,9,All other breakfast cereal,74050,Chicago-Naperville-Elgin  IL-IN-WI,16980,7022896,1030884258,4713090,693462484,1463,0.681,0.0058,0.68,0.988960169
2016,10,All other breakfast cereal,74050,Chicago-Naperville-Elgin  IL-IN-WI,16980,6730224,992954257,4565972,673106787,1469,0.678,0.0043,0.678,0.980892409
2016,11,All other breakfast cereal,74050,Chicago-Naperville-Elgin  IL-IN-WI,16980,7043613,1014274542,4234920,617960934,1467,0.694,0.0051,0.685,0.990975288
2016,12,All other breakfast cereal,74050,Chicago-Naperville-Elgin  IL-IN-WI,16980,8080725,1148567084,4689184,700132528,1465,0.704,0.0171,0.67,1.003448389
2017,1,All other breakfast cereal,74050,Chicago-Naperville-Elgin  IL-IN-WI,16980,15604599,2257091374,4924886,744081899,1301,0.691,0.0073,0.662,1.007379645
2017,2,All other breakfast cereal,74050,Chicago-Naperville-Elgin  IL-IN-WI,16980,12407379,1789465436,4334337,644091331,1294,0.693,0.0073,0.673,0.992016644
2017,3,All other breakfast cereal,74050,Chicago-Naperville-Elgin  IL-IN-WI,16980,14013469,2020699280,4896970,718917776,1307,0.693,0.0077,0.681,1.005970523
2017,4,All other breakfast cereal,74050,Chicago-Naperville-Elgin  IL-IN-WI,16980,11825921,1754654649,4741815,697027562,1320,0.674,0.0158,0.68,0.973439772
2017,5,All other breakfast cereal,74050,Chicago-Naperville-Elgin  IL-IN-WI,16980,9568735,1368812899,4722721,684418159,1311,0.699,0.0072,0.69,1.007518381
2017,6,All other breakfast cereal,74050,Chicago-Naperville-Elgin  IL-IN-WI,16980,8223233,1232237373,4804740,703995541,1316,0.667,0.0081,0.682,0.974867878
2017,7,All other breakfast cereal,74050,Chicago-Naperville-Elgin  IL-IN-WI,16980,7754938,1163236826,4713748,687775457,1309,0.667,0.0070,0.685,0.996386944
2017,8,All other breakfast cereal,74050,Chicago-Naperville-Elgin  IL-IN-WI,16980,7639526,1169292956,4997301,753272559,1309,0.653,0.0081,0.663,0.997599994
2017,9,All other breakfast cereal,74050,Chicago-Naperville-Elgin  IL-IN-WI,16980,7042756,1093053273,4424371,656710786,1289,0.644,0.0090,0.674,0.987831609
2017,10,All other breakfast cereal,74050,Chicago-Naperville-Elgin  IL-IN-WI,16980,7059731,1066095319,4421043,646432813,1308,0.662,0.0095,0.684,0.991246952
2017,11,All other breakfast cereal,74050,Chicago-Naperville-Elgin  IL-IN-WI,16980,6250628,924192408,3992982,575253097,1288,0.676,0.0093,0.694,1.012658938
2017,12,All other breakfast cereal,74050,Chicago-Naperville-Elgin  IL-IN-WI,16980,7058746,1039934068,4415811,639819763,1299,0.679,0.0095,0.69,1.016875871
2018,1,All other breakfast cereal,74050,Chicago-Naperville-Elgin  IL-IN-WI,16980,7023314,1108656138,4455587,685178044,1294,0.633,0.0261,0.65,0.965822441
2018,2,All other breakfast cereal,74050,Chicago-Naperville-Elgin  IL-IN-WI,16980,6209466,948462604,3852126,554011111,1289,0.655,0.0277,0.695,0.996928488
2018,3,All other breakfast cereal,74050,Chicago-Naperville-Elgin  IL-IN-WI,16980,6924731,1065187486,4501275,670219110,1308,0.65,0.0294,0.672,0.964041667
2018,4,All other breakfast cereal,74050,Chicago-Naperville-Elgin  IL-IN-WI,16980,6597811,1003017167,4281940,635492236,1324,0.658,0.0348,0.674,0.999565578
2018,5,All other breakfast cereal,74050,Chicago-Naperville-Elgin  IL-IN-WI,16980,6339099,970514659,4149516,616805909,1316,0.653,0.0358,0.673,0.997477957
2018,6,All other breakfast cereal,74050,Chicago-Naperville-Elgin  IL-IN-WI,16980,6420354,989186630,4109476,607969925,1328,0.649,0.0370,0.676,0.990879803
2018,7,All other breakfast cereal,74050,Chicago-Naperville-Elgin  IL-IN-WI,16980,6368623,951342372,4205310,613164668,1343,0.669,0.0293,0.686,1.021288913
2018,8,All other breakfast cereal,74050,Chicago-Naperville-Elgin  IL-IN-WI,16980,6696856,1010192361,4222689,617632855,1333,0.663,0.0102,0.684,0.963297706
2018,9,All other breakfast cereal,74050,Chicago-Naperville-Elgin  IL-IN-WI,16980,5606835,813041180,3864347,560601773,1338,0.69,0.0171,0.689,1.011616953
2018,10,All other breakfast cereal,74050,Chicago-Naperville-Elgin  IL-IN-WI,16980,5960397,876902907,4015461,592598274,1335,0.68,0.0181,0.678,1.01633916
2018,11,All other breakfast cereal,74050,Chicago-Naperville-Elgin  IL-IN-WI,16980,5616561,816314048,3771874,538446006,1340,0.688,0.0184,0.701,1.028122953
2018,12,All other breakfast cereal,74050,Chicago-Naperville-Elgin  IL-IN-WI,16980,5471435,792748750,3798123,540655966,1330,0.69,0.0170,0.703,1.065842227
2012,1,All other breakfast cereal,74050,Dallas-Fort Worth-Arlington  TX,19100,6228575,937115180,4875737,751488993,1067,0.665,0.0024,0.649,0.990733464
2012,2,All other breakfast cereal,74050,Dallas-Fort Worth-Arlington  TX,19100,5850655,902674492,4646460,731616809,1069,0.648,0.0033,0.635,0.974906549
2012,3,All other breakfast cereal,74050,Dallas-Fort Worth-Arlington  TX,19100,6048630,917559203,4963434,770609282,1070,0.659,0.0025,0.644,0.986458819
2012,4,All other breakfast cereal,74050,Dallas-Fort Worth-Arlington  TX,19100,5821599,896166015,4823196,757023787,1073,0.65,0.0022,0.637,0.96918104
2012,5,All other breakfast cereal,74050,Dallas-Fort Worth-Arlington  TX,19100,5734414,865862052,4769331,728985594,1075,0.662,0.0022,0.654,0.997587995
2012,6,All other breakfast cereal,74050,Dallas-Fort Worth-Arlington  TX,19100,5939048,903434710,4918416,761846589,1072,0.657,0.0024,0.646,0.993747885
2012,7,All other breakfast cereal,74050,Dallas-Fort Worth-Arlington  TX,19100,5950471,912135400,4981314,775202978,1077,0.652,0.0020,0.643,0.985302501
2012,8,All other breakfast cereal,74050,Dallas-Fort Worth-Arlington  TX,19100,5814379,898227360,4900863,766801286,1074,0.647,0.0025,0.639,0.980256288
2012,9,All other breakfast cereal,74050,Dallas-Fort Worth-Arlington  TX,19100,5432780,827654135,4546619,702478360,1061,0.656,0.0023,0.647,0.978908694
2012,10,All other breakfast cereal,74050,Dallas-Fort Worth-Arlington  TX,19100,5365012,816568018,4523372,698586940,1064,0.657,0.0023,0.648,0.99463305
2012,11,All other breakfast cereal,74050,Dallas-Fort Worth-Arlington  TX,19100,4861606,733040380,4108787,629082137,1064,0.663,0.0023,0.653,1.00771748
2012,12,All other breakfast cereal,74050,Dallas-Fort Worth-Arlington  TX,19100,6002050,905477744,4975260,769418792,1080,0.663,0.0035,0.647,0.996777247
2013,1,All other breakfast cereal,74050,Dallas-Fort Worth-Arlington  TX,19100,5081457,782096176,4272819,675575275,975,0.65,0.0040,0.632,0.97675535
2013,2,All other breakfast cereal,74050,Dallas-Fort Worth-Arlington  TX,19100,4459986,672488808,3676939,564531581,976,0.663,0.0042,0.651,0.989924196
2013,3,All other breakfast cereal,74050,Dallas-Fort Worth-Arlington  TX,19100,5161451,776952915,4093045,627393081,978,0.664,0.0029,0.652,0.990835283
2013,4,All other breakfast cereal,74050,Dallas-Fort Worth-Arlington  TX,19100,4810598,718742703,3804891,582903705,981,0.669,0.0034,0.653,1.002869632
2013,5,All other breakfast cereal,74050,Dallas-Fort Worth-Arlington  TX,19100,4861356,725504831,3882466,592479120,982,0.67,0.0035,0.655,1.004307319
2013,6,All other breakfast cereal,74050,Dallas-Fort Worth-Arlington  TX,19100,4770970,724710775,3833949,599596990,980,0.658,0.0035,0.639,0.991386879
2013,7,All other breakfast cereal,74050,Dallas-Fort Worth-Arlington  TX,19100,4700780,722921971,3786568,602175219,983,0.65,0.0033,0.629,0.994284822
2013,8,All other breakfast cereal,74050,Dallas-Fort Worth-Arlington  TX,19100,4661091,715545382,3712247,586521531,980,0.651,0.0029,0.633,0.984977058
2013,9,All other breakfast cereal,74050,Dallas-Fort Worth-Arlington  TX,19100,4085930,619841775,3261790,506726222,1022,0.659,0.0037,0.644,1.00476718
2013,10,All other breakfast cereal,74050,Dallas-Fort Worth-Arlington  TX,19100,4117473,628355888,3270818,510431354,992,0.655,0.0031,0.641,0.995395814
2013,11,All other breakfast cereal,74050,Dallas-Fort Worth-Arlington  TX,19100,3815141,575749157,3037627,470195572,978,0.663,0.0038,0.646,1.002821771
2013,12,All other breakfast cereal,74050,Dallas-Fort Worth-Arlington  TX,19100,4077667,608990317,3295397,509204629,982,0.67,0.0044,0.647,1.013541929
2014,1,All other breakfast cereal,74050,Dallas-Fort Worth-Arlington  TX,19100,4626639,713975246,3715196,590727799,1054,0.648,0.0060,0.629,0.990772351
2014,2,All other breakfast cereal,74050,Dallas-Fort Worth-Arlington  TX,19100,4218170,638774278,3431310,534927142,1061,0.66,0.0031,0.641,0.9976248
2014,3,All other breakfast cereal,74050,Dallas-Fort Worth-Arlington  TX,19100,4751271,735692169,3864346,617164898,1075,0.646,0.0026,0.626,0.969613325
2014,4,All other breakfast cereal,74050,Dallas-Fort Worth-Arlington  TX,19100,4322429,673358971,3543841,570212318,1066,0.642,0.0027,0.621,0.983722668
2014,5,All other breakfast cereal,74050,Dallas-Fort Worth-Arlington  TX,19100,4324531,672147057,3521765,555932435,1061,0.643,0.0022,0.633,0.993071358
2014,6,All other breakfast cereal,74050,Dallas-Fort Worth-Arlington  TX,19100,4529729,706587471,3727828,595241275,1068,0.641,0.0018,0.626,0.980875945
2014,7,All other breakfast cereal,74050,Dallas-Fort Worth-Arlington  TX,19100,4506507,693452640,3804587,607079592,1058,0.65,0.0033,0.627,0.989602618
2014,8,All other breakfast cereal,74050,Dallas-Fort Worth-Arlington  TX,19100,4506913,682149720,3685132,572937531,1057,0.661,0.0024,0.643,0.995324427
2014,9,All other breakfast cereal,74050,Dallas-Fort Worth-Arlington  TX,19100,4048582,625368876,3296316,522084019,1054,0.647,0.0027,0.631,0.978426222
2014,10,All other breakfast cereal,74050,Dallas-Fort Worth-Arlington  TX,19100,4026761,606246465,3322847,511841809,1051,0.664,0.0028,0.649,1.009107205
2014,11,All other breakfast cereal,74050,Dallas-Fort Worth-Arlington  TX,19100,3887006,600655210,3191399,500466233,1053,0.647,0.0032,0.638,1.001048079
2014,12,All other breakfast cereal,74050,Dallas-Fort Worth-Arlington  TX,19100,4074316,625284154,3351320,526388414,1062,0.652,0.0033,0.637,1.012749258
2015,1,All other breakfast cereal,74050,Dallas-Fort Worth-Arlington  TX,19100,5217298,825024341,4118765,667949843,1146,0.632,0.0029,0.617,0.954280103
2015,2,All other breakfast cereal,74050,Dallas-Fort Worth-Arlington  TX,19100,4503078,682311307,3530994,553351682,1132,0.66,0.0028,0.638,1.002729901
2015,3,All other breakfast cereal,74050,Dallas-Fort Worth-Arlington  TX,19100,4813817,732085325,3833530,601694186,1141,0.658,0.0025,0.637,0.988758123
2015,4,All other breakfast cereal,74050,Dallas-Fort Worth-Arlington  TX,19100,4593078,700690070,3753271,592185872,1125,0.656,0.0022,0.634,0.992461315
2015,5,All other breakfast cereal,74050,Dallas-Fort Worth-Arlington  TX,19100,4724191,721951398,3821240,603742931,1141,0.654,0.0024,0.633,0.994513254
2015,6,All other breakfast cereal,74050,Dallas-Fort Worth-Arlington  TX,19100,4775393,728836279,3839083,603501839,1132,0.655,0.0026,0.636,1.002218562
2015,7,All other breakfast cereal,74050,Dallas-Fort Worth-Arlington  TX,19100,4984996,764720621,3983744,628274680,1133,0.652,0.0029,0.634,0.995941287
2015,8,All other breakfast cereal,74050,Dallas-Fort Worth-Arlington  TX,19100,5219958,813454368,4230093,672903195,1135,0.642,0.0020,0.629,0.989349638
2015,9,All other breakfast cereal,74050,Dallas-Fort Worth-Arlington  TX,19100,4392539,674660626,3576658,567146259,1140,0.651,0.0031,0.631,0.99665769
2015,10,All other breakfast cereal,74050,Dallas-Fort Worth-Arlington  TX,19100,4761814,728705761,3867769,611485571,1134,0.653,0.0033,0.633,0.996500159
2015,11,All other breakfast cereal,74050,Dallas-Fort Worth-Arlington  TX,19100,4449370,677110740,3598682,564329296,1144,0.657,0.0046,0.638,1.008077599
2015,12,All other breakfast cereal,74050,Dallas-Fort Worth-Arlington  TX,19100,5327745,811660330,4347025,687111218,1149,0.656,0.0031,0.633,1.012135028
2016,1,All other breakfast cereal,74050,Dallas-Fort Worth-Arlington  TX,19100,5129475,797933527,4068581,652975451,1206,0.643,0.0022,0.623,0.97713756
2016,2,All other breakfast cereal,74050,Dallas-Fort Worth-Arlington  TX,19100,5071180,782280597,4056763,641223744,1175,0.648,0.0022,0.633,1.001505088
2016,3,All other breakfast cereal,74050,Dallas-Fort Worth-Arlington  TX,19100,5453583,839028636,4357383,687671332,1188,0.65,0.0023,0.634,0.999337695
2016,4,All other breakfast cereal,74050,Dallas-Fort Worth-Arlington  TX,19100,5214663,800272222,4177620,660141462,1195,0.652,0.0021,0.633,1.010608078
2016,5,All other breakfast cereal,74050,Dallas-Fort Worth-Arlington  TX,19100,5400101,832416256,4319854,683038489,1200,0.649,0.0018,0.632,1.00626854
2016,6,All other breakfast cereal,74050,Dallas-Fort Worth-Arlington  TX,19100,5598504,872174715,4427312,707856601,1193,0.642,0.0023,0.625,0.98559551
2016,7,All other breakfast cereal,74050,Dallas-Fort Worth-Arlington  TX,19100,5691977,879026737,4505899,713862214,1198,0.648,0.0021,0.631,1.004757754
2016,8,All other breakfast cereal,74050,Dallas-Fort Worth-Arlington  TX,19100,5806695,912960810,4719186,756181471,1197,0.636,0.0019,0.624,0.995664218
2016,9,All other breakfast cereal,74050,Dallas-Fort Worth-Arlington  TX,19100,5149812,814912409,4198671,677038781,1190,0.632,0.0021,0.62,0.969172277
2016,10,All other breakfast cereal,74050,Dallas-Fort Worth-Arlington  TX,19100,5184823,799781047,4188151,663205613,1205,0.648,0.0025,0.632,1.002756381
2016,11,All other breakfast cereal,74050,Dallas-Fort Worth-Arlington  TX,19100,5020169,767861507,4031567,635238141,1193,0.654,0.0024,0.635,1.013704927
2016,12,All other breakfast cereal,74050,Dallas-Fort Worth-Arlington  TX,19100,5590200,859608402,4466891,711826541,1198,0.65,0.0026,0.628,1.012865373
2017,1,All other breakfast cereal,74050,Dallas-Fort Worth-Arlington  TX,19100,5946660,939950388,4437044,714507568,1030,0.633,0.0024,0.621,0.987152354
2017,2,All other breakfast cereal,74050,Dallas-Fort Worth-Arlington  TX,19100,5396859,851303031,4098728,656137067,1033,0.634,0.0019,0.625,0.990651987
2017,3,All other breakfast cereal,74050,Dallas-Fort Worth-Arlington  TX,19100,5960015,930207967,4595451,730629009,1021,0.641,0.0018,0.629,1.002382265
2017,4,All other breakfast cereal,74050,Dallas-Fort Worth-Arlington  TX,19100,5569767,862464027,4264546,667319018,1027,0.646,0.0016,0.639,0.999058112
2017,5,All other breakfast cereal,74050,Dallas-Fort Worth-Arlington  TX,19100,5784864,907381132,4443000,705534720,1030,0.638,0.0020,0.63,0.983575372
2017,6,All other breakfast cereal,74050,Dallas-Fort Worth-Arlington  TX,19100,5829653,919283082,4494246,717289454,1033,0.634,0.0018,0.627,0.993885317
2017,7,All other breakfast cereal,74050,Dallas-Fort Worth-Arlington  TX,19100,5747338,902046376,4461737,711015078,1043,0.637,0.0016,0.628,0.999463467
2017,8,All other breakfast cereal,74050,Dallas-Fort Worth-Arlington  TX,19100,5963046,947314369,4726558,762465617,1043,0.629,0.0016,0.62,0.993817524
2017,9,All other breakfast cereal,74050,Dallas-Fort Worth-Arlington  TX,19100,5212841,841410487,4159294,680642967,1035,0.62,0.0020,0.611,0.975348762
2017,10,All other breakfast cereal,74050,Dallas-Fort Worth-Arlington  TX,19100,5272523,821597834,4180385,659695419,1035,0.642,0.0012,0.634,0.998704495
2017,11,All other breakfast cereal,74050,Dallas-Fort Worth-Arlington  TX,19100,4757566,742822195,3727913,590071890,1025,0.64,0.0014,0.632,0.988795844
2017,12,All other breakfast cereal,74050,Dallas-Fort Worth-Arlington  TX,19100,4999676,783267785,4005605,637780270,1032,0.638,0.0014,0.628,0.981377372
2018,1,All other breakfast cereal,74050,Dallas-Fort Worth-Arlington  TX,19100,5590698,890864719,4405769,717890943,1045,0.628,0.0018,0.614,0.966291177
2018,2,All other breakfast cereal,74050,Dallas-Fort Worth-Arlington  TX,19100,5142696,804758863,4113798,661744346,1043,0.639,0.0022,0.622,0.990574091
2018,3,All other breakfast cereal,74050,Dallas-Fort Worth-Arlington  TX,19100,5613166,871945401,4472614,712000311,1049,0.644,0.0018,0.628,0.984000095
2018,4,All other breakfast cereal,74050,Dallas-Fort Worth-Arlington  TX,19100,5543887,877285941,4497345,733041271,1055,0.632,0.0030,0.614,0.961785207
2018,5,All other breakfast cereal,74050,Dallas-Fort Worth-Arlington  TX,19100,5551241,865174636,4436389,707966743,1044,0.642,0.0019,0.627,0.967740108
2018,6,All other breakfast cereal,74050,Dallas-Fort Worth-Arlington  TX,19100,5522259,878518204,4453485,725417784,1044,0.629,0.0018,0.614,0.955017506
2018,7,All other breakfast cereal,74050,Dallas-Fort Worth-Arlington  TX,19100,5629438,873551408,4561419,727558742,1053,0.644,0.0020,0.627,0.993748932
2018,8,All other breakfast cereal,74050,Dallas-Fort Worth-Arlington  TX,19100,5656163,882743398,4607705,740601018,1045,0.641,0.0025,0.622,0.975684222
2018,9,All other breakfast cereal,74050,Dallas-Fort Worth-Arlington  TX,19100,5100691,819578993,4177678,702356941,1060,0.622,0.0053,0.595,0.949788723
2018,10,All other breakfast cereal,74050,Dallas-Fort Worth-Arlington  TX,19100,5278096,815513640,4241698,675419853,1071,0.647,0.0021,0.628,0.994946689
2018,11,All other breakfast cereal,74050,Dallas-Fort Worth-Arlington  TX,19100,4882460,751448366,3949582,627934278,1071,0.65,0.0024,0.629,1.006823057
2018,12,All other breakfast cereal,74050,Dallas-Fort Worth-Arlington  TX,19100,4919804,759924430,3984021,630231058,1068,0.647,0.0014,0.632,1.016513538
2012,1,All other breakfast cereal,74050,Detroit-Warren-Dearborn  MI,19820,3236870,477498658,2254064,325434726,820,0.678,0.0022,0.693,1.022774842
2012,2,All other breakfast cereal,74050,Detroit-Warren-Dearborn  MI,19820,2978346,469718777,2041251,318969686,822,0.634,0.0014,0.64,0.982982038
2012,3,All other breakfast cereal,74050,Detroit-Warren-Dearborn  MI,19820,3055648,467481801,2099476,316177103,821,0.654,0.0011,0.664,0.983891045
2012,4,All other breakfast cereal,74050,Detroit-Warren-Dearborn  MI,19820,3274780,520363187,2296972,363251265,823,0.629,0.0015,0.632,0.943589366
2012,5,All other breakfast cereal,74050,Detroit-Warren-Dearborn  MI,19820,3002257,452576009,2043684,301816155,822,0.663,0.0025,0.677,1.006149254
2012,6,All other breakfast cereal,74050,Detroit-Warren-Dearborn  MI,19820,3219180,494550941,2218804,335292229,824,0.651,0.0018,0.662,0.979594509
2012,7,All other breakfast cereal,74050,Detroit-Warren-Dearborn  MI,19820,3256189,497054258,2233900,334012393,828,0.655,0.0026,0.669,0.997137382
2012,8,All other breakfast cereal,74050,Detroit-Warren-Dearborn  MI,19820,3047849,471674436,2095443,316494564,830,0.646,0.0016,0.662,0.999945189
2012,9,All other breakfast cereal,74050,Detroit-Warren-Dearborn  MI,19820,2977347,468116639,2053310,315244484,827,0.636,0.0013,0.651,0.993517784
2012,10,All other breakfast cereal,74050,Detroit-Warren-Dearborn  MI,19820,2864432,438629325,1962778,292289678,824,0.653,0.0020,0.672,1.008295501
2012,11,All other breakfast cereal,74050,Detroit-Warren-Dearborn  MI,19820,2720790,416964817,1851628,276585721,826,0.653,0.0017,0.669,1.015031717
2012,12,All other breakfast cereal,74050,Detroit-Warren-Dearborn  MI,19820,3253545,497188398,2216953,330891399,834,0.654,0.0015,0.67,1.016213473
2013,1,All other breakfast cereal,74050,Detroit-Warren-Dearborn  MI,19820,3091790,484403279,2098889,322242060,761,0.638,0.0016,0.651,0.982832084
2013,2,All other breakfast cereal,74050,Detroit-Warren-Dearborn  MI,19820,2568874,388211174,1678476,244289091,762,0.662,0.0034,0.687,1.034986323
2013,3,All other breakfast cereal,74050,Detroit-Warren-Dearborn  MI,19820,3122062,485225755,2086344,313352382,759,0.643,0.0028,0.666,1.005392959
2013,4,All other breakfast cereal,74050,Detroit-Warren-Dearborn  MI,19820,2618226,405219088,1727050,259622612,756,0.646,0.0025,0.665,1.002448477
2013,5,All other breakfast cereal,74050,Detroit-Warren-Dearborn  MI,19820,2780007,429170978,1845027,277469035,763,0.648,0.0023,0.665,1.002059972
2013,6,All other breakfast cereal,74050,Detroit-Warren-Dearborn  MI,19820,2815233,445508842,1885781,293609478,769,0.632,0.0014,0.642,0.971293127
2013,7,All other breakfast cereal,74050,Detroit-Warren-Dearborn  MI,19820,2718433,437131120,1838684,290995111,779,0.622,0.0016,0.632,0.976706781
2013,8,All other breakfast cereal,74050,Detroit-Warren-Dearborn  MI,19820,2560065,400050195,1676508,255327404,779,0.64,0.0035,0.657,1.019507347
2013,9,All other breakfast cereal,74050,Detroit-Warren-Dearborn  MI,19820,2373228,372201987,1584824,243316163,777,0.638,0.0018,0.651,1.010056578
2013,10,All other breakfast cereal,74050,Detroit-Warren-Dearborn  MI,19820,2475360,382394356,1678652,252521384,778,0.647,0.0028,0.665,0.992116184
2013,11,All other breakfast cereal,74050,Detroit-Warren-Dearborn  MI,19820,2252861,358961423,1516435,237790435,769,0.628,0.0012,0.638,0.982082577
2013,12,All other breakfast cereal,74050,Detroit-Warren-Dearborn  MI,19820,2346828,365682429,1586588,241991234,778,0.642,0.0017,0.656,0.997953351
2014,1,All other breakfast cereal,74050,Detroit-Warren-Dearborn  MI,19820,4562590,682891892,1914329,292486159,820,0.668,0.0175,0.655,1.016056107
2014,2,All other breakfast cereal,74050,Detroit-Warren-Dearborn  MI,19820,4209165,640070436,1778121,268871793,806,0.658,0.0210,0.661,1.025160725
2014,3,All other breakfast cereal,74050,Detroit-Warren-Dearborn  MI,19820,4342525,687541975,2070383,329191475,813,0.632,0.0101,0.629,0.986302824
2014,4,All other breakfast cereal,74050,Detroit-Warren-Dearborn  MI,19820,3623833,582654931,1864160,289261450,811,0.622,0.0074,0.644,0.979520802
2014,5,All other breakfast cereal,74050,Detroit-Warren-Dearborn  MI,19820,3448452,536951843,1693786,256924765,813,0.642,0.0093,0.659,1.011371211
2014,6,All other breakfast cereal,74050,Detroit-Warren-Dearborn  MI,19820,3321749,524435320,1849238,287699875,822,0.633,0.0066,0.643,0.99031795
2014,7,All other breakfast cereal,74050,Detroit-Warren-Dearborn  MI,19820,3302232,531670921,1932813,309590632,811,0.621,0.0065,0.624,0.964714314
2014,8,All other breakfast cereal,74050,Detroit-Warren-Dearborn  MI,19820,3096851,490473996,1730787,263767878,795,0.631,0.0058,0.656,1.009431904
2014,9,All other breakfast cereal,74050,Detroit-Warren-Dearborn  MI,19820,2755451,457926498,1587861,250163872,776,0.602,0.0063,0.635,0.985391859
2014,10,All other breakfast cereal,74050,Detroit-Warren-Dearborn  MI,19820,2887780,451886020,1679177,256017326,778,0.639,0.0062,0.656,1.001279182
2014,11,All other breakfast cereal,74050,Detroit-Warren-Dearborn  MI,19820,2709110,425393637,1559115,239432888,786,0.637,0.0070,0.651,1.01057799
2014,12,All other breakfast cereal,74050,Detroit-Warren-Dearborn  MI,19820,3008339,473775489,1667824,257966398,808,0.635,0.0068,0.647,1.002042849
2015,1,All other breakfast cereal,74050,Detroit-Warren-Dearborn  MI,19820,4029579,664711091,2131884,338187117,827,0.606,0.0138,0.63,0.969932071
2015,2,All other breakfast cereal,74050,Detroit-Warren-Dearborn  MI,19820,3215910,519720610,1717381,264250676,811,0.619,0.0111,0.65,0.998869382
2015,3,All other breakfast cereal,74050,Detroit-Warren-Dearborn  MI,19820,3365841,540654983,1913571,302369157,805,0.623,0.0123,0.633,0.979398829
2015,4,All other breakfast cereal,74050,Detroit-Warren-Dearborn  MI,19820,3318364,531020083,1870380,291792569,806,0.625,0.0111,0.641,0.995085872
2015,5,All other breakfast cereal,74050,Detroit-Warren-Dearborn  MI,19820,3440429,562392940,1877164,297460462,807,0.612,0.0086,0.631,0.987524217
2015,6,All other breakfast cereal,74050,Detroit-Warren-Dearborn  MI,19820,3438880,541766342,1823457,278442992,810,0.635,0.0115,0.655,1.017793952
2015,7,All other breakfast cereal,74050,Detroit-Warren-Dearborn  MI,19820,3438582,551944441,1947984,303615118,806,0.623,0.0092,0.642,0.989248643
2015,8,All other breakfast cereal,74050,Detroit-Warren-Dearborn  MI,19820,3464573,547316705,1947706,300435553,803,0.633,0.0077,0.648,1.004442423
2015,9,All other breakfast cereal,74050,Detroit-Warren-Dearborn  MI,19820,3188158,504647654,1751087,269831512,807,0.632,0.0120,0.649,1.014444945
2015,10,All other breakfast cereal,74050,Detroit-Warren-Dearborn  MI,19820,3191836,506864700,1807508,277662703,797,0.63,0.0104,0.651,1.010452683
2015,11,All other breakfast cereal,74050,Detroit-Warren-Dearborn  MI,19820,3001694,477064349,1708351,257513651,800,0.629,0.0121,0.663,1.004490345
2015,12,All other breakfast cereal,74050,Detroit-Warren-Dearborn  MI,19820,3684629,598873694,2065657,325540167,817,0.615,0.0090,0.635,0.984852103
2016,1,All other breakfast cereal,74050,Detroit-Warren-Dearborn  MI,19820,3195054,501649015,1829238,283657058,832,0.637,0.0253,0.645,1.001140643
2016,2,All other breakfast cereal,74050,Detroit-Warren-Dearborn  MI,19820,3342982,520700793,1859529,281012736,830,0.642,0.0196,0.662,1.011438065
2016,3,All other breakfast cereal,74050,Detroit-Warren-Dearborn  MI,19820,3330959,529843402,1988512,311256268,829,0.629,0.0219,0.639,0.955980856
2016,4,All other breakfast cereal,74050,Detroit-Warren-Dearborn  MI,19820,3411371,532236654,1912717,299109542,832,0.641,0.0243,0.639,1.007091877
2016,5,All other breakfast cereal,74050,Detroit-Warren-Dearborn  MI,19820,3287783,521422418,1887946,295818108,828,0.631,0.0226,0.638,1.009277975
2016,6,All other breakfast cereal,74050,Detroit-Warren-Dearborn  MI,19820,3141005,494610266,1861218,292528813,825,0.635,0.0141,0.636,0.984587168
2016,7,All other breakfast cereal,74050,Detroit-Warren-Dearborn  MI,19820,3140946,474223632,1889424,278092807,827,0.662,0.0161,0.679,1.030307249
2016,8,All other breakfast cereal,74050,Detroit-Warren-Dearborn  MI,19820,3500176,545181466,1901275,283280550,830,0.642,0.0147,0.671,1.018637172
2016,9,All other breakfast cereal,74050,Detroit-Warren-Dearborn  MI,19820,3259590,512902850,1927713,297878018,827,0.636,0.0071,0.647,0.984380061
2016,10,All other breakfast cereal,74050,Detroit-Warren-Dearborn  MI,19820,3142138,503512522,1784310,281932347,826,0.624,0.0166,0.633,0.976342328
2016,11,All other breakfast cereal,74050,Detroit-Warren-Dearborn  MI,19820,2879451,457696087,1602288,252389118,826,0.629,0.0068,0.635,0.964675127
2016,12,All other breakfast cereal,74050,Detroit-Warren-Dearborn  MI,19820,3200943,513005384,1845057,297850539,829,0.624,0.0173,0.619,0.961755682
2017,1,All other breakfast cereal,74050,Detroit-Warren-Dearborn  MI,19820,3596246,575562291,1834709,295380647,677,0.625,0.0127,0.621,0.948727973
2017,2,All other breakfast cereal,74050,Detroit-Warren-Dearborn  MI,19820,3286009,540150533,1721037,279809280,677,0.608,0.0107,0.615,0.946483299
2017,3,All other breakfast cereal,74050,Detroit-Warren-Dearborn  MI,19820,3683844,597830441,1994998,319023651,675,0.616,0.0133,0.625,0.963902016
2017,4,All other breakfast cereal,74050,Detroit-Warren-Dearborn  MI,19820,2990600,471185178,1721088,267415721,673,0.635,0.0068,0.644,0.984557974
2017,5,All other breakfast cereal,74050,Detroit-Warren-Dearborn  MI,19820,3167548,514112046,1899463,303870794,662,0.616,0.0047,0.625,0.956263248
2017,6,All other breakfast cereal,74050,Detroit-Warren-Dearborn  MI,19820,3138468,507816575,1877699,298000994,665,0.618,0.0041,0.63,0.965713975
2017,7,All other breakfast cereal,74050,Detroit-Warren-Dearborn  MI,19820,3088099,501102827,1842905,289670526,675,0.616,0.0043,0.636,0.978279393
2017,8,All other breakfast cereal,74050,Detroit-Warren-Dearborn  MI,19820,3198691,529855111,1895671,303497948,671,0.604,0.0040,0.625,0.972402653
2017,9,All other breakfast cereal,74050,Detroit-Warren-Dearborn  MI,19820,3017985,520867343,1783819,300621057,671,0.579,0.0075,0.593,0.92990079
2017,10,All other breakfast cereal,74050,Detroit-Warren-Dearborn  MI,19820,2847793,450606074,1723129,266135694,671,0.632,0.0055,0.647,0.998300952
2017,11,All other breakfast cereal,74050,Detroit-Warren-Dearborn  MI,19820,2683694,423950494,1616495,249444792,663,0.633,0.0084,0.648,0.987616553
2017,12,All other breakfast cereal,74050,Detroit-Warren-Dearborn  MI,19820,2938461,472836610,1792226,282773859,669,0.621,0.0075,0.634,0.960656602
2018,1,All other breakfast cereal,74050,Detroit-Warren-Dearborn  MI,19820,3654180,613715699,1918467,313645392,667,0.595,0.0091,0.612,0.937897981
2018,2,All other breakfast cereal,74050,Detroit-Warren-Dearborn  MI,19820,3318466,543339017,1773891,285286725,664,0.611,0.0184,0.622,0.960522916
2018,3,All other breakfast cereal,74050,Detroit-Warren-Dearborn  MI,19820,3631752,583216429,1986175,315927080,662,0.623,0.0271,0.629,0.962191475
2018,4,All other breakfast cereal,74050,Detroit-Warren-Dearborn  MI,19820,3696926,620101064,2082987,350399709,664,0.596,0.0169,0.594,0.913579883
2018,5,All other breakfast cereal,74050,Detroit-Warren-Dearborn  MI,19820,3496729,565268494,1966814,315488019,666,0.619,0.0147,0.623,0.956357482
2018,6,All other breakfast cereal,74050,Detroit-Warren-Dearborn  MI,19820,3510069,576000655,1967975,317330640,667,0.609,0.0097,0.62,0.956698136
2018,7,All other breakfast cereal,74050,Detroit-Warren-Dearborn  MI,19820,3591903,586434840,2049850,326358700,661,0.612,0.0155,0.628,0.96563842
2018,8,All other breakfast cereal,74050,Detroit-Warren-Dearborn  MI,19820,3615074,604935119,2041918,340674763,662,0.598,0.0126,0.599,0.935599961
2018,9,All other breakfast cereal,74050,Detroit-Warren-Dearborn  MI,19820,3303050,569052863,1993765,356451626,669,0.58,0.0233,0.559,0.911217698
2018,10,All other breakfast cereal,74050,Detroit-Warren-Dearborn  MI,19820,3330080,548308449,1858890,297536636,660,0.607,0.0100,0.625,0.964992302
2018,11,All other breakfast cereal,74050,Detroit-Warren-Dearborn  MI,19820,3205942,524771647,1741592,279213045,662,0.611,0.0113,0.624,0.989850401
2018,12,All other breakfast cereal,74050,Detroit-Warren-Dearborn  MI,19820,3080383,500984660,1726673,267656341,658,0.615,0.0076,0.645,1.00392327
2012,1,All other breakfast cereal,74050,Houston-The Woodlands-Sugar Land  TX,26420,5162907,765555854,3547269,555845026,998,0.674,0.0024,0.638,0.977691455
2012,2,All other breakfast cereal,74050,Houston-The Woodlands-Sugar Land  TX,26420,4777880,726846345,3321796,537102977,991,0.657,0.0024,0.618,0.979123228
2012,3,All other breakfast cereal,74050,Houston-The Woodlands-Sugar Land  TX,26420,5095733,763618521,3528635,556710782,992,0.667,0.0015,0.634,0.975309486
2012,4,All other breakfast cereal,74050,Houston-The Woodlands-Sugar Land  TX,26420,4956903,743980360,3460527,548467543,995,0.666,0.0018,0.631,0.966598291
2012,5,All other breakfast cereal,74050,Houston-The Woodlands-Sugar Land  TX,26420,4979635,728338656,3447302,528305965,996,0.684,0.0016,0.653,0.984224835
2012,6,All other breakfast cereal,74050,Houston-The Woodlands-Sugar Land  TX,26420,4996863,751996929,3582630,562810287,1006,0.664,0.0017,0.637,0.978203392
2012,7,All other breakfast cereal,74050,Houston-The Woodlands-Sugar Land  TX,26420,5030518,755318273,3627353,568698408,1011,0.666,0.0016,0.638,0.97998396
2012,8,All other breakfast cereal,74050,Houston-The Woodlands-Sugar Land  TX,26420,4836917,731281601,3581460,563581477,1007,0.661,0.0033,0.635,0.973795236
2012,9,All other breakfast cereal,74050,Houston-The Woodlands-Sugar Land  TX,26420,4334991,646474050,3221504,501819360,1003,0.671,0.0038,0.642,0.979306561
2012,10,All other breakfast cereal,74050,Houston-The Woodlands-Sugar Land  TX,26420,4324354,642281424,3235281,501420985,1006,0.673,0.0037,0.645,0.9866987
2012,11,All other breakfast cereal,74050,Houston-The Woodlands-Sugar Land  TX,26420,4041961,596059362,2966478,458210577,1004,0.678,0.0037,0.647,0.99113541
2012,12,All other breakfast cereal,74050,Houston-The Woodlands-Sugar Land  TX,26420,4882142,727730988,3533827,557908840,1018,0.671,0.0045,0.633,0.98630647
2013,1,All other breakfast cereal,74050,Houston-The Woodlands-Sugar Land  TX,26420,4825185,750395037,3159150,509787388,918,0.643,0.0086,0.62,0.953532463
2013,2,All other breakfast cereal,74050,Houston-The Woodlands-Sugar Land  TX,26420,4065259,606110432,2653603,410476489,913,0.671,0.0049,0.646,0.982116126
2013,3,All other breakfast cereal,74050,Houston-The Woodlands-Sugar Land  TX,26420,4608676,685413331,2995154,461240813,921,0.672,0.0041,0.649,0.982908438
2013,4,All other breakfast cereal,74050,Houston-The Woodlands-Sugar Land  TX,26420,4246025,630421962,2759458,426529376,912,0.674,0.0048,0.647,0.989520422
2013,5,All other breakfast cereal,74050,Houston-The Woodlands-Sugar Land  TX,26420,4388828,648359250,2824993,433016999,910,0.677,0.0041,0.652,0.993413375
2013,6,All other breakfast cereal,74050,Houston-The Woodlands-Sugar Land  TX,26420,4363565,669819111,2806629,444471226,915,0.651,0.0056,0.631,0.9675583
2013,7,All other breakfast cereal,74050,Houston-The Woodlands-Sugar Land  TX,26420,4289810,668087496,2758370,445271750,920,0.642,0.0052,0.619,0.966113724
2013,8,All other breakfast cereal,74050,Houston-The Woodlands-Sugar Land  TX,26420,4232564,644960677,2702703,428736508,919,0.656,0.0041,0.63,0.979763381
2013,9,All other breakfast cereal,74050,Houston-The Woodlands-Sugar Land  TX,26420,3788022,568490670,2403449,376377740,953,0.666,0.0051,0.639,0.990861093
2013,10,All other breakfast cereal,74050,Houston-The Woodlands-Sugar Land  TX,26420,3808443,575521845,2416875,380561745,939,0.662,0.0047,0.635,0.98394484
2013,11,All other breakfast cereal,74050,Houston-The Woodlands-Sugar Land  TX,26420,3574170,535282288,2236394,349915559,918,0.668,0.0055,0.639,0.985857879
2013,12,All other breakfast cereal,74050,Houston-The Woodlands-Sugar Land  TX,26420,3749543,561399045,2397823,376443970,923,0.668,0.0070,0.637,0.994476592
2014,1,All other breakfast cereal,74050,Houston-The Woodlands-Sugar Land  TX,26420,4372249,657061079,2807147,448250193,982,0.665,0.0043,0.626,0.989502733
2014,2,All other breakfast cereal,74050,Houston-The Woodlands-Sugar Land  TX,26420,3916658,582220623,2530987,394970494,981,0.673,0.0031,0.641,0.986489968
2014,3,All other breakfast cereal,74050,Houston-The Woodlands-Sugar Land  TX,26420,4339920,658222881,2825038,450164173,995,0.659,0.0045,0.628,0.975355063
2014,4,All other breakfast cereal,74050,Houston-The Woodlands-Sugar Land  TX,26420,4029317,612229895,2632779,421769973,983,0.658,0.0026,0.624,0.984103939
2014,5,All other breakfast cereal,74050,Houston-The Woodlands-Sugar Land  TX,26420,4041266,611300782,2668311,416766790,990,0.661,0.0031,0.64,0.986405474
2014,6,All other breakfast cereal,74050,Houston-The Woodlands-Sugar Land  TX,26420,4099155,625160794,2821202,447549010,994,0.656,0.0039,0.63,0.980364247
2014,7,All other breakfast cereal,74050,Houston-The Woodlands-Sugar Land  TX,26420,4278813,658796650,2928507,470982404,987,0.649,0.0057,0.622,0.967879428
2014,8,All other breakfast cereal,74050,Houston-The Woodlands-Sugar Land  TX,26420,4079646,615356913,2771308,434251927,982,0.663,0.0045,0.638,0.984496564
2014,9,All other breakfast cereal,74050,Houston-The Woodlands-Sugar Land  TX,26420,3630678,554676339,2456928,390854170,974,0.655,0.0044,0.629,0.975794687
2014,10,All other breakfast cereal,74050,Houston-The Woodlands-Sugar Land  TX,26420,3707583,549330568,2502335,386532343,976,0.675,0.0052,0.647,0.99486229
2014,11,All other breakfast cereal,74050,Houston-The Woodlands-Sugar Land  TX,26420,3548682,530237051,2385287,372968528,979,0.669,0.0057,0.64,0.994914017
2014,12,All other breakfast cereal,74050,Houston-The Woodlands-Sugar Land  TX,26420,3722564,553785741,2517457,396140220,985,0.672,0.0068,0.635,1.009642458
2015,1,All other breakfast cereal,74050,Houston-The Woodlands-Sugar Land  TX,26420,4933925,744317935,2996046,480312039,1185,0.663,0.0037,0.624,0.965414885
2015,2,All other breakfast cereal,74050,Houston-The Woodlands-Sugar Land  TX,26420,3875343,573418079,2381182,371543168,1169,0.676,0.0036,0.641,0.990909033
2015,3,All other breakfast cereal,74050,Houston-The Woodlands-Sugar Land  TX,26420,4310685,640764002,2666721,417935936,1171,0.673,0.0041,0.638,0.980008125
2015,4,All other breakfast cereal,74050,Houston-The Woodlands-Sugar Land  TX,26420,4325251,654963790,2706022,427553866,1169,0.66,0.0042,0.633,0.976302682
2015,5,All other breakfast cereal,74050,Houston-The Woodlands-Sugar Land  TX,26420,4392490,662662254,2713215,430676334,1172,0.663,0.0033,0.63,0.980756635
2015,6,All other breakfast cereal,74050,Houston-The Woodlands-Sugar Land  TX,26420,4593569,687035287,2835298,443885808,1174,0.669,0.0036,0.639,0.98885149
2015,7,All other breakfast cereal,74050,Houston-The Woodlands-Sugar Land  TX,26420,4786280,722226597,2858874,452865836,1176,0.663,0.0038,0.631,0.973903477
2015,8,All other breakfast cereal,74050,Houston-The Woodlands-Sugar Land  TX,26420,5069060,747413695,2978586,466590231,1170,0.678,0.0055,0.638,0.99043101
2015,9,All other breakfast cereal,74050,Houston-The Woodlands-Sugar Land  TX,26420,4178351,609722978,2512227,395716490,1166,0.685,0.0059,0.635,0.995170554
2015,10,All other breakfast cereal,74050,Houston-The Woodlands-Sugar Land  TX,26420,4296802,626927671,2650502,415674728,1167,0.685,0.0073,0.638,1.009729925
2015,11,All other breakfast cereal,74050,Houston-The Woodlands-Sugar Land  TX,26420,4106706,607324812,2471849,386209856,1179,0.676,0.0067,0.64,0.99794784
2015,12,All other breakfast cereal,74050,Houston-The Woodlands-Sugar Land  TX,26420,4905543,725437289,2979281,475281882,1197,0.676,0.0054,0.627,0.99472678
2016,1,All other breakfast cereal,74050,Houston-The Woodlands-Sugar Land  TX,26420,5010093,763904260,2674057,427687319,1206,0.656,0.0069,0.625,0.966395011
2016,2,All other breakfast cereal,74050,Houston-The Woodlands-Sugar Land  TX,26420,5179807,788171962,2721303,428246401,1183,0.657,0.0088,0.635,0.990740499
2016,3,All other breakfast cereal,74050,Houston-The Woodlands-Sugar Land  TX,26420,5521018,836097365,2952446,464588743,1202,0.66,0.0025,0.635,0.971738527
2016,4,All other breakfast cereal,74050,Houston-The Woodlands-Sugar Land  TX,26420,4883999,734490552,2874586,452337240,1197,0.665,0.0077,0.635,0.990214667
2016,5,All other breakfast cereal,74050,Houston-The Woodlands-Sugar Land  TX,26420,4652832,705025828,2820210,444314417,1207,0.66,0.0077,0.635,0.990323155
2016,6,All other breakfast cereal,74050,Houston-The Woodlands-Sugar Land  TX,26420,4784431,741257226,2957561,478160692,1196,0.645,0.0097,0.619,0.97399966
2016,7,All other breakfast cereal,74050,Houston-The Woodlands-Sugar Land  TX,26420,5024654,766158222,3052740,479399368,1196,0.656,0.0039,0.637,0.984404187
2016,8,All other breakfast cereal,74050,Houston-The Woodlands-Sugar Land  TX,26420,5055922,764138355,3195959,504012298,1194,0.662,0.0058,0.634,0.998464826
2016,9,All other breakfast cereal,74050,Houston-The Woodlands-Sugar Land  TX,26420,4662444,738706007,2894002,467164145,1190,0.631,0.0061,0.619,0.952867586
2016,10,All other breakfast cereal,74050,Houston-The Woodlands-Sugar Land  TX,26420,4671412,718846615,2878931,457284578,1210,0.65,0.0063,0.63,0.970650951
2016,11,All other breakfast cereal,74050,Houston-The Woodlands-Sugar Land  TX,26420,4462431,686777715,2756425,438036825,1199,0.65,0.0067,0.629,0.980139938
2016,12,All other breakfast cereal,74050,Houston-The Woodlands-Sugar Land  TX,26420,4791274,745328106,2999240,485275520,1200,0.643,0.0101,0.618,0.974726073
2017,1,All other breakfast cereal,74050,Houston-The Woodlands-Sugar Land  TX,26420,5866086,908757903,3085543,503254849,1026,0.646,0.0048,0.613,0.973307804
2017,2,All other breakfast cereal,74050,Houston-The Woodlands-Sugar Land  TX,26420,5350290,819251265,2869919,465771799,1032,0.653,0.0078,0.616,0.998536945
2017,3,All other breakfast cereal,74050,Houston-The Woodlands-Sugar Land  TX,26420,5432832,831936654,3236986,521079724,1028,0.653,0.0081,0.621,1.001420052
2017,4,All other breakfast cereal,74050,Houston-The Woodlands-Sugar Land  TX,26420,5177587,773070998,2986234,466934708,1029,0.67,0.0063,0.64,1.012684183
2017,5,All other breakfast cereal,74050,Houston-The Woodlands-Sugar Land  TX,26420,5285546,802125463,3114737,495042788,1026,0.659,0.0075,0.629,1.009232883
2017,6,All other breakfast cereal,74050,Houston-The Woodlands-Sugar Land  TX,26420,5488942,849938762,3264421,527499566,1039,0.646,0.0060,0.619,1.002822658
2017,7,All other breakfast cereal,74050,Houston-The Woodlands-Sugar Land  TX,26420,5293704,807397629,3169547,508065151,1040,0.656,0.0076,0.624,1.014859025
2017,8,All other breakfast cereal,74050,Houston-The Woodlands-Sugar Land  TX,26420,6392398,988024675,3790913,612323440,1043,0.647,0.0046,0.619,1.012482154
2017,9,All other breakfast cereal,74050,Houston-The Woodlands-Sugar Land  TX,26420,4975081,786105672,3075440,507541222,1037,0.633,0.0066,0.606,0.984492831
2017,10,All other breakfast cereal,74050,Houston-The Woodlands-Sugar Land  TX,26420,4736895,711720920,2940130,460999983,1023,0.666,0.0049,0.638,1.013862582
2017,11,All other breakfast cereal,74050,Houston-The Woodlands-Sugar Land  TX,26420,4253645,635478866,2605517,405924625,1033,0.669,0.0040,0.642,1.021870007
2017,12,All other breakfast cereal,74050,Houston-The Woodlands-Sugar Land  TX,26420,4546775,690481750,2813400,446223342,1034,0.658,0.0056,0.63,0.996703108
2018,1,All other breakfast cereal,74050,Houston-The Woodlands-Sugar Land  TX,26420,5258364,820800125,2936305,477758793,889,0.641,0.0044,0.615,0.968895825
2018,2,All other breakfast cereal,74050,Houston-The Woodlands-Sugar Land  TX,26420,4413724,665767641,2547098,409496837,892,0.663,0.0049,0.622,1.002409481
2018,3,All other breakfast cereal,74050,Houston-The Woodlands-Sugar Land  TX,26420,4953393,733437567,2841497,449957650,898,0.675,0.0049,0.632,1.006679228
2018,4,All other breakfast cereal,74050,Houston-The Woodlands-Sugar Land  TX,26420,4965071,771707414,2945670,491751702,897,0.643,0.0068,0.599,0.966258451
2018,5,All other breakfast cereal,74050,Houston-The Woodlands-Sugar Land  TX,26420,4941430,734124746,2852344,452943367,895,0.673,0.0037,0.63,0.996836048
2018,6,All other breakfast cereal,74050,Houston-The Woodlands-Sugar Land  TX,26420,5035528,769187258,2950183,480309847,902,0.655,0.0037,0.614,0.979166242
2018,7,All other breakfast cereal,74050,Houston-The Woodlands-Sugar Land  TX,26420,5015050,748552590,2991746,478893337,897,0.67,0.0044,0.625,1.009879269
2018,8,All other breakfast cereal,74050,Houston-The Woodlands-Sugar Land  TX,26420,5023769,759911912,3009784,490094958,891,0.661,0.0052,0.614,0.990415222
2018,9,All other breakfast cereal,74050,Houston-The Woodlands-Sugar Land  TX,26420,4757366,773416003,2836427,504520800,895,0.615,0.0104,0.562,0.931668683
2018,10,All other breakfast cereal,74050,Houston-The Woodlands-Sugar Land  TX,26420,4569640,686822704,2695695,432499432,894,0.665,0.0041,0.623,0.999049555
2018,11,All other breakfast cereal,74050,Houston-The Woodlands-Sugar Land  TX,26420,4194019,623101441,2434904,390392809,897,0.673,0.0064,0.624,1.019060365
2018,12,All other breakfast cereal,74050,Houston-The Woodlands-Sugar Land  TX,26420,4138512,618156824,2497794,394657098,898,0.669,0.0028,0.633,1.030858667
2012,1,All other breakfast cereal,74050,Los Angeles-Long Beach-Anaheim  CA,31080,11049549,1519382878,6459770,923961256,1397,0.727,0.0106,0.699,1.034327627
2012,2,All other breakfast cereal,74050,Los Angeles-Long Beach-Anaheim  CA,31080,10184975,1411601312,5730089,818802320,1387,0.722,0.0095,0.7,1.037748448
2012,3,All other breakfast cereal,74050,Los Angeles-Long Beach-Anaheim  CA,31080,10676716,1510066933,6077256,880315585,1393,0.707,0.0078,0.69,1.032563366
2012,4,All other breakfast cereal,74050,Los Angeles-Long Beach-Anaheim  CA,31080,10692936,1542076215,6467696,980401191,1397,0.693,0.0110,0.66,0.998276101
2012,5,All other breakfast cereal,74050,Los Angeles-Long Beach-Anaheim  CA,31080,10354971,1431305448,5827278,836430610,1401,0.723,0.0099,0.697,1.030290872
2012,6,All other breakfast cereal,74050,Los Angeles-Long Beach-Anaheim  CA,31080,10570007,1488509488,6067424,878896979,1401,0.71,0.0088,0.69,1.02282455
2012,7,All other breakfast cereal,74050,Los Angeles-Long Beach-Anaheim  CA,31080,11710066,1664804208,6501196,958515182,1407,0.703,0.0128,0.678,1.018317102
2012,8,All other breakfast cereal,74050,Los Angeles-Long Beach-Anaheim  CA,31080,10678052,1526921973,5955808,862064359,1405,0.699,0.0061,0.691,1.025518587
2012,9,All other breakfast cereal,74050,Los Angeles-Long Beach-Anaheim  CA,31080,9491341,1338605393,5643865,817192462,1407,0.709,0.0093,0.691,1.040969941
2012,10,All other breakfast cereal,74050,Los Angeles-Long Beach-Anaheim  CA,31080,9455359,1338115513,5878648,844374228,1399,0.707,0.0065,0.696,1.029826123
2012,11,All other breakfast cereal,74050,Los Angeles-Long Beach-Anaheim  CA,31080,7372251,1071867193,5270630,767708527,1401,0.688,0.0076,0.687,1.017604844
2012,12,All other breakfast cereal,74050,Los Angeles-Long Beach-Anaheim  CA,31080,8926410,1288137647,6120382,895849291,1413,0.693,0.0072,0.683,1.030810536
2013,1,All other breakfast cereal,74050,Los Angeles-Long Beach-Anaheim  CA,31080,10859053,1510724087,5148330,748997512,1230,0.719,0.0066,0.687,1.039536783
2013,2,All other breakfast cereal,74050,Los Angeles-Long Beach-Anaheim  CA,31080,8168239,1156498061,4363027,623787091,1225,0.706,0.0072,0.699,1.043262804
2013,3,All other breakfast cereal,74050,Los Angeles-Long Beach-Anaheim  CA,31080,9367665,1366344377,5062710,751690997,1227,0.686,0.0085,0.674,1.024715071
2013,4,All other breakfast cereal,74050,Los Angeles-Long Beach-Anaheim  CA,31080,8625640,1249306684,4690345,685794394,1228,0.69,0.0058,0.684,1.014583129
2013,5,All other breakfast cereal,74050,Los Angeles-Long Beach-Anaheim  CA,31080,8820414,1280903636,4781204,715373278,1224,0.689,0.0098,0.668,1.009665819
2013,6,All other breakfast cereal,74050,Los Angeles-Long Beach-Anaheim  CA,31080,8380439,1214642087,4618110,683879017,1225,0.69,0.0081,0.675,1.017258948
2013,7,All other breakfast cereal,74050,Los Angeles-Long Beach-Anaheim  CA,31080,8510214,1273381218,4703800,732413690,1231,0.668,0.0115,0.642,0.993934466
2013,8,All other breakfast cereal,74050,Los Angeles-Long Beach-Anaheim  CA,31080,8020255,1171279649,4354884,647946407,1231,0.685,0.0073,0.672,1.015099153
2013,9,All other breakfast cereal,74050,Los Angeles-Long Beach-Anaheim  CA,31080,7436515,1077708723,4111374,618102957,1229,0.69,0.0121,0.665,1.029902882
2013,10,All other breakfast cereal,74050,Los Angeles-Long Beach-Anaheim  CA,31080,7328053,1050650210,3992242,588013870,1225,0.697,0.0095,0.679,1.037818105
2013,11,All other breakfast cereal,74050,Los Angeles-Long Beach-Anaheim  CA,31080,6630591,929385765,3592528,524179318,1226,0.713,0.0126,0.685,1.066626477
2013,12,All other breakfast cereal,74050,Los Angeles-Long Beach-Anaheim  CA,31080,6978582,981168785,3804963,560091859,1229,0.711,0.0133,0.679,1.048111101
2014,1,All other breakfast cereal,74050,Los Angeles-Long Beach-Anaheim  CA,31080,7682044,1089779486,4367698,637559714,1282,0.705,0.0082,0.685,1.02212985
2014,2,All other breakfast cereal,74050,Los Angeles-Long Beach-Anaheim  CA,31080,7223474,1040165227,3982129,586887697,1276,0.694,0.0079,0.679,1.009129054
2014,3,All other breakfast cereal,74050,Los Angeles-Long Beach-Anaheim  CA,31080,7841947,1158804832,4423933,679154088,1284,0.677,0.0099,0.651,0.998329491
2014,4,All other breakfast cereal,74050,Los Angeles-Long Beach-Anaheim  CA,31080,7750233,1152509781,4297616,644851677,1278,0.672,0.0071,0.666,0.997785696
2014,5,All other breakfast cereal,74050,Los Angeles-Long Beach-Anaheim  CA,31080,7494016,1081200291,4050519,598753718,1286,0.693,0.0092,0.676,1.007657181
2014,6,All other breakfast cereal,74050,Los Angeles-Long Beach-Anaheim  CA,31080,7731300,1118511771,4313973,634560683,1292,0.691,0.0073,0.68,1.026116554
2014,7,All other breakfast cereal,74050,Los Angeles-Long Beach-Anaheim  CA,31080,8083309,1172476529,4514532,688690350,1280,0.689,0.0108,0.656,1.016329829
2014,8,All other breakfast cereal,74050,Los Angeles-Long Beach-Anaheim  CA,31080,7939980,1147067955,4255141,625932340,1278,0.692,0.0073,0.68,1.029689735
2014,9,All other breakfast cereal,74050,Los Angeles-Long Beach-Anaheim  CA,31080,6945095,1015103343,3771343,554521938,1281,0.684,0.0078,0.68,1.038552888
2014,10,All other breakfast cereal,74050,Los Angeles-Long Beach-Anaheim  CA,31080,7376922,1060261589,4136500,621690307,1284,0.696,0.0109,0.665,1.034822581
2014,11,All other breakfast cereal,74050,Los Angeles-Long Beach-Anaheim  CA,31080,6852602,980677659,3912969,581173643,1277,0.699,0.0104,0.673,1.03296934
2014,12,All other breakfast cereal,74050,Los Angeles-Long Beach-Anaheim  CA,31080,6528861,907228181,3800831,553830901,1273,0.72,0.0121,0.686,1.066357696
2015,1,All other breakfast cereal,74050,Los Angeles-Long Beach-Anaheim  CA,31080,9036924,1328732847,5470954,811692231,1390,0.68,0.0022,0.674,0.986196143
2015,2,All other breakfast cereal,74050,Los Angeles-Long Beach-Anaheim  CA,31080,7328030,1071303374,4494904,677541078,1372,0.684,0.0048,0.663,0.994578221
2015,3,All other breakfast cereal,74050,Los Angeles-Long Beach-Anaheim  CA,31080,7961223,1139785284,4887731,731060255,1376,0.698,0.0062,0.669,1.013604786
2015,4,All other breakfast cereal,74050,Los Angeles-Long Beach-Anaheim  CA,31080,8233352,1207408098,5106423,774469371,1371,0.682,0.0042,0.659,0.989819698
2015,5,All other breakfast cereal,74050,Los Angeles-Long Beach-Anaheim  CA,31080,8430746,1250424034,5054523,777178639,1372,0.674,0.0044,0.65,0.990848877
2015,6,All other breakfast cereal,74050,Los Angeles-Long Beach-Anaheim  CA,31080,7777649,1112690496,4855833,726084338,1365,0.699,0.0051,0.669,1.026430613
2015,7,All other breakfast cereal,74050,Los Angeles-Long Beach-Anaheim  CA,31080,8414416,1203299083,5161688,781046628,1367,0.699,0.0068,0.661,1.037064212
2015,8,All other breakfast cereal,74050,Los Angeles-Long Beach-Anaheim  CA,31080,8215787,1164497180,5065984,745700125,1372,0.706,0.0062,0.679,1.054296059
2015,9,All other breakfast cereal,74050,Los Angeles-Long Beach-Anaheim  CA,31080,7614630,1061067423,4673957,692585676,1371,0.718,0.0070,0.675,1.057999995
2015,10,All other breakfast cereal,74050,Los Angeles-Long Beach-Anaheim  CA,31080,7778002,1070582580,4725200,677003805,1377,0.727,0.0060,0.698,1.053878636
2015,11,All other breakfast cereal,74050,Los Angeles-Long Beach-Anaheim  CA,31080,7242482,997919092,4479059,656165745,1376,0.726,0.0093,0.683,1.04683045
2015,12,All other breakfast cereal,74050,Los Angeles-Long Beach-Anaheim  CA,31080,8911563,1241338761,5332875,764640363,1393,0.718,0.0044,0.697,1.034651957
2016,1,All other breakfast cereal,74050,Los Angeles-Long Beach-Anaheim  CA,31080,7406773,1094466711,4997828,717337194,1407,0.677,0.0033,0.697,1.012756976
2016,2,All other breakfast cereal,74050,Los Angeles-Long Beach-Anaheim  CA,31080,7169607,1049701423,4896042,698430967,1394,0.683,0.0046,0.701,1.020753711
2016,3,All other breakfast cereal,74050,Los Angeles-Long Beach-Anaheim  CA,31080,7841233,1136139618,5449806,766105408,1410,0.69,0.0085,0.711,1.021999637
2016,4,All other breakfast cereal,74050,Los Angeles-Long Beach-Anaheim  CA,31080,7576217,1120571443,5045164,725335549,1396,0.676,0.0047,0.696,1.022398913
2016,5,All other breakfast cereal,74050,Los Angeles-Long Beach-Anaheim  CA,31080,7782751,1157587996,5287673,777665475,1407,0.672,0.0035,0.68,1.031064215
2016,6,All other breakfast cereal,74050,Los Angeles-Long Beach-Anaheim  CA,31080,7788034,1162612385,5177773,763136105,1399,0.67,0.0048,0.678,1.012724028
2016,7,All other breakfast cereal,74050,Los Angeles-Long Beach-Anaheim  CA,31080,8256336,1229534034,5417942,784723005,1394,0.672,0.0120,0.69,1.038367756
2016,8,All other breakfast cereal,74050,Los Angeles-Long Beach-Anaheim  CA,31080,8218191,1252869046,5375016,792187056,1401,0.656,0.0042,0.679,1.020162252
2016,9,All other breakfast cereal,74050,Los Angeles-Long Beach-Anaheim  CA,31080,7393376,1122638334,4994847,749263558,1393,0.659,0.0043,0.667,0.999532188
2016,10,All other breakfast cereal,74050,Los Angeles-Long Beach-Anaheim  CA,31080,7389685,1097230902,4909500,715117485,1400,0.673,0.0036,0.687,1.019401444
2016,11,All other breakfast cereal,74050,Los Angeles-Long Beach-Anaheim  CA,31080,6907644,1027785540,4628752,678078582,1396,0.672,0.0045,0.683,1.018042243
2016,12,All other breakfast cereal,74050,Los Angeles-Long Beach-Anaheim  CA,31080,7436071,1125980427,5026140,759981533,1393,0.66,0.0048,0.661,1.012806434
2017,1,All other breakfast cereal,74050,Los Angeles-Long Beach-Anaheim  CA,31080,10621972,1505970670,5208102,778073613,1447,0.705,0.0156,0.669,1.040288788
2017,2,All other breakfast cereal,74050,Los Angeles-Long Beach-Anaheim  CA,31080,9675291,1345590883,4684739,671095303,1441,0.719,0.0173,0.698,1.071608055
2017,3,All other breakfast cereal,74050,Los Angeles-Long Beach-Anaheim  CA,31080,10756318,1474383308,5208066,738125407,1446,0.73,0.0302,0.706,1.079375311
2017,4,All other breakfast cereal,74050,Los Angeles-Long Beach-Anaheim  CA,31080,8720817,1218171138,4970256,705516540,1440,0.716,0.0114,0.704,1.062947903
2017,5,All other breakfast cereal,74050,Los Angeles-Long Beach-Anaheim  CA,31080,9342863,1333560664,5258638,758384336,1446,0.701,0.0132,0.693,1.042726826
2017,6,All other breakfast cereal,74050,Los Angeles-Long Beach-Anaheim  CA,31080,8996426,1315711761,5293554,768300737,1446,0.684,0.0095,0.689,1.032673847
2017,7,All other breakfast cereal,74050,Los Angeles-Long Beach-Anaheim  CA,31080,10069033,1445233183,5542237,800035850,1457,0.697,0.0142,0.693,1.041392043
2017,8,All other breakfast cereal,74050,Los Angeles-Long Beach-Anaheim  CA,31080,9589687,1394205609,5345979,778147209,1448,0.688,0.0138,0.687,1.05300254
2017,9,All other breakfast cereal,74050,Los Angeles-Long Beach-Anaheim  CA,31080,8664709,1322718406,5028992,749036333,1447,0.655,0.0101,0.671,1.022204322
2017,10,All other breakfast cereal,74050,Los Angeles-Long Beach-Anaheim  CA,31080,8069383,1164768660,4925375,710730576,1458,0.693,0.0051,0.693,1.040063449
2017,11,All other breakfast cereal,74050,Los Angeles-Long Beach-Anaheim  CA,31080,8869451,1212409479,4500582,633434192,1456,0.732,0.0156,0.711,1.0702965
2017,12,All other breakfast cereal,74050,Los Angeles-Long Beach-Anaheim  CA,31080,10583237,1419546901,4805804,693259593,1446,0.746,0.0272,0.693,1.068320273
2018,1,All other breakfast cereal,74050,Los Angeles-Long Beach-Anaheim  CA,31080,11152538,1564232329,5189653,772040275,1443,0.713,0.0141,0.672,1.034149643
2018,2,All other breakfast cereal,74050,Los Angeles-Long Beach-Anaheim  CA,31080,9188004,1258516391,4558251,658522854,1453,0.73,0.0120,0.692,1.054330647
2018,3,All other breakfast cereal,74050,Los Angeles-Long Beach-Anaheim  CA,31080,8834292,1263971633,5269588,776064960,1462,0.699,0.0074,0.679,1.020487056
2018,4,All other breakfast cereal,74050,Los Angeles-Long Beach-Anaheim  CA,31080,8253808,1204017603,5181276,782685824,1577,0.686,0.0110,0.662,0.995679643
2018,5,All other breakfast cereal,74050,Los Angeles-Long Beach-Anaheim  CA,31080,8174095,1164887387,5073916,741677809,1572,0.702,0.0103,0.684,1.017324803
2018,6,All other breakfast cereal,74050,Los Angeles-Long Beach-Anaheim  CA,31080,7774184,1116450648,4924160,721389300,1575,0.696,0.0094,0.683,1.027771094
2018,7,All other breakfast cereal,74050,Los Angeles-Long Beach-Anaheim  CA,31080,8258605,1160070685,5213262,754072575,1579,0.712,0.0129,0.691,1.044307778
2018,8,All other breakfast cereal,74050,Los Angeles-Long Beach-Anaheim  CA,31080,7915580,1091027688,5040750,725072098,1577,0.726,0.0178,0.695,1.071517573
2018,9,All other breakfast cereal,74050,Los Angeles-Long Beach-Anaheim  CA,31080,7132846,979939849,4708269,684227125,1573,0.728,0.0220,0.688,1.068437202
2018,10,All other breakfast cereal,74050,Los Angeles-Long Beach-Anaheim  CA,31080,7515250,1041655446,4805600,689806549,1578,0.721,0.0143,0.697,1.064232775
2018,11,All other breakfast cereal,74050,Los Angeles-Long Beach-Anaheim  CA,31080,8158979,1094111147,4569661,645133712,1583,0.746,0.0127,0.708,1.086117757
2018,12,All other breakfast cereal,74050,Los Angeles-Long Beach-Anaheim  CA,31080,8664236,1117723041,4363239,606509281,1586,0.775,0.0186,0.719,1.136211165
2012,1,All other breakfast cereal,74050,Miami-Fort Lauderdale-West Palm Beach  FL,33100,7345688,967914975,5447122,713863848,1018,0.759,0.0028,0.763,1.040201866
2012,2,All other breakfast cereal,74050,Miami-Fort Lauderdale-West Palm Beach  FL,33100,6338983,834800511,4754678,619595606,1016,0.759,0.0026,0.767,1.056607615
2012,3,All other breakfast cereal,74050,Miami-Fort Lauderdale-West Palm Beach  FL,33100,7019262,941840014,5255265,694577024,1016,0.745,0.0034,0.757,1.034877962
2012,4,All other breakfast cereal,74050,Miami-Fort Lauderdale-West Palm Beach  FL,33100,6534657,861533024,4858213,643102702,1019,0.758,0.0058,0.755,1.049521162
2012,5,All other breakfast cereal,74050,Miami-Fort Lauderdale-West Palm Beach  FL,33100,6410044,859302174,4693550,613549437,1018,0.746,0.0050,0.765,1.041013373
2012,6,All other breakfast cereal,74050,Miami-Fort Lauderdale-West Palm Beach  FL,33100,6355626,858680394,4650558,620827529,1018,0.74,0.0030,0.749,1.03892041
2012,7,All other breakfast cereal,74050,Miami-Fort Lauderdale-West Palm Beach  FL,33100,6839083,925914525,5115557,697317076,1022,0.739,0.0066,0.734,1.026033873
2012,8,All other breakfast cereal,74050,Miami-Fort Lauderdale-West Palm Beach  FL,33100,6653578,895125086,4703249,620314725,1016,0.743,0.0039,0.758,1.056894986
2012,9,All other breakfast cereal,74050,Miami-Fort Lauderdale-West Palm Beach  FL,33100,6373108,857376215,4454148,593686685,1017,0.743,0.0031,0.75,1.034160877
2012,10,All other breakfast cereal,74050,Miami-Fort Lauderdale-West Palm Beach  FL,33100,7194065,952330371,4491873,590526951,1017,0.755,0.0072,0.761,1.065788611
2012,11,All other breakfast cereal,74050,Miami-Fort Lauderdale-West Palm Beach  FL,33100,7840092,1040324365,4159000,545821977,1017,0.754,0.0082,0.762,1.062557415
2012,12,All other breakfast cereal,74050,Miami-Fort Lauderdale-West Palm Beach  FL,33100,8429925,1092443808,5074718,655726994,1024,0.772,0.0076,0.774,1.078793644
2013,1,All other breakfast cereal,74050,Miami-Fort Lauderdale-West Palm Beach  FL,33100,7013648,953825536,4846843,646203547,962,0.735,0.0107,0.75,1.027478789
2013,2,All other breakfast cereal,74050,Miami-Fort Lauderdale-West Palm Beach  FL,33100,6006876,788809555,3970023,507059920,961,0.762,0.0145,0.783,1.06524336
2013,3,All other breakfast cereal,74050,Miami-Fort Lauderdale-West Palm Beach  FL,33100,6668804,897586468,4620271,617437797,958,0.743,0.0063,0.748,1.029563548
2013,4,All other breakfast cereal,74050,Miami-Fort Lauderdale-West Palm Beach  FL,33100,6216846,836645927,4167479,544319604,959,0.743,0.0141,0.766,1.024886493
2013,5,All other breakfast cereal,74050,Miami-Fort Lauderdale-West Palm Beach  FL,33100,6138102,833022189,4136788,550467525,957,0.737,0.0092,0.752,1.033082837
2013,6,All other breakfast cereal,74050,Miami-Fort Lauderdale-West Palm Beach  FL,33100,5840252,781913093,3880852,519885593,957,0.747,0.0054,0.746,1.042586763
2013,7,All other breakfast cereal,74050,Miami-Fort Lauderdale-West Palm Beach  FL,33100,6028337,814772543,3908427,526117545,958,0.74,0.0064,0.743,1.042058208
2013,8,All other breakfast cereal,74050,Miami-Fort Lauderdale-West Palm Beach  FL,33100,5822168,783630567,3970396,535372944,959,0.743,0.0062,0.742,1.050337811
2013,9,All other breakfast cereal,74050,Miami-Fort Lauderdale-West Palm Beach  FL,33100,5391459,739510883,3580870,490371651,960,0.729,0.0041,0.73,1.028465689
2013,10,All other breakfast cereal,74050,Miami-Fort Lauderdale-West Palm Beach  FL,33100,5255161,699841111,3468071,466516957,958,0.751,0.0087,0.743,1.042944782
2013,11,All other breakfast cereal,74050,Miami-Fort Lauderdale-West Palm Beach  FL,33100,4873313,640042811,3287258,429963414,958,0.761,0.0053,0.765,1.053235047
2013,12,All other breakfast cereal,74050,Miami-Fort Lauderdale-West Palm Beach  FL,33100,5183551,693062798,3522944,465574444,964,0.748,0.0071,0.757,1.038491977
2014,1,All other breakfast cereal,74050,Miami-Fort Lauderdale-West Palm Beach  FL,33100,6561867,874476457,3955743,517540688,993,0.75,0.0091,0.764,1.009820587
2014,2,All other breakfast cereal,74050,Miami-Fort Lauderdale-West Palm Beach  FL,33100,5585630,735559173,3495565,461173557,1005,0.759,0.0091,0.758,1.047950371
2014,3,All other breakfast cereal,74050,Miami-Fort Lauderdale-West Palm Beach  FL,33100,6359331,856289397,3940290,524702915,1011,0.743,0.0073,0.751,1.005089689
2014,4,All other breakfast cereal,74050,Miami-Fort Lauderdale-West Palm Beach  FL,33100,6096195,831554777,3683367,502033051,989,0.733,0.0093,0.734,1.019185974
2014,5,All other breakfast cereal,74050,Miami-Fort Lauderdale-West Palm Beach  FL,33100,4538862,615291915,3469606,460399634,990,0.738,0.0058,0.754,1.036080657
2014,6,All other breakfast cereal,74050,Miami-Fort Lauderdale-West Palm Beach  FL,33100,4443093,635497331,3624978,494708953,989,0.699,0.0065,0.733,0.992150087
2014,7,All other breakfast cereal,74050,Miami-Fort Lauderdale-West Palm Beach  FL,33100,4570840,641471106,3700378,496482101,990,0.713,0.0075,0.745,0.997868297
2014,8,All other breakfast cereal,74050,Miami-Fort Lauderdale-West Palm Beach  FL,33100,4446029,621004962,3591904,482691706,997,0.716,0.0088,0.744,1.006466889
2014,9,All other breakfast cereal,74050,Miami-Fort Lauderdale-West Palm Beach  FL,33100,3955455,565170517,3252050,440317783,1012,0.7,0.0070,0.739,0.981769022
2014,10,All other breakfast cereal,74050,Miami-Fort Lauderdale-West Palm Beach  FL,33100,4096123,564026297,3273826,432834017,989,0.726,0.0127,0.756,1.025357983
2014,11,All other breakfast cereal,74050,Miami-Fort Lauderdale-West Palm Beach  FL,33100,3844308,530961709,3290312,432244465,985,0.724,0.0115,0.761,1.027557411
2014,12,All other breakfast cereal,74050,Miami-Fort Lauderdale-West Palm Beach  FL,33100,3777517,509966308,3353220,429397578,1022,0.741,0.0111,0.781,1.051214586
2015,1,All other breakfast cereal,74050,Miami-Fort Lauderdale-West Palm Beach  FL,33100,3404299,502757028,3451603,464396427,969,0.677,0.0047,0.743,0.986794954
2015,2,All other breakfast cereal,74050,Miami-Fort Lauderdale-West Palm Beach  FL,33100,2784961,399831014,2865029,375426782,950,0.697,0.0046,0.763,1.008421374
2015,3,All other breakfast cereal,74050,Miami-Fort Lauderdale-West Palm Beach  FL,33100,3065932,440222491,3153943,419567369,941,0.696,0.0041,0.752,0.994853532
2015,4,All other breakfast cereal,74050,Miami-Fort Lauderdale-West Palm Beach  FL,33100,2907519,418004863,2974259,397645587,941,0.696,0.0037,0.748,0.999365739
2015,5,All other breakfast cereal,74050,Miami-Fort Lauderdale-West Palm Beach  FL,33100,2826036,409366423,2797429,370586010,942,0.69,0.0046,0.755,1.010446251
2015,6,All other breakfast cereal,74050,Miami-Fort Lauderdale-West Palm Beach  FL,33100,2861989,418581170,2745288,366646762,938,0.684,0.0044,0.749,1.017062394
2015,7,All other breakfast cereal,74050,Miami-Fort Lauderdale-West Palm Beach  FL,33100,3094086,453363438,3046973,410618358,940,0.682,0.0040,0.742,1.006434222
2015,8,All other breakfast cereal,74050,Miami-Fort Lauderdale-West Palm Beach  FL,33100,3141078,460649559,3019700,405747164,941,0.682,0.0041,0.744,1.020499325
2015,9,All other breakfast cereal,74050,Miami-Fort Lauderdale-West Palm Beach  FL,33100,2665527,388419485,2621626,350754992,955,0.686,0.0041,0.747,1.019799901
2015,10,All other breakfast cereal,74050,Miami-Fort Lauderdale-West Palm Beach  FL,33100,2813443,405951590,2788244,368938680,949,0.693,0.0042,0.756,1.02471289
2015,11,All other breakfast cereal,74050,Miami-Fort Lauderdale-West Palm Beach  FL,33100,2756188,391791999,2788826,362257708,950,0.703,0.0052,0.77,1.025685857
2015,12,All other breakfast cereal,74050,Miami-Fort Lauderdale-West Palm Beach  FL,33100,3340140,481343660,3332377,439722854,967,0.694,0.0043,0.758,1.018780865
2016,1,All other breakfast cereal,74050,Miami-Fort Lauderdale-West Palm Beach  FL,33100,6775066,941510837,3642361,493402250,1062,0.72,0.0051,0.738,1.014983528
2016,2,All other breakfast cereal,74050,Miami-Fort Lauderdale-West Palm Beach  FL,33100,7085043,978321953,3676470,506112088,1037,0.724,0.0077,0.726,1.020272669
2016,3,All other breakfast cereal,74050,Miami-Fort Lauderdale-West Palm Beach  FL,33100,5752889,798005782,3872463,532078115,1045,0.721,0.0032,0.728,1.002484798
2016,4,All other breakfast cereal,74050,Miami-Fort Lauderdale-West Palm Beach  FL,33100,5447577,760498988,3596500,496772237,1048,0.716,0.0037,0.724,1.010885937
2016,5,All other breakfast cereal,74050,Miami-Fort Lauderdale-West Palm Beach  FL,33100,5349511,739392250,3468035,467070930,1052,0.724,0.0063,0.743,1.032737151
2016,6,All other breakfast cereal,74050,Miami-Fort Lauderdale-West Palm Beach  FL,33100,5350860,738255593,3657892,502538630,1049,0.725,0.0036,0.728,1.041474209
2016,7,All other breakfast cereal,74050,Miami-Fort Lauderdale-West Palm Beach  FL,33100,5639276,787142233,3839475,535318625,1051,0.716,0.0034,0.717,1.041742613
2016,8,All other breakfast cereal,74050,Miami-Fort Lauderdale-West Palm Beach  FL,33100,5817587,817282122,4007864,567830594,1048,0.712,0.0030,0.706,1.026798689
2016,9,All other breakfast cereal,74050,Miami-Fort Lauderdale-West Palm Beach  FL,33100,5468040,769756384,3631089,504737874,1044,0.71,0.0040,0.719,1.007604664
2016,10,All other breakfast cereal,74050,Miami-Fort Lauderdale-West Palm Beach  FL,33100,5403407,747712555,3676413,512311929,1046,0.723,0.0028,0.718,1.04323723
2016,11,All other breakfast cereal,74050,Miami-Fort Lauderdale-West Palm Beach  FL,33100,4944220,691559252,3471928,485535494,1045,0.715,0.0026,0.715,1.030282038
2016,12,All other breakfast cereal,74050,Miami-Fort Lauderdale-West Palm Beach  FL,33100,5131317,689899190,3584155,481091604,1042,0.744,0.0035,0.745,1.081925227
2017,1,All other breakfast cereal,74050,Miami-Fort Lauderdale-West Palm Beach  FL,33100,6935784,964247803,3922232,547772804,932,0.719,0.0054,0.716,1.018403885
2017,2,All other breakfast cereal,74050,Miami-Fort Lauderdale-West Palm Beach  FL,33100,6415964,916037313,3676335,517149496,939,0.7,0.0047,0.711,1.002830356
2017,3,All other breakfast cereal,74050,Miami-Fort Lauderdale-West Palm Beach  FL,33100,7068076,969900749,4069890,565192846,939,0.729,0.0057,0.72,1.019490472
2017,4,All other breakfast cereal,74050,Miami-Fort Lauderdale-West Palm Beach  FL,33100,6423640,882071145,3735513,527478387,934,0.728,0.0049,0.708,1.019482936
2017,5,All other breakfast cereal,74050,Miami-Fort Lauderdale-West Palm Beach  FL,33100,5461166,746634449,3509735,495246653,933,0.731,0.0069,0.709,1.052980212
2017,6,All other breakfast cereal,74050,Miami-Fort Lauderdale-West Palm Beach  FL,33100,5489907,775061952,3615233,509671416,934,0.708,0.0049,0.709,1.015371597
2017,7,All other breakfast cereal,74050,Miami-Fort Lauderdale-West Palm Beach  FL,33100,5495655,792138563,3826155,545706770,934,0.694,0.0052,0.701,1.010672935
2017,8,All other breakfast cereal,74050,Miami-Fort Lauderdale-West Palm Beach  FL,33100,5325139,749487277,3813505,538608678,929,0.711,0.0051,0.708,1.039117772
2017,9,All other breakfast cereal,74050,Miami-Fort Lauderdale-West Palm Beach  FL,33100,5271548,749286405,3700346,524327572,924,0.704,0.0042,0.706,1.022826313
2017,10,All other breakfast cereal,74050,Miami-Fort Lauderdale-West Palm Beach  FL,33100,5322122,758703706,3771765,536341083,926,0.701,0.0048,0.703,1.033290081
2017,11,All other breakfast cereal,74050,Miami-Fort Lauderdale-West Palm Beach  FL,33100,4611875,649061544,3439608,488401196,921,0.711,0.0044,0.704,1.031783606
2017,12,All other breakfast cereal,74050,Miami-Fort Lauderdale-West Palm Beach  FL,33100,4594389,632298027,3437518,471722166,928,0.727,0.0033,0.729,1.050394954
2018,1,All other breakfast cereal,74050,Miami-Fort Lauderdale-West Palm Beach  FL,33100,5922482,803048353,3910992,548908290,943,0.738,0.0021,0.713,1.022999249
2018,2,All other breakfast cereal,74050,Miami-Fort Lauderdale-West Palm Beach  FL,33100,5354356,747607306,3610788,516664299,945,0.716,0.0020,0.699,1.009629074
2018,3,All other breakfast cereal,74050,Miami-Fort Lauderdale-West Palm Beach  FL,33100,6335581,878943552,3945256,556467610,939,0.721,0.0030,0.709,1.023186845
2018,4,All other breakfast cereal,74050,Miami-Fort Lauderdale-West Palm Beach  FL,33100,4713471,680386231,3683593,523243658,945,0.693,0.0036,0.704,1.015457338
2018,5,All other breakfast cereal,74050,Miami-Fort Lauderdale-West Palm Beach  FL,33100,4541847,643008042,3745893,536826715,939,0.706,0.0025,0.698,1.013584237
2018,6,All other breakfast cereal,74050,Miami-Fort Lauderdale-West Palm Beach  FL,33100,4553928,646360612,3697086,532744988,934,0.705,0.0019,0.694,1.006825627
2018,7,All other breakfast cereal,74050,Miami-Fort Lauderdale-West Palm Beach  FL,33100,4593371,642644661,3866361,554809489,935,0.715,0.0022,0.697,1.03208995
2018,8,All other breakfast cereal,74050,Miami-Fort Lauderdale-West Palm Beach  FL,33100,4592391,652552410,3787545,547642995,937,0.704,0.0020,0.692,0.997528469
2018,9,All other breakfast cereal,74050,Miami-Fort Lauderdale-West Palm Beach  FL,33100,4138903,587487270,3502441,509876450,939,0.705,0.0026,0.687,1.011883505
2018,10,All other breakfast cereal,74050,Miami-Fort Lauderdale-West Palm Beach  FL,33100,4240939,599357429,3473327,496808331,940,0.708,0.0020,0.699,1.012758465
2018,11,All other breakfast cereal,74050,Miami-Fort Lauderdale-West Palm Beach  FL,33100,4123974,579321954,3430950,493577924,934,0.712,0.0020,0.695,1.024506062
2018,12,All other breakfast cereal,74050,Miami-Fort Lauderdale-West Palm Beach  FL,33100,3858683,521230582,3302577,460041876,935,0.74,0.0027,0.718,1.096302165
2012,1,All other breakfast cereal,74050,New York-Newark-Jersey City  NY-NJ-PA,35620,25773613,3148263783,11426547,1436812958,2489,0.819,0.0057,0.795,1.09091782
2012,2,All other breakfast cereal,74050,New York-Newark-Jersey City  NY-NJ-PA,35620,21190548,2572623376,10402270,1303045075,2495,0.824,0.0059,0.798,1.07515393
2012,3,All other breakfast cereal,74050,New York-Newark-Jersey City  NY-NJ-PA,35620,17526265,2249590971,11335829,1464966871,2497,0.779,0.0049,0.774,1.038355527
2012,4,All other breakfast cereal,74050,New York-Newark-Jersey City  NY-NJ-PA,35620,16711169,2103024161,11068326,1424699436,2491,0.795,0.0060,0.777,1.056454269
2012,5,All other breakfast cereal,74050,New York-Newark-Jersey City  NY-NJ-PA,35620,18423665,2322776689,11583088,1474174065,2491,0.793,0.0050,0.786,1.053216539
2012,6,All other breakfast cereal,74050,New York-Newark-Jersey City  NY-NJ-PA,35620,17515596,2190444902,11190640,1431509435,2491,0.8,0.0061,0.782,1.065275321
2012,7,All other breakfast cereal,74050,New York-Newark-Jersey City  NY-NJ-PA,35620,17655410,2195404244,11159132,1423710489,2503,0.804,0.0068,0.784,1.073062597
2012,8,All other breakfast cereal,74050,New York-Newark-Jersey City  NY-NJ-PA,35620,18154197,2241125105,11034191,1398931828,2500,0.81,0.0077,0.789,1.085474238
2012,9,All other breakfast cereal,74050,New York-Newark-Jersey City  NY-NJ-PA,35620,18655864,2345907455,11248665,1458983361,2500,0.795,0.0075,0.771,1.063574296
2012,10,All other breakfast cereal,74050,New York-Newark-Jersey City  NY-NJ-PA,35620,17458655,2149376472,10607847,1338528470,2510,0.812,0.0068,0.793,1.091234454
2012,11,All other breakfast cereal,74050,New York-Newark-Jersey City  NY-NJ-PA,35620,16215989,1957154370,9601883,1207037785,2508,0.829,0.0087,0.795,1.111326788
2012,12,All other breakfast cereal,74050,New York-Newark-Jersey City  NY-NJ-PA,35620,19124296,2285493495,10458539,1308002368,2544,0.837,0.0071,0.8,1.132034953
2013,1,All other breakfast cereal,74050,New York-Newark-Jersey City  NY-NJ-PA,35620,19646054,2436967233,9921797,1277589145,2357,0.806,0.0101,0.777,1.093257842
2013,2,All other breakfast cereal,74050,New York-Newark-Jersey City  NY-NJ-PA,35620,16955892,2086362213,8882320,1116366906,2357,0.813,0.0109,0.796,1.09119597
2013,3,All other breakfast cereal,74050,New York-Newark-Jersey City  NY-NJ-PA,35620,17359658,2181901273,9389890,1182938414,2360,0.796,0.0082,0.794,1.079445184
2013,4,All other breakfast cereal,74050,New York-Newark-Jersey City  NY-NJ-PA,35620,16574939,2071030370,9287193,1192044736,2364,0.8,0.0103,0.779,1.079229104
2013,5,All other breakfast cereal,74050,New York-Newark-Jersey City  NY-NJ-PA,35620,16600758,2100438677,9813952,1266908947,2361,0.79,0.0087,0.775,1.062991291
2013,6,All other breakfast cereal,74050,New York-Newark-Jersey City  NY-NJ-PA,35620,15059688,1912947893,9029985,1181388543,2358,0.787,0.0103,0.764,1.073642225
2013,7,All other breakfast cereal,74050,New York-Newark-Jersey City  NY-NJ-PA,35620,15019597,1911251537,8920110,1177341379,2361,0.786,0.0121,0.758,1.067395481
2013,8,All other breakfast cereal,74050,New York-Newark-Jersey City  NY-NJ-PA,35620,15177281,1952940757,8849442,1170141587,2359,0.777,0.0107,0.756,1.071717866
2013,9,All other breakfast cereal,74050,New York-Newark-Jersey City  NY-NJ-PA,35620,14867687,1893811400,8313391,1097002662,2361,0.785,0.0100,0.758,1.074737106
2013,10,All other breakfast cereal,74050,New York-Newark-Jersey City  NY-NJ-PA,35620,14783414,1864300794,7925764,1026393152,2359,0.793,0.0096,0.772,1.090288281
2013,11,All other breakfast cereal,74050,New York-Newark-Jersey City  NY-NJ-PA,35620,14509436,1847430310,7435746,981431935,2361,0.785,0.0097,0.758,1.092734608
2013,12,All other breakfast cereal,74050,New York-Newark-Jersey City  NY-NJ-PA,35620,14543985,1809564549,7299741,931368163,2388,0.804,0.0093,0.784,1.114269571
2014,1,All other breakfast cereal,74050,New York-Newark-Jersey City  NY-NJ-PA,35620,15222457,1899083725,8566763,1084652024,2422,0.802,0.0080,0.79,1.083869668
2014,2,All other breakfast cereal,74050,New York-Newark-Jersey City  NY-NJ-PA,35620,15409228,1973833840,8779030,1129596244,2476,0.781,0.0062,0.777,1.065596931
2014,3,All other breakfast cereal,74050,New York-Newark-Jersey City  NY-NJ-PA,35620,15538865,2010751348,8619195,1110094576,2478,0.773,0.0052,0.776,1.066083453
2014,4,All other breakfast cereal,74050,New York-Newark-Jersey City  NY-NJ-PA,35620,14005066,1779958750,8195604,1035296762,2413,0.787,0.0063,0.792,1.059114721
2014,5,All other breakfast cereal,74050,New York-Newark-Jersey City  NY-NJ-PA,35620,14152051,1814168817,8152001,1055522764,2410,0.78,0.0066,0.772,1.06189041
2014,6,All other breakfast cereal,74050,New York-Newark-Jersey City  NY-NJ-PA,35620,14466469,1868066200,8260689,1067125441,2416,0.774,0.0067,0.774,1.055980313
2014,7,All other breakfast cereal,74050,New York-Newark-Jersey City  NY-NJ-PA,35620,14602370,1865975060,8339464,1083787153,2403,0.783,0.0086,0.769,1.066676463
2014,8,All other breakfast cereal,74050,New York-Newark-Jersey City  NY-NJ-PA,35620,14966426,1981490228,8488479,1133974028,2425,0.755,0.0066,0.749,1.046948953
2014,9,All other breakfast cereal,74050,New York-Newark-Jersey City  NY-NJ-PA,35620,13992033,1789793705,8204426,1065232914,2470,0.782,0.0078,0.77,1.053881328
2014,10,All other breakfast cereal,74050,New York-Newark-Jersey City  NY-NJ-PA,35620,13920658,1770846668,7830304,1001292416,2422,0.786,0.0064,0.782,1.081659998
2014,11,All other breakfast cereal,74050,New York-Newark-Jersey City  NY-NJ-PA,35620,14362903,1781815559,7439687,956177570,2412,0.806,0.0086,0.778,1.099662315
2014,12,All other breakfast cereal,74050,New York-Newark-Jersey City  NY-NJ-PA,35620,15648233,1946074575,7437710,965944516,2528,0.804,0.0079,0.77,1.092000101
2015,1,All other breakfast cereal,74050,New York-Newark-Jersey City  NY-NJ-PA,35620,19917673,2768437234,9180640,1291593046,2599,0.719,0.0060,0.711,1.004591895
2015,2,All other breakfast cereal,74050,New York-Newark-Jersey City  NY-NJ-PA,35620,15870616,2050038401,7778428,1033288501,2580,0.774,0.0087,0.753,1.05329302
2015,3,All other breakfast cereal,74050,New York-Newark-Jersey City  NY-NJ-PA,35620,17620726,2262893539,8327784,1084425040,2584,0.779,0.0095,0.768,1.056269017
2015,4,All other breakfast cereal,74050,New York-Newark-Jersey City  NY-NJ-PA,35620,16065411,2046250616,7944337,1023281787,2575,0.785,0.0093,0.776,1.065548496
2015,5,All other breakfast cereal,74050,New York-Newark-Jersey City  NY-NJ-PA,35620,16615113,2126426358,8029511,1043140602,2576,0.781,0.0076,0.77,1.062858457
2015,6,All other breakfast cereal,74050,New York-Newark-Jersey City  NY-NJ-PA,35620,16860872,2210869324,8290699,1095527210,2571,0.763,0.0079,0.757,1.053694558
2015,7,All other breakfast cereal,74050,New York-Newark-Jersey City  NY-NJ-PA,35620,16141756,2102296625,8071182,1071110250,2553,0.768,0.0103,0.754,1.065566037
2015,8,All other breakfast cereal,74050,New York-Newark-Jersey City  NY-NJ-PA,35620,16238973,2117384742,8229970,1081678243,2537,0.767,0.0108,0.761,1.055807452
2015,9,All other breakfast cereal,74050,New York-Newark-Jersey City  NY-NJ-PA,35620,15801997,2032811482,7875672,1002692937,2542,0.777,0.0093,0.785,1.074666767
2015,10,All other breakfast cereal,74050,New York-Newark-Jersey City  NY-NJ-PA,35620,14966566,1910924603,7512096,955763128,2511,0.783,0.0100,0.786,1.092127446
2015,11,All other breakfast cereal,74050,New York-Newark-Jersey City  NY-NJ-PA,35620,11052392,1435909519,6684859,852078285,2504,0.77,0.0143,0.785,1.098640436
2015,12,All other breakfast cereal,74050,New York-Newark-Jersey City  NY-NJ-PA,35620,14414717,1883674838,7758909,1000500496,2578,0.765,0.0109,0.776,1.087316323
2016,1,All other breakfast cereal,74050,New York-Newark-Jersey City  NY-NJ-PA,35620,19883375,2719794562,9079880,1301902512,2502,0.731,0.0146,0.697,1.088431608
2016,2,All other breakfast cereal,74050,New York-Newark-Jersey City  NY-NJ-PA,35620,18495138,2557498583,9121822,1294322206,2472,0.723,0.0145,0.705,1.083154133
2016,3,All other breakfast cereal,74050,New York-Newark-Jersey City  NY-NJ-PA,35620,17920276,2442114213,8683234,1193852254,2472,0.734,0.0148,0.727,1.102227598
2016,4,All other breakfast cereal,74050,New York-Newark-Jersey City  NY-NJ-PA,35620,18190901,2510491533,8783096,1218581651,2468,0.725,0.0131,0.721,1.072944163
2016,5,All other breakfast cereal,74050,New York-Newark-Jersey City  NY-NJ-PA,35620,18774076,2587919277,9303797,1270075223,2480,0.725,0.0132,0.733,1.08602658
2016,6,All other breakfast cereal,74050,New York-Newark-Jersey City  NY-NJ-PA,35620,17512396,2374041485,9042870,1246747295,2468,0.738,0.0142,0.725,1.097860331
2016,7,All other breakfast cereal,74050,New York-Newark-Jersey City  NY-NJ-PA,35620,19753659,2707302422,9554110,1318438823,2467,0.73,0.0137,0.725,1.087642869
2016,8,All other breakfast cereal,74050,New York-Newark-Jersey City  NY-NJ-PA,35620,19282746,2673050243,9529499,1342617780,2470,0.721,0.0139,0.71,1.095121245
2016,9,All other breakfast cereal,74050,New York-Newark-Jersey City  NY-NJ-PA,35620,19019252,2607617629,9201416,1260532128,2466,0.729,0.0116,0.73,1.08102366
2016,10,All other breakfast cereal,74050,New York-Newark-Jersey City  NY-NJ-PA,35620,18133423,2397928845,8561736,1155570220,2471,0.756,0.0148,0.741,1.113757395
2016,11,All other breakfast cereal,74050,New York-Newark-Jersey City  NY-NJ-PA,35620,17690875,2413486975,8027259,1110001546,2454,0.733,0.0150,0.723,1.096218875
2016,12,All other breakfast cereal,74050,New York-Newark-Jersey City  NY-NJ-PA,35620,18633338,2527833267,8420034,1163023867,2451,0.737,0.0140,0.724,1.101113743
2017,1,All other breakfast cereal,74050,New York-Newark-Jersey City  NY-NJ-PA,35620,20590416,2665572354,8862564,1253045847,2344,0.772,0.0099,0.707,1.107276422
2017,2,All other breakfast cereal,74050,New York-Newark-Jersey City  NY-NJ-PA,35620,17959381,2336579037,8299054,1156089200,2351,0.769,0.0102,0.718,1.118382497
2017,3,All other breakfast cereal,74050,New York-Newark-Jersey City  NY-NJ-PA,35620,19704179,2560416634,9477277,1303895326,2337,0.77,0.0088,0.727,1.113892151
2017,4,All other breakfast cereal,74050,New York-Newark-Jersey City  NY-NJ-PA,35620,16357762,2152850359,8516426,1169157524,2318,0.76,0.0102,0.728,1.102688095
2017,5,All other breakfast cereal,74050,New York-Newark-Jersey City  NY-NJ-PA,35620,16697059,2233951430,8749677,1192176731,2324,0.747,0.0091,0.734,1.106572356
2017,6,All other breakfast cereal,74050,New York-Newark-Jersey City  NY-NJ-PA,35620,16153625,2158736341,8769179,1216164780,2321,0.748,0.0096,0.721,1.081448406
2017,7,All other breakfast cereal,74050,New York-Newark-Jersey City  NY-NJ-PA,35620,16772683,2289932870,8929392,1242826586,2326,0.732,0.0106,0.718,1.090404788
2017,8,All other breakfast cereal,74050,New York-Newark-Jersey City  NY-NJ-PA,35620,16438061,2217238364,9226304,1265672298,2318,0.741,0.0106,0.729,1.106100391
2017,9,All other breakfast cereal,74050,New York-Newark-Jersey City  NY-NJ-PA,35620,16703352,2203403398,8557234,1174406772,2321,0.758,0.0111,0.729,1.11361298
2017,10,All other breakfast cereal,74050,New York-Newark-Jersey City  NY-NJ-PA,35620,16115199,2168692266,8595524,1185785824,2317,0.743,0.0093,0.725,1.074348138
2017,11,All other breakfast cereal,74050,New York-Newark-Jersey City  NY-NJ-PA,35620,14747011,1931434224,7707184,1056483720,2310,0.764,0.0115,0.73,1.104330165
2017,12,All other breakfast cereal,74050,New York-Newark-Jersey City  NY-NJ-PA,35620,14716255,1933456844,7910327,1086960693,2302,0.761,0.0109,0.728,1.109965608
2018,1,All other breakfast cereal,74050,New York-Newark-Jersey City  NY-NJ-PA,35620,16365379,2111092176,7297306,989387414,2318,0.775,0.0129,0.738,1.117960694
2018,2,All other breakfast cereal,74050,New York-Newark-Jersey City  NY-NJ-PA,35620,13325903,1753638772,6554208,873604609,2316,0.76,0.0128,0.75,1.106516224
2018,3,All other breakfast cereal,74050,New York-Newark-Jersey City  NY-NJ-PA,35620,15793850,1977976255,7439713,962988089,2324,0.798,0.0142,0.773,1.14031019
2018,4,All other breakfast cereal,74050,New York-Newark-Jersey City  NY-NJ-PA,35620,14973533,1912780796,6846049,891714473,2324,0.783,0.0132,0.768,1.128229852
2018,5,All other breakfast cereal,74050,New York-Newark-Jersey City  NY-NJ-PA,35620,14805845,1957473140,7166587,958148981,2316,0.756,0.0113,0.748,1.097985082
2018,6,All other breakfast cereal,74050,New York-Newark-Jersey City  NY-NJ-PA,35620,14170925,1874543317,7042590,934854606,2319,0.756,0.0110,0.753,1.092922764
2018,7,All other breakfast cereal,74050,New York-Newark-Jersey City  NY-NJ-PA,35620,15429392,2055883074,7328572,985213931,2326,0.75,0.0119,0.744,1.100492221
2018,8,All other breakfast cereal,74050,New York-Newark-Jersey City  NY-NJ-PA,35620,14251976,1884713051,7153129,953280334,2320,0.756,0.0125,0.75,1.117090262
2018,9,All other breakfast cereal,74050,New York-Newark-Jersey City  NY-NJ-PA,35620,15055734,1898389868,6970805,899304717,2308,0.793,0.0135,0.775,1.136372413
2018,10,All other breakfast cereal,74050,New York-Newark-Jersey City  NY-NJ-PA,35620,16296385,2148799955,7038577,950462878,2304,0.758,0.0114,0.741,1.094386098
2018,11,All other breakfast cereal,74050,New York-Newark-Jersey City  NY-NJ-PA,35620,15205698,1977384223,6568872,857275063,2287,0.769,0.0112,0.766,1.12893369
2018,12,All other breakfast cereal,74050,New York-Newark-Jersey City  NY-NJ-PA,35620,14035596,1762591151,6214722,785971393,2293,0.796,0.0124,0.791,1.182543059
2012,1,All other breakfast cereal,74050,Philadelphia-Camden-Wilmington  PA-NJ-DE-MD,37980,5995506,811537590,4753312,629848099,1103,0.739,0.0052,0.755,1.014417162
2012,2,All other breakfast cereal,74050,Philadelphia-Camden-Wilmington  PA-NJ-DE-MD,37980,5680135,764188999,4466181,589619629,1104,0.743,0.0054,0.757,1.020183208
2012,3,All other breakfast cereal,74050,Philadelphia-Camden-Wilmington  PA-NJ-DE-MD,37980,6089981,848980474,4880711,664149017,1103,0.717,0.0045,0.735,0.994286168
2012,4,All other breakfast cereal,74050,Philadelphia-Camden-Wilmington  PA-NJ-DE-MD,37980,5842888,806980156,4698729,635826816,1104,0.724,0.0036,0.739,0.993421655
2012,5,All other breakfast cereal,74050,Philadelphia-Camden-Wilmington  PA-NJ-DE-MD,37980,6092031,841286484,4837462,640525469,1106,0.724,0.0049,0.755,0.993162121
2012,6,All other breakfast cereal,74050,Philadelphia-Camden-Wilmington  PA-NJ-DE-MD,37980,5911738,813025377,4801057,642560821,1106,0.727,0.0032,0.747,0.998238438
2012,7,All other breakfast cereal,74050,Philadelphia-Camden-Wilmington  PA-NJ-DE-MD,37980,6671590,921161534,4951187,666431332,1120,0.724,0.0052,0.743,0.998598139
2012,8,All other breakfast cereal,74050,Philadelphia-Camden-Wilmington  PA-NJ-DE-MD,37980,6766154,929556910,4916066,657757596,1117,0.728,0.0043,0.747,0.999734503
2012,9,All other breakfast cereal,74050,Philadelphia-Camden-Wilmington  PA-NJ-DE-MD,37980,6163302,859588644,4632603,637135844,1119,0.717,0.0036,0.727,0.984671324
2012,10,All other breakfast cereal,74050,Philadelphia-Camden-Wilmington  PA-NJ-DE-MD,37980,6290123,851672286,4550039,605128310,1121,0.739,0.0049,0.752,1.018050734
2012,11,All other breakfast cereal,74050,Philadelphia-Camden-Wilmington  PA-NJ-DE-MD,37980,5916807,811535059,4112192,551359879,1125,0.729,0.0054,0.746,1.008629991
2012,12,All other breakfast cereal,74050,Philadelphia-Camden-Wilmington  PA-NJ-DE-MD,37980,6522150,885139177,4521479,596874712,1136,0.737,0.0060,0.758,1.039452543
2013,1,All other breakfast cereal,74050,Philadelphia-Camden-Wilmington  PA-NJ-DE-MD,37980,6407936,882467793,4261555,577772094,1087,0.726,0.0033,0.738,1.016508617
2013,2,All other breakfast cereal,74050,Philadelphia-Camden-Wilmington  PA-NJ-DE-MD,37980,5758855,773882950,3889587,517553377,1086,0.744,0.0029,0.752,1.012965047
2013,3,All other breakfast cereal,74050,Philadelphia-Camden-Wilmington  PA-NJ-DE-MD,37980,6347219,874904828,4250182,576252852,1087,0.725,0.0029,0.738,1.007350182
2013,4,All other breakfast cereal,74050,Philadelphia-Camden-Wilmington  PA-NJ-DE-MD,37980,6275481,879290386,4112803,567416392,1085,0.714,0.0050,0.725,0.982467697
2013,5,All other breakfast cereal,74050,Philadelphia-Camden-Wilmington  PA-NJ-DE-MD,37980,6342845,874197553,4295611,588435274,1084,0.726,0.0027,0.73,0.990273547
2013,6,All other breakfast cereal,74050,Philadelphia-Camden-Wilmington  PA-NJ-DE-MD,37980,6015923,836450554,4046679,558498067,1083,0.719,0.0031,0.725,0.99503375
2013,7,All other breakfast cereal,74050,Philadelphia-Camden-Wilmington  PA-NJ-DE-MD,37980,5986359,832984487,4022765,560253727,1084,0.719,0.0044,0.718,0.990741108
2013,8,All other breakfast cereal,74050,Philadelphia-Camden-Wilmington  PA-NJ-DE-MD,37980,6173459,882016464,4100053,580383776,1086,0.7,0.0041,0.706,0.981081577
2013,9,All other breakfast cereal,74050,Philadelphia-Camden-Wilmington  PA-NJ-DE-MD,37980,5254705,725980028,3603372,495501890,1086,0.724,0.0026,0.727,1.004918659
2013,10,All other breakfast cereal,74050,Philadelphia-Camden-Wilmington  PA-NJ-DE-MD,37980,5418859,785406165,3605445,507788910,1082,0.69,0.0059,0.71,0.983357424
2013,11,All other breakfast cereal,74050,Philadelphia-Camden-Wilmington  PA-NJ-DE-MD,37980,5352026,782118164,3467014,498843813,1088,0.684,0.0067,0.695,0.991954945
2013,12,All other breakfast cereal,74050,Philadelphia-Camden-Wilmington  PA-NJ-DE-MD,37980,5314201,730288511,3343571,455015498,1098,0.728,0.0046,0.735,1.021603459
2014,1,All other breakfast cereal,74050,Philadelphia-Camden-Wilmington  PA-NJ-DE-MD,37980,6598064,913724703,4021534,551088763,1101,0.722,0.0033,0.73,0.979080436
2014,2,All other breakfast cereal,74050,Philadelphia-Camden-Wilmington  PA-NJ-DE-MD,37980,6618678,922227713,4050151,549154638,1111,0.718,0.0032,0.738,1.001657553
2014,3,All other breakfast cereal,74050,Philadelphia-Camden-Wilmington  PA-NJ-DE-MD,37980,6491593,902261043,3976684,542253227,1105,0.719,0.0028,0.733,1.00405385
2014,4,All other breakfast cereal,74050,Philadelphia-Camden-Wilmington  PA-NJ-DE-MD,37980,6263250,878713814,3779969,515667598,1100,0.713,0.0053,0.733,0.975398607
2014,5,All other breakfast cereal,74050,Philadelphia-Camden-Wilmington  PA-NJ-DE-MD,37980,6037826,842483706,3677023,507061374,1099,0.717,0.0024,0.725,0.984023784
2014,6,All other breakfast cereal,74050,Philadelphia-Camden-Wilmington  PA-NJ-DE-MD,37980,6342154,889172979,3799919,523337559,1099,0.713,0.0025,0.726,0.980326141
2014,7,All other breakfast cereal,74050,Philadelphia-Camden-Wilmington  PA-NJ-DE-MD,37980,6642339,936879940,3939735,550254856,1097,0.709,0.0028,0.716,0.975333824
2014,8,All other breakfast cereal,74050,Philadelphia-Camden-Wilmington  PA-NJ-DE-MD,37980,6816451,1004393533,4066575,593863463,1097,0.679,0.0044,0.685,0.951652708
2014,9,All other breakfast cereal,74050,Philadelphia-Camden-Wilmington  PA-NJ-DE-MD,37980,6497173,934552835,3794666,529101932,1101,0.695,0.0030,0.717,0.95663526
2014,10,All other breakfast cereal,74050,Philadelphia-Camden-Wilmington  PA-NJ-DE-MD,37980,5808573,785674385,3495681,469570299,1095,0.739,0.0029,0.744,1.021510522
2014,11,All other breakfast cereal,74050,Philadelphia-Camden-Wilmington  PA-NJ-DE-MD,37980,5746148,794873478,3508560,482631232,1092,0.723,0.0026,0.727,1.007043623
2014,12,All other breakfast cereal,74050,Philadelphia-Camden-Wilmington  PA-NJ-DE-MD,37980,5553404,765574269,3361195,461378310,1118,0.725,0.0028,0.729,1.007790896
2015,1,All other breakfast cereal,74050,Philadelphia-Camden-Wilmington  PA-NJ-DE-MD,37980,7025500,1031849792,4112017,601323360,1143,0.681,0.0050,0.684,0.955895053
2015,2,All other breakfast cereal,74050,Philadelphia-Camden-Wilmington  PA-NJ-DE-MD,37980,5653373,782814647,3454385,482598485,1109,0.722,0.0026,0.716,0.98631099
2015,3,All other breakfast cereal,74050,Philadelphia-Camden-Wilmington  PA-NJ-DE-MD,37980,6184275,839248593,3748444,513656769,1108,0.737,0.0033,0.73,1.002117421
2015,4,All other breakfast cereal,74050,Philadelphia-Camden-Wilmington  PA-NJ-DE-MD,37980,5837610,798785531,3590781,491573063,1104,0.731,0.0029,0.73,0.997163674
2015,5,All other breakfast cereal,74050,Philadelphia-Camden-Wilmington  PA-NJ-DE-MD,37980,5774663,779521059,3564764,485863822,1097,0.741,0.0028,0.734,1.004752683
2015,6,All other breakfast cereal,74050,Philadelphia-Camden-Wilmington  PA-NJ-DE-MD,37980,6267929,872392226,3818384,531120953,1095,0.718,0.0028,0.719,0.977862486
2015,7,All other breakfast cereal,74050,Philadelphia-Camden-Wilmington  PA-NJ-DE-MD,37980,6059847,840147889,3724256,520350027,1091,0.721,0.0034,0.716,0.9932453
2015,8,All other breakfast cereal,74050,Philadelphia-Camden-Wilmington  PA-NJ-DE-MD,37980,6294077,894474910,3856405,547327449,1090,0.704,0.0043,0.705,0.977428853
2015,9,All other breakfast cereal,74050,Philadelphia-Camden-Wilmington  PA-NJ-DE-MD,37980,5681449,779716168,3517539,480677275,1092,0.729,0.0031,0.732,1.00329313
2015,10,All other breakfast cereal,74050,Philadelphia-Camden-Wilmington  PA-NJ-DE-MD,37980,5562319,749131324,3490002,471475150,1083,0.743,0.0032,0.74,1.016903425
2015,11,All other breakfast cereal,74050,Philadelphia-Camden-Wilmington  PA-NJ-DE-MD,37980,4893041,675465209,3247742,443006151,1087,0.724,0.0035,0.733,1.00397273
2015,12,All other breakfast cereal,74050,Philadelphia-Camden-Wilmington  PA-NJ-DE-MD,37980,5651084,766504406,3654770,494747969,1136,0.737,0.0027,0.739,1.022454364
2016,1,All other breakfast cereal,74050,Philadelphia-Camden-Wilmington  PA-NJ-DE-MD,37980,6335930,932013321,3949307,581369746,1094,0.68,0.0037,0.679,0.958860605
2016,2,All other breakfast cereal,74050,Philadelphia-Camden-Wilmington  PA-NJ-DE-MD,37980,6142500,860131266,3887914,557700915,1088,0.714,0.0034,0.697,0.995023144
2016,3,All other breakfast cereal,74050,Philadelphia-Camden-Wilmington  PA-NJ-DE-MD,37980,6032375,809518182,3746386,516193626,1088,0.745,0.0044,0.726,1.027285503
2016,4,All other breakfast cereal,74050,Philadelphia-Camden-Wilmington  PA-NJ-DE-MD,37980,6298871,877994156,3872405,544232768,1090,0.717,0.0035,0.712,0.978945346
2016,5,All other breakfast cereal,74050,Philadelphia-Camden-Wilmington  PA-NJ-DE-MD,37980,6454114,865333550,4063414,556579950,1091,0.746,0.0042,0.73,1.005247916
2016,6,All other breakfast cereal,74050,Philadelphia-Camden-Wilmington  PA-NJ-DE-MD,37980,6117784,840001361,3952947,551828765,1086,0.728,0.0044,0.716,1.002446452
2016,7,All other breakfast cereal,74050,Philadelphia-Camden-Wilmington  PA-NJ-DE-MD,37980,6634365,931238900,4126369,578391517,1086,0.712,0.0033,0.713,0.975724326
2016,8,All other breakfast cereal,74050,Philadelphia-Camden-Wilmington  PA-NJ-DE-MD,37980,6229802,892270536,4039425,582940900,1085,0.698,0.0034,0.693,0.989149125
2016,9,All other breakfast cereal,74050,Philadelphia-Camden-Wilmington  PA-NJ-DE-MD,37980,6253694,879080085,3933254,550735184,1084,0.711,0.0036,0.714,0.973321094
2016,10,All other breakfast cereal,74050,Philadelphia-Camden-Wilmington  PA-NJ-DE-MD,37980,5874256,811354142,3676423,510446731,1086,0.724,0.0039,0.72,0.995592509
2016,11,All other breakfast cereal,74050,Philadelphia-Camden-Wilmington  PA-NJ-DE-MD,37980,5638565,776500219,3405497,476351738,1088,0.726,0.0031,0.715,0.998018167
2016,12,All other breakfast cereal,74050,Philadelphia-Camden-Wilmington  PA-NJ-DE-MD,37980,5944808,824116059,3564932,502211398,1078,0.721,0.0030,0.71,1.000166821
2017,1,All other breakfast cereal,74050,Philadelphia-Camden-Wilmington  PA-NJ-DE-MD,37980,5917895,830579074,3822219,548676754,1039,0.713,0.0036,0.697,0.984663393
2017,2,All other breakfast cereal,74050,Philadelphia-Camden-Wilmington  PA-NJ-DE-MD,37980,5478672,768113763,3605731,512291338,1037,0.713,0.0031,0.704,0.986945304
2017,3,All other breakfast cereal,74050,Philadelphia-Camden-Wilmington  PA-NJ-DE-MD,37980,6086512,843758413,4058397,570315475,1037,0.721,0.0028,0.712,0.991047969
2017,4,All other breakfast cereal,74050,Philadelphia-Camden-Wilmington  PA-NJ-DE-MD,37980,5438792,749584181,3631435,506393662,1039,0.726,0.0032,0.717,0.99193098
2017,5,All other breakfast cereal,74050,Philadelphia-Camden-Wilmington  PA-NJ-DE-MD,37980,5749476,779404547,3814083,523834674,1034,0.738,0.0030,0.728,1.005653176
2017,6,All other breakfast cereal,74050,Philadelphia-Camden-Wilmington  PA-NJ-DE-MD,37980,5820835,809521031,3907239,553915390,1033,0.719,0.0037,0.705,0.982167734
2017,7,All other breakfast cereal,74050,Philadelphia-Camden-Wilmington  PA-NJ-DE-MD,37980,5778018,798436176,3838514,538006244,1031,0.724,0.0033,0.713,0.991013908
2017,8,All other breakfast cereal,74050,Philadelphia-Camden-Wilmington  PA-NJ-DE-MD,37980,5917881,822814041,3976510,557197189,1031,0.719,0.0034,0.714,0.994036084
2017,9,All other breakfast cereal,74050,Philadelphia-Camden-Wilmington  PA-NJ-DE-MD,37980,5465379,750377837,3633172,506213040,1031,0.728,0.0032,0.718,0.997627585
2017,10,All other breakfast cereal,74050,Philadelphia-Camden-Wilmington  PA-NJ-DE-MD,37980,5561211,777769449,3665846,515883001,1030,0.715,0.0043,0.711,0.979332028
2017,11,All other breakfast cereal,74050,Philadelphia-Camden-Wilmington  PA-NJ-DE-MD,37980,5289612,720687568,3327759,463802696,1031,0.734,0.0054,0.717,0.991545013
2017,12,All other breakfast cereal,74050,Philadelphia-Camden-Wilmington  PA-NJ-DE-MD,37980,5751378,775323731,3490639,484847343,1031,0.742,0.0071,0.72,1.000529689
2018,1,All other breakfast cereal,74050,Philadelphia-Camden-Wilmington  PA-NJ-DE-MD,37980,5400346,733203854,3434700,478696735,1318,0.737,0.0041,0.718,0.998364738
2018,2,All other breakfast cereal,74050,Philadelphia-Camden-Wilmington  PA-NJ-DE-MD,37980,4960765,664331314,3157853,432604633,1321,0.747,0.0033,0.73,1.019037015
2018,3,All other breakfast cereal,74050,Philadelphia-Camden-Wilmington  PA-NJ-DE-MD,37980,5859669,781236117,3626996,493225692,1324,0.75,0.0035,0.735,1.006555846
2018,4,All other breakfast cereal,74050,Philadelphia-Camden-Wilmington  PA-NJ-DE-MD,37980,5362133,715443097,3247789,437048171,1318,0.749,0.0030,0.743,1.011300763
2018,5,All other breakfast cereal,74050,Philadelphia-Camden-Wilmington  PA-NJ-DE-MD,37980,5749402,769021680,3511356,480641158,1316,0.748,0.0036,0.731,0.995711805
2018,6,All other breakfast cereal,74050,Philadelphia-Camden-Wilmington  PA-NJ-DE-MD,37980,5579880,760387404,3466209,477880067,1319,0.734,0.0025,0.725,0.98179362
2018,7,All other breakfast cereal,74050,Philadelphia-Camden-Wilmington  PA-NJ-DE-MD,37980,5784215,766445426,3582191,493026859,1322,0.755,0.0042,0.727,1.004699661
2018,8,All other breakfast cereal,74050,Philadelphia-Camden-Wilmington  PA-NJ-DE-MD,37980,5753948,761417681,3543177,485483732,1327,0.756,0.0040,0.73,1.010790834
2018,9,All other breakfast cereal,74050,Philadelphia-Camden-Wilmington  PA-NJ-DE-MD,37980,5242506,677573799,3326377,444552939,1326,0.774,0.0039,0.748,1.033504086
2018,10,All other breakfast cereal,74050,Philadelphia-Camden-Wilmington  PA-NJ-DE-MD,37980,5344399,732238811,3381737,473369306,1327,0.73,0.0039,0.714,0.98334796
2018,11,All other breakfast cereal,74050,Philadelphia-Camden-Wilmington  PA-NJ-DE-MD,37980,4848827,641379814,3115285,420403394,1326,0.756,0.0029,0.741,1.039119884
2018,12,All other breakfast cereal,74050,Philadelphia-Camden-Wilmington  PA-NJ-DE-MD,37980,4532386,590544618,2901718,379860311,1329,0.767,0.0033,0.764,1.067688372