fdc_id,data_type,description
1106169,branded_food,"CINNA-APPLE WALNUT INSTANT HOT CEREAL, CINNA-APPLE WALNUT"
1106438,branded_food,"PEANUT BUTTER & CHOCOLATE CEREAL, PEANUT BUTTER & CHOCOLATE"
1106617,branded_food,"MAPLE BROWN SUGAR INSTANT HOT CEREAL, MAPLE BROWN SUGAR"
1106708,branded_food,"EUROPEAN STYLE MUESLI GLUTEN FREE HOT OR COLD CEREAL, EUROPEAN STYLE MUESLI"
1106709,branded_food,"CRANBERRY CEREAL, CRANBERRY"
1106920,branded_food,"HONEY CRUNCH 'N OATS ORGANIC CEREAL A BLEND OF CORN FLAKES, WHEAT FLAKES, AND GRANOLA WITH OATS AND HONEY, HONEY CRUNCH 'N OATS"
1106926,branded_food,ORGANIC FROSTED CORN FLAKES CEREAL
1106931,branded_food,"ORGANIC SWEETENED CRISPY RICE FLOUR CEREAL WITH ORGANIC COCOA & NATURAL CHOCOLATE FLAVOR, COCOA & CHOCOLATE"
1106932,branded_food,MORNING O'S ORGANIC WHOLE GRAIN OAT CEREAL
1107040,branded_food,"LOW FAT CEREAL BARS, APPLE CINNAMON"
1107124,branded_food,"ORIGINAL FLAVOR INSTANT HOT CEREAL, ORIGINAL"
1107478,branded_food,"BRAN FLAKES CEREAL, BRAN FLAKES"
1107489,branded_food,"SWEETENED WHOLE GRAIN OAT CEREAL WITH MARSHMALLOW PIECES, MALLOW OATS"
1107506,branded_food,"ORIGINAL CEREAL, ORIGINAL"
1107664,branded_food,"OAT CRUNCH SWEETENED MULTIGRAIN CEREAL, OAT CRUNCH"
1107812,branded_food,"BANANAS & CREAM INSTANT HOT CEREAL, BANANAS & CREAM"
1107829,branded_food,"HONEY & OATS CORN FLAKES, WHEAT FLAKES AND GRANOLA MEDLEY CEREAL, HONEY & OATS"
1108129,branded_food,"OAT CRUNCH SWEETENED MULTIGRAIN CEREAL WITH CINNAMON, CINNAMON"
1108131,branded_food,"FROSTED SHREDDED WHEAT LIGHTLY SWEETENED WHOLE GRAIN CEREAL, FROSTED"
1108132,branded_food,"SWEETENED MULTIGRAIN CEREAL, SWEETENED MULTIGRAIN"
1108134,branded_food,"HONEY NUT O'S SWEETENED TOASTED OAT CEREAL, HONEY NUT"
1108306,branded_food,"WHEAT SQUARES GOLDEN BROWN SQUARES OF TOASTED WHOLE GRAIN WHEAT CEREAL, WHEAT SQUARES"
1108307,branded_food,"CINNAMON FROSTED WHOLE GRAIN SHREDDED WHEAT CEREAL WITH ONYX SORGHUM, CINNAMON FROSTED"
1108590,branded_food,"HONEY NUT SCOOTERS CEREAL, HONEY NUT SCOOTERS"
1108591,branded_food,"FROSTED FLAKES CEREAL, FROSTED FLAKES"
1108592,branded_food,"TOOTIE FRUITIES CEREAL, TOOTIE FRUITIES"
1108593,branded_food,"GOLDEN PUFFS CEREAL, GOLDEN PUFFS"
1108594,branded_food,"CINNAMON TOASTERS CEREAL, CINNAMON TOASTERS"
1108595,branded_food,"FRUITY DYNO-BITES CEREAL, FRUITY DYNO-BITES"
1108596,branded_food,"HONEY NUT SCOOTERS CEREAL, HONEY NUT SCOOTERS"
1108597,branded_food,"HONEY BUZZERS CEREAL, HONEY BUZZERS"
1108598,branded_food,"RAISIN BRAN CEREAL, RAISIN BRAN"
1108606,branded_food,"BERRY COLOSSAL CRUNCH CEREAL, BERRY"
1108607,branded_food,"SWEETENED CHOCOLATE FLAVORED CORN PUFF CEREAL WITH REAL COCOA, SWEETENED CHOCOLATE"
1108608,branded_food,"TOOTIE FRUITIES CEREAL, TOOTIE FRUITIES"
1108609,branded_food,"HONEY BUZZERS CEREAL, HONEY BUZZERS"
1108610,branded_food,"CHOCOLATE FLAVORED SWEETENED RICE CEREAL WITH REAL COCOA, CHOCOLATE"
1108611,branded_food,"FRUIT FLAVOR SWEETENED RICE CEREAL, FRUIT"
1108612,branded_food,"ORIGINAL 100% WHOLE GRAIN SHREDDED WHEAT CEREAL, ORIGINAL"
1108614,branded_food,"CRISPY RICE CEREAL, CRISPY RICE"
1108615,branded_food,"MAPLE & BROWN SUGAR QUICK COOKING HOT WHEAT CEREAL, MAPLE & BROWN SUGAR"
1108616,branded_food,"CREAMY HOT WHEAT CEREAL, CREAMY HOT WHEAT"
1108617,branded_food,"GOLDEN PUFFS CEREAL, GOLDEN PUFFS"
1108618,branded_food,"GOLDEN PUFFS CEREAL, GOLDEN PUFFS"
1108997,branded_food,WHOLE GRAIN HOT CEREAL
1109548,branded_food,"RAISIN SPROUTED FLOURLESS FLAKE CEREAL, RAISIN"
1109568,branded_food,"HONEY GRAHAMS SWEETENED WHOLE GRAIN WHEAT AND CORN CEREAL, HONEY GRAHAMS"
1109830,branded_food,"NATURALLY FLAVORED SWEETENED RICE CEREAL WITH REAL COCOA, CRISPY COCOA RICE"
1109831,branded_food,"HONEY NUT TOASTED OATS CEREAL, HONEY NUT"
1110237,branded_food,WHOLE GRAIN CEREAL
1110240,branded_food,"RAISIN BRAN CEREAL, RAISIN BRAN"
1110241,branded_food,"FROSTED FLAKES CEREAL, FROSTED FLAKES"
1110696,branded_food,INSTANT HOT CEREAL
1110708,branded_food,"CINNAMON SUGAR FLAVORED INSTANT HOT CEREAL, CINNAMON SUGAR"
1111521,branded_food,"ORGANIC CORN FLAKES CEREAL LIGHTLY SWEETENED WITH ORGANIC CANE SUGAR, CORN"
1111544,branded_food,"ORIGINAL RIP'S BIG BOWL CEREAL, ORIGINAL"
1111595,branded_food,"RAINBOW MORNING O'S LIGHTLY SWEETENED CEREAL WITH WHOLE GRAIN GOODNESS, RAINBOW MORNING O'S WHOLE GRAIN"
1111654,branded_food,"MULTIGRAIN & CHIA TRIPLE BERRY INSTANT HOT CEREAL, MULTIGRAIN & CHIA TRIPLE BERRY"
1111690,branded_food,"CRISPY CINNAMON CRUNCH CEREAL, CRISPY CINNAMON CRUNCH"
1111739,branded_food,"KROGER, LIVING WELL, MULTI-GRAIN CEREAL, CINNAMON, CINNAMON"
1111760,branded_food,"EXTRA RAISINS WHEAT BRAN CEREAL WITH RAISINS, EXTRA RAISINS"
1111855,branded_food,"SWEETENED CORN & OAT CEREAL CRISPY CRUNCH BERRY TREATS, SWEETENED CORN & OAT CEREAL"
1111871,branded_food,"MARSHMALLOW MATEYS CEREAL, MARSHMALLOW MATEYS"
1111872,branded_food,"CORN BURSTS CEREAL, CORN BURSTS"
1111994,branded_food,"BERRIES BUNCH O'KRUNCH, SWEETENED CORN & OAT CEREAL, SWEETENED"
1111995,branded_food,"FROSTED FRUIT ROLLS SWEETENED, MULTIGRAIN, FRUIT-FLAVORED CEREAL, FROSTED FRUIT ROLLS"
1112056,branded_food,"SWEETENED NATURALLY APPLE FLAVORED MULTIGRAIN CEREAL, APPLE"
1112057,branded_food,"CINNAMON CRUNCH SWEETENED WHEAT AND RICE CEREAL, CINNAMON CRUNCH"
1112434,branded_food,"BREAKFAST MULTIGRAIN CEREAL, APPLE CINNAMON"
1112832,branded_food,"LOW FAT FRUIT & GRAIN CEREAL BAR, STRAWBERRY"
1112984,branded_food,"CINNABON INSTANT HOT CEREAL, CINNABON"
1113128,branded_food,"PECAN CEREAL YOGURT SMOOTHIE, PECAN CEREAL"
1113356,branded_food,"SOFT YOGURT FILLED BISCUITS, CEREAL & VANILLA YOGURT"
1113387,branded_food,"SUPERFOOD HOT CEREAL, BLUEBERRY CHAI"
1113525,branded_food,"FRUIT & GRAIN CEREAL BARS, STRAWBERRY"
1113750,branded_food,"FRUIT & GRAIN CEREAL BARS, BLUEBERRY"
1114226,branded_food,"HONEY OATS & FLAKES CEREAL, HONEY OATS & FLAKES"
1114227,branded_food,"RICE SQUARES OVEN TOASTED RICE CEREAL, RICE SQUARES"
1115419,branded_food,"ORIGINAL MULTIGRAIN CEREAL, ORIGINAL"
1115447,branded_food,"BROWN SUGAR OATMEAL SQUARES CRUNCHY OAT CEREAL, BROWN SUGAR"
1115523,branded_food,"BLUEBERRY CEREAL BARS, BLUEBERRY"
1115524,branded_food,"MIXED BERRY CEREAL BARS, MIXED BERRY"
1115534,branded_food,"CEREAL BARS, STRAWBERRY"
1115590,branded_food,"PRINCESS, STRAWBERRY FLAVORED CEREAL WITH PRINCESS MARSHMALLOWS, STRAWBERRY"
1115611,branded_food,"CEREAL IN THE BISCUIT, OATS AND HONEY"
1115622,branded_food,"RED BERRIES CRUNCHY RICE & WHEAT FLAKES WITH REAL STRAWBERRIES CEREAL, RED BERRIES"
1115647,branded_food,"BLUEBERRY FLAVORED FRUIT & GRAIN CEREAL BARS, BLUEBERRY"
1115807,branded_food,"SHREDDED WHEAT BITE SIZE 100% WHOLE WHEAT CEREAL, SHREDDED WHEAT"
1115996,branded_food,"PECAN CEREAL YOGURT SMOOTHIE, PECAN CEREAL"
1116057,branded_food,"S'MORES CEREAL, S'MORES"
1116128,branded_food,"ALMOND CRUNCHY HONEY OATS NATURAL HONEY FLAVORED MULTIGRAIN CEREAL WITH GRANOLA AND ALMONDS, ALMOND CRUNCHY HONEY OATS"
1116207,branded_food,"CORN FLAKES CEREAL, CORN FLAKES"
1116289,branded_food,"FRUIT & GRAIN APPLE CINNAMON CEREAL BARS, FRUIT & GRAIN APPLE CINNAMON"
1116325,branded_food,"FRUIT & GRAIN CEREAL BARS, MIXED BERRY"
1116759,branded_food,"CINNA-APPLE WALNUT WITH REAL APPLES INSTANT HOT CEREAL, CINNA-APPLE WALNUT WITH REAL APPLES"
1117129,branded_food,"SPRINKLED DONUT CRUNCH SWEETENED CORN & OAT CEREAL, SPRINKLED DONUT CRUNCH"
1117403,branded_food,"PEANUT BUTTER FLAVORED CEREAL, PEANUT BUTTER"
1117464,branded_food,"SWEETENED CEREAL WITH APPLE & CINNAMON CEREAL, APPLE & CINNAMON"
1117535,branded_food,"CHOCOLATEY PRETZEL CEREAL BARS, CHOCOLATEY PRETZEL"
1117555,branded_food,"CHOCOLATEY ALMOND CEREAL, CHOCOLATEY ALMOND"
1117578,branded_food,SWEETENED CORN & OAT CEREAL
1117854,branded_food,"MARSHMALLOW MATEYS CEREAL, MARSHMALLOW MATEYS"
1117855,branded_food,"FROSTED FLAKES CEREAL, FROSTED FLAKES"
1117856,branded_food,"FROSTED FLAKES CEREAL, FROSTED FLAKES"
1117857,branded_food,THE ORIGINAL CEREAL
1117858,branded_food,"FROSTED FLAKES CEREAL, FROSTED FLAKES"
1117964,branded_food,"CRUNCHY HONEY OATS NATURAL HONEY FLAVORED MULTIGRAIN CEREAL WITH GRANOLA, CRUNCHY HONEY OATS"
1117978,branded_food,"HONEY NUT HONEST O'S CEREAL, HONEY NUT"
1117989,branded_food,"SWEETENED CEREAL WITH ISLAND MARSHMALLOWS, ISLAND MARSHMALLOWS"
1118143,branded_food,"FRUIT FLAVOR SWEETENED RICE CEREAL, FRUIT"
1118157,branded_food,"FROSTED FLAKES CEREAL, FROSTED FLAKES"
1118158,branded_food,"GOLDEN PUFFS CEREAL, GOLDEN PUFFS"
1118183,branded_food,"SWEETENED RICE CEREAL, SWEETENED"
1118207,branded_food,"CHOCOLATE FLAVORED SWEETENED RICE CEREAL WITH REAL COCOA, CHOCOLATE"
1118475,branded_food,"MULTIGRAIN PUFFINS CEREAL, MULTIGRAIN"
1118528,branded_food,"BERRY COLOSSAL CRUNCH CEREAL, BERRY COLOSSAL CRUNCH"
1118568,branded_food,"CINNAMON OATMEAL SQUARES CRUNCHY OAT CEREAL, CINNAMON"
1118603,branded_food,"ORGANIC RIP'S POWER-UP BOWL DOUBLE BERRY HOT CEREAL, BERRY"
1118640,branded_food,"ORGANIC RIP'S POWER-UP BOWL ORIGINAL HOT CEREAL, ORIGINAL"
1118912,branded_food,"HONEY GRAHAMS SWEETENED WHOLE WHEAT AND CORN CEREAL, HONEY GRAHAMS"
1118913,branded_food,"GOLDEN HONEY O'S CEREAL, GOLDEN HONEY O'S"
1118914,branded_food,"HONEY OAT BLENDERS CEREAL, HONEY OAT BLENDERS"
1119033,branded_food,"TREASURES CEREAL, MARSHMALLOW"
1119101,branded_food,"SWEETENED FROSTED FLAKES OF CORN CEREAL, FROSTED FLAKES"
1119162,branded_food,CEREAL
1119396,branded_food,"TOASTED CINNAMON SQUARES SWEETENED WHOLE WHEAT AND RICE CEREAL WITH CINNAMON, TOASTED CINNAMON SQUARES"
1119537,branded_food,"CRUNCHY BRAN & RAISIN CEREAL, CRUNCHY BRAN & RAISIN"
1119561,branded_food,"CRISP RICE CEREAL BAR WITH MARSHMALLOW CREME, MARSHMALLOW CREME"
1119683,branded_food,"SWEETENED CORN CEREAL POPS, SWEETENED CORN"
1119692,branded_food,"NATURAL FRUIT FLAVORS SWEETENED MULTI-GRAIN CEREAL, NATURAL FRUIT"
1119749,branded_food,"BERRIES SWEETENED CORN & OAT CEREAL, BERRIES"
1119750,branded_food,"VANILLA MULTIGRAIN CEREAL, VANILLA"
1119862,branded_food,"VANILLA MULTIGRAIN CEREAL, VANILLA"
1119881,branded_food,"RAISIN BRAN WHEAT BRAN CEREAL WITH RAISINS, RAISIN BRAN"
1119901,branded_food,HIGH FIBER OAT BRAN HOT CEREAL
1119923,branded_food,"FRUITY CEREAL WITH WHITE CHOCOLATY-FLAVORED DRIZZLE CRISPY BAR, FRUITY CEREAL"
1119964,branded_food,"CINNAMON CEREAL FLAVORED REDUCED FAT ICE CREAM DIPPED IN A VANILLA FLAVORED COATING TOPPED WITH CINNAMON CEREAL PIECES ALL INSIDE A CINNAMON MINI CONES, CINNAMON CEREAL"
1120063,branded_food,"FAR OUT FRUITIES SWEETENED MULTIGRAIN CEREAL, FAR OUT FRUITIES"
1120269,branded_food,"HONEY CRUNCH & OATS FROSTED CORN AND WHEAT FLAKES CEREAL WITH GRANOLA CLUSTERS, HONEY CRUNCH & OATS"
1120310,branded_food,"COCOA NUT WITH REAL ALMONDS INSTANT HOT CEREAL, COCOA NUT WITH REAL ALMONDS"
1120324,branded_food,"HONEY BUZZERS CEREAL, HONEY BUZZERS"
1120340,branded_food,"BANANA WITH REAL WALNUTS INSTANT HOT CEREAL, BANANA WITH REAL WALNUTS"
1120355,branded_food,"MIXED BERRY FRUIT & GRAIN CEREAL BARS, MIXED BERRY"
1120409,branded_food,"PEANUT BUTTER & CHOCOLATE FLAVORS SWEETENED RICE CEREAL, PEANUT BUTTER & CHOCOLATE"
1120415,branded_food,"BUNCH O' CINNAMON SQUARES SWEETENED WHEAT & RICE CEREAL, BUNCH O' CINNAMON SQUARES"
1120468,branded_food,"SHREDDED WHEAT WHOLE GRAIN CEREAL WITH ONYX SORGHUM, SHREDDED WHEAT"
1120475,branded_food,"BLUEBERRY FRUIT & GRAIN CEREAL BARS, BLUEBERRY"
1120528,branded_food,"PEANUT BUTTER & CHOCOLATE FLAVORS SWEETENED RICE CEREAL, PEANUT BUTTER & CHOCOLATE"
1120726,branded_food,"CRUNCHY HONEY OATS NATURAL HONEY FLAVORED MULTIGRAIN CEREAL WITH GRANOLA, CRUNCHY HONEY OATS"
1120749,branded_food,"SHREDDED WHEAT WHOLE GRAIN WHEAT CEREAL, SHREDDED WHEAT"
1121175,branded_food,"FROSTED SHREDDED WHEAT SWEETENED, CRUNCHY, WHOLE GRAIN WHEAT CEREAL, FROSTED SHREDDED WHEAT"
1121181,branded_food,CORN FLAKES DELICIOUSLY CRISP AND GOLDEN CEREAL
1121232,branded_food,"FRUIT & GRAIN MEDLEY DELUXE CEREAL, FRUIT & GRAIN MEDLEY"
1121367,branded_food,FROSTED SWEETENED FLAKES OF CORN CEREAL
1121677,branded_food,"CHOCO CHIPPERS SWEETENED CORN CEREAL, CHOCO CHIPPERS"
1121748,branded_food,"FRUIT & GRAIN STRAWBERRY CEREAL BARS, STRAWBERRY"
1122007,branded_food,"TOASTED OAT LOOPS CEREAL, OAT LOOPS"
1122027,branded_food,"HONEY CRUNCH 'N OATS CRISPY FLAKES & CRUNCHY TOASTED OATS CEREAL WITH HONEY!, HONEY CRUNCH 'N OATS"
1122619,branded_food,"RAISIN BRAN CEREAL WITH CRUNCHY WHEAT FLAKES & LOADED WITH RAISINS, RAISIN BRAN"
1122621,branded_food,"HONEY NUT TOASTED OATS SWEETENED CEREAL WITH HONEY & ALMOND FLAVOR, HONEY NUT"
1122625,branded_food,"OATS & MORE, SWEETENED MULTIGRAIN CEREAL WITH REAL STRAWBERRIES, STRAWBERRIES"
1122626,branded_food,"OATS & MORE, SWEETENED MULTIGRAIN CEREAL WITH HONEY OAT CLUSTERS WITH HONEY, HONEY"
1122628,branded_food,"OAT SQUARES CRUNCHY OAT CEREAL WITH A SPRINKLE OF BROWN SUGAR, OAT SQUARES"
1122629,branded_food,"FRUITY JEWELS WHOLESOME SWEETENED RICE CEREAL, FRUITY JEWELS"
1122634,branded_food,"KOO-KIES SWEETENED CORN CEREAL, KOO-KIES"
1122700,branded_food,"HONEY NUT TOASTED O'S ORGANIC SWEETENED WHOLE GRAIN TOASTED OAT CEREAL WITH REAL HONEY AND NATURAL ALMOND FLAVOR, HONEY NUT TOASTED O'S"
1122714,branded_food,WHEAT BRAN FIBER CEREAL BUDS
1122738,branded_food,"TWIN GRAIN CRISP A BLEND OF CORN & RICE CEREAL, TWIN GRAIN CRISP"
1122740,branded_food,"FROSTED FLAKES SWEETENED, TOASTED FLAKES OF CORN CEREAL, FROSTED FLAKES"
1122743,branded_food,"OATS & MORE, SWEETENED MULTIGRAIN CEREAL WITH HONEY OAT CLUSTERS & ALMONDS, ALMONDS"
1122745,branded_food,"APPLE CINNAMON TOASTED OATS SWEETENED CEREAL, APPLE CINNAMON"
1122746,branded_food,BITE SIZE SHREDDED WHEAT 100% WHOLE GRAIN WHEAT CEREAL
1122748,branded_food,"MAGIC STARS, FROSTED TOASTED OAT CEREAL WITH MARSHMALLOWS, FROSTED WITH MARSHMALLOWS"
1122870,branded_food,"POWDERED MINI DONUTS CEREAL, POWDERED"
1122871,branded_food,"HONEY BUN CEREAL, HONEY BUN"
1122935,branded_food,"CHOCOLATE WHOLE GRAIN CEREAL, CHOCOLATE"
1122936,branded_food,"RASPBERRY FLAVORED WHOLE GRAIN CEREAL, RASPBERRY"
1122937,branded_food,"ORIGINAL CRUNCH CEREAL, ORIGINAL"
1122938,branded_food,"STRAWBERRY WHOLE GRAIN CEREAL, STRAWBERRY"
1122939,branded_food,"BLUEBERRY WHOLE GRAIN CEREAL, BLUEBERRY"
1122940,branded_food,"CINNAMON BROWN SUGAR CRUNCH CEREAL, CINNAMON BROWN SUGAR CRUNCH"
1122968,branded_food,"CORN SQUARES CRUNCHY, BITE-SIZE TOASTED CORN CEREAL CEREAL, CORN SQUARES"
1122972,branded_food,"CORN FLAKES CEREAL, CORN FLAKES"
1122973,branded_food,"COCOA CRAZY SWEETENED CORN CEREAL, COCOA CRAZY"
1123072,branded_food,"HONEY NUT HOOPS CEREAL, HONEY NUT HOOPS"
1123080,branded_food,"RAISIN DATE ALMOND MUESLI MULTIGRAIN, DRIED FRUIT, NUT AND SEED CEREAL, RAISIN DATE ALMOND"
1123258,branded_food,"SWEETENED CORN & OAT CEREAL, SWEETENED"
1123291,branded_food,"FRUIT RINGS MULTIGRAIN CEREAL, FRUIT RINGS"
1123293,branded_food,"RICE SQUARES CRUNCHY, BITE-SIZE, TOASTED RICE CEREAL, RICE SQUARES"
1123313,branded_food,"ENRICHED WHEAT BRAN WHOLE GRAIN WHEAT CEREAL WITH WHEAT BRAN, ENRICHED WHEAT BRAN"
1123365,branded_food,"PEANUT BUTTER COOKIE BITES CEREAL, PEANUT BUTTER"
1123538,branded_food,"CHOCOLATEY DELIGHT CRUNCHY WHEAT & RICE FLAKES WITH CHOCOLATEY PIECES CEREAL, CHOCOLATEY DELIGHT"
1123540,branded_food,"STRAWBERRY FLAVORED SWEETENED RICE CEREAL, STRAWBERRY"
1123542,branded_food,"RED BERRIES CRUNCHY WHEAT & RICE FLAKES CEREAL WITH REAL STRAWBERRIES, RED BERRIES"
1123556,branded_food,"DELICIOUS RAISINS AND CRANBERRIES BLENDED WITH CRISP BRAN FLAKES CEREAL, CRANBERRIES"
1123706,branded_food,"TOASTED OATS TOASTED WHOLE GRAIN OAT CEREAL, TOASTED OATS"
1123772,branded_food,"STRAWBERRY HAZELNUT CAULI HOT CEREAL, STRAWBERRY HAZELNUT"
1123854,branded_food,"CRISP RICE FAT FREE OVEN-TOASTED RICE CEREAL, CRISP RICE"
1123868,branded_food,"GRANOLA WITH OATS, WHEAT, HONEY & ALMONDS CEREAL, GRANOLA WITH OATS, WHEAT, HONEY & ALMONDS"
1123899,branded_food,"COOKIE DOUGH FLAVORED CEREAL WITH MARSHMALLOWS, COOKIE DOUGH"
1123917,branded_food,"POWDERED MINI DONUTS CEREAL, POWDERED"
1124173,branded_food,"SWEETENED CORN & OAT CEREAL, SWEETENED"
1124177,branded_food,"COCOA PEANUT BUTTER CEREAL, COCOA PEANUT BUTTER"
1124249,branded_food,"CEREAL MILK POPCAKES, CEREAL MILK"
1124308,branded_food,"APPLE LOONS, SWEETENED MULTI-GRAIN APPLE CEREAL, APPLE"
1124394,branded_food,"MILK & CEREAL BREAKFAST BISCUITS, MILK & CEREAL"
1124426,branded_food,"CRISPY RICE TOASTED RICE CEREAL, CRISPY RICE"
1124437,branded_food,"SWEETENED MULTIGRAIN CEREAL, SWEETENED MULTIGRAIN"
1124475,branded_food,"RED BERRIES CRUNCHY WHEAT & RICE FLAKES CEREAL WITH REAL STRAWBERRIES, RED BERRIES"
1124562,branded_food,"PEANUT BUTTER & JELLY PUFFS SWEETENED CORN & OAT CEREAL, PEANUT BUTTER & JELLY PUFFS"
1124577,branded_food,"APPLE CINNAMON FRUIT & GRAIN CEREAL BARS, APPLE CINNAMON"
1124610,branded_food,"TOASTED OATS CEREAL, TOASTED OATS"
1124644,branded_food,"PUMPKIN FLAVORED CEREAL, PUMPKIN"
1124653,branded_food,"VANILLA GRANOLA CLUSTERS WHOLE GRAIN ROLLED OAT CLUSTERS CEREAL WITH ALMONDS, VANILLA"
1124655,branded_food,"FALL HARVEST WHOLE OAT CLUSTERS & MULTI-GRAIN FLAKES CEREAL WITH DRIED CRANBERRIES, PUMPKIN SEEDS & APPLES"
1124669,branded_food,"COTTON CANDY CRUNCH SWEETENED CORN & OAT CEREAL, COTTON CANDY"
1124772,branded_food,"TOASTED OATS WHOLE GRAIN OAT CEREAL, TOASTED OATS"
1124773,branded_food,"CORN FLAKES TOASTED CORN CEREAL, CORN FLAKES"
1124774,branded_food,"HONEY NUT TOASTED OATS SWEETENED TOASTED OAT CEREAL WITH HONEY & ALMONDS, HONEY NUT TOASTED OATS"
1124832,branded_food,"SUGAR FROSTED FLAKES SWEETENED CORN CEREAL, FROSTED FLAKES"
1124833,branded_food,TOASTED CRISP RICE CEREAL
1124834,branded_food,"FRUIT WHIRLS SWEETENED MULTI-GRAIN CEREAL, FRUIT WHIRLS"
1124835,branded_food,"SWEETENED MULTIGRAIN CEREAL WITH REAL APPLE WHIRLS & CINNAMON, APPLE WHIRLS & CINNAMON"
1124836,branded_food,"BERRY BUNCH O'KRUNCH SWEETENED CORN & OAT CEREAL, BERRY BUNCH O'KRUNCH"
1124841,branded_food,"MAGIC SHAPES SWEETENED TOASTED OAT CEREAL WITH MARSHMALLOWS, MARSHMALLOWS"
1125197,branded_food,"MULTIGRAIN WITH FLAX WITH OATS, WHEAT, RYE AND BARLEY INSTANT HOT CEREAL, MULTIGRAIN WITH FLAX"
1125255,branded_food,"PUMPKIN SPICE FLAVORED MULTIGRAIN CEREAL, PUMPKIN SPICE"
1125413,branded_food,"MARSHMALLOW DREAMS FROSTED WHOLE GRAIN OAT CEREAL WITH MARSHMALLOWS, MARSHMALLOW DREAMS"
1125420,branded_food,"SWEETENED MULTI-GRAIN CEREAL, SWEETENED"
1125559,branded_food,"CINNAMON ALMOND CAULI HOT CEREAL, CINNAMON ALMOND"
1125561,branded_food,SWEETENED CORN & OAT CEREAL
1125568,branded_food,"CINNAMON OF CORN CEREAL, CINNAMON"
1125577,branded_food,"FROSTED FLAKES SWEETENED CORN CEREAL, FROSTED FLAKES"
1125585,branded_food,"APPLE WOWS SWEETENED MULTI-GRAIN CEREAL & CINNAMON, APPLE WOWS"
1125660,branded_food,"LIGHTLY TOASTED CORN FLAKES CEREAL, LIGHTLY TOASTED"
1125661,branded_food,"ORIGINAL MULTIGRAIN SPOONFULS CEREAL, ORIGINAL MULTIGRAIN"
1125847,branded_food,"NEAPOLITAN VANILLA AND STRAWBERRY FLAVORED ICE CREAM SURROUND A LAYER OF CHOCOLATE GANACHE, ALL COATED IN MILK CHOCOLATE AND CEREAL CRUNCHIES DECADENT DELIGHTS BARS, NEAPOLITAN"
1125903,branded_food,"ORIGINAL FROSTED MINI WHEATS WHOLE GRAIN CEREAL, ORIGINAL"
1125980,branded_food,"HONEY GRAIN FREE CEREAL, HONEY"
1126171,branded_food,"TURTLE SPLASH, STRAWBERRY CHOCOLATE FLAVORED ORGANIC CEREAL, STRAWBERRY CHOCOLATE"
1126412,branded_food,"CINNAMON SQUARES ORGANIC CRUNCHY CEREAL, CINNAMON SQUARES"
1126526,branded_food,"FANTASTIC FRUIT WITH GLITTERY SPARKLES CEREAL, FANTASTIC FRUIT"
1126562,branded_food,"ORGANIC PEANUT BUTTER DOTS SWEETENED CORN & OAT CEREAL, PEANUT BUTTER DOTS"
1126641,branded_food,"FRUITY POST WORKOUT RECOVERY IOWHEY PROTEIN STRENGTH CEREAL, FRUITY"
1127452,branded_food,"CREAMY BUCKWHEAT HOT CEREAL, CREAMY BUCKWHEAT"
1127457,branded_food,"7 GRAIN HOT CEREAL, 7 GRAIN"
1127474,branded_food,"CEREAL OF CORN, CORN"
1128291,branded_food,"CINNAMON GRAIN FREE CEREAL, CINNAMON"
1128292,branded_food,"UNSWEETENED GRAIN FREE CEREAL, UNSWEETENED"
1128324,branded_food,"BLUEBERRY FLAVORED MUFFIN TOASTERS CEREAL, BLUEBERRY"
1128635,branded_food,"FROSTED SHREDDED WHEAT BITE SIZE WHOLE GRAIN WHEAT CEREAL, FROSTED SHREDDED WHEAT"
1129061,branded_food,"ORIGINAL TOASTED RICE CEREAL, ORIGINAL"
1129085,branded_food,"DARK CHOCOLATE KETO FRIENDLY CEREAL, DARK CHOCOLATE"
1129110,branded_food,"CINNAMON TOAST KETO CEREAL, CINNAMON TOAST"
1129189,branded_food,"FRUIT & GRAIN RASPBERRY CEREAL BARS, RASPBERRY"
1129297,branded_food,"APPLE CINNAMON HOT CEREAL WITH ROLLED OATS, RED QUINOA, BLACK CHIA, APPLE CINNAMON, ROLLED OATS, RED QUINOA, BLACK CHIA"
1129447,branded_food,"CINNAMON TOAST ICE CREAM WITH CINNAMON SUGAR SHORTBREAD PIECES AND A SWEET FROSTING SWIRL CEREAL BOWL, CINNAMON TOAST, CINNAMON SUGAR SHORTBREAD, SWEET FROSTING SWIRL"
1129471,branded_food,"FRUITY JURASSIC BITES SWEETENED RICE CEREAL, FRUITY"
1129657,branded_food,"SNICKERDOODLE DUNKSTERS SWEETENED CORN CEREAL DUSTED WITH SUGAR & CINNAMON, SNICKERDOODLE DUNKSTERS"
1129953,branded_food,"MARSHMALLOW FLAVORED CEREAL, MARSHMALLOW"
1130218,branded_food,"BANANA CRUNCHY WHEAT & RICE FLAKES CEREAL WITH REAL BANANAS, BANANA"
1130544,branded_food,"FALL MAPLE TRAIL MIX WITH A BLEND OF ROASTED SALTED PEANUTS, RAISINS, MAPLE GLAZED PECANS, MAPLE FLAVORED CEREAL SQUARES, YOGURT FLAVORED CHIPS & DRIED SWEETENED CRANBERRIES, FALL MAPLE"
1130795,branded_food,"PUFFED MULTIGRAIN CEREAL WITH PEANUT BUTTER, PEANUT BUTTER"
1131048,branded_food,"LEAF & OLAF MARSHMALLOWS CEREAL, LEAF & OLAF MARSHMALLOWS"
1131147,branded_food,"APPLE STRAWBERRY FLAVORED CUTIE O'S CEREAL, APPLE STRAWBERRY"
1131149,branded_food,"CRUNCHY WHEAT AND RICE FLAKES WITH CHOCOLATEY PIECES & REAL STRAWBERRIES CEREAL, CHOCOLATEY STRAWBERRY"
1131215,branded_food,"COCO KRUNCH SWEETENED RICE CEREAL, COCO KRUNCH"
1131243,branded_food,"SHREDDED WHEAT BIG BISCUIT CEREAL, SHREDDED WHEAT"
1131801,branded_food,"CRACKLING FRUIT CRISPS SWEETENED RICE CEREAL, CRACKLING FRUIT CRISPS"
1131975,branded_food,"HONEY TOASTED OATS CEREAL, HONEY"
1132049,branded_food,"RICE CRISP CEREAL, RICE CRISP"
1132065,branded_food,ORGANIC TOASTED O'S CEREAL
1132336,branded_food,"TOASTED CORN BRAN & WHEAT FIBER ESSENTIALS CEREAL, TOASTED CORN BRAN & WHEAT"
1132483,branded_food,"COCONUT FLAKES TOASTED CEREAL, COCONUT FLAKES"
1132484,branded_food,"CINNAMON FLAKES TOASTED CEREAL, CINNAMON FLAKES"
1132485,branded_food,"VANILLA O'S TOASTED CEREAL, VANILLA"
1132715,branded_food,"LIGHTLY SWEETENED 100% PREMIUM QUINOA TOASTED ORGANIC CEREAL, LIGHTLY SWEETENED"
1132851,branded_food,"SHREDDED WHEAT BITE SIZE WHOLE GRAIN CEREAL, SHREDDED WHEAT"
1133154,branded_food,"UNSWEETENED QUINOA MULTIGRAIN ORGANIC CREAMY HOT BREAKFAST WHOLE GRAIN CEREAL, UNSWEETENED QUINOA MULTIGRAIN"
1133155,branded_food,"UNSWEETENED AMARANTH MULTIGRAIN ORGANIC CREAMY HOT BREAKFAST WHOLE GRAIN CEREAL, UNSWEETENED AMARANTH MULTIGRAIN"
1133160,branded_food,"BERRY LLAMA FLAVORED INSTANT OATMEAL WITH HIDDEN VEGGIES*, BERRY CEREAL"
1133162,branded_food,"FRUITY HOOPS CEREAL FLAVOR INSTANT OATMEAL, FRUITY HOOPS CEREAL"
1133345,branded_food,"FANTASTIC FRUIT LLAMA LOOP CEREAL, FANTASTIC FRUIT"
1133346,branded_food,MAPLE BROWN SUGAR WHOLE GRAIN CEREAL
1133351,branded_food,"FILLED MIXED BERRY WHOLE GRAIN CEREAL, FILLED MIXED BERRY"
1133360,branded_food,"SWEETENED CEREAL WITH APPLE & CINNAMON, APPLE & CINNAMON"
1133390,branded_food,"SWEETENED CEREAL WITH APPLE, CINNAMON & MARSHMALLOWS, APPLE, CINNAMON & MARSHMALLOWS"
1133424,branded_food,"SWEETENED RICE CEREAL, SWEETENED"
1133474,branded_food,"BIRTHDAY CAKE REMIX CAKE BATTER FLAVORED CEREAL WITH CHOCOLATE FLAVORED MARSHMALLOWS, BIRTHDAY CAKE REMIX"
1133483,branded_food,"RAISIN BRAN TOASTED WHOLE GRAIN WHEAT & WHEAT BRAN CEREAL WITH RAISINS, RAISIN BRAN"
1133849,branded_food,"COCO TREATS SWEETENED CORN CEREAL, COCO TREATS"
1134118,branded_food,"CHOCOLATEY STRAWBERRY CRUNCHY WHEAT AND RICE FLAKES WITH CHOCOLATEY PIECES & REAL STRAWBERRIES CEREAL, CHOCOLATEY STRAWBERRY"
1134122,branded_food,"FROSTED COOKIES & CREME CEREAL, FROSTED COOKIES & CREME"
1134126,branded_food,"VANILLA RED TITAN'S CEREAL, VANILLA"
1134200,branded_food,"WHEAT BRAN FLAKES WITH RAISINS CEREAL, RAISIN BRAN"
1134592,branded_food,"PECAN CEREAL YOGURT SMOOTHIE WITH PROBIOTICS, PECAN CEREAL"
1134743,branded_food,"PECAN CEREAL YOGURT SMOOTHIE WITH PROBIOTICS, PECAN CEREAL"
1134759,branded_food,"STRAWBERRY BANANA CEREAL YOGURT SMOOTHIE WITH PROBIOTICS, STRAWBERRY BANANA CEREAL"
1134779,branded_food,"RASPBERRY CRUNCHY WHEAT & RICE FLAKES WITH REAL RASPBERRY PIECES CEREAL, RASPBERRY"
1134780,branded_food,"BANANA CRUNCHY WHEAT & RICE FLAKES CEREAL WITH REAL BANANAS, BANANA"
1134784,branded_food,"CEREAL MADE WITH BARLEY, WHOLE GRAIN WHEAT AND OATS WITH RAISINS, DATES AND ALMONDS"
1134785,branded_food,"MARSHMALLOW FLAVORED CEREAL WITH MARSHMALLOWS, MARSHMALLOW"
1134855,branded_food,"SWEETENED CHOCOLATE FLAVORED RICE CEREAL WITH REAL COCOA, SWEETENED, CHOCOLATE, REAL COCOA"
1135290,branded_food,CEREAL OF CORN
1135376,branded_food,"FARMERS MARKET MIX OAT-BASED CEREAL, FARMERS MARKET"
1135594,branded_food,"SWEETENED RICE CEREAL, SWEETENED"
1135615,branded_food,"ORIGINAL WHOLE GRAIN SHREDDED WHEAT CEREAL, ORIGINAL"
1135624,branded_food,"BLUEBERRY FLAVORED FROSTED SHREDDED BITE SIZE WHEAT LIGHTLY SWEETENED WHOLE GRAIN CEREAL, BLUEBERRY"
1135626,branded_food,"LIGHTLY SWEETENED STRAWBERRY FLAVORED WHOLE GRAIN FROSTED SHREDDED WHEAT CEREAL, STRAWBERRY"
1135634,branded_food,"WHOLE GRAIN WHEAT AND BRAN FLAKES CEREAL, BRAN FLAKES"
1135637,branded_food,"SUGAR COOKIE CEREAL WITH MARSHMALLOWS, MARSHMALLOWS"
1135868,branded_food,"ORGANIC KIDS FROSTED FLAKES SWEETENED CORN CEREAL, FROSTED FLAKES, SWEETENED"
1136098,branded_food,"CRISPY RICE & WHEAT FLAKES WITH OAT & FRUIT CLUSTERS & YOGURT COATED CLUSTERS CEREAL, FRUIT & YOGURT"
1136204,branded_food,"SWEETENED CORN & OAT CEREAL, SWEETENED"
1136387,branded_food,"ORGANIC FROSTED CORN FLAKES CEREAL, FROSTED CORN FLAKES"
1136401,branded_food,CORN FLAKES CEREAL
1136412,branded_food,"FRUIT SWIRLS SWEETENED MULTIGRAIN CEREAL WITH NATURAL FRUIT FLAVOR, FRUIT SWIRLS"
1136416,branded_food,"SWEETENED CORN & OAT CEREAL, SWEETENED, RED, WHITE & BLUE BERRIES"
1136464,branded_food,"CRISP RICE TOASTED RICE CEREAL, CRISP RICE"
1136489,branded_food,"SPOOKY MARSHMALLOWS NATURAL CHOCOLATE FLAVORED CEREAL, CHOCOLATE"
1136602,branded_food,"RAISIN BRAN WHOLE GRAIN WHEAT CEREAL WITH RAISINS, RAISIN BRAN"
1136603,branded_food,"WHOLE WHEAT & BRAN FLAKES CEREAL, WHOLE WHEAT"
1136605,branded_food,"PURPLE SWEET POTATO GRANOLA ALL-IN-ONE CEREAL, PURPLE SWEET POTATO"
1136778,branded_food,"APPLE CINNAMON OAT LOOPS TOASTED WHOLE GRAIN CEREAL, APPLE CINNAMON"
1136902,branded_food,"FROSTED WHOLE GRAIN OAT CEREAL WITH MARSHMALLOWS, MARSHMALLOWS"
1137469,branded_food,"MAPLE ALMOND CRUNCH HOT CEREAL, MAPLE ALMOND CRUNCH"
1137840,branded_food,"CINNAMON APPLE CRISP GRAIN FREE HOT CEREAL, CINNAMON APPLE CRISP"
1138017,branded_food,"RAISIN BRAN WHOLE WHEAT AND BRAN CEREAL WITH PLUMP RAISINS, RAISIN BRAN"
1138043,branded_food,"BANANA NUT CRUNCH CEREAL, BANANA NUT CRUNCH"
1138742,branded_food,"BLUEBERRY FRUIT & GRAIN NATURALLY FLAVORED CEREAL BARS, BLUEBERRY"
1138907,branded_food,"ELDERBERRY-FLAVORED CEREAL PUFFS WITH ORGANIC STRAWBERRY-FILLED CRISP PILLOWS, ELDERBERRY"
1139134,branded_food,FORTIFIED CORNSTARCH CEREAL
1139244,branded_food,"FRUITY FOSSILS SWEETENED RICE CEREAL, SWEETENED RICE"
1139356,branded_food,"PB&J PUFFS SWEETENED CORN AND OAT CEREAL WITH PEANUT BUTTER AND NATURAL STRAWBERRY FLAVOR, PB&J PUFFS"
1139384,branded_food,"MOCHA LATTE CEREAL, MOCHA LATTE"
1139385,branded_food,"SWEETENED RICE CEREAL WITH MARSHMALLOWS, MARSHMALLOWS"
1139386,branded_food,"CARAMEL MACCHIATO CEREAL, CARAMEL MACCHIATO"
1139405,branded_food,"CEREAL WITH ALMONDS, ALMONDS"
1139469,branded_food,"CHOCOLATE FLAVORED SWEETENED RICE CEREAL WITH REAL COCOA, CHOCOLATE"
1139694,branded_food,"APPLE CINNAMON CEREAL, APPLE CINNAMON"
344641,branded_food,Kellogg's Froot Loops Cereal .75oz
344642,branded_food,Kellogg's Frosted Flakes Cereal Multi Grain 2oz
344649,branded_food,Kellogg's Cinnabon Cereal 9oz
344652,branded_food,Kellogg's Cereal Breakfast Bar Chocolate 1.34oz
344658,branded_food,BEAR NAKED CEREAL SEA SALTED CARAMEL APPLE 12OZ
344706,branded_food,Kellogg's Frosted Flakes Cereal 1oz
344707,branded_food,Kellogg's Frosted Flakes Cereal Multi Grain Cinnamon 2oz
344708,branded_food,Kellogg's Froot Loops Cereal Reduced Sugar 1oz
344717,branded_food,Kellogg's Licensed Brands Cereal Frozen Movie 1oz
344720,branded_food,Kellogg's All Bran Cereal Complete Wheat Flakes 1.13oz
344721,branded_food,Kellogg's Corn Pops Cereal .95oz
344722,branded_food,Kellogg's All Bran Cereal Original 1.76oz
344723,branded_food,Kellogg's Froot Loops Cereal .95oz
344730,branded_food,Kellogg's Frosted Flakes Cereal 15oz
344745,branded_food,BEAR NAKED CEREAL ORIGINAL CINNAMON PROTEIN 30OZ
344746,branded_food,Bear Naked Cereal Original Cinnamon 11.2oz
344747,branded_food,BEAR NAKED CEREAL SEA SALTED CARAMEL APPLE 1.2OZ
344839,branded_food,Kellogg's Corn Pops Cereal .75oz
344840,branded_food,Kellogg's All Bran Cereal Buds 17.7oz
344841,branded_food,Kellogg's Apple Jacks Cereal .63oz
344843,branded_food,Kellogg's Crispix Cereal .75oz
344845,branded_food,Kellogg's Frosted Flakes Cereal Chocolate Multi Grain 1oz
344848,branded_food,Kellogg's Frosted Flakes Cereal Multi Grain 1oz
344849,branded_food,Kellogg's Apple Jacks Cereal Reduced Sugar 1oz
344871,branded_food,Kellogg's Frosted Flakes Cereal 1.2oz
344896,branded_food,Kellogg's Frosted Flakes Cereal Reduced Sugar 1oz
344925,branded_food,Bear Naked Cereal All Natural Granola Banana Nut 12oz
344926,branded_food,Bear Naked Cereal All Natural Granola Fruit & Nut 12oz
344927,branded_food,BEAR NAKED CEREAL HONEY ALMOND PROTEIN 30OZ
344932,branded_food,Bear Naked Cereal Cinnamon And Sunflower Butter Soft Baked 11oz
344933,branded_food,Bear Naked Cereal Cacao And Cashew Butter Soft Baked 11oz
344934,branded_food,BEAR NAKED CEREAL PEPITA HEMP SUNFLOWER BUTTER 10.5OZ
344935,branded_food,Bear Naked Cereal All Natural Fit Vanilla Almond 19oz
344936,branded_food,BEAR NAKED CEREAL CINNAMON SUNFLOWER 1.2OZ
344937,branded_food,Bear Naked Cereal Maple Pecan 12oz
344957,branded_food,Kashi Organic Cereal Cocoa Coconut With Kamut Khorasan Wheat Granola 11oz
344963,branded_food,KASHI ORGANIC CEREAL CHERRY CINNAMON & CARDAMOM 2.12OZ
344964,branded_food,KASHI ORGANIC CEREAL PEPITA & SUNFLOWER 2.12OZ
344965,branded_food,KASHI ORGANIC CEREAL CINNAMON HARVEST 22.6OZ
344966,branded_food,Kashi Organic Cereal Cinnamon Harvest 52oz
344969,branded_food,Kashi Golean Cereal Vanilla 10.8oz
344973,branded_food,KASHI GOLEAN CEREAL VANILLA 1.75OZ
344974,branded_food,Kashi Heart To Heart Cereal Cinnamon 34oz
345002,branded_food,Kashi Cereal Bars Blackberry 1.2oz
345004,branded_food,Kashi Golean Cereal Original 1.6oz
345005,branded_food,Kashi Golean Cereal Crunch 2.3oz
345006,branded_food,Kashi Golean Cereal Crunch 50oz 4ct
345012,branded_food,Kashi Whole Health Ready To Eat Cereal 7 Whole Grain Flakes 12.6oz
345013,branded_food,Kashi Whole Health Ready To Eat Cereal Puffed 6.5oz
345014,branded_food,Kashi Organic Cereal Promise Cinnamon Harvest 16.3oz
345015,branded_food,Kashi Whole Health Ready To Eat Cereal Simply Maize 10.5oz
345016,branded_food,Kashi Whole Health Ready To Eat Cereal Indigo Morning 10.3oz
345017,branded_food,Kashi Heart To Heart Cereal Honey Toasted Oat 12oz
345018,branded_food,Kashi Golean Cereal Cinnamon 14oz
345019,branded_food,Kashi Heart To Heart Cereal Cinnamon 12oz
345020,branded_food,Kashi Golean Cereal Crunch 21.3oz
345023,branded_food,KASHI GOLEAN CEREAL VANILLA GRAHAM 13.2OZ
345134,branded_food,Kellogg's Rice Krispies Cereal .62oz
345135,branded_food,Kellogg's Raisin Bran Cereal 56oz 4ct
345136,branded_food,Kellogg's Special K Cereal Red Berries 2.5oz
345137,branded_food,Kellogg's All Bran Cereal Complete Wheat Flakes .88oz
345138,branded_food,Kellogg's Raisin Bran Cereal 1.25oz
345139,branded_food,Kellogg's Special K Cereal Bars Red Berries .81oz
345140,branded_food,Kellogg's Cocoa Krispies Cereal 1.1oz
345141,branded_food,Kellogg's Special K Cereal 12oz
345142,branded_food,Kellogg's Special K Cereal 18oz
345143,branded_food,Kellogg's Special K Cereal 32oz 4ct
345145,branded_food,Kellogg's Cracklin Oat Bran Cereal 17oz
345146,branded_food,Kellogg's Muslix Cereal 15.3oz
345149,branded_food,Kellogg's Cocoa Krispies Cereal 2.3oz
345162,branded_food,KELLOGG SPECIAL K CEREAL GLUTEN FREE 11OZ
345164,branded_food,Kellogg's Raisin Bran Cereal Crunch 2.8oz
345165,branded_food,Kellogg's Low Fat Granola Cereal Crunchy 2oz
345169,branded_food,Kellogg's Raisin Bran Cereal Cranberry 13.5oz
345170,branded_food,KELLOGG SPECIAL K CEREAL BARS BLUEBERRY .88OZ
345171,branded_food,Kellogg's Special K Cereal Bars Red Berries .88oz
345178,branded_food,KELLOGG SPECIAL K HOT CEREAL CINNAMON RAISIN 1.83OZ
345179,branded_food,KELLOGG ORIGINS CEREAL FRUIT & SEED MUESLI RAISIN APRICOT CRANBERRY WITH PUMPKIN SEEDS 14.1OZ
345180,branded_food,KELLOGG ORIGINS CEREAL FRUIT & NUT MUESLI APRICOT CASHEW RAISIN COCONUT 14.1OZ
345181,branded_food,KELLOGG ORIGINS CEREAL CRANBERRY WALNUT 12.9OZ
345183,branded_food,Kellogg's Special K Cereal Coconut Almond 14oz
345184,branded_food,Kellogg's Low Fat Granola Cereal With Raisins 50oz 4ct
345185,branded_food,Kellogg's Special K Cereal Cinnamon Brown Sugar Crunch 1.9oz
345186,branded_food,Kellogg's Nutri-Grain Cereal Bars Pumpkin Spice 1.3oz
345193,branded_food,Kellogg's Special K Cereal Protein Plus 19oz
345194,branded_food,KELLOGG SPECIAL K CEREAL VANILLA ALMOND 18.8OZ
345196,branded_food,Kellogg's Raisin Bran Cereal 30.3oz
345198,branded_food,Kellogg's Special K Cereal Bars Coconut .88oz
345199,branded_food,Kellogg's Special K Cereal Coconut Almond 38.2oz
345204,branded_food,KELLOGG KRAVE CEREAL 14.1OZ
345205,branded_food,KELLOGG KRAVE CEREAL 3.1OZ
345210,branded_food,Kellogg's Nutri-Grain Cereal Bars Pumpkin Spice 41.6oz
345211,branded_food,Kellogg's Rice Krispies Cereal .88oz
345212,branded_food,Kellogg's Raisin Bran Cereal 1.52oz
345216,branded_food,Kellogg's Cocoa Krispies Cereal 2.3oz
345220,branded_food,Kellogg's Special K Cereal Bars Chocolatey Pretzel .77oz
345224,branded_food,Kellogg's Low Fat Granola Cereal Crunchy 50oz 4ct
345232,branded_food,Kellogg's Krave Cereal Chocolate 11.4oz
345233,branded_food,Kellogg's Krave Cereal Double Chocolate 11oz
345234,branded_food,KELLOGG SPECIAL K CEREAL VANILLA ALMOND 12.4OZ
345237,branded_food,Kellogg's Raisin Bran Cereal 23.5oz
345238,branded_food,Kellogg's Raisin Bran Cereal 18.7oz
345239,branded_food,Kellogg's Raisin Bran Cereal 13.7oz
345240,branded_food,Kellogg's Nutri-Grain Cereal Bars Strawberry 1.55oz
345242,branded_food,Kellogg's Nutri-Grain Cereal Bars Apple Cinnamon 1.55oz
345243,branded_food,Kellogg's Special K Cereal Bars Chocolate .88oz
345244,branded_food,Kellogg's Special K Cereal 1.25oz
345246,branded_food,Kellogg's Krave Cereal Milk Chocolate 1.87oz
345248,branded_food,Kellogg's Krave Cereal Chocolate 35oz 4ct
345255,branded_food,Kellogg's Special K Cereal Low Carb Protein Plus 12.5oz
345256,branded_food,KELLOGG SPECIAL K CEREAL VANILLA ALMOND 16.3OZ
345258,branded_food,KELLOGG SPECIAL K HOT CEREAL CRANBERRY ALMOND 3.66OZ
345259,branded_food,KELLOGG SPECIAL K CEREAL BARS CHOCOLATE CARAMEL .88OZ
345260,branded_food,KELLOGG SPECIAL K HOT CEREAL MAPLE BROWN SUGAR 3.66OZ
345261,branded_food,KELLOGG SPECIAL K HOT CEREAL CINNAMON RAISIN PECAN 3.66OZ
345271,branded_food,Kellogg's Raisin Bran Cereal Omega 3 14.3oz
345275,branded_food,Kellogg's Krave Cereal Chocolate 19.9oz
345322,branded_food,Kashi Whole Health Ready To Eat Cereal Whole Grain Nuggets 20oz
345328,branded_food,Kashi Organic Cereal Cranberry Spelt And Flax Granola 11oz
345329,branded_food,KASHI ORGANIC CEREAL ORGANIC PROMISE SPROUTED GRAINS 28.8OZ
345330,branded_food,Kashi Organic Cereal Promise Sprouted Grain 9.5oz
345331,branded_food,Kashi Organic Cereal Sweet Potato Sunshine 10.5oz
345333,branded_food,KASHI ORGANIC CEREAL CACAO NIB ALMOND & COCONUT 2.12OZ
345334,branded_food,Kashi Organic Cereal Toasted Oat 34oz
345335,branded_food,KASHI ORGANIC CEREAL SWEET POTATO SUNSHINE 31OZ
345344,branded_food,Kashi Cereal Bars Strawberry 1.2oz
345346,branded_food,Kashi Heart To Heart Cereal Honey Toasted Oat 1.4oz
345348,branded_food,Kashi Heart To Heart Cereal Blueberry 13.4oz
345356,branded_food,KASHI HEART TO HEART CEREAL HONEY TOASTED OAT 1OZ
345357,branded_food,Kashi Golean Cereal 13.1oz
345358,branded_food,Kashi Organic Cereal Berry Fruitful 15.6oz
345359,branded_food,Kashi Golean Cereal Original 21oz
345413,branded_food,Kellogg's Special K Cereal .62oz
345416,branded_food,Kellogg's Special K Cereal Cinnamon Brown Sugar Crunch 10.8oz
345417,branded_food,KELLOGG SPECIAL K CEREAL CINNAMON BROWN SUGAR CRUNCH 32.4OZ
345418,branded_food,KELLOGG SPECIAL K HOT CEREAL HONEY NUT 3.66OZ
345425,branded_food,Kellogg's Special K Cereal Bars Salted Caramel Chocolate .88oz
345427,branded_food,Kellogg's Special K Cereal Bars Salted Pretzel Chocolate .88oz
345430,branded_food,Kellogg's Krave Cereal Smores 1oz
345435,branded_food,KELLOGG SPECIAL K CEREAL LOW FAT CRANBERRY 10.6OZ
345436,branded_food,KELLOGG SPECIAL K HOT CEREAL HONEY NUT CRUNCH 1.83OZ
345437,branded_food,KELLOGG SPECIAL K CEREAL CINNAMON BROWN SUGAR CRUNCH 33.6OZ
345439,branded_food,Kellogg's Special K Cereal Raspberry Almond 14oz
345440,branded_food,KELLOGG SPECIAL K CEREAL LOW FAT GRANOLA WITH CRANBERRIES 2.3OZ
345443,branded_food,Kellogg's Special K Cereal Raspberry Almond 38.2oz
345448,branded_food,Kellogg's Special K Cereal Chocolate Delight 18.5oz
345449,branded_food,Kellogg's Special K Cereal Cinnamon Pecan 18.4oz
345454,branded_food,Kashi Heart To Heart Cereal Honey Toasted Oat 48oz 4ct
345455,branded_food,Kellogg's Special K Cereal .81oz
345456,branded_food,Kellogg's Low Fat Granola Cereal With Raisins 2.22oz
345459,branded_food,Kellogg's Cereal Breakfast Bar Chewy Berry 1.27oz
345462,branded_food,Kellogg's Raisin Bran Cereal Crunch 24.8oz
345468,branded_food,KELLOGG SPECIAL K CEREAL BARS BERRY STREUSEL .88OZ
345476,branded_food,Kellogg's Special K Cereal Chocolate Delight 13.1oz
345477,branded_food,Kellogg's Special K Cereal Cinnamon Pecan 12.1oz
345482,branded_food,Kellogg's Rice Krispies Cereal 1.3oz
345483,branded_food,Kellogg's Raisin Bran Cereal Crunch 18.2oz
345506,branded_food,Kellogg's Krave Cereal Smores 11oz
345521,branded_food,Kashi Organic Cereal Promise Autumn Wheat 16.3oz
345592,branded_food,Kellogg's Corn Pops Cereal 1.5oz
345593,branded_food,Kellogg's Froot Loops Cereal In A Cup 1.5oz
345596,branded_food,Kellogg's Special K Cereal Low Fat Granola 2.5oz
345603,branded_food,Kellogg's Special K Cereal Low Fat Granola 11.3oz
345610,branded_food,Kellogg's Apple Jacks Cereal In A Cup 1.5oz
345611,branded_food,Kellogg's Frosted Flakes Cereal In A Cup 2.1oz
345622,branded_food,Kashi Golean Cereal Crunch 13.8oz
345623,branded_food,Kashi Organic Cereal Promise Island Vanilla 16.3oz
345624,branded_food,Kashi Organic Cereal Strawberry Fields 10.3oz
345656,branded_food,Kellogg's Special K Cereal Bars Dark Chocolate Pomegranate .88oz
345665,branded_food,Kellogg's Nutri-Grain Cereal Bars Blueberry 1.55oz
345668,branded_food,Kellogg's Rice Krispies Cereal Brown Rice Whole Grain 1oz
345669,branded_food,Kellogg's Froot Loops Cereal Reduced Sugar 1oz
345670,branded_food,Kellogg's Apple Jacks Cereal Reduced Sugar 1oz
345671,branded_food,Kellogg's Frosted Flakes Cereal Multi Grain Cinnamon 1oz
345672,branded_food,KELLOGG SPECIAL K HOT CEREAL MAPLE BROWN SUGAR 1.83OZ
345673,branded_food,KELLOGG SPECIAL K HOT CEREAL CRANBERRY ALMOND 1.83OZ
345702,branded_food,Bear Naked Cereal All Natural Fit Triple Berry 12oz
345703,branded_food,Bear Naked Cereal All Natural Fit Vanilla Almond 12oz
345704,branded_food,Bear Naked Cereal Honey Almond Protein 11.2oz
345709,branded_food,BEAR NAKED CEREAL CACAO CASHEW 1.2OZ
345712,branded_food,Bear Naked Cereal Chocolate Granola 12oz
345713,branded_food,Bear Naked Cereal All Natural Granola Fruit & Nut 48oz
345729,branded_food,KELLOGG SPECIAL K CEREAL BARS BLUEBERRY 5.28OZ
345730,branded_food,Kellogg's Special K Cereal Bars Blueberry Fruit Crisp .88oz
345738,branded_food,Kellogg's Special K Cereal Bars Cranberry Almond 1.16oz
345746,branded_food,Kellogg's Nutri-Grain Cereal Bars Cinnamon 1.4oz
345747,branded_food,Kellogg's Nutri-Grain Cereal Bars Lemon 1.4oz
345749,branded_food,Kellogg's All Bran Cereal Original 18.3oz
345750,branded_food,KASHI GOLEAN CEREAL TOASTED BERRY CRUMBLE 40OZ
345751,branded_food,Kashi Golean Cereal Crunch Honey Almond Flax 14oz
345752,branded_food,Kashi Golean Cereal Crisp Toasted Berry 14oz
345760,branded_food,Kellogg's Apple Jacks Cereal .95oz
345761,branded_food,Kellogg's Cereal Breakfast Bar Apple Cinnamon 1.27oz
345765,branded_food,KELLOGG SPECIAL K CEREAL BARS RED VELVET 5.28OZ
345783,branded_food,Bear Naked Cereal Chocolate Almond 13oz
345784,branded_food,Kashi Golean Cereal Chocolate Coconut 12.2oz
345785,branded_food,Bear Naked Cereal Toasted Coconut Almond 12oz
345786,branded_food,Bear Naked Cereal Toasted Coconut 13oz
345787,branded_food,Kashi Bear Naked Cereal Honey Nut 13oz
345788,branded_food,Keebler Cereal Chips Deluxe Rainbow 11.2oz
345791,branded_food,Kellogg's Mini-Wheats Cereal Bite Size Strawberry 21oz
345794,branded_food,Kellogg's Special K Cereal Bars Chocolate Peanut 1.23oz
345795,branded_food,KELLOGG SPECIAL K CEREAL BARS CHOCOLATE 7.38OZ
345816,branded_food,Kellogg's Special K Cereal Bars Red Velvet .88oz
345823,branded_food,Kellogg's Special K Cereal Bars Caramel Pretzel Cashew 1.23oz
345852,branded_food,Kellogg's Special K Cereal Bars Strawberry 13.2oz
345853,branded_food,KELLOGG SPECIAL K CEREAL BARS STRAWBERRY 15.84OZ
345854,branded_food,KELLOGG SPECIAL K CEREAL BARS STRAWBERRY 10.56OZ
345855,branded_food,KELLOGG SPECIAL K CEREAL BARS COOKIES N' CREME 5.28OZ
345856,branded_food,KELLOGG SPECIAL K CEREAL BARS STRAWBERRY 5.28OZ
345857,branded_food,Kellogg's Special K Cereal Bars Strawberry .88oz
345858,branded_food,Kellogg's Special K Cereal Bars Strawberry 8.8oz
345859,branded_food,KELLOGG SPECIAL K CEREAL BARS STRAWBERRY 5.28OZ
345860,branded_food,Kellogg's Special K Cereal Bars Cookies & Creme .88oz
345861,branded_food,Kellogg's Special K Cereal Bars Dark Chocolate Nut 1.16oz
345862,branded_food,KELLOGG SPECIAL K CEREAL BARS FRUIT & NUT 7.38OZ
345863,branded_food,KELLOGG SPECIAL K CEREAL BARS CHOCOLATE 6.9OZ
345864,branded_food,KELLOGG SPECIAL K CEREAL BARS BROWN SUGAR CINNAMON 5.28OZ
345865,branded_food,Kellogg's Special K Cereal Bars Brown Sugar Cinnamon .88oz
345896,branded_food,Kellogg's Mini-Wheats Cereal Pumpkin Spice 15.5oz
345898,branded_food,Kellogg's Corn Flakes Cereal .81oz
345899,branded_food,Kellogg's Mini-Wheats Cereal Bite Size Frosted 1.31oz
345900,branded_food,Kellogg's Shredded Wheat Minis Cereal Bite Size Unfrosted 1.2oz
345901,branded_food,Kellogg's Corn Flakes Crumbs Cereal 21oz
345918,branded_food,Kellogg's Mini-Wheats Cereal Bite Size Frosted 36oz
345919,branded_food,Kellogg's Mini-Wheats Cereal Bite Size Frosted 1oz
345920,branded_food,Kellogg's Mini-Wheats Cereal Blueberry Vanilla 14.3oz
345921,branded_food,Kellogg's Mini-Wheats Cereal Cranberry Yogurt 14.3oz
345922,branded_food,Kellogg's Mini-Wheats Cereal Bite Size Frosted 2.5oz
345923,branded_food,Kellogg's Mini-Wheats Cereal Bite Size Frosted 18oz
345924,branded_food,Kellogg's Mini-Wheats Cereal Bite Size Frosted 24oz
345926,branded_food,Kellogg's Mini-Wheats Cereal Blueberry Muffin 21oz
345927,branded_food,Kellogg's Mini-Wheats Cereal Blueberry Muffin 15.5oz
345928,branded_food,Kellogg's Mini-Wheats Cereal Maple Brown Sugar 21oz
345929,branded_food,Kellogg's Mini-Wheats Cereal Maple Brown Sugar 15.5oz
345930,branded_food,Kellogg's Mini-Wheats Cereal Little Bites Original 15.2oz
345931,branded_food,Kellogg's Mini-Wheats Cereal Raspberry 15oz
345933,branded_food,Kellogg's Nutri-Grain Cereal Bars Strawberry Greek Yogurt 1.3oz
345934,branded_food,KELLOGG NUTRI-GRAIN CEREAL BARS CHOCOLATE WITH RASPBERRY 1.3OZ
345935,branded_food,Kellogg's Nutri-Grain Cereal Bars Apple Cinnamon 31.2oz
345936,branded_food,Kellogg's Nutri-Grain Cereal Bars Strawberry 31.2oz
345937,branded_food,Kellogg's Nutri-Grain Cereal Bars Apple Cinnamon 20.8oz
345938,branded_food,Kellogg's Nutri-Grain Cereal Bars Strawberry 20.8oz
345939,branded_food,Kellogg's Nutri-Grain Cereal Bars Mixed Berry 1.3oz
345940,branded_food,Kellogg's Nutri-Grain Cereal Bars Apple Cinnamon 1.3oz
345941,branded_food,Kellogg's Nutri-Grain Cereal Bars Raspberry 1.3oz
345942,branded_food,Kellogg's Nutri-Grain Cereal Bars Strawberry 1.3oz
345943,branded_food,Kellogg's Nutri-Grain Cereal Bars Cherry 1.3oz
345944,branded_food,Kellogg's Nutri-Grain Cereal Bars Blueberry 20.8oz
345945,branded_food,Kellogg's Nutri-Grain Cereal Bars Blueberry 1.3oz
345947,branded_food,Kellogg's Mini-Wheats Cereal Bite Size Unfrosted 18oz
345948,branded_food,Kellogg's Mini-Wheats Cereal Little Bites Chocolate 1oz
345949,branded_food,Kellogg's Mini-Wheats Cereal Little Bites Chocolate 15.2oz
345960,branded_food,Kellogg's Corn Flakes Cereal .75oz
345961,branded_food,Kellogg's Raisin Bran Cereal Strawberry Apple 14.5oz
345962,branded_food,Kellogg's Raisin Bran Cereal Strawberry Apple 20.3oz
347973,branded_food,KELLOGG SPECIAL K CEREAL BARS CHOCOLATE CHERRY 7.38OZ
347992,branded_food,Kellogg's Special K Cereal Bars Chocolate Cherry 1.23oz
347996,branded_food,KELLOGG CINNABON CEREAL 3.1OZ
348037,branded_food,KELLOGG ALL BRAN CEREAL ORIGINAL 44.1LB 1CT
348040,branded_food,Kellogg's Special K Cereal Bars Caramel Nut 6oz
348049,branded_food,Kellogg's Special K Cereal Berry 10.6oz
348053,branded_food,Kellogg's Special K Cereal 38oz
348074,branded_food,Kellogg's Special K Cereal Bars Fruit & Nut 1.23oz
348084,branded_food,Kellogg's Special K Cereal Bars Blueberry Almond 5.5oz
348085,branded_food,Kellogg's Special K Cereal Bars Dark Chocolate 5.5oz
348090,branded_food,Kellogg's Special K Cereal Bars Chocolate Coconut Cashew 1.16oz
348091,branded_food,Kellogg's Special K Cereal Bars Caramel Almond Sea Salt 1.16oz
348092,branded_food,Kellogg's Special K Cereal Bars Peanut Butter Chocolate 6oz
348348,branded_food,Kellogg's Mini-Wheats Cereal Frosted Strawberry 15.5oz
348364,branded_food,Kellogg's Mini-Wheats Cereal Bite Size Frosted 56oz 4ct
348365,branded_food,Kellogg's Raisin Bran Cereal Crunch 50oz 4ct
348370,branded_food,Cheerios and Ancient Grains Cereal
348375,branded_food,Cinnamon Chex Cereal
348395,branded_food,Cheerios Protein Oats and Honey Cereal
348402,branded_food,Vanilla Chex Cereal
348403,branded_food,Cheerios Protein Cinnamon Almond Cereal
348405,branded_food,Reese's Puffs Cereal
348406,branded_food,Blueberry Chex Cereal
348407,branded_food,Strawberry Toast Crunch Cereal
348408,branded_food,Blueberry Toast Crunch Cereal
348409,branded_food,Apple Cinnamon Toast Crunch Cereal
348410,branded_food,Apple Cinnamon Toast Crunch Cereal
348411,branded_food,Chocolate Chex Cereal
348412,branded_food,Cinnamon Toast Crunch Cereal
348413,branded_food,NAT VLY OAT CLUSTERS CEREAL CHOC
348414,branded_food,GMILLS APPLE CINN CHEERIOS SWEETENED WHL GRN OAT CEREAL FAMILY SZ
348417,branded_food,Wheat Chex Cereal
348418,branded_food,Cinnamon Toast Crunch Cereal
348419,branded_food,GMILLS CINN TST CRNCH SWEETENED WHL WHT RICE CEREAL GNT SZ
348420,branded_food,GMILLS HNY NUT CHEERIOS SWEETENED WHL GRN OAT CEREAL GNT SZ
348421,branded_food,"Cheerios Cereal, Family Size"
348422,branded_food,Cheerios Cereal
348423,branded_food,Cheerios Cereal
348424,branded_food,Chocolate Cheerios Cereal
348425,branded_food,GMILLS HNY NUT CHEERIOS SWEETENED WHL GRN OAT CEREAL
348427,branded_food,GMILLS FRTY CHEERIOS SWEETENED WHL GRN OAT CEREAL
348428,branded_food,GMILLS CINN TST CRNCH SWEETENED WHL WHT RICE CEREAL
348429,branded_food,GMILLS HNY NUT CHEERIOS SWEETENED WHL GRN OAT CEREAL
348430,branded_food,Honey Nut Cheerios Medley Crunch Cereal
348432,branded_food,Cheerios Cereal
348433,branded_food,Reese's Puffs Cereal
348434,branded_food,GMILLS APPLE CINN CHEERIOS SWEETENED WHL GRN OAT CEREAL
348474,branded_food,Kashi Whole Health Ready To Eat Cereal Dark Cocoa Karma 16.1oz
348481,branded_food,Kellogg's Special K Cereal Bars Pumpkin Spice .88oz
348571,branded_food,Kellogg's Special K Cereal Chocolate Coconut 10.6oz
348610,branded_food,Wheaties Cereal
348611,branded_food,Honey Nut Cheerios Cereal Singlepak
348612,branded_food,Whole Grain Total Cereal Singlepak
348613,branded_food,Total Raisin Bran Cereal
348616,branded_food,Cheerios Cereal Singlepak
348617,branded_food,Lucky Charms Cereal Singlepak
348618,branded_food,Cinnamon Toast Crunch Cereal Singlepak
348635,branded_food,Honey Nut Cheerios Cereal Bowlpak
348636,branded_food,Cinnamon Toast Crunch Cereal Bowlpak
348650,branded_food,Kellogg's Corn Flakes Cereal .81oz
348672,branded_food,Honey Nut Cheerios Milk 'n Cereal Bars
348673,branded_food,Cinnamon Toast Crunch Milk 'n Cereal Bars
348693,branded_food,Cheerios Cereal-on-the-Go Pouch
348762,branded_food,GMILLS VERY BRY CHEERIOS SWEETENED WHL GRN OAT CEREAL
348770,branded_food,Blueberry Toast Crunch Cereal
348771,branded_food,Strawberry Toast Crunch Cereal
348784,branded_food,GMILLS REESES PUFFS CORN PUFFS CEREAL GNT SZ
348797,branded_food,GMILLS HNY NUT CHRS MEDLEY CRNCH SWEETENED OAT WHEAT CEREAL
348798,branded_food,GMILLS CHEERIOS SWEETENED WHL GRN OAT CEREAL STRWBRY FAMILY SZ
348806,branded_food,GMILLS CHEERIOS SWEETENED WHL GRN OAT CEREAL PUMPKIN SPICE
348811,branded_food,Cascadian Farm Organic Raisin Bran Cereal
348824,branded_food,Honey Nut Chex Cereal Bowlpak
348825,branded_food,GMILLS REESES PUFFS BUNNIES SWT CRNCHY CORN PUFFS CEREAL FAMILY SZ
348842,branded_food,Cheerios Cereal 2 Pack
348843,branded_food,Fiber One Honey Clusters Cereal
348844,branded_food,Crunchy Almond Oatmeal Crisp Cereal
348845,branded_food,GMILLS OATMEAL CRISP FLAKES CLUSTER CEREAL HEARTY RAISINS
348860,branded_food,Rice Chex Cereal Bowlpak
348862,branded_food,Reese's Peanut Butter Puffs Cereal
348874,branded_food,Annie's Organic Frosted Oat Flakes Cereal
348881,branded_food,GMILLS TINY TOAST SWEETENED CEREAL STRWBRY
348892,branded_food,GMILLS CHEERIOS SWEETENED CRN OAT CEREAL BANANA NUT
348915,branded_food,GMILLS CHEERIOS SWEETENED CRN OAT CEREAL BANANA NUT
348922,branded_food,Basic 4 Cereal
348947,branded_food,Cascadian Farm Organic Vanilla Chia Crunch Cereal
348991,branded_food,Nature Valley Baked Oat Bites Cereal
349007,branded_food,Raisin Nut Bran Cereal
349026,branded_food,Cascadian Farm Organic Buzz Crunch Honey Almond Cereal
349034,branded_food,GMILLS GIRL SCOUTS WHL GRN CORN CEREAL THIN MINTS
349056,branded_food,Kix Cereal Bowlpak
349099,branded_food,Total Raisin Bran Cereal Bowlpak
349100,branded_food,Cheerios Cereal
349110,branded_food,Cinnamon Toast Crunch Cereal
349111,branded_food,Honey Nut Cheerios Cereal
349112,branded_food,Lucky Charms Cereal
349113,branded_food,Cheerios Cereal
349115,branded_food,Reese's Puffs Cereal
349118,branded_food,Cheerios Protein Oats and Honey Cereal
349119,branded_food,GMILLS CHOC CHEERIOS WHL GRN OAT CEREAL FAMILY SZ
349120,branded_food,Cinnamon Toast Crunch Cereal
349121,branded_food,Cascadian Farm Organic Hearty Morning Fiber Cereal
349122,branded_food,Cascadian Farm Organic Purely O's Cereal
349129,branded_food,Rice Chex Cereal
349130,branded_food,Cinnamon Chex Cereal
349133,branded_food,Cocoa Puffs Cereal
349139,branded_food,Cascadian Farm Organic Honey Oat Crunch Cereal
349146,branded_food,Cascadian Farm Organic Multi Grain Squares Cereal
349154,branded_food,Golden Grahams Cereal
349156,branded_food,Cinnamon Toast Crunch Cereal-on-the-Go Pouch
349164,branded_food,GMILLS REESES PUFFS SWT CRNCHY CORN PUFFS CEREAL
349203,branded_food,GMILLS REESES PUFFS BUNNIES SWT CRNCHY CORN PUFFS CEREAL
349296,branded_food,Bear Naked Cereal Peanut Butter 12oz
349297,branded_food,Kellogg's Special K Cereal Raspberry Almond 12.6oz
349298,branded_food,Kellogg's Special K Cereal Coconut Almond 12.6oz
349299,branded_food,Kellogg's Special K Cereal Raspberry Almond 18.5oz
349300,branded_food,Kellogg's Special K Cereal Coconut Almond 18.5oz
349306,branded_food,Kellogg's Cocoa Krispies Cereal 1.38oz
349307,branded_food,Cascadian Farm Organic Honey Oat Crunch Cereal
349313,branded_food,Kellogg's Special K Cereal Bars Honey 5.5oz
349320,branded_food,Kellogg's Nutri-Grain Cereal Bars Chocolate Chip 1.4oz
349337,branded_food,Kellogg's Special K Cereal Bars Dark Chocolate Salted Nut 5.5oz
349346,branded_food,GMILLS GIRL SCOUTS WHL GRN CORN CEREAL CARAMEL CRNCH
349354,branded_food,Bear Naked Cereal Cinnamon 13oz
349361,branded_food,Cocoa Puffs Cereal
349362,branded_food,Cinnamon Toast Crunch Cereal
349363,branded_food,Frosted Cheerios Cereal
349364,branded_food,Golden Grahams Cereal
349365,branded_food,Honey Nut Cheerios Cereal
349366,branded_food,Lucky Charms Cereal
349367,branded_food,Trix Cereal
349368,branded_food,Cheerios Cereal
349415,branded_food,GMILLS GIRL SCOUTS WHL GRN CORN CEREAL CARAMEL CRNCH
349462,branded_food,GMILLS FRTY CHEERIOS SWEETENED WHL GRN OAT CEREAL FAMILY SZ
349463,branded_food,GMILLS VERY BRY CHEERIOS SWEETENED WHL GRN OAT CEREAL FAMILY SZ
349464,branded_food,Chocolate Peanut Butter Cheerios Cereal
349467,branded_food,Chocolate Cheerios Cereal
349468,branded_food,Very Berry Cheerios Cereal
349469,branded_food,Nature Valley Baked Oat Bites Cereal
349474,branded_food,GMILLS CHEERIOS CEREAL RTE PUMPKIN SPICE
349482,branded_food,Golden Grahams Cereal Singlepak
349490,branded_food,GMILLS GIRL SCOUTS WHL GRN CORN CEREAL THIN MINTS
349497,branded_food,Reese's Puffs Cereal
349527,branded_food,Cascadian Farm Organic Oats and Honey Granola Cereal
349565,branded_food,Peanut Butter Chocolate Blasted Shreds Cereal
349566,branded_food,Nature Valley Chocolate Oat Clusters Cereal
349567,branded_food,Nature Valley Honey Oat Clusters Cereal
349573,branded_food,Wheat Chex Cereal
349581,branded_food,Kellogg's Special K Cereal Bars Cashew Pretzel 1.79oz
349582,branded_food,Kellogg's Special K Cereal Bars Blueberry 1.58oz
349583,branded_food,Honey Nut Cheerios Cereal
349585,branded_food,Kashi Golean Cereal Peanut Butter 13.2oz
349614,branded_food,GMILLS CINN TST CRNCH SHREDS SHRD SWTND WHL GRN WHEAT CEREAL
349656,branded_food,Chocolate Peanut Butter Cheerios Cereal
349659,branded_food,Honey Nut Cheerios Cereal
349674,branded_food,Kellogg's Special K Cereal Bars Cherry Nut 1.79oz
349679,branded_food,Cheerios Cereal
349681,branded_food,Reese's Puffs Cereal
349682,branded_food,Reese's Puffs Cereal
349689,branded_food,GMILLS CHEERIOS SWEETENED WHL GRN OAT CEREAL PEACH
349690,branded_food,GMILLS CHEERIOS SWEETENED WHL GRN OAT CEREAL PEACH FAMILY SZ
349701,branded_food,Reese's Puffs Cereal
349703,branded_food,Reese's Puffs Cereal
349740,branded_food,Cheerios Cinnamon Oat Crunch Cereal
349743,branded_food,Cinnamon Chex Cereal
349766,branded_food,Kellogg's Mini-Wheats Cereal Pumpkin Spice 21oz
349771,branded_food,Kellogg's Mini-Wheats Cereal Vanilla Latte 15.5oz
349772,branded_food,Kellogg's Mini-Wheats Cereal Little Bites Original 21.5oz
349776,branded_food,Kellogg's Raisin Bran Cereal Banana 14.5oz
349778,branded_food,Kashi Golean Cereal Original 15.8oz
349779,branded_food,Kashi Golean Cereal Honey Almond Flax 16.8oz
349787,branded_food,Honey Nut Cheerios Cereal
349788,branded_food,Honey Nut Cheerios Cereal
349793,branded_food,Apple Cinnamon Cheerios Cereal
349800,branded_food,Very Berry Cheerios Cereal
349801,branded_food,Chocolate Peanut Butter Cheerios Cereal
349802,branded_food,Cinnamon Toast Crunch Cereal
349803,branded_food,Very Berry Cheerios Cereal
349804,branded_food,Cinnamon Toast Crunch Cereal
349805,branded_food,Chocolate Cheerios Cereal
349806,branded_food,Honey Nut Cheerios Medley Crunch Cereal
349808,branded_food,Cinnamon Toast Crunch Cereal
349809,branded_food,Fruity Cheerios Cereal
349810,branded_food,Fruity Cheerios Cereal
349811,branded_food,Apple Cinnamon Cheerios Cereal
349812,branded_food,Cinnamon Toast Crunch Cereal
349820,branded_food,NAT VLY OAT CLUSTERS CEREAL HONEY
349954,branded_food,Cinnamon Toast Crunch Cereal 2 Pack
349963,branded_food,GMILLS CHEERIOS SWEETENED WHL GRN OAT CEREAL CHOC PNT BTR FAMILY SZ
349984,branded_food,Chocolate Toast Crunch Cereal
349986,branded_food,GMILLS CHOC TST CRNCH SWEETENED WHEAT CEREAL FAMILY SZ
350355,branded_food,Chocolate Toast Crunch Cereal
350384,branded_food,Pumpkin Spice Cheerios Cereal
350385,branded_food,GMILLS HNY NUT CHEERIOS SWEETENED WHL GRN OAT CEREAL
350386,branded_food,GMILLS CINN TST CRNCH SWEETENED WHL WHT RICE CEREAL
350387,branded_food,GMILLS LCKY CHRMS TSTD OAT W MRSHMLWS CEREAL
350407,branded_food,GMILLS CHRS OAT CRNCH SWEETENED MLTGRN WHL GRN OAT CEREAL CINN FAMILY SZ
350409,branded_food,Cinnamon Chex Cereal
350417,branded_food,GMILLS HNY NUT CHEERIOS SWEETENED WHL GRN OAT CEREAL
350418,branded_food,GMILLS CHOC CHEERIOS WHL GRN OAT CEREAL
350419,branded_food,GMILLS FRSTD CHEERIOS FRSTD WHL GRN OAT CEREAL
350425,branded_food,GMILLS COOKIE CRISP SWEETENED CEREAL
350426,branded_food,GMILLS CINN TST CRNCH SWEETENED WHL WHT RICE CEREAL
350427,branded_food,GMILLS LCKY CHRMS TSTD OAT W MRSHMLWS CEREAL
350428,branded_food,Cascadian Farm Organic Honey Oat Crunch Cereal
350436,branded_food,Blueberry Chex Cereal
350442,branded_food,Pumpkin Spice Cheerios Cereal
350797,branded_food,Quaker Corn Bran Crunch Toasted Corn Cereal 10.5 Ounce Paper Box
350863,branded_food,Quaker Oatmeal Squares with a hint of Cinnamon Crunchy Oat Cereal 21 Ounce Box
350897,branded_food,Quaker Life Cinnamon Multigrain Cereal 2.29 Ounce Cup
351119,branded_food,Quaker Puffed Wheat Regular Cereal 5.2 Ounce Paper Box
351327,branded_food,Cap'n Crunch Sweetened Corn & Oat Cereal 14 Ounce Paper Box
351567,branded_food,Cap'N Crunch Berries Sweetened Corn & Oat Cereal 1.30 Ounce Plastic Cup
351621,branded_food,Cap'N Crunch Sweetened Corn & Oat Cereal 1.51 Ounce Plastic Cup
351658,branded_food,Cap'N Crunch'S Sprinkled Donut Crunch Naturally & Artificially Flavored Sweetened Corn & Oat Cereal 17.3 Ounce Box
351727,branded_food,Cap'n Crunch's Oops! All Berries Sweetened Corn & Oat Cereal 11.5 Ounce Box
351754,branded_food,Cap'N Crunch's Crunch Berries Sweetened Corn & Oat Cereal 22.4 Ounce Paper Box
351820,branded_food,Cap'n Crunch's Peanut Butter Crunch Sweetened Corn & Oat Cereal 12.5 Ounce Paper Box
351925,branded_food,Cap'n Crunch's Crunch Berries Sweetened Corn & Oat Cereal 26 Ounce Box
351991,branded_food,Cap'n Crunch Sweetened Corn & Oat Cereal 24 Ounce Box
352073,branded_food,Mother's Bumpers Peanut Butter Crunchy Corn Cereal 12.3 Ounce Box
352114,branded_food,Quaker Simply Granola Oats/Honey/Almond Cereal 28 Ounce Paper Box
352135,branded_food,Quaker Life Cinnamon Multigrain Cereal 21.6 Ounce Box
352178,branded_food,Quaker Life Original Multigrain Cereal 2.29 Ounce Cup
352276,branded_food,Cap'N Crunch's Peanut Butter Crunch Sweetened Corn & Oat Cereal 20.6 Ounce Paper Box
352342,branded_food,Cap'n Crunch's Peanut Butter Crunch Sweetened Corn & Oat Cereal 17.1 Ounce Paper Box
352391,branded_food,Quaker Life Maple Brown Sugar Multigrain Cereal 13 Ounce Paper Box
352415,branded_food,Quaker Life Maple & Brown Sugar MultiGrain Cereal21.6 Ounce Box
352532,branded_food,Quaker Life Cinnamon Cereal 18 Ounce Paper Box
352724,branded_food,Quaker Life Maple & Brown Sugar Multigrain Cereal 18 Ounce Box
352789,branded_food,Cap'n Crunch Crunch Berries Sweetened Corn & Oat Cereal 18.7 Ounce Paper Box
353236,branded_food,Quaker Life Original Multigrain Cereal 21.6 Ounce Paper Box
353273,branded_food,Cap'n Crunch's Crunch Berries Sweetened Corn & Oat Cereal 13 Ounce Paper Box
353317,branded_food,Cap'n Crunch's Crunch Berries Sweetened Corn & Oat Cereal (2-20 Ounce) 40 Ounce 2 Pack Bag
353328,branded_food,Cap'N Crunch's OOPS! All Berries Naturally & Artificially Flavored Sweetened Corn & Oat Cereal 21.3 Ounce Box
353547,branded_food,Cap'N Crunch's Oops!All Berries Corn&Oat Cereal 15.4 Ounce Box
353566,branded_food,Cap'n Crunch Sweetened Corn & Oat Cereal  28 Ounce Paper Box
353624,branded_food,Quaker Oat Bran Hot Cereal 16 Ounce Box
353660,branded_food,Cap'n Crunch's Cinnamon Roll Crunch Flavored Sweetened Corn & Oat Cereal 10.3Oz Paper Box
353710,branded_food,Quaker Life Cinnamon Cereal 13 Ounce Box
353897,branded_food,Cap'n Crunch Sweetened Corn & Oat Cereal 20 Ounce Paper Box
353907,branded_food,Quaker Corn Crunch Toasted Corn & Oat Cereal 15 Ounce Paper Box
354098,branded_food,Mothers Oatbran Cereal 16 Ounce Paper Box
354126,branded_food,Cascadian Farm Organic  Honey Nut O's Cereal
354140,branded_food,Banana Split Dippin' Dots Cereal
354143,branded_food,Chocolate Chex Cereal
354146,branded_food,Cinnamon Chex Cereal
354150,branded_food,Reese's Puffs Bats Cereal
354151,branded_food,Reese's Puffs Bats Cereal
354185,branded_food,Maple Cheerios Cereal
354206,branded_food,Maple Cheerios Cereal
354719,branded_food,BELVITA BISCUITS-BREAKFAST CEREALS AND MILK
355106,branded_food,RITZ CRACKERS MULTI CEREALS
355136,branded_food,BELVITA BISCUITS-BREAKFAST CEREALS AND MILK
355314,branded_food,BELVITA BISCUITS-BREAKFAST CEREALS AND MILK 600 GR
355497,branded_food,Banana Nut Cheerios Cereal
355525,branded_food,Sugar Cookie Toast Crunch Cereal
355526,branded_food,Peach Cheerios Cereal
355529,branded_food,Peach Cheerios Cereal
355537,branded_food,Sugar Cookie Toast Crunch Cereal
355705,branded_food,Reese's Puffs Hearts Cereal
355708,branded_food,Reese's Puffs Hearts Cereal
355711,branded_food,Annie's Organic Friends Bunnies Cereal 2 Pack
355718,branded_food,Fiber One Strawberries & Vanilla Clusters Cereal
355736,branded_food,Churros Cinnamon Toast Crunch Cereal
355745,branded_food,Banana Split Dippin' Dots Cereal
355757,branded_food,Churros Cinnamon Toast Crunch Cereal
355764,branded_food,Churros Cinnamon Toast Crunch Cereal2 Pack
355770,branded_food,Annie's Organic Friends Bunnies Cereal
355800,branded_food,Reese's Puffs Bunnies Cereal
355846,branded_food,Annie's Organic Cocoa Bunnies Cereal
356098,branded_food,Annie's Organic Cinnabunnies Cereal
356115,branded_food,Annie's Organic Cinnabunnies Cereal
356208,branded_food,Reese's Puffs Bunnies Cereal
356623,branded_food,LOWFAT GRANOLA CEREAL WITH ALMOND
356938,branded_food,"HOT & FIT CEREAL, EARNEST EATS, AMERICAN BLEND CRANBERRIES + ALMONDS + FLAX"
357002,branded_food,EXTRA RAISIN BRAIN CEREAL
357003,branded_food,CORN FLAKES CEREAL
357013,branded_food,"WHITE ROSE, CEREAL TOASTED OATS"
357014,branded_food,"WHITE ROSE, FROSTED FLAKES SWEETENED CEREAL"
357018,branded_food,FLAKES & CLUSTERS CEREAL
357064,branded_food,"H-E-B, RAISIN BRAN CEREAL"
357113,branded_food,"HARRIS TEETER, SHREDDED WHEAT CEREAL"
357127,branded_food,TOASTED OATS CEREAL
357343,branded_food,"CLOVER VALLEY, SWEETENED MULTI-GRAIN CEREAL, FRUITY HOOPS"
357420,branded_food,FROSTED OAT CEREAL BITES WITH MARSHMALLOWS
357444,branded_food,"BITE SITE FROSTED SHREDDED WHEAT, CEREAL"
357448,branded_food,COCOA BITES SWEETENED RICE CEREAL WITH REAL COCOA
357535,branded_food,TOASTED OATS CEREAL
357536,branded_food,TOASTED CRISPY RICE CEREAL
357537,branded_food,FROSTED FLAKES SWEETENED CORN CEREAL
357591,branded_food,FROSTED SHREDDED LIGHTLY SWEETENED WHOLE WHEAT CEREAL
357674,branded_food,"HARRIS TEETER, HIGH FIBER CEREAL"
357723,branded_food,"HARRIS TEETER, TOASTED MULTIGRAIN CEREAL WITH HONEY OAT CLUSTERS"
357801,branded_food,"WEIS, CRUNCHY PUFFED WHEAT CEREAL"
357802,branded_food,"WEIS, WHEAT BRAN FLAKES, WHOLE GRAIN WHEAT CEREAL WITH BRAN"
357803,branded_food,"WEIS, CHOCOLATE TOASTED CORN & OATS CEREAL"
357804,branded_food,"WEIS, COCOA CRUNCHIES, SWEETENED CORN CEREAL"
357805,branded_food,"WEIS QUALITY, TOASTED RICE CEREAL"
357807,branded_food,CRISPY HEXAGONS CORN & RICE CEREAL
357808,branded_food,TOASTED OATS WHOLE GRAIN OAT CEREAL
357811,branded_food,"ARROWHEAD MILLS, ORGANIC PUFFED KAMUT CEREAL"
357812,branded_food,"ARROWHEAD MILLS, WHOLE GRAIN PUFFED MILLET CEREAL"
357814,branded_food,"POST, HONEY BUNCHES OF OATS, FRUIT BLENDS CEREAL, PEACH FLAKES, RASPBERRY GRANOLA CLUSTERS"
357827,branded_food,"WEIS, FROSTED FLAKES SWEETENED CORN CEREAL"
357828,branded_food,"WEIS, TASTED CRISP RICE CEREAL"
357829,branded_food,SWEETENED MULTI-GRAIN CEREAL WITH NATURAL FRUIT FLAVORS
357830,branded_food,"WEIS, MARSHMALLOW TREASURES, FROSTED WHOLE GRAIN OAT CEREAL WITH MARSHMALLOWS"
357831,branded_food,"WEIS, KOO-KIES!, SWEETENED CORN CEREAL, WITH NATURAL AND ARTIFICIAL FLAVORS"
357832,branded_food,"WEIS, APPLE DAPPLES, SWEETENED MULTI-GRAIN CEREAL"
357833,branded_food,PB COCOA SPHERES SWEETENED CRUNCHY CORN CEREAL
357834,branded_food,SHREDDED WHEAT STRAWBERRY CREAM FROSTED LIGHTLY SWEETENED WHOLE GRAIN WHEAT CEREAL
357835,branded_food,"WEIS, SHREDDED WHEAT, BITE SIZE, 100% NATURAL WHOLE GRAIN CEREAL"
357836,branded_food,HONEY GRAHAM CEREAL
357837,branded_food,"WEIS, BITE SIZE OVEN TOASTED CORN BISCUIT CEREAL"
357927,branded_food,FRUIT & GRAIN CEREAL BARS
357946,branded_food,"SMART SELECTIONS, LOW FAT GRANOLA CEREAL WITH RAISINS"
357948,branded_food,"NATURE'S CRUNCH, RAISIN BRAN CEREAL"
358021,branded_food,"KIGGINS, TOASTED CORN FLAKES CEREAL"
358024,branded_food,OATS & MORE WITH HONEY CEREAL
358025,branded_food,OATS & MORE WITH ALMONDS CEREAL
358030,branded_food,TOASTED RICE CEREAL
358068,branded_food,FROSTED WHOLE GRAIN OAT CEREAL WITH LUNAR MARSHMALLOWS
358070,branded_food,"KIGGINS, YUKON GOLD, SWEETENED POPPED-CORN CEREAL"
358071,branded_food,SWEETENED CORN & OAT CEREAL
358072,branded_food,"SAVE-A-LOT, CRUNCH CEREAL, CHOCOLATE CHIP"
358079,branded_food,SWEETENED PUFFED WHEAT CEREAL
358096,branded_food,"COCOA DIAMONDS, SWEETENED RICE CEREAL"
358097,branded_food,"APPLE BOBBERS, SWEETENED MULTI-GRAIN CEREAL, APPLE + CINNAMON"
358130,branded_food,"GREAT VALUE, CORN FLAKES CEREAL"
358244,branded_food,"YOCRUNCH, CEREAL BOWL, 1% MILKFAT YOGURT WITH KELLOGG'S FROSTED FLAKES, VANILLA"
358324,branded_food,"POST, GREAT GRAINS, WHOLE GRAIN CEREAL DIGESTIVE BLEND, VANILLA GRAHAM"
358342,branded_food,SWEETENED RICE CEREAL
358376,branded_food,"GREAT VALUE, MULTI-GRAIN FLAKES CEREAL"
358397,branded_food,"GREAT VALUE, AWAKE, CRUNCHY RICE & WHEAT FLAKES WITH STRAWBERRIES CEREAL, STRAWBERRY"
358466,branded_food,"NATURE'S PLACE, ORGANIC PEANUT BUTTER DOTS CEREAL"
358523,branded_food,HOT CEREAL
358527,branded_food,INSTANT HOT CEREAL
358529,branded_food,INSTANT HOT CEREAL
358583,branded_food,"PEACE CEREAL, HONEY FLAX GRANOLA"
358950,branded_food,"CREAM OF WHEAT, INSTANT HOT CEREAL, ORIGINAL"
359147,branded_food,MONTANA'S HOT CEREAL
359271,branded_food,WHOLE GRAIN CEREAL OATS
359554,branded_food,RAISIN BRAN CEREAL
359897,branded_food,LIGHTLY SWEETENED CORN & WHOLE WHEAT FLAKE CEREAL WITH GRANOLA AND ALMOND SLICES
359898,branded_food,SWEETENED CORN FLAKE CEREAL
359949,branded_food,TOASTED CORN CEREAL
359993,branded_food,"WESTERN FAMILY, 100% NATURAL OATMEAL, 100% WHOLE GRAIN CEREAL"
360002,branded_food,"HARRIS TEETER, MAGIC STARS, SWEETENED OAT CEREAL WITH MARSHMALLOWS CEREAL"
360003,branded_food,"HARRIS TEETER, LEANWAY CRUNCH, HIGH FIBER CEREAL"
360009,branded_food,"HARRIS TEETER, FRUITY FLAVORS CEREAL"
360010,branded_food,FROSTED FLAKES CEREAL
360187,branded_food,WHOLE WHEAT AND RICE CEREAL
360188,branded_food,"WEIS QUALITY, CINNI-MINI CRUNCH, SWEETENED WHEAT AND RICE CEREAL WITH CINNAMON"
360189,branded_food,"WEIS QUALITY, CONFETTI CRISP, NATURALLY FLAVORED SWEETENED RICE CEREAL"
360190,branded_food,"WEIS QUALITY, CRISP CRUNCH & BERRY BITS, SWEETENED CORN & OAT CEREAL"
360191,branded_food,CRISP CRUNCH SWEETENED MULTI-GRAIN CEREAL
360475,branded_food,"KEY FOOD, RAISIN BRAN CEREAL"
360476,branded_food,"KEY FOOD, CRISP RICE CEREAL"
360478,branded_food,"KEY FOOD, FROSTED SHREDDED WHEAT BITE SIZE CEREAL"
360479,branded_food,"KEY FOOD, BUNCH O' CINNAMON SQUARES CEREAL"
360480,branded_food,"KEY FOOD, TOASTED OATS CEREAL"
360481,branded_food,"KEY FOOD, HONEY NUT TOASTED OATS CEREAL"
360482,branded_food,CRISPY WHEAT & RICE FLAKES CEREAL
360483,branded_food,WHEAT BRAN FLAX FLAKES CEREAL
360495,branded_food,"POST, CEREAL, APPLE"
360496,branded_food,"POST, HONEY BUNCHES OF OATS, FRUIT BLENDS CEREAL, BANANA BLUEBERRY"
360568,branded_food,MULTIGRAIN HOT CEREAL WITH FLAX & QUINOA
360573,branded_food,MULTIGRAIN HOT CEREAL
360651,branded_food,SWEETENED MULTI-GRAIN CEREAL
360725,branded_food,ORGANIC WHOLE GRAIN HOT CEREAL WITH FLAXSEED
360728,branded_food,"SHOP RITE, CEREAL, FIBER TWIGS, GRAHAMS & HONEY PUFFS"
360729,branded_food,"SHOP RITE, CEREAL, MULTIGRAIN CLUSTERS, WITH HONEY ALMOND FLAX"
360730,branded_food,"SHOP RITE, MULTIGRAIN CLUSTERS CEREAL"
360751,branded_food,"SHOP RITE, SCRUNCHY, SWEETENED CORN CEREAL, COCOA TREATS"
360752,branded_food,"SHOP RITE, OAT CLUSTERS WITH ALMONDS, MULTI-GRAIN CEREAL, HONEY"
360753,branded_food,"SHOPRITE, CRISPY RICE SQUARES CEREAL"
360754,branded_food,"SHOP RITE, SCRUNCHY, FRUITY FLOATS, SWEETENED MULTI-GRAIN CEREAL, ORANGE, LEMON, CHERRY, LIME & BERRY"
360755,branded_food,"SHOP RITE, TOASTED CORN CEREAL WITH HONEY & NATURAL ALMOND, CRISPY HONEY NUT"
360756,branded_food,"SHOP RITE, SCRUNCHY, SWEETENED CEREAL, MINI COOKIE BITES"
360794,branded_food,ORGANIC SUPERFOOD OAT-BASED CEREAL
360795,branded_food,SUPERFOOD CEREAL
360828,branded_food,"CINNI-MINI CRUNCH, SWEETENED WHEAT AND RICE CEREAL"
360834,branded_food,SHREDDED WHEAT WHOLE GRAIN WHEAT CEREAL
361164,branded_food,SWEETENED OAT CEREAL
361167,branded_food,"EARTHLY CHOICE, CHIA GOODNESS, SUPERFOOD CEREAL, CHOCOLATE ALMOND"
361490,branded_food,"ROUNDY'S, HONEY NUT TASTEEOS, SWEETENED TOASTED OAT CEREAL, ALMOND"
361529,branded_food,"ROUNDY'S, RAISIN BRAN CEREAL"
361530,branded_food,"ROUNDY'S, FIBER ACTIVE, BRAN CEREAL"
361531,branded_food,"ROUNDY'S, TASTEEOS, SWEETENED TOASTED OAT CEREAL, TASTEEOS, APPLE, CINNAMON"
361533,branded_food,"ROUNDY'S, TOASTED RICE CEREAL"
361535,branded_food,"ROUNDY'S, BRAN FLAKES WHOLE GRAIN WHEAT CEREAL"
362025,branded_food,"ROUNDY'S, FROSTED SHREDDED WHEAT CEREAL"
362027,branded_food,"ROUNDY'S SELECT, CRUNCH CEREAL, CRANBERRY ALMOND"
362036,branded_food,CINNAMON CEREAL
362040,branded_food,TOASTED MULTI-GRAIN CEREAL WITH HONEY OAT CLUSTERS
362044,branded_food,OATS & HONEY WITH STRAWBERRIES TOASTED MULTIGRAIN CEREAL WITH CLUSTERS
362046,branded_food,TOASTED MULTI-GRAIN CEREAL WITH ALMONDS & HONEY OAT CLUSTERS
362047,branded_food,"FOOD CLUB, APPLE LOONS, SWEETENED MULTI-GRAIN CEREAL, APPLE"
362048,branded_food,FROSTED FLAKES SWEETENED CORN CEREAL
362049,branded_food,"FOOD CLUB, RICE SQUARES TOASTED RICE CEREAL"
362054,branded_food,SWEETENED CORN & OAT CEREAL WITH MARSHMALLOWS
362165,branded_food,"ROUNDY'S, TASTEEOS, TOASTED OAT CEREAL"
362166,branded_food,"ROUNDY'S, ESSENTIALLY YOU, FRUIT & YOGURT CEREAL, CRISPY RICE & WHEAT FLAKES WITH OAT & FRUIT CLUSTERS & YOGURT-COATED CLUSTERS"
362167,branded_food,"ROUNDY'S, CORN FLAKES, GOLDEN FLAKES OF CORN CEREAL"
362168,branded_food,"ROUNDY'S, TASTEEOS, TOASTED CORN & OAT CEREAL, CHOCOLATE"
362186,branded_food,"FULL CIRCLE, GO RIGHT MEDLEY, HIGH FIBER MULTIGRAIN CEREAL"
362253,branded_food,"FOOD CLUB, RAISIN BRAN CEREAL"
362254,branded_food,"FOOD CLUB, TOASTED OATS, TOASTED WHOLE GRAIN OAT CEREAL, ORIGINAL"
362255,branded_food,TOASTED CORN FLAKES CEREAL
362563,branded_food,WHOLE GRAIN CEREAL
362878,branded_food,"CREAM OF WHEAT, INSTANT HOT CEREAL, MAPLE BROWN SUGAR"
362893,branded_food,CEREAL
362894,branded_food,"NATURE'S PATH, FLAX PLUS, ORGANIC MULTIBRAN FLAKES CEREAL"
362895,branded_food,PUFFINS CEREAL
362899,branded_food,"SHOPRITE, RAISIN BRAN CEREAL"
362902,branded_food,WHOLE GRAIN STEEL CUT OATS CEREAL
363365,branded_food,RAISIN BRAN CEREAL
363401,branded_food,SWEETENED TOASTED OAT CEREAL WITH REAL HONEY AND NATURAL ALMOND FLAVOR
363450,branded_food,DUNKSTERS SWEET & CRUNCHY CORN CEREAL
363612,branded_food,RAISIN BRAN TOASTED WHOLE WHEAT BERRY FLAKES & RAISINS CEREAL
363613,branded_food,"BARBARAS, SNACKIMALS, ORGANIC CEREAL, CINNAMON CRUNCH"
363614,branded_food,"WEETABIX, CRISPY FLAKES CEREAL"
363615,branded_food,WHOLE GRAIN TOASTED OAT CEREAL
363616,branded_food,"SHOPRITE, TOASTED WHOLE GRAIN OAT CEREAL"
363840,branded_food,"SHOPRITE, NATURAL WHEAT & BARLEY NUGGETS CRUNCHY CEREAL"
363843,branded_food,"SHOPRITE, RAISIN BRAN CEREAL"
363844,branded_food,"SHOPRITE, CRISP CORN & RICE CEREAL"
363845,branded_food,"SHOPRITE, CORN SQUARES, CRISPY TOASTED CORN CEREAL"
363846,branded_food,CORN FLAKES CEREAL
363847,branded_food,"SHOPRITE, CORN FLAKES CEREAL"
363851,branded_food,"SHOPRITE, TOASTED WHOLE GRAIN OAT CEREAL"
363889,branded_food,"WEIS QUALITY, CRUNCHY PUFFED RICE CEREAL"
363912,branded_food,"WEIS QUALITY, SIMPLE LIVING, WHOLE GRAIN OAT CEREAL WITH CINNAMON, CINNAMON"
363913,branded_food,CRISPY WHOLE WHEAT FLAKES CEREAL
363914,branded_food,APPLE CINNAMON SWEETENED TOASTED OAT CEREAL
363917,branded_food,SHREDDED WHEAT CEREAL
363918,branded_food,"WEIS QUALITY, OATS & MORE, TOASTED MULTI-GRAIN CEREAL WITH HONEY OAT CLUSTER"
363970,branded_food,FROSTED CEREAL
363974,branded_food,MUESLI CEREAL
363975,branded_food,"ARROWHEAD MILLS, PUFFED WHEAT CEREAL"
363976,branded_food,NATURAL PUFFED RICE CEREAL
364001,branded_food,CRISP RICE AND WHEAT FLAKES WITH STRAWBERRY CEREAL
364002,branded_food,"ROUNDY'S, RAISIN BRAN CEREAL"
364059,branded_food,"PEACE CEREAL, ORGANIC FLAKES & CLUSTERS, COCONUT CHIA ALMOND"
364060,branded_food,"PEACE CEREAL, ORGANIC FLAKES & CLUSTERS, BLUEBERRY WALNUT"
364061,branded_food,"PEACE CEREAL, ORGANIC CLUSTERS & FLAKES, BAOBAB COCONUT"
364062,branded_food,"PEACE CEREAL, LOW FAT CLUSTERS & FLAKES, WILD BERRY"
364063,branded_food,"PEACE CEREAL, CLUSTERS & FLAKES, MAPLE PECAN"
364064,branded_food,"PEACE CEREAL, HEARTY RAISIN BRAN CLUSTERS & FLAKES"
364067,branded_food,"ARROWHEAD MILLS, SHREDDED WHEAT, BITE SIZE CEREAL"
364069,branded_food,CEREAL
364070,branded_food,"CORN, FLAX, BUCKWHEAT, QUINOA, AMARANTH CEREAL WITH RAISINS"
364072,branded_food,"HEALTH VALLEY, RICE CRUNCH-EMS CEREAL"
364073,branded_food,MULTIGRAIN CEREAL
364074,branded_food,ORGANIC HONEST O'S CEREAL
364077,branded_food,"CREAM OF THE WEST, ROASTED 7-GRAIN HOT CEREAL"
364079,branded_food,UNSWEETENED HOT CEREAL BLEND
364080,branded_food,NUTS & SEEDS UNSWEETENED HOT CEREAL BLEND
364151,branded_food,"RALSTON FOODS, TASTEEOS, TOASTED WHOLE GRAIN OAT CEREAL"
364208,branded_food,"ANCIENT HARVEST, QUINOA HOT CEREAL FLAKES"
364215,branded_food,"HODGSON MILL, BUCKWHEAT CREAMY HOT CEREAL"
364860,branded_food,"GREAT VALUE, HONEY NUT SPINS, SWEETENED TOASTED OAT CEREAL"
364861,branded_food,"FAMILY GOURMET, TOASTED OATS CEREAL, HONEY NUT"
364862,branded_food,"RALEY'S, HONEY NUT TOASTED OATS, A SWEETENED TOASTED OAT CEREAL WITH THE FLAVOR OF HONEY & NUTS"
364863,branded_food,"ESSENTIAL EVERYDAY, HONEY OATS & FLAKES, WITH ALMONDS, TOASTED MULTI-GRAIN CEREAL, WITH ALMONDS & HONEY OAT CLUSTERS"
364864,branded_food,"KROGER, CRUNCHY WHEAT FLAKES CEREAL WITH RAISINS"
364865,branded_food,"GREAT VALUE, RAISIN BRAN CEREAL"
364866,branded_food,CORN & OAT CEREAL
364867,branded_food,CINNI - MINI CRUNCH CEREAL
364871,branded_food,"SHOPRITE, OAT BRAN HOT CEREAL"
365156,branded_food,"LINO, CHOCOLINO, INSTANT CEREAL FLAKES WITH SWEET CHOCOLATE"
365840,branded_food,CORN FLAKES CEREAL
365841,branded_food,"SPRINGFIELD, CRISPY TOASTED RICE CEREAL"
365842,branded_food,CEREAL
365843,branded_food,"POPPIN' PEBBLES, SWEETENED RICE CEREAL WITH POPPIN' PIECES, BURSTIN' BERRY"
365845,branded_food,"CREAM OF WHEAT, INSTANT HOT CEREAL, MAPLE BROWN SUGAR"
365925,branded_food,"DIERBERGS, CRISPY HONEY OATS & FLAKES CEREAL"
365926,branded_food,"GREAT VALUE, CRUNCHY HONEY OATS WITH ALMONDS CEREAL"
365927,branded_food,"GREAT VALUE, RAISIN BRAN CEREAL, EXTRA RAISIN"
365929,branded_food,"GREAT VALUE, APPLE BLASTS, SWEETENED MULTI-GRAIN CEREAL"
365931,branded_food,"ESSENTIAL EVERYDAY, CRUNCHY RICE SQUARES, OVEN TOASTED RICE CEREAL"
365932,branded_food,RAISIN BRAN CEREAL
365933,branded_food,"GREAT VALUE, BRAN FLAKES CEREAL"
365934,branded_food,"GREAT VALUE, STRAWBERRY AWAKE CEREAL"
365936,branded_food,"ESSENTIAL EVERYDAY, CRUNCHY OAT SQUARES CEREAL, CINNAMON"
365938,branded_food,SWEETENED TOASTED OAT CEREAL WITH REAL HONEY AND NATURAL ALMOND FLAVOR
365940,branded_food,A SWEETENED CORN CEREAL
365941,branded_food,"SCHNUCKS, HONEY & OATS WITH STRAWBERRIES, TOASTED MULTI-GRAIN CEREAL"
365942,branded_food,SWEETENED CRUNCHY RICE & WHEAT FLAKE CEREAL WITH FRUIT & YOGURT CLUSTERS
365977,branded_food,CORN AND WHOLE WHEAT FLAKE CEREAL WITH NATURALLY HONEY FLAVORED CLUSTERS
366006,branded_food,"ARROWHEAD MILLS, NATURAL PUFFED CORN CEREAL"
366039,branded_food,CRISP CEREAL
366048,branded_food,TOASTED MULTI-GRAIN CEREAL WITH HONEY OAT CLUSTERS
366057,branded_food,CEREAL
366058,branded_food,AWAKE CEREAL
366059,branded_food,SWEETENED CORN & OAT CEREAL
366268,branded_food,BROWN RICE FARINA HOT CEREAL
366277,branded_food,ORGANIC MAPLE HOT CEREAL
366278,branded_food,"THE SILVER PALATE, GRAIN BERRY, TOASTED OATS, WHOLE GRAIN CEREAL"
366420,branded_food,"HARRIS TEETER, SMART WAY HONEY TOASTED O'S WHOLE GRAIN CEREAL"
366953,branded_food,"GREAT VALUE, SUGAR FROSTED FLAKES CEREAL"
366954,branded_food,"GREAT VALUE, TOASTED WHEAT CEREAL"
366955,branded_food,"GREAT VALUE, TOASTED CORN CEREAL"
366956,branded_food,"GREAT VALUE, FRUIT SPINS, SWEETENED MULTIGRAIN CEREAL, SWEETENED MULTIGRAIN"
366957,branded_food,"GREAT VALUE, FRUITY CEREAL, PUFFS"
366958,branded_food,"GREAT VALUE, CEREAL, TOASTED WHOLE-GRAIN OATS"
366960,branded_food,"GREAT VALUE, TOASTED RICE CEREAL"
366961,branded_food,AWAKE CEREAL
366962,branded_food,"GREAT VALUE, CRISP RICE CEREAL"
366963,branded_food,"GREAT VALUE, CRUNCHY RAISIN BRAN CEREAL"
367209,branded_food,"GLUTENFREEDA, GRANOLA CEREAL / SNACK, CRANBERRY CASHEW HONEY"
367212,branded_food,EUROPEAN STYLE MUESLI HOT OR COLD CEREAL
367213,branded_food,"HEALTH VALLEY ORGANIC, BAKED MULTIGRAIN CEREAL"
367216,branded_food,"DORSET CEREALS, SUPER CRANBERRY, CHERRY & ALMOND MUESLI TOASTED CEREAL"
367217,branded_food,"DORSET CEREAL, SIMPLY DELICIOUS MUESLI"
367218,branded_food,"BENEFIT NUTRITION, PROTEIN PLUS, SOY PROTEIN & MULTIGRAIN CEREAL"
367222,branded_food,CEREAL
367753,branded_food,"NATURE'S PLACE, ORGANIC RAISIN BRAN CEREAL"
367803,branded_food,SWEETENED WHOLE WHEAT AND RICE CEREAL WITH CINNAMON
368198,branded_food,SWEETENED FROSTED FLAKES OF CORN CEREAL
368796,branded_food,CREAMY BUCKWHEAT HOT CEREAL
368799,branded_food,5 GRAIN ROLLED HOT CEREAL
368800,branded_food,"BOB'S RED MILL, OLD COUNTRY STYLE MUESLI CEREAL"
368801,branded_food,7 GRAIN HOT CEREAL
368802,branded_food,MIGHTY TASTY HOT CEREAL
368803,branded_food,WHOLE GRAIN HOT CEREAL
368804,branded_food,CREAMY WHEAT HOT CEREAL
368834,branded_food,HIGH FIBER HOT CEREAL OAT BRAN
368838,branded_food,"BOB'S RED MILL, BROWN RICE FARINA CREAMY RICE HOT CEREAL"
368892,branded_food,SWEETENED CORN PUFF CEREAL WITH REAL COCOA
369559,branded_food,"INCAPARINA, CORN & SOY HOT CEREAL MIX"
370094,branded_food,TOASTED WHOLE GRAIN OAT WITH MARSHMALLOWS CEREAL
370133,branded_food,SWEETENED CORN CEREAL
370134,branded_food,"CRISPY-O'S, FROSTED CEREAL"
370135,branded_food,"ESSENTIAL EVERYDAY, BITE SIZE FROSTED LIGHTLY SWEETENED WHOLE GRAIN SHREDDED WHEAT CEREAL"
370140,branded_food,CORN FLAKES CEREAL
370141,branded_food,TOASTED MULTI-GRAIN FLAKES WITH ALMONDS & HONEY OAT CLUSTERS CEREAL
370143,branded_food,ORGANIC HONEY NUT O'S CEREAL
370144,branded_food,"OPEN NATURE, CRANBERRY ALMOND CRAZE CEREAL"
370147,branded_food,FLAKES & CLUSTERS CEREAL
370148,branded_food,LIGHTLY SWEETENED WHOLE WHEAT CEREAL
370149,branded_food,"HEALTH VALLEY ORGANIC, OAT BRAN FLAKES BAKED MULTIGRAIN CEREAL"
370150,branded_food,CRISPY TOASTED RICE CEREAL
370151,branded_food,FRUIT FLAVORED MULTI-GRAIN SWEETENED CEREAL
370153,branded_food,SWEETENED WHOLE GRAIN OAT CEREAL
370154,branded_food,ENRICHED BRAN FLAKES CEREAL
370156,branded_food,ORGANIC CEREAL
370157,branded_food,FLAKES & CLUSTERS CEREAL
370159,branded_food,"SUPERFOOD CEREAL, ACAI BLUEBERRY"
370161,branded_food,ORGANIC WHEAT SQUARES CEREAL
370188,branded_food,"CEREAL, COCOA DYNO-BITES"
370189,branded_food,"POST, MINI CHURROS CEREAL, SWEETENED WHEAT CEREAL, CINNAMON"
370204,branded_food,SWEETENED MULTIGRAIN CEREAL
370205,branded_food,"HONEY GRAHAM, COCOA CORN PUFF AND MARSHMALLOW CEREAL"
370213,branded_food,POWER O'S CEREAL
370214,branded_food,"FAMILIA, SWISS BALANCE, SWISS MUESLI CEREAL, BLUEBERRIES & QUINOA"
370216,branded_food,WHOLE GRAIN WHEAT CEREAL
370217,branded_food,TOASTED CEREAL
370218,branded_food,"PEACE CEREAL, LOW FAT CLUSTERS & FLAKES, MANGO PEACH PASSION"
370219,branded_food,"PEACE CEREAL, CLUSTERS & FLAKES, CEREAL, WALNUT SPICE"
370220,branded_food,HIGH FIBER MEDLEY CEREAL
370221,branded_food,"PEACE CEREAL, CLUSTERS & FLAKES, RASPBERRY GINGER"
370223,branded_food,"PEACE CEREAL, GRANOLA, FRENCH VANILLA"
370225,branded_food,"SCHNUCKS, FRUIT RINGS, SWEETENED MULTI-GRAIN CEREAL, ORANGE, LEMON, CHERRY, LIME & BERRY"
370226,branded_food,CEREAL
370227,branded_food,"HOSPITALITY, PUFFED WHEAT CEREAL"
370228,branded_food,"HOSPITALITY, PUFFED RICE CEREAL"
370229,branded_food,CRISP CRUNCH SWEETENED MULTI-GRAIN CEREAL
370282,branded_food,ANCIENT GRAIN HOT CEREAL
370283,branded_food,"EARNEST EATS, ASIA BLEND SUPERFOOD HOT CEREAL"
370306,branded_food,"OLD WESSEX LTD., INSTANT OATMEAL, 100% WHOLE GRAIN, HIGH FIBER CEREAL"
370307,branded_food,OVEN TOASTED FLAKES OF CORN CEREAL
370309,branded_food,8 GRAIN HOT CEREAL
370310,branded_food,"OLD WESSEX LTD., CREAMY OAT BRAN, HIGH FIBER BREAKFAST CEREAL"
370312,branded_food,"OLD WESSEX LTD., ALL NATURAL 5 GRAIN CEREAL"
370313,branded_food,ORGANIC HOT CEREAL WITH FLAXSEED
370314,branded_food,OATS CEREAL
370315,branded_food,FROSTED FLAKES SWEETENED CEREAL
370316,branded_food,ORGANIC FROSTED CORN FLAKES CEREAL
370317,branded_food,SWEETENED CORN & OAT CEREAL
370320,branded_food,"HOSPITALITY, MAGIC STARS & MARSHMALLOWS SWEETENED CEREAL"
370321,branded_food,ORGANIC TOASTED OATS CEREAL
370327,branded_food,SWISS CRUNCH + MUESLI ROASTED CEREAL CLUSTERS WITH STRAWBERRIES AND RASPBERRIES
370328,branded_food,"OLD WESSEX LTD., IRISH-STYLE OATMEAL HIGH FIBER CEREAL"
370330,branded_food,"OLD WESSEX LTD., IRISH-STYLE OATMEAL, 100% WHOLE GRAIN, HIGH FIBER CEREAL"
370331,branded_food,"OLD WESSEX LTD., SCOTTISH-STYLE PORRIDGE OATS CEREAL"
370332,branded_food,"OLD WESSEX LTD., ORGANIC CREAMY OAT BRAN CEREAL"
370333,branded_food,"BOB'S RED MILL, WHOLE GRAIN WHEAT FARINA HOT CEREAL"
370347,branded_food,SWEETENED RICE CEREAL WITH COCOA & MARSHMALLOWS
370358,branded_food,"365 EVERYDAY VALUE, WHOLE GRAIN WHEAT SQUARES CEREAL"
370359,branded_food,"PEACE CEREAL, SUPERGRAINS CEREAL, MAPLE BUCKWHEAT HEMP"
370361,branded_food,"PEACE CEREAL, CRISPY RICE & FLAKES, CRISPY RICE AND OAT CLUSTERS, WHEAT-RICE FLAKES WITH POMEGRANATE AND REAL BLUEBERRIES, BLUEBERRY POMEGRANATE"
370362,branded_food,MIGHTY FLAKES BEANS CEREAL
370363,branded_food,"EREWHON, WHOLE GRAIN CEREAL, HONEY RICE TWICE"
370370,branded_food,"365 EVERYDAY VALUE, ORGANIC BRAN FLAKES CEREAL"
370372,branded_food,"365 EVERYDAY VALUE, ORGANIC RAISIN BRAN CEREAL"
370376,branded_food,"365 EVERYDAY VALUE, ORGANIC PEANUT BUTTER & COCOA BALLS CEREAL"
370377,branded_food,"365 EVERYDAY VALUE, MORNING O'S, HONEY & NUT, LIGHTLY SWEETENED ORGANIC WHOLE GRAIN OAT & RICE FLOUR CEREAL, WITH REAL ORGANIC HONEY & ALMONDS"
370378,branded_food,"365 EVERYDAY VALUE, LITTLE CUBBIES CEREAL, OAT & CORN, MARSHMALLOW BITES"
370380,branded_food,"365 EVERYDAY VALUE, MORNING O'S ORGANIC WHOLE GRAIN OAT & RICE FLOUR CEREAL"
370381,branded_food,"365 EVERYDAY VALUE, ORGANIC FROSTED FLAKES CEREAL"
370384,branded_food,WHEAT WAFFLES CEREAL
370385,branded_food,"365 EVERYDAY VALUE, ORGANIC CRUNCHY CINNAMON SQUARES CEREAL"
370627,branded_food,"NATURE'S PATH, ORGANIC WHOLE GRAIN BROWN CRISPY RICE CEREAL"
370628,branded_food,ORGANIC PUMPKIN RAISIN CRUNCH CEREAL
370629,branded_food,FROSTED ORGANIC CEREAL
370630,branded_food,ORGANIC MULTIBRAN FLAKES CEREAL
370631,branded_food,CRUNCHY MAPLE CEREAL
370632,branded_food,ORGANIC CEREALS
370633,branded_food,CORN PUFFS CEREAL
370634,branded_food,CEREAL
370635,branded_food,PANDA PUFFS CEREAL
370637,branded_food,"NATURE'S PATH, HERITAGE BITES, ORGANIC ANCIENT GRAINS CEREAL"
370638,branded_food,ORGANIC FRUIT JUICE SWEETENED CORN FLAKES CEREAL
370639,branded_food,CEREAL
370640,branded_food,"NATURE'S PATH, FRUIT JUICE SWEETENED MILLET RICE CEREAL WITH OATBRAN"
370641,branded_food,"NATURE'S PATH, MULTIGRAIN OATBRAN CEREAL"
370642,branded_food,"NATURE'S PATH, OATY BITES, OATS, BROWN RICE AND CORN CEREAL"
370643,branded_food,CRUNCHY CINNAMON CEREAL
370644,branded_food,CEREAL
370645,branded_food,"CORN, FLAX, QUINOA & AMARANTH CEREAL"
370646,branded_food,"CORN, QUINOA, FLAX, BUCKWHEAT & AMARANTH CEREAL"
370647,branded_food,"WHOLE GRAIN RICE & CORN, LIGHTLY SWEETENED CEREAL"
370648,branded_food,ENVIROKIDZ CORN PUFFS CEREAL
370649,branded_food,KOALA CRISP CEREAL
370650,branded_food,PANDA PUFFS CEREAL
370651,branded_food,ORGANIC CORN FLAKES CEREAL
370652,branded_food,FLAX PLUS CEREAL
370653,branded_food,CEREAL
370654,branded_food,CEREAL
370655,branded_food,ORGANIC CEREAL
370657,branded_food,"NATURE'S PATH, MESA SUNRISE, CEREAL"
370658,branded_food,MULTIGRAIN OATBRAN CEREAL
370659,branded_food,CEREAL
370661,branded_food,RAISIN BRAN CEREAL
370662,branded_food,ORGANIC CEREAL
370663,branded_food,CEREAL
370664,branded_food,"NATURE'S PATH, OPTIMUM SLIM CEREAL, VANILLA"
370665,branded_food,CORN PUFFS CEREAL
370666,branded_food,CEREAL
370667,branded_food,"NATURE'S PATH, ORGANIC KAMUT PUFFS CEREAL"
370668,branded_food,MILLET PUFFS CEREAL
370670,branded_food,"NATURE'S PATH, GRANOLA CEREAL WITH COCONUT & HEMP, VANILLA CRANBERRY"
370672,branded_food,ORGANIC GRANOLA CEREAL
370686,branded_food,"CHIA, BUCKWHEAT & HEMP CEREAL"
370688,branded_food,"CHIA, BUCKWHEAT & HEMP CEREAL"
370690,branded_food,"CHIA, BUCKWHEAT & HEMP CEREAL"
370923,branded_food,SUPERFOOD CEREAL
371607,branded_food,"FOODHOLD, OATS & O'S, CHOCOLATE, NATURALLY FLAVORED WHOLE GRAIN CORN AND OAT CEREAL"
371609,branded_food,"FOODHOLD, CRISPERS, CORN & RICE CEREAL BLENDED INTO CRUNCHY BITE-SIZED PIECES"
371610,branded_food,"FOODHOLD, FRUIT SWIRLS, SWEETENED MULTIGRAIN CEREAL NATURAL FRUIT FLAVOR WITH OTHER NATURAL FLAVORS"
371613,branded_food,"FOODHOLD, FRUIT SWIRLS, SWEETENED MULTIGRAIN CEREAL NATURAL FRUIT FLAVOR WITH OTHER NATURAL FLAVORS"
372163,branded_food,CEREAL BARS
372167,branded_food,LOW FAT CEREAL BARS
372256,branded_food,"AHOLD, GRANOLA CEREAL, OATS, HONEY & RAISINS"
372413,branded_food,"FOOD FOR LIFE, EZEKIEL 4:9, ORIGINAL SPROUTED WHOLE GRAIN CEREAL"
372414,branded_food,"FOOD FOR LIFE, EZEKIEL 4:9, CINNAMON RAISIN SPROUTED WHOLE GRAIN CEREAL"
372415,branded_food,"FOOD FOR LIFE, EZEKIEL 4:9, ALMOND SPROUTED WHOLE GRAIN CEREAL"
372416,branded_food,"FOOD FOR LIFE, EZEKIEL 4:9, GOLDEN FLAX SPROUTED WHOLE GRAIN CEREAL"
373327,branded_food,"CREAM OF WHEAT, INSTANT HOT CEREAL, ORIGINAL"
373601,branded_food,CORN CEREAL
373610,branded_food,CEREAL BARS
373616,branded_food,"TRADER JOE'S, MUESLI CEREAL, BLUEBURRY"
373627,branded_food,"MEIJER, CORN FLAKES CEREAL"
373628,branded_food,"MEIJER, FIBER COMPLETE, WHOLE GRAIN WHEAT & BARLEY CEREAL"
373644,branded_food,"MEIJER, MULTIGRAIN SQUARES CEREAL"
373645,branded_food,"MEIJER, BITE SIZE FROSTED SHREDDED WHEAT CEREAL"
373646,branded_food,"MEIJER, BITE SIZE FROSTED SHREDDED WHEAT CEREAL, BLUEBERRY"
373698,branded_food,CEREAL
374335,branded_food,CEREAL
374336,branded_food,CEREAL
374337,branded_food,"TOASTED WHOLE WHEAT BERRY FLAKES & FLAXSEED CEREAL, ORIGINAL WHEAT BERRY FLAKES"
374429,branded_food,"HODGSON MILL, MULTI GRAIN WITH QUINOA & FLAX HOT CEREAL"
374540,branded_food,"KOLLN, WHOLE GRAIN INSTANT OATMEAL CEREAL"
374797,branded_food,"EARNEST EATS, HOT & FIT CEREAL, BLUEBERRY CHIA"
374814,branded_food,"MEIJER, RICE SQUARES OVEN TOASTED RICE CEREAL"
374864,branded_food,"MEIJER, FROSTED FLAKES CORN CEREAL"
374867,branded_food,SWEETENED MULTI-GRAIN CEREAL
374883,branded_food,CRACKLING SWEETENED RICE CEREAL
375224,branded_food,CRAZY CRUNCH SWEETENED CORN & OAT CEREAL
375366,branded_food,"ANCIENT HARVEST, ORGANIC HOT CEREAL ANCIENT GRAINS, MAPLE MORNING"
375431,branded_food,CEREAL PUFFS
375465,branded_food,ORGANIC ANCIENT GRAINS HOT CEREAL
377121,branded_food,"SHOPRITE, SCRUNCHY, TOASTED RICE CEREAL"
377122,branded_food,COCOA PEANUT BUTTER TREATS SWEETENED CORN CEREAL
377123,branded_food,"SHOP RITE, COCOA CRISPY RICE, SWEETENED RICE CEREAL"
377125,branded_food,"SHOPRITE, SCRUNCHY, TOASTED OATS SWEETENED OAT CEREAL, APPLE CINNAMON"
377126,branded_food,"SHOPRITE, SCRUNCHY, MARSHMALLOW DREAMS SWEETENED OAT CEREAL WITH MARSHMALLOWS"
377129,branded_food,"SHOPRITE, SCRUNCHY, CRISPY COLORS SWEETENED RICE CEREAL"
377325,branded_food,"IGA, SWEETENED MULTI-GRAIN APPLE WHIRLS CEREAL, APPLE AND CINNAMON"
377353,branded_food,BRAN FLAKES CEREAL
377435,branded_food,CEREALS MALLOW OATS
377436,branded_food,"MEIJER, LIGHTLY SWEETENED CORN & WHOLE WHEAT FLAKE CEREAL WITH GRANOLA, OAT, HONEY & ALMONDS"
377450,branded_food,CEREAL
377502,branded_food,"MEIJER, WHOLE GRAIN OAT CEREAL, TOASTED OATS"
377503,branded_food,"MEIJER, SWEETENED RICE CEREAL"
377506,branded_food,"MEIJER, COSMIC STARS, FROSTED OAT CEREAL WITH MARSHMALLOWS"
377507,branded_food,SWEETENED WHOLE WHEAT AND RICE CEREAL
377572,branded_food,CEREAL
377573,branded_food,CEREAL
377730,branded_food,"MEIJER, CRISP RICE CEREAL"
377731,branded_food,"MEIJER, FROSTED FLAKES CORN CEREAL"
377811,branded_food,SWEETENED PUFFED WHEAT CEREAL
377967,branded_food,"NATURE'S PROMISE, ORGANIC, CINNAMON SQUARES, CRUNCHY CINNAMON CEREAL"
378750,branded_food,HOT CEREAL ORGANIC SUPERFOOD
378791,branded_food,ORGANIC MIGHTY OMEGA SUPERFOOD HOT CEREAL
378933,branded_food,"GIANT, NATURE'S PROMISE, FRUIT, NUT & SEED MUESLI CEREAL"
378937,branded_food,MIXED BERRY MUESLI CEREAL
379535,branded_food,CEREAL
379970,branded_food,"KIGGINS, WHOLE GRAIN SHREDDED WHEAT CEREAL"
380114,branded_food,"GREAT VALUE, WHOLE GRAIN OAT CEREAL"
380115,branded_food,"GREAT VALUE, CRUNCHY NUGGETS, WHOLE GRAIN WHEAT & BARLEY CEREAL"
380196,branded_food,"YOCRUNCH, CEREAL BOWL, LOWFAT YOGURT, VANILLA WITH KELLOGG'S FROOT LOOPS"
380253,branded_food,CEREAL
380274,branded_food,SWEETENED RICE CEREAL WITH REAL COCOA
380276,branded_food,SWEETENED MULTIGRAIN CEREAL
380278,branded_food,SWEETENED CORN & OAT CEREAL
380312,branded_food,FROSTED WHOLE GRAIN OAT CEREAL WITH MARSHMALLOWS
381389,branded_food,"HONEY GRAHAM, CEREAL"
381471,branded_food,ESSENTIALLY YOU VANILLA ALMOND CEREAL
381477,branded_food,HIGH FIBER CEREAL
381507,branded_food,"BUNCH O' CINNAMON SQUARES , NATURAL FLAVOR CEREAL"
381728,branded_food,"ESSENTIAL EVERYDAY, APPLE CRUNCHIES, SWEETENED MULTI-GRAIN CEREAL, APPLE, CINNAMON"
381729,branded_food,SWEETENED RICE CEREAL
381731,branded_food,"ESSENTIAL EVERYDAY, COCOA COMETS, COCOA COMETS SWEETENED CORN CEREAL MADE WITH REAL COCOA"
381732,branded_food,FROSTED WHOLE GRAIN OAT CEREAL WITH MARSHMALLOWS
381733,branded_food,MULTI GRAIN TOASTED CEREAL
381734,branded_food,APPLE CINNAMON SWEETENED TOASTED OAT CEREAL
381735,branded_food,"ESSENTIAL EVERYDAY, CORN CEREAL, HONEY & NATURAL ALMOND"
381736,branded_food,CRUNCHY WHEAT SQUARES WHOLE GRAIN CEREAL
381738,branded_food,FROSTED FRUIT-O'S SWEETENED MULTI-GRAIN CEREAL WITH NATURAL FRUIT FLAVORS
382362,branded_food,PRO-TEEN CRUNCH CEREAL
382924,branded_food,"CREAM OF WHEAT, INSTANT HOT CEREAL, BANANAS & CREAM"
382964,branded_food,STRAWBERRY COBBLER CEREAL BARS
383040,branded_food,APPLES & MORE MUESLI COLD OR HOT CEREAL
383092,branded_food,CEREAL
383093,branded_food,"ANCIENT HARVEST, QUINOA HOT CEREAL FLAKES"
383096,branded_food,ORGANIC KOALA CRISP CEREAL
383099,branded_food,ORGANIC BROWN RICE CRISPS CEREAL
383102,branded_food,CEREAL
383104,branded_food,"SPARTAN, CEREAL, CRANBERRY ALMOND"
383105,branded_food,ORGANIC TOASTED OATS CEREAL
383106,branded_food,GRANOLA CEREAL
383108,branded_food,CEREAL
383109,branded_food,CEREAL
383113,branded_food,"SUNBELT BAKERY, WHOLE GRAIN GRANOLA CEREAL, BANANA NUT"
383114,branded_food,HONEY & OATS MEDLEY CEREAL
383146,branded_food,CEREAL
383295,branded_food,MIGHTY FLAKES CEREAL
383340,branded_food,BRAN FLAKE CEREAL WITH RAISINS
383341,branded_food,LIGHTLY FROSTED WHOLE WHEAT CEREAL
383342,branded_food,"FROSTED FLAKES, FROSTED CORN CEREAL"
383343,branded_food,"SPARTAN, TOASTED OAT CEREAL WITH APPLES & CINNAMON"
383346,branded_food,"TOASTED OATS, WHOLE GRAIN TOASTED OAT CEREAL"
383347,branded_food,HONEY AND OAT CRUNCH CEREAL
383350,branded_food,"MAGIC SHAPES, FROSTED OAT CEREAL WITH COLORED MARSHMALLOW BITS"
384166,branded_food,"SIMPLE TRUTH, HONEY ALMOND FLAX CEREAL"
384595,branded_food,FRUIT & GRAIN CEREAL BARS
384606,branded_food,CEREAL BARS
385186,branded_food,CEREALS
385215,branded_food,"OATS & MORE WITH ALMONDS, TOASTED MULTI-GRAIN CEREAL WITH ALMONDS & HONEY OAT CLUSTERS"
385220,branded_food,LIGHTLY SWEETENED WHOLE GRAIN WHEAT CEREAL
385529,branded_food,FRUIT & GRAIN CEREAL BARS
385858,branded_food,"FAMILY GOURMET, SQUARES CEREAL, BUNCH O' CINNAMON"
385927,branded_food,APPLE CINNAMON CEREAL BARS
386064,branded_food,WHOLE GRAIN CRUNCH CEREAL
386098,branded_food,ORGANIC CEREAL
386099,branded_food,ORGANIC CEREAL WHOLE GRAIN GOLDEN RICE CRISPS
386100,branded_food,WHOLE GRAIN CINNAMON CRUNCH ORGANIC CEREAL
386101,branded_food,WHOLE GRAIN WHEAT SQUARES ORGANIC CEREAL
386103,branded_food,WHOLE GRAIN BRAN PLUS ORGANIC CEREAL
386105,branded_food,ORGANIC CEREAL
386127,branded_food,CEREAL
386128,branded_food,RAISIN BRAN CEREAL
386130,branded_food,CEREAL
386132,branded_food,"GREAT VALUE, CRUNCHY OAT SQUARES CEREAL, CINNAMON"
386133,branded_food,RAISIN BRAN CEREAL
386135,branded_food,CRUNCHY RAISIN BRAN CEREAL
386136,branded_food,TOASTED OAT CEREAL
386137,branded_food,CRUNCHY HONEY OATS CEREAL
386138,branded_food,NATURAL HONEY FLAVORED MULTIGRAIN CEREAL WITH GRANOLA AND ALMONDS
386139,branded_food,"HOSPITALITY, TOASTED OATS CEREAL"
386140,branded_food,TOASTED OATS SWEETENED CEREAL
386143,branded_food,SUGAR FROSTED FLAKES CEREAL
386146,branded_food,TOASTED WHEAT CEREAL
386148,branded_food,CORN FLAKES CEREAL
386149,branded_food,LIGHTLY SWEETENED WHOLE GRAIN CEREAL
386150,branded_food,TOASTED CORN CEREAL
386152,branded_food,OAT CEREAL
386700,branded_food,BLUEBERRY COBBLER CEREAL BARS
386720,branded_food,CEREAL BARS
387372,branded_food,SWEETENED WHOLE WHEAT AND RICE CEREAL WITH CINNAMON
387481,branded_food,PECAN FLAKE & GRANOLA CEREAL
387487,branded_food,FRUIT & GRAIN CEREAL BARS
387704,branded_food,FRUIT & GRAIN CEREAL BAR
387779,branded_food,TOASTED OATS CEREAL
387780,branded_food,"APPLE LOONS, MULTI-GRAIN CEREAL"
387783,branded_food,"SCHNUCKS, ESSENTIAL CHOICE, FIBER BRAN, TOASTED CORN AND WHEAT CEREAL"
387785,branded_food,OVEN TOASTED RICE CEREAL
387788,branded_food,SWEETENED CEREAL
387809,branded_food,CEREAL
387810,branded_food,"SCHNUCKS, CORN SQUARES TOASTED CORN CEREAL"
388177,branded_food,SIMPLE GRANOLA WHOLE GRAIN CEREAL
388178,branded_food,"SCHNUCKS, OAT WISE CEREAL"
388180,branded_food,"SCHNUCKS, HONEY & OATS WITH ALMONDS, TOASTED MULTI-GRAIN CEREAL"
388181,branded_food,WHEAT SQUARES CEREAL
388182,branded_food,WHOLE GRAIN SHREDDED WHEAT CEREAL
388184,branded_food,SWEETENED WHOLE WHEAT & RICE CEREAL WITH CINNAMON
388185,branded_food,"SCHNUCKS, HONEY & OATS WITH HONEY & OAT CLUSTERS, TOASTED MULTI-GRAIN CEREAL"
388188,branded_food,WHOLE WHEAT CEREAL
388190,branded_food,TOASTED RICE & WHEAT FLAKES CEREAL
388326,branded_food,CRUNCHEE CEREAL BARS
389634,branded_food,FRUIT FLAVORED MULTIGRAIN CEREAL
389761,branded_food,"MEIJER, BOUNTIFUL MORNING, FRUIT & NUT CEREAL, GRANOLA, RAISINS & ALMONDS"
389762,branded_food,"MEIJER, CORN FLAX CEREAL"
390097,branded_food,CEREAL BARS
390099,branded_food,CEREAL BARS
390100,branded_food,FRUIT & GRAIN CEREAL BARS
390103,branded_food,CEREAL BARS
390108,branded_food,FRUIT & GRAIN CEREAL BARS
390929,branded_food,SWEETENED CORN & OAT CEREAL
390930,branded_food,SWEETENED RICE CEREAL WITH REAL COCOA
390931,branded_food,COCOA DYNO-BITES CEREAL
391016,branded_food,CEREAL
391017,branded_food,CEREAL
391018,branded_food,SWEETENED CORN & OAT CEREAL
391019,branded_food,CEREAL
391020,branded_food,SWEETENED CORN & OAT CEREAL
391021,branded_food,SWEETENED CORN & OAT CEREAL
391022,branded_food,CEREAL
391023,branded_food,CEREAL
391024,branded_food,SWEETENED CORN PUFF CEREAL WITH REAL PEANUT BUTTER
391025,branded_food,SWEETENED CORN & OAT CEREAL
391026,branded_food,SWEETENED CORN PUFF CEREAL WITH REAL PEANUT BUTTER
391027,branded_food,CEREAL
391028,branded_food,CEREAL
391029,branded_food,CEREAL
391030,branded_food,"COCOA DYNO-BITES, SWEETENED NATURALLY & ARTIFICIALLY CHOCOLATE FLAVORED RICE CEREAL WITH REAL COCOA"
391031,branded_food,CEREAL
391032,branded_food,CEREAL
391033,branded_food,CEREAL
391034,branded_food,CEREAL
391035,branded_food,OAT BLENDERS LIGHTLY SWEETENED CORN & WHOLE WHEAT FLAKE CEREAL WITH GRANOLA & SLICED ALMONDS
391036,branded_food,SWEETENED CORN & OAT CEREAL
391037,branded_food,SWEETENED WHOLE GRAIN OAT CEREAL WITH MARSHMALLOW PIECES
391038,branded_food,MALLOW OATS SWEETENED WHOLE GRAIN OAT CEREAL WITH MARSHMALLOW PIECES
391039,branded_food,CEREAL
391040,branded_food,SWEETENED PUFFED WHEAT CEREAL
391041,branded_food,CEREAL
391042,branded_food,CEREAL
391043,branded_food,SWEETENED CORN & OAT CEREAL
391044,branded_food,CEREAL
391045,branded_food,COCOA DYNO-BITES CEREAL
391046,branded_food,CEREAL
391047,branded_food,SWEETENED CORN PUFF CEREAL WITH REAL COCOA
391048,branded_food,COCOA CORN PUFF CEREAL WITH MARSHMALLOWS
391049,branded_food,CEREAL
391051,branded_food,CEREAL
391052,branded_food,CEREAL
391053,branded_food,SWEETENED RICE CEREAL WITH MARSHMALLOWS
391054,branded_food,SWEETENED RICE CEREAL WITH MARSHMALLOWS
391055,branded_food,CEREAL
391056,branded_food,SWEETENED RICE CEREAL
391057,branded_food,LIGHTLY SWEETENED WHOLE GRAIN WHEAT CEREAL
391058,branded_food,CEREAL
391059,branded_food,LIGHTLY SWEETENED WHOLE GRAIN WHEAT CEREAL
391060,branded_food,FROSTED MINI SPOONERS CEREAL
391061,branded_food,"BLUEBERRY CEREAL, BLUEBERRY"
391062,branded_food,LIGHTLY SWEETENED WHOLE GRAIN WHEAT CEREAL
391063,branded_food,HONEY GRAHAM TOASTERS CEREAL
391064,branded_food,HONEY GRAHAM SQUARES & COCOA CORN PUFF CEREAL WITH MARSHMALLOWS
391065,branded_food,CEREAL
391066,branded_food,SWEETENED WHOLE GRAIN OAT CEREAL WITH REAL HONEY
391067,branded_food,CEREAL
391069,branded_food,"PEANUT BUTTER CUPS CEREAL, PEANUT BUTTER"
391070,branded_food,FROSTED FLAKES CEREAL
391072,branded_food,CEREAL
391073,branded_food,TOASTED RICE CEREAL
391074,branded_food,NATURALLY & ARTIFICIALLY FLAVORED SWEETENED CORN PUFF CEREAL WITH REAL COCOA
391075,branded_food,SWEETENED WHOLE WHEAT & RICE CEREAL WITH CINNAMON
391076,branded_food,CRISPY RICE CEREAL
391077,branded_food,CRISPY RICE CEREAL
391078,branded_food,CEREAL
391079,branded_food,CEREAL
391080,branded_food,CEREAL
391081,branded_food,CEREAL
391082,branded_food,CEREAL
391083,branded_food,CEREAL
391084,branded_food,CEREAL
391085,branded_food,CEREAL
391086,branded_food,FRUITY CEREAL
391087,branded_food,FROSTED MINI SPOONERS CEREAL
391088,branded_food,CEREAL
391089,branded_food,CEREAL
391090,branded_food,S'MORES CEREAL
391091,branded_food,LIGHTLY SWEETENED CORN & WHOLE WHEAT FLAKE CEREAL WITH GRANOLA & SLICED ALMONDS
391092,branded_food,CEREAL
391093,branded_food,OAT BLENDERS LIGHTLY SWEETENED CORN & WHOLE WHEAT FLAKE CEREAL WITH GRANOLA & SLICED ALMONDS
391094,branded_food,SWEETENED WHOLE GRAIN OAT CEREAL WITH REAL HONEY
391095,branded_food,CEREAL
391096,branded_food,CEREAL
391097,branded_food,LIGHTLY SWEETENED CORN & WHOLE WHEAT FLAKE CEREAL WITH GRANOLA
391098,branded_food,LIGHTLY SWEETENED CORN & WHOLE WHEAT FLAKE CEREAL WITH GRANOLA
391099,branded_food,LIGHTLY SWEETENED CORN & WHOLE WHEAT FLAKE CEREAL WITH GRANOLA
391100,branded_food,SWEETENED CORN PUFF CEREAL WITH REAL COCOA
391101,branded_food,SWEETENED WHOLE WHEAT & RICE CEREAL WITH CINNAMON
391102,branded_food,SWEETENED WHEATFULS LIGHTLY SWEETENED WHOLE GRAIN WHEAT CEREAL
391103,branded_food,RAISIN BRAN CEREAL
391104,branded_food,"PEANUT BUTTER CUPS CEREAL, PEANUT BUTTER"
391105,branded_food,"WHOLE GRAIN WHEAT & BRAN CEREAL WITH RAISINS, CINNAMON & STEEL CUT OAT CLUSTERS"
391106,branded_food,SWEETENED PUFFED WHEAT CEREAL
391107,branded_food,"WHOLE GRAIN WHEAT & BRAN CEREAL WITH RAISINS, CINNAMON, AND STEEL CUT OAT CLUSTERS"
391108,branded_food,CEREAL
391109,branded_food,CEREAL
391110,branded_food,GOLDEN PUFFS CEREAL
391111,branded_food,LIGHTLY SWEETENED TOASTED WHOLE GRAIN OAT CEREAL
391112,branded_food,LIGHTLY SWEETENED TOASTED WHOLE GRAIN OAT CEREAL
391116,branded_food,CEREAL
391117,branded_food,CEREAL
391118,branded_food,CEREAL
391120,branded_food,SWEETENED CORN & OAT CEREAL
391121,branded_food,CEREAL
391122,branded_food,SWEETENED CORN & OAT CEREAL
391123,branded_food,CEREAL
391124,branded_food,CEREAL
391125,branded_food,CEREAL
391126,branded_food,CEREAL
391127,branded_food,"COCOA DYNO-BITES, SWEETENED NATURALLY & ARTIFICIALLY CHOCOLATE FLAVORED RICE CEREAL WITH REAL COCOA, CHOCOLATE"
391128,branded_food,SWEETENED CORN & OAT CEREAL WITH REAL COCOA
391129,branded_food,SWEETENED RICE CEREAL WITH REAL COCOA
391130,branded_food,CEREAL
391131,branded_food,SWEETENED RICE CEREAL WITH REAL COCOA
391132,branded_food,SWEETENED WHOLE WHEAT & RICE CEREAL WITH CINNAMON
391133,branded_food,CEREAL
391134,branded_food,CEREAL
391135,branded_food,SWEETENED CORN PUFF CEREAL WITH REAL COCOA
391136,branded_food,CEREAL
391137,branded_food,CEREAL
391138,branded_food,CEREAL
391139,branded_food,CEREAL
391140,branded_food,INSTANT MULTIGRAIN HOT CEREAL WITH FLAX
391141,branded_food,"COCOA DYNO-BITES, SWEETENED RICE CEREAL WITH REAL COCOA & MARSHMALLOWS!"
391143,branded_food,SWEETENED RICE CEREAL WITH REAL COCOA & MARSHMALLOWS
391144,branded_food,CEREAL
391145,branded_food,TOOTIE FRUITIES CEREAL
391146,branded_food,CEREAL
391147,branded_food,SWEETENED RICE CEREAL
391148,branded_food,SWEETENED RICE CEREAL
391149,branded_food,SWEETENED RICE CEREAL
391150,branded_food,CEREAL
391151,branded_food,SWEETENED MULTIGRAIN CEREAL
391152,branded_food,LIGHTLY SWEETENED WHOLE GRAIN WHEAT CEREAL
391153,branded_food,LIGHTLY SWEETENED WHOLE GRAIN WHEAT CEREAL
391154,branded_food,LIGHTLY SWEETENED WHOLE GRAIN WHEAT CEREAL
391155,branded_food,CEREAL
391156,branded_food,CEREAL
391157,branded_food,LIGHTLY SWEETENED WHOLE GRAIN WHEAT CEREAL
391158,branded_food,"HONEY GRAHAM, COCOA PUFF AND MARSHMALLOW CEREAL"
391159,branded_food,CEREAL
391160,branded_food,CEREAL
391161,branded_food,SWEETENED WHOLE GRAIN OAT CEREAL
391162,branded_food,CEREAL
391163,branded_food,SWEETENED WHOLE GRAIN OAT CEREAL
391164,branded_food,CEREAL
391165,branded_food,THE CREAMY HOT CEREAL
391166,branded_food,SWEETENED CORN & OAT CEREAL
391167,branded_food,SWEETENED CORN & OAT CEREAL
391169,branded_food,INSTANT MULTIGRAIN HOT CEREAL WITH FLAX
391175,branded_food,NATURALLY FLAVORED SWEETENED CORN PUFF CEREAL WITH REAL COCOA
391176,branded_food,SWEETENED CORN PUFF CEREAL WITH REAL COCOA
391177,branded_food,SWEETENED WHOLE WHEAT AND RICE CEREAL WITH CINNAMON
391178,branded_food,LIGHTLY SWEETENED WHOLE GRAIN WHEAT CEREAL
391179,branded_food,SWEETENED WHOLE GRAIN WHEAT AND RICE CEREAL WITH CINNAMON
391180,branded_food,OAT CLUSTER CRUNCH CEREAL
391181,branded_food,SWEETENED CORN PUFF CEREAL WITH REAL PEANUT BUTTER AND COCOA
391182,branded_food,SWEETENED WHOLE GRAIN WHEAT & CORN CEREAL
391183,branded_food,SWEETENED WHOLE GRAIN OAT CEREAL
391187,branded_food,INSTANT MULTIGRAIN HOT CEREAL WITH FLAX
391188,branded_food,WHOLE GRAIN WHEAT & BRAN CEREAL WITH RAISINS
391190,branded_food,CEREAL
391191,branded_food,CEREAL
391192,branded_food,WHOLE GRAIN WHEAT & BRAN CEREAL WITH RAISINS
391193,branded_food,CEREAL
391194,branded_food,SWEETENED FLAKES OF CORN CEREAL
391195,branded_food,SWEETENED PUFFED WHEAT CEREAL
391196,branded_food,SWEETENED POPPED-UP CORN CEREAL
391197,branded_food,SWEETENED POPPED-UP CORN CEREAL
391198,branded_food,CORN BURSTS CEREAL
391431,branded_food,CEREAL
391432,branded_food,CEREAL
391433,branded_food,COLOSSAL CRUNCH CEREAL
391434,branded_food,COLOSSAL CRUNCH SWEETENED CORN & OAT CEREAL
391435,branded_food,SWEETENED CORN PUFF CEREAL WITH REAL PEANUT BUTTER
391436,branded_food,SWEETENED CORN & OAT CEREAL
391437,branded_food,COCOA DYNO-BITES CEREAL
391438,branded_food,SWEETENED RICE CEREAL WITH REAL COCOA
391439,branded_food,SWEETENED CORN & OAT CEREAL
391440,branded_food,CEREAL
391441,branded_food,SWEETENED RICE CEREAL WITH REAL COCOA
391442,branded_food,SWEETENED RICE CEREAL WITH REAL COCOA
391443,branded_food,SWEETENED WHOLE WHEAT & RICE CEREAL
391444,branded_food,CORN PUFF CEREAL WITH REAL COCOA
391445,branded_food,CORN PUFF CEREAL WITH REAL COCOA
391446,branded_food,CEREAL
391447,branded_food,SWEETENED MULTI-GRAIN CEREAL
391448,branded_food,SWEETENED MULTI-GRAIN CEREAL
391449,branded_food,SWEETENED RICE CEREAL
391450,branded_food,CEREAL
391451,branded_food,CEREAL
391452,branded_food,CEREAL
391453,branded_food,CEREAL
391454,branded_food,CEREAL
391455,branded_food,LIGHTLY SWEETENED WHOLE GRAIN WHEAT CEREAL
391456,branded_food,LIGHTLY SWEETENED WHOLE GRAIN WHEAT CEREAL
391457,branded_food,LIGHTLY SWEETENED WHOLE GRAIN WHEAT CEREAL
391458,branded_food,STRAWBERRY CREAM MINI SPOONERS CEREAL
391459,branded_food,LIGHTLY SWEETENED WHOLE GRAIN WHEAT CEREAL
391461,branded_food,LIGHTLY SWEETENED WHOLE GRAIN WHEAT CEREAL
391462,branded_food,LIGHTLY SWEETENED WHOLE GRAIN WHEAT CEREAL
391463,branded_food,LIGHTLY SWEETENED WHOLE GRAIN WHEAT CEREAL
391464,branded_food,CEREAL
391465,branded_food,CEREAL
391466,branded_food,CEREAL
391467,branded_food,CEREAL
391468,branded_food,LIGHTLY SWEETENED CORN & WHOLE WHEAT FLAKE CEREAL WITH GRANOLA & SLICED ALMONDS
391469,branded_food,CEREAL
391470,branded_food,SWEETENED WHOLE GRAIN OAT CEREAL WITH REAL HONEY
391471,branded_food,OAT BLENDERS CEREAL
391472,branded_food,CEREAL
391473,branded_food,LIGHT SWEETENED CORN & WHOLE WHEAT FLAKE CEREAL WITH GRANOLA WITH HONEY
391474,branded_food,FORTIFIED CREAMY HOT WHEAT CEREAL
391475,branded_food,QUICK COOKING HOT WHEAT CEREAL
391476,branded_food,QUICK COOKING HOT WHEAT CEREAL
391477,branded_food,QUICK COOKING HOT WHEAT CEREAL
391478,branded_food,SWEETENED CORN PUFF CEREAL WITH REAL COCOA & MARSHMALLOWS
391480,branded_food,CEREAL
391481,branded_food,SWEETENED RICE CEREAL WITH REAL COCOA
391482,branded_food,SWEETENED RICE CEREAL WITH REAL COCOA
391483,branded_food,RICE CEREAL
391484,branded_food,SWEETENED RICE CEREAL
391485,branded_food,SWEETENED RICE CEREAL
391486,branded_food,SWEETENED RICE CEREAL
391487,branded_food,FLAVORED RICE CEREAL WITH REAL COCOA
391488,branded_food,SWEETENED RICE CEREAL
391489,branded_food,SWEETENED RICE CEREAL
391490,branded_food,SWEETENED RICE CEREAL
391491,branded_food,SWEETENED RICE CEREAL
391492,branded_food,SWEETENED RICE CEREAL
391493,branded_food,SWEETENED RICE CEREAL
391494,branded_food,SWEETENED PUFFED WHEAT CEREAL
391495,branded_food,SWEETENED CORN & OAT CEREAL
391496,branded_food,SWEETENED CORN & OAT CEREAL
391497,branded_food,CEREAL
391499,branded_food,SWEETENED RICE CEREAL
391501,branded_food,"SHREDDED WHEAT, SPOON SIZE SHREDDED WHEAT, CEREAL, ORIGINAL"
391502,branded_food,CEREAL
391503,branded_food,WHOLE GRAIN WHEAT AND BRAN CEREAL
391504,branded_food,ORGANIC WHOLE GRAIN WHEAT & BRAN CEREAL
391505,branded_food,CEREAL
391506,branded_food,WHOLE GRAIN CEREAL
391507,branded_food,CHOCOLATEY ALMOND CRUNCH WHOLE GRAIN CEREAL
391508,branded_food,CEREAL
391509,branded_food,CEREAL
391510,branded_food,WHOLE GRAIN CEREAL
391511,branded_food,WHOLE GRAIN CEREAL
391512,branded_food,WHOLE GRAIN WHEAT & BRAN CEREAL
391513,branded_food,CEREAL
391514,branded_food,WHOLE GRAIN WHEAT & BRAN CEREAL
391517,branded_food,ALMOND CRUNCH CEREAL
391518,branded_food,CEREAL
391519,branded_food,CEREAL
391520,branded_food,WHOLE GRAIN CEREAL
391521,branded_food,CRUNCH! CEREAL
391522,branded_food,CEREAL
391523,branded_food,CEREAL
391524,branded_food,CEREAL
391525,branded_food,CEREAL
391526,branded_food,CEREAL
391527,branded_food,SHREDDED WHEAT CEREAL
391528,branded_food,CEREAL
391529,branded_food,CEREAL
391530,branded_food,CEREAL WITH NUTTY PECAN BUNCHES
391531,branded_food,CEREAL
391535,branded_food,SWEETENED WHOLE GRAIN OAT CEREAL WITH REAL HONEY
391536,branded_food,CEREAL SNACKERS
391539,branded_food,SWEETENED MULTI-GRAIN CEREAL
391544,branded_food,SWEETENED RICE CEREAL WITH REAL COCOA
391545,branded_food,SWEETENED RICE CEREAL
391546,branded_food,SWEETENED RICE CEREAL
391547,branded_food,PUFFED WHEAT CEREAL
391548,branded_food,CEREAL
391549,branded_food,WHEAT CEREAL
391550,branded_food,"FRUITY PEBBLES, SWEETENED RICE CEREAL NATURAL AND ARTIFICIAL FLAVORS"
391551,branded_food,SWEETENED RICE CEREAL
391554,branded_food,NUTRITIOUS SWEETENED CORN & OAT CEREAL
391556,branded_food,NUTRITIOUS SWEETENED CORN & OAT CEREAL
391570,branded_food,SWEETENED RICE CEREAL
391576,branded_food,CEREAL
391577,branded_food,SWEETENED RICE CEREAL WITH MARSHMALLOWS AND REAL COCOA
391578,branded_food,CRISPY RICE CEREAL
391579,branded_food,SWEETENED RICE CEREAL WITH MARSHMALLOWS
391581,branded_food,QUICK COOKING HOT WHEAT CEREAL
391582,branded_food,QUICK COOKING HOT WHEAT CEREAL
391583,branded_food,QUICK COOKING HOT WHEAT CEREAL
391584,branded_food,FORTIFIED CREAMY HOT WHEAT CEREAL
391585,branded_food,MAPLE & BROWN SUGAR HOT WHEAT CEREAL
391586,branded_food,CEREAL WITH SWEET CINNAMON BUNCHES
391587,branded_food,CEREAL
391588,branded_food,CRUNCHY HONEY ROASTED CEREAL
391589,branded_food,"HONEY BUNCHES OF OATS, CEREAL, CHOCOLATE"
391590,branded_food,CEREAL
391591,branded_food,CEREAL
391592,branded_food,QUICK COOKING HOT WHEAT CEREAL
391594,branded_food,GOLDEN PUFFS CEREAL
391595,branded_food,SWEETENED FLAKES OF CORN CEREAL
391596,branded_food,LIGHTLY SWEETENED TOASTED WHOLE GRAIN OAT CEREAL
391597,branded_food,SWEETENED POPPED-UP CORN CEREAL
391598,branded_food,"MORE WHOLE GRAIN CEREAL, MORE WHOLE GRAIN"
391599,branded_food,NUTRITIOUS SWEETENED CORN & OAT CEREAL
391600,branded_food,CEREAL
391602,branded_food,QUICK COOKING FARINA CEREAL
391605,branded_food,CEREALS
391606,branded_food,WHOLE GRAIN WHEAT & BRAN CEREAL WITH RAISINS
391607,branded_food,CEREAL
391608,branded_food,CEREAL
391609,branded_food,SWEETENED PUFFED WHEAT CEREAL
391610,branded_food,CEREAL
392011,branded_food,"KROGER, FROSTED FLAKES, SWEETENED CORN CEREAL"
392604,branded_food,"WHOLE FARRO, CEREAL GRAIN"
393898,branded_food,LIGHTLY SWEETENED WHOLE GRAIN WHEAT CEREAL
393966,branded_food,"ARROWHEAD MILLS, OAT BRAN HOT CEREAL"
393969,branded_food,TOASTED CEREAL
393974,branded_food,CEREAL
393975,branded_food,MIGHTY FLAKES FROSTED CRUNCHY CEREAL
393976,branded_food,ORGANIC OATMEAL INSTANT HOT CEREAL
395503,branded_food,"CREAM OF WHEAT, HOT CEREAL, MAPLE BROWN SUGAR"
395504,branded_food,"CREAM OF WHEAT, WHOLE GRAIN HOT CEREAL"
396287,branded_food,"WOLFF'S, CREAM OF BUCKWHEAT, 100% ALL NATURAL CEREAL"
396294,branded_food,ORGANIC APPLE FLAX SUPERFOOD HOT CEREAL
396316,branded_food,SUPER OATS CHIA & QUINOA HOT CEREAL PACKETS
396318,branded_food,SUPERFOOD HOT CEREAL
396320,branded_food,SUPERFOOD HOT CEREAL
398366,branded_food,"AGV, NEO NEO TEN HUBA, INSTANT CEREAL"
399165,branded_food,"HEALTH VALLEY ORGANIC, MULTIGRAIN CEREAL BARS, APPLE COBBLER"
399176,branded_food,"BLUEBIRD GRAIN FARMS, OLD WORLD CEREAL BLEND, A RUSTIC HOT CEREAL BLEND OF FARRA , HEIRLOOM RYE AND FLAX"
399552,branded_food,SUSTAINED ENERGY CEREAL
400789,branded_food,"MOUNTAIN MUESLI, CEREAL, CHERRY ALMOND"
401455,branded_food,FROSTED COCOA SWEETENED CORN CEREAL
401456,branded_food,RAISIN BRAN CRUNCHY WHEAT FLAKES CEREAL WITH RAISINS
401457,branded_food,TOASTED OATS CEREAL
401466,branded_food,FROSTED FLAKES SWEETENED CORN CEREAL
401467,branded_food,FROSTED FRUIT SWEETENED MULTI-GRAIN CEREAL
401469,branded_food,FROSTED APPLES SWEETENED MULTI-GRAIN CEREAL
401480,branded_food,BERRY CRUNCH SWEETENED MULTI-GRAIN CEREAL
401492,branded_food,"COCOA CRISP RICE, SWEETENED RICE CEREAL"
401504,branded_food,PUFFED RICE CEREAL
401517,branded_food,SILLY STARS SWEETENED OAT CEREAL WITH REAL MARSHMALLOWS
401844,branded_food,"POCONO, CREAM OF BUCKWHEAT, 100% ORGANIC CEREAL"
401863,branded_food,CEREAL BARS
402008,branded_food,"365 EVERYDAY VALUE, WHOLE FOODS MARKET, APPLE CEREAL BARS, APPLE"
402224,branded_food,INSTANT HOT CEREAL
402380,branded_food,CEREAL BARS
402390,branded_food,"SIMPLE TRUTH ORGANIC, FROSTED FLAKES CEREAL, SWEETENED ORGANIC FLAKES OF CORN"
402395,branded_food,"KROGER, SHREDDED WHEAT CEREAL, CHOCOLATE FROSTED"
402400,branded_food,"KROGER, CRUNCHY SWEETENED WHEAT AND RICE FLAKES CEREAL WITH OAT CLUSTERS, RAISIN"
402516,branded_food,FROSTED SHREDDED WHEAT BITE SIZE CEREAL
402529,branded_food,MULTI-GRAIN TOASTED CEREAL
402530,branded_food,"KROGER, RICE BITZ TOASTED RICE CEREAL"
402533,branded_food,CHOCOLATY SWEETENED RICE CEREAL
402536,branded_food,CRISPY RICE CEREAL
402559,branded_food,"FOOD FOR LIFE, EZEKIEL 4:9, ALMOND SPROUTED FLOURLESS FLAKE CEREAL"
402560,branded_food,"FOOD FOR LIFE, EZEKIEL 4:9, FLAX + CHIA SPROUTED FLOURLESS FLAKE CEREAL"
402561,branded_food,"FOOD FOR LIFE, EZEKIEL 4:9, RAISIN SPROUTED FLOURLESS FLAKE CEREAL"
402562,branded_food,"FOOD FOR LIFE, EZEKIEL 4:9, ORIGINAL SPROUTED FLOURLESS FLAKE CEREAL"
402639,branded_food,SUPERFOOD CEREAL
402702,branded_food,"FREEDOM FOODS, TROPICO'S CEREAL"
402739,branded_food,FROSTED FLAKES CORN CEREAL
402841,branded_food,CRUNCHY WHEAT & BRAN FLAKES CEREAL WITH RAISINS
403032,branded_food,OATS & HONEY BLEND CEREALS
403177,branded_food,TOASTED RICE CEREAL
403187,branded_food,HONEY & OAT CLUSTERS CEREAL
403330,branded_food,LIGHTLY SWEETENED CEREAL
403351,branded_food,SWEETENED WHOLE GRAIN WHEAT AND CORN CEREAL
403374,branded_food,WHEAT & RICE CEREAL
403390,branded_food,HONEY NUT HOOPS LIGHTLY SWEETENED OAT CEREAL TOUCHED WITH HONEY
403530,branded_food,"MARKET PANTRY, CINNAMON OAT BITES, SWEETENED OAT CEREAL"
404357,branded_food,"KROGER, SWEETENED CORN & OAT PUFFS CEREAL, CRISP BERRY CRUNCH"
404590,branded_food,"GRANOLA, RAISINS & ALMONDS CEREAL"
404835,branded_food,"HOLY CRAP, LIMITED EDITION BREAKFAST CEREAL, DARK CHOCOLATE"
404875,branded_food,DRAGONS BLEND BREAKFAST CEREAL
405578,branded_food,TOASTED OATS CEREAL
405587,branded_food,"NATURALLY FLAVORED SWEETENED RICE CEREAL WITH REAL COCOA, CRISPY COCOA RICE"
405595,branded_food,HONEY NUT TOASTED OATS CEREAL
405632,branded_food,APPLE COBBLER CEREAL BARS
405634,branded_food,FRUIT & GRAIN CEREAL BARS
405641,branded_food,FRUIT & GRAIN CEREAL BARS
405645,branded_food,FRUIT & GRAIN CEREAL BARS
405650,branded_food,FRUIT & GRAIN CEREAL BARS
405655,branded_food,FRUIT & GRAIN CEREAL BARS
405805,branded_food,SWEETENED MULTIGRAIN CEREAL
405806,branded_food,SWEETENED MULTIGRAIN CEREAL
405811,branded_food,"SPARTAN, COCO KRUNCH SWEETENED RICE CEREAL MADE WITH REAL COCOA"
405813,branded_food,"SPARTAN, SWEETENED CRUNCHY CORN CEREAL, COCOA CRUNCHIES"
406058,branded_food,"SPARTAN, SWEETENED CORN & OAT CEREAL, BERRY CRUNCH"
406059,branded_food,"SPARTAN, OVEN TOASTED CORN SQUARES CEREAL"
406326,branded_food,"GRANOLA, FRUIT & GRAINS CEREAL"
406527,branded_food,WHOLE GRAIN CEREAL
406535,branded_food,CEREAL
406540,branded_food,FIVE WHOLE GRAIN CEREAL
406718,branded_food,FROSTED WHOLE GRAIN OAT CEREAL WITH MARSHMALLOWS
406719,branded_food,TOASTED WHOLE GRAIN WHEAT AND BRAN CEREAL WITH RAISINS
406834,branded_food,WHOLE GRAIN OAT CEREAL
406843,branded_food,SWEETENED CORN AND OAT CEREAL
406845,branded_food,SWEETENED CORN AND OAT CEREAL
406846,branded_food,TOASTED OATS WHOLE GRAIN OAT CEREAL
407504,branded_food,TOASTED OATS CEREAL
407551,branded_food,ORGANIC GRANOLA CEREAL
408218,branded_food,"MEIJER, BASICS, CEREAL BARS, STRAWBERRY"
408220,branded_food,"MEIJER, CEREAL BARS, APPLE CINNAMON"
408689,branded_food,SWEETENED CORN CEREAL
408704,branded_food,SWEETENED WHOLE WHEAT AND RICE CEREAL
409640,branded_food,YUMMY WHOLE GRAIN & VEGETABLE CEREAL
409643,branded_food,YUMMY WHOLE GRAIN & VEGETABLE CEREAL
409724,branded_food,"FULL CIRCLE, GO RIGHT, CRUNCHY FIBER TWIGS, SOY PROTEIN GRAHAMS AND HONEY PUFFS CEREAL"
409725,branded_food,"BACK TO NATURE, ANCIENT GRAINS RISIN' RAISIN BLEND CEREAL"
409743,branded_food,PB BLASTS CEREAL
409744,branded_food,WHOLE GRAIN CEREAL
409748,branded_food,WHOLE GRAIN CEREAL
409769,branded_food,RAISIN BRAN CEREAL
409770,branded_food,FROSTED FLAKES CEREAL
409810,branded_food,"GRANVITA, GRANOLA CEREAL WITH FRUIT"
409905,branded_food,"CHUAO CHOCOLATIER, CEREAL SMOOCH BAR, CINNAMON"
409997,branded_food,GRANOLA CEREAL
410000,branded_food,ORGANIC CEREAL
410002,branded_food,CEREAL
410003,branded_food,CEREAL
410007,branded_food,GRANOLA CEREAL
410012,branded_food,ORGANIC CEREAL
410013,branded_food,CHOCO CHIMPS ORGANIC CEREAL
410014,branded_food,CEREAL
410016,branded_food,PANDA PUFFS ORGANIC CEREAL
410222,branded_food,CORN FLAKES CRISP CORN CEREAL
411359,branded_food,ORGANIC MULTIGRAIN CEREAL BAR
411360,branded_food,"HOT & FIT CEREAL, EARNEST EATS, MAYAN BLEND, COCOA + CASHEWS + PEPITAS"
412868,branded_food,"LOTTE, CEREAL CHOCO"
413632,branded_food,SWEETENED TOASTED OAT CEREAL
413657,branded_food,LIGHTLY SWEETENED WHOLE GRAIN WHEAT CEREAL
413659,branded_food,LIGHTLY SWEETENED WHOLE GRAIN WHEAT CEREAL
413660,branded_food,LIGHTLY SWEETENED WHOLE GRAIN CEREAL
413661,branded_food,FROSTED SHREDDED WHEAT CEREAL
413679,branded_food,INSTANT HOT CEREAL
413712,branded_food,HOT CEREAL
413793,branded_food,HOT CEREAL
413839,branded_food,"CREAM OF WHEAT, INSTANT WHOLE GRAIN HOT CEREAL"
414015,branded_food,INSTANT HOT CEREAL
414071,branded_food,INSTANT HOT CEREAL
414243,branded_food,"AHOLD, INSTANT CREAM FARINA, HOT WHEAT CEREAL, ORIGINAL"
414457,branded_food,SWEETENED RICE CEREAL
414459,branded_food,COCOA CRISPS SWEETENED NATURALLY AND ARTIFICIALLY CHOCOLATE FLAVORED RICE CEREAL WITH REAL COCOA
414464,branded_food,SWEETENED MULTI-GRAIN CEREAL
414465,branded_food,SWEETENED MULTI-GRAIN CEREAL
414596,branded_food,SWEETENED CORN CEREAL
415149,branded_food,SWEETENED FLAKES OF CORN CEREAL
415151,branded_food,WHOLE GRAIN OAT CEREAL
415152,branded_food,WHEAT SQUARES OVEN TOASTED WHOLE GRAIN WHEAT CEREAL
415153,branded_food,COSMIC STARS FROSTED OAT CEREAL WITH MARSHMALLOWS
415154,branded_food,OVEN TOASTED RICE CEREAL
417550,branded_food,"LIVING WELL, MULTI-GRAIN CEREAL"
420363,branded_food,"LALA, YOGURT SMOOTHIE, PECAN CEREAL"
423338,branded_food,CEREAL NUGGETS
431455,branded_food,"BAUDUCCO, BREAKFAST COOKIE, MILK & CEREALS"
435565,branded_food,BRAN FLAKES CEREAL
436560,branded_food,"365 EVERYDAY VALUE, RAINBOW MORNING O'S CEREAL"
436701,branded_food,"365 EVERYDAY VALUE, INSTANT HOT CEREAL, MULTIGRAIN & CHIA TRIPLE BERRY"
437869,branded_food,"WILDWAY, INSTANT HOT CEREAL"
437870,branded_food,"WILDWAY, CINNAMON ROLL INSTANT HOT CEREAL"
438051,branded_food,"MORNING GLORY, CEREAL AND TRAIL MIX"
438295,branded_food,CRISPY CINNAMON CRUNCH CEREAL
438698,branded_food,WHOLE GRAIN CEREAL
439052,branded_food,"KROGER, LIVING WELL, MULTI-GRAIN CEREAL, CINNAMON"
439057,branded_food,"KROGER, CRUNCHY WHEAT FLAKES CEREAL, RAISIN BRAN"
439066,branded_food,"KROGER, NUTTY NUGGETS, CRUNCHY WHEAT & BARLEY CEREAL"
439068,branded_food,"KROGER, HONEY NUT BITZ TOASTED CORN CEREAL"
439110,branded_food,SWEETENED CORN CEREAL
439138,branded_food,"FOODTOWN, RAISIN BRAN CEREAL"
439140,branded_food,"FOODTOWN, MAGIC STARS, SWEETENED OAT CEREAL, MARSHMALLOWS"
439154,branded_food,"SHURFINE, BRAN CRUNCHY WHEAT FLAKES CEREAL, RAISIN"
439158,branded_food,"SHURFINE, WHOLE GRAIN OAT CEREAL, CINNAMON"
439159,branded_food,"SHURFINE, PUFFED RICE CEREAL"
439161,branded_food,"SHURFINE, HONEY & OATS MULTI-GRAIN CEREAL"
439162,branded_food,"SHURFINE, RICE SQUARES CEREAL"
439170,branded_food,"SHURFINE, TOASTED OATS CEREAL"
439187,branded_food,BRAN FLAKES CEREAL
439188,branded_food,"HONEY NUT TOASTED OATS, SWEETENED TOASTED OAT CEREAL WITH HONEY AND ALMONDS"
439189,branded_food,FROSTED FRUIT SWEETENED MULTI-GRAIN CEREAL
439191,branded_food,"VALU TIME, SILLY STARS SWEETENED OAT CEREAL WITH COLORED MARSHMALLOW BITS"
439193,branded_food,FROSTED SHREDDED WHEAT 100% WHOLE WHEAT CEREAL
439194,branded_food,"VALU TIME, CORN AND OAT CEREAL, BERRY CRUNCH"
439198,branded_food,HONEY NUT TOASTED OATS CEREAL
439199,branded_food,FROSTED FRUIT SWEETENED MULTI-GRAIN CEREAL
439204,branded_food,SILLY STARS SWEETENED OAT CEREAL WITH REAL MARSHMALLOWS
439207,branded_food,CRISP RICE TOASTED RICE CEREAL
439208,branded_food,CORN FLAKES CEREAL
439210,branded_food,HONEY NUT SWEETENED TOASTED OAT CEREAL WITH REAL HONEY AND NATURAL ALMOND FLAVOR
439211,branded_food,FROSTED FLAKES SWEETENED CORN CEREAL
439212,branded_food,RAISIN BRAN CRUNCHY WHEAT FLAKES CEREAL WITH RAISINS
439536,branded_food,"TELMA, KARIOT NOUGAT CREME FILLED CEREAL"
439550,branded_food,"THE GRANOLA GODDESS, GRANOLA CEREAL, ORIGINAL"
439562,branded_food,"GRANVITA, PUFFITOS, WHOLE GRAIN PUFFED WHEAT CEREAL, HONEY"
439589,branded_food,"WESTERN FAMILY, HIGH FIBRE CEREAL, RAISINBRAN"
439591,branded_food,"WESTERN FAMILY, HEALTHY MORNINGS, CRUNCHY RICE CEREAL AND WHEAT FLAKES, ALMONDS & VANILLA"
439628,branded_food,RAISIN BRAN HIGH FIBER CEREAL
439844,branded_food,EXTRA RAISINS BRAN CEREAL
439852,branded_food,"BIG Y, GRANOLA CEREAL, VANILLA ALMOND"
439855,branded_food,CORN FLAKES CEREAL
440294,branded_food,ORIGINAL LIGHTLY SWEETENED MULTIGRAIN CEREAL
440295,branded_food,SILLY CIRCLES SWEETENED MULTI-GRAIN CEREAL
440296,branded_food,OVEN TOASTED RICE CEREAL
440301,branded_food,"100% WHOLE GRAIN OAT CEREAL QUICK ONE MINUTE OATMEAL, WHOLE GRAIN"
440302,branded_food,SWEETENED CORN AND OAT CEREAL
440306,branded_food,"SAFEWAY KITCHENS, SILLY CIRCLES SWEETENED MULTI-GRAIN CEREAL"
440309,branded_food,WHEAT & BRAN CEREAL WITH RAISINS
440321,branded_food,"WINN DIXIE, OATS & MORE, TOASTED MULTI-GRAIN CEREAL, HONEY OAT CLUSTERS"
440322,branded_food,"WINN DIXIE, ESSENTIALLY YOU WHOLE GRAIN CEREAL, VANILLA ALMOND"
440324,branded_food,SWEETENED COCOA RICE CEREAL NUGGETS
440336,branded_food,"WINN DIXIE, INSTANT OATMEAL CEREAL, MAPLE & BROWN SUGAR"
440339,branded_food,"WIN DIXIE, MAGIC STARS, SWEETENED OAT CEREAL WITH MARSHMALLOWS"
440348,branded_food,"WINN DIXIE, RICE SQUARES TOASTED RICE CEREAL"
440851,branded_food,"GIANT EAGLE, SWEETENED CORN CEREAL, FROSTED FLAKES"
441037,branded_food,SWEETENED CORN & OAT CEREAL
441040,branded_food,FRUIT WHIRLS NATURALLY FLAVORED SWEETENED CEREAL
441060,branded_food,SWEETENED CORN AND OAT CEREAL
441064,branded_food,SWEETENED FLAKES OF CORN CEREAL
441065,branded_food,SWEETENED WHOLE GRAIN OAT CEREAL
441067,branded_food,LIGHTLY TOASTED CORN CEREAL
441068,branded_food,LIGHTLY SWEETENED WHOLEGRAIN CEREAL
441292,branded_food,"FOOD LION, LIGHTLY SWEETENED WHOLE GRAIN WHEAT CEREAL, BITE-SIZED STRAWBERRY FROSTED"
441297,branded_food,"FOOD LION, TASTEEOS CEREAL"
441306,branded_food,"FOOD LION, TASTEEOS CEREAL, HONEY NUT"
441312,branded_food,"TASTEEOS, TOASTED WHOLE GRAIN OAT CEREAL"
441313,branded_food,"FOOD LION, SIMPLE LIVING, OAT CEREAL"
441316,branded_food,"FOOD LION, BRAN CEREAL, RAISIN"
441395,branded_food,"FOOD CLUB, ESSENTIAL CHOICE, OAT CEREAL"
441400,branded_food,SQUARES TOASTED CORN CEREAL
441402,branded_food,ORIGINAL TOASTED WHOLE GRAIN OAT CEREAL
441407,branded_food,"FOOD CLUB, ESSENTIAL CHOICE, OAT CEREAL, CINNAMON"
441408,branded_food,TOASTER RICE SQUARES CEREAL
441412,branded_food,TOASTED CORN SQUARES CEREAL
441630,branded_food,WHOLEGRAIN HOT CEREAL
441636,branded_food,SPICE N' NICE HOT CEREAL WITH CINNAMON & RAISINS
441640,branded_food,"BOB'S RED MILL, GRAINS & NUTS HOT CEREAL"
441643,branded_food,"BOB'S RED MILL, CREAMY RYE FLAKES HOT CEREAL"
441653,branded_food,"MUESLI, WHOLE GRAIN HOT OR COLD CEREAL, OLD COUNTRY STYLE"
441654,branded_food,"BOB'S RED MILL, ROLLED SPELT HOT CEREAL WHOLE GRAIN"
441726,branded_food,TOASTED WHOLE GRAIN OATS CEREAL
441731,branded_food,"PRICE RITE, CEREAL, RAISIN BRAN"
441742,branded_food,CRISPY CRUNCH TREATS SWEETENED MULTI-GRAIN CEREAL
441744,branded_food,"PRICE RITE, TOASTED OATS CEREAL"
441754,branded_food,"HANNAFORD, OAT BRAN HOT CEREAL"
441759,branded_food,"HANNAFORD, PUFFED WHEAT CEREAL"
441776,branded_food,"HANNAFORD, PUFFED RICE CEREAL"
441783,branded_food,WHEAT FLAKES CEREAL
441790,branded_food,"HANNAFORD, CRISPY HEXAGONS CORN & RICE CEREAL"
441875,branded_food,OAT CEREAL
441883,branded_food,"HANNAFORD, SIMPLE LIVING, OAT CEREAL"
441891,branded_food,"HANNAFORD, TOASTED CORN CEREAL"
441893,branded_food,"HANNAFORD, MULTIGRAIN TASTEEOS, LIGHTLY SWEETENED MULTIGRAIN CEREAL"
441895,branded_food,"HANNAFORD, FROSTED SHREDDED WHEAT CEREAL"
441900,branded_food,"HANNAFORD, WHOLE GRAIN WHEAT CEREAL, STRAWBERRY FROSTED"
441905,branded_food,"HANNAFORD, TASTEEOS, SWEETENED TOASTED OAT CEREAL WITH HONEY AND NATURAL ALMOND FLAVOR, HONEY NUT"
441920,branded_food,"HANNAFORD, TASTEEOS OAT CEREAL, HONEY NUT"
441928,branded_food,"HANNAFORD, RAISIN BRAN CEREAL"
441935,branded_food,TOASTED WHOLE GRAIN OATS CEREAL
441938,branded_food,CEREAL
441939,branded_food,CRISPY TOASTED RICE CEREAL
442003,branded_food,"CRUNCHY OAT SQUARES, OAT CEREAL"
442007,branded_food,CRUNCHY CORN SQUARES OVEN TOASTED CORN CEREAL
442013,branded_food,TOASTED OATS CEREAL
442015,branded_food,CRUNCHY WHEAT & BARLEY CEREAL
442020,branded_food,TOASTED RICE CEREAL
442048,branded_food,"PUBLIX, OAT CRUNCH CEREAL, ORIGINAL"
442058,branded_food,"WEIS, BRAN CRUNCHY WHEAT FLAKES CEREAL, RAISIN"
442119,branded_food,CRISPY RICE & WHEAT FLAKES CEREAL WITH STRAWBERRIES
442145,branded_food,"PRICE CHOPPER, CRISP CRUNCH SWEETEND CORN & OATS CEREAL, BERRY TREATS"
442259,branded_food,CEREAL
442262,branded_food,FROSTED CEREAL
442299,branded_food,CEREAL
442301,branded_food,CEREAL
442320,branded_food,FROSTED LIGHTLY SWEETENED WHOLE GRAIN WHEAT CEREAL
442321,branded_food,SWEETENED RICE CEREAL WITH REAL COCOA
442323,branded_food,SWEETENED PUFFED WHEAT CEREAL
442324,branded_food,SWEETENED WHOLE GRAIN OAT CEREAL
442329,branded_food,CEREAL
442335,branded_food,WHOLE GRAIN WHEAT CEREAL
442338,branded_food,COCOA CORN PUFF CEREAL WITH MARSHMALLOWS
442340,branded_food,"CLOVER VALLEY, WHOLE GRAIN WHEAT CEREAL, RAISIN BRAN"
442578,branded_food,CEREAL
442579,branded_food,CEREAL
442581,branded_food,"RALEY'S, ORGANIC TOASTED OATS CEREAL"
442583,branded_food,"RALEY'S, ORGANIC HONEY TOASTED OATS CEREAL"
442589,branded_food,ORGANIC COCOA CRISPY RICE CEREAL
442600,branded_food,TOASTED OATS CEREAL
442844,branded_food,COCOA CRUNCH CORN PUFF CEREAL
442845,branded_food,"MARKET BASKET, SWEETENED POPPED-UP CORN CEREAL"
442846,branded_food,SHREDDED WHEAT CEREAL
442848,branded_food,CORN FLAKES CEREAL
442857,branded_food,WHEAT & BARLEY CEREAL
443031,branded_food,"KIGGINS, COCOA DIAMONDS, SWEETENED RICE CEREAL"
443125,branded_food,ORGANIC WHOLE GRAIN CEREAL
443186,branded_food,WHOLE GRAIN GRANOLA CEREAL
443204,branded_food,CORN FLAKES CEREAL
443226,branded_food,"CLEARLY ORGANIC, ORGANIC TOASTED OATS CEREAL"
443230,branded_food,ORGANIC HONEY NUT TOASTED OATS CEREAL
443232,branded_food,"CLEARLY ORGANIC, ORGANIC PEANUT BUTTER DOT CEREAL"
443233,branded_food,"CLEARLY ORGANIC, ORGANIC CINNAMON TOAST SQUARES CEREAL"
443235,branded_food,"CLEARLY ORGANIC, ORGANIC CEREAL, RAISIN BRAN"
443321,branded_food,"OUR FAMILY, HEARTY WHEAT & BRAN FLAKES CEREAL, RAISIN"
443323,branded_food,"OUR FAMILY, 4 CORNER CRUNCH, MULTI-GRAIN CEREAL, CINNAMON"
443324,branded_food,CORN BISCUITS TOASTED CEREAL
443325,branded_food,"OUR FAMILY, RAISIN BRAN CEREAL"
443328,branded_food,"OUR FAMILY, 4 CORNER CRUNCH, MULTI-GRAIN CEREAL, ORIGINAL"
443331,branded_food,"OUR FAMILY, SWEETENED CORN & OAT CEREAL, MIGHTY BERRY CURNCH"
443333,branded_food,TOASTED CRISPY RICE CEREAL
443335,branded_food,TOASTED RICE BISCUITS CEREAL
443344,branded_food,"OUR FAMILY, MULTIGRAIN HOT CEREAL, SUMMER BERRY"
443347,branded_food,PEACH ALMOND MULTIGRAIN HOT CEREAL
443458,branded_food,PUFFINS CEREAL
443459,branded_food,CEREAL
443551,branded_food,"CRUNCHY, BITE-SIZE, TOASTED RICE CEREAL"
443552,branded_food,TOASTED WHOLE GRAIN OAT CEREAL
443724,branded_food,CRUNCHY WHEAT FLAKES CEREAL
443745,branded_food,"HARRIS TEETER, LIVEWISE CEREAL BITE SIZE WHOLE GRAIN OAT CEREAL"
443876,branded_food,RICE CEREAL MIDDLE EAST DESSERT MIX
443966,branded_food,RAISIN BRAN CEREAL
443980,branded_food,"EXCEPTIONAL VALUE, HONEY NUT TOASTED OATS, SWEETENED CEREAL"
444017,branded_food,"PEACE CEREAL, QUINOA CHIA CRUNCH"
444018,branded_food,"PEACE CEREAL, ORGANIC RAISIN BRAN"
444020,branded_food,"PEACE CEREAL, GRANOLA, FRENCH VANILLA"
444025,branded_food,"CRISPY, SWEETENED, WHOLE WHEAT & RICE CEREAL"
444036,branded_food,FROSTED WHOLE GRAIN OAT CEREAL WITH MARSHMALLOWS
444112,branded_food,CINNAMON MULTIGRAIN CEREAL
444126,branded_food,"HY-VEE, TOASTED RICE OVEN TOASTED CEREAL"
444130,branded_food,CEREAL
444352,branded_food,"SMART & SIMPLE, BUNCH O'KRUNCH BERRIES CEREAL"
444393,branded_food,"WEGMANS, WHEAT PUFFS CEREAL, HONEY"
444396,branded_food,"WEGMANS, SQUARES WHOLE WHEAT & RICE CEREAL, CINNAMON"
444404,branded_food,"WEGMANS, RAISIN BRAN CEREAL"
444406,branded_food,"WEGMANS, CEREAL"
444407,branded_food,OAT CRISPS CEREAL
444411,branded_food,"WEGMANS, SHREDDED WHEAT WHOLE GRAIN WHEAT CEREAL"
444428,branded_food,CRISPY RICE CEREAL
444433,branded_food,"WEGMANS, ORGANIC HEMP & GREENS SUPERFOOD CEREAL"
444435,branded_food,"WEGMANS, RICE SQUARES CEREAL"
444446,branded_food,CORN SQUARES CEREAL
444447,branded_food,ORGANIC CACAO CRUNCH SUPERFOOD CEREAL
444461,branded_food,"WEGMANS, SWEETENED WHOLE WHEAT & RICE SQUARES CEREAL, CINNAMON"
444631,branded_food,ANCIENT GRAINS SWISS GRANOLA CEREAL WITH MAPLE & PECAN
444660,branded_food,"GREAT VALUE, AWAKE, SWEETENED CEREAL, VANILLA ALMOND"
444663,branded_food,SWEETENED NATURALLY APPLE FLAVORED MULTIGRAIN CEREAL
444665,branded_food,SWEETENED CORN & OAT CEREAL
444666,branded_food,CINNAMON CRUNCH SWEETENED WHEAT AND RICE CEREAL
444670,branded_food,MAGIC TREASURES TOASTED WHOLE GRAIN OAT CEREAL
444672,branded_food,"GREAT VALUE, TOASTED RICE CEREAL"
444857,branded_food,GRANOLA CEREAL WITH RAISINS
444926,branded_food,BRAN CEREAL
445136,branded_food,ANCIENT GRAINS ORGANIC HOT CEREAL
445138,branded_food,ORGANIC HOT CEREAL
445199,branded_food,"BROOKSHIRE'S, SWEETENED HONEY PUFFED WHEAT CEREAL"
445202,branded_food,HONEY NUT TOASTED OATS CEREAL
445203,branded_food,WHEAT BRAN CEREAL LOADED WITH RAISINS
445205,branded_food,"BROOKSHIRE'S, RICE CEREAL"
445433,branded_food,SWEETENED MULTI-GRAIN CEREAL
445434,branded_food,SWEETENED CORN & OAT CEREAL
445442,branded_food,FROSTED FRUIT O'S SWEETENED MULTI-GRAIN CEREAL WITH FRUIT FLAVORS
445443,branded_food,FROSTED WHOLE GRAIN OAT CEREAL WITH MARSHMALLOWS
445444,branded_food,SWEETENED FLAKES OF CORN CEREAL
445445,branded_food,SHREDDED WHEAT LIGHTLY SWEETENED WHOLE GRAIN WHEAT CEREAL
445447,branded_food,TOASTED WHOLE GRAIN OAT CEREAL
445449,branded_food,"MARKET ESSENTIALS, CORN & WHOLE WHEAT FLAKE CEREAL WITH GRANOLA, HONEY & OAT"
445546,branded_food,SHREDDED WHEAT CEREAL
445588,branded_food,BREAKFAST BLENDABLES MULTIGRAIN HOT CEREAL KIT
445589,branded_food,BREAKFAST BLENDABLES MULTIGRAIN HOT CEREAL KIT
445595,branded_food,MULTIGRAIN HOT CEREAL KIT
446247,branded_food,PROTEIN CEREAL
446257,branded_food,WHOLE WHEAT FLAKE & GRANOLA CEREAL
446258,branded_food,FLAKE & GRANOLA CEREAL
446259,branded_food,FLAKE & GRANOLA CEREAL
446500,branded_food,"MEIJER, SWIRL CRUNCH SWEETEND WHOLE WHEAT AND RICE CEREAL, CINNAMON"
446503,branded_food,SWEETENED MULTI-GRAIN CEREAL
446531,branded_food,"WILD HARVEST, GRANOLA CEREAL, CHOCOLATE CHERRY NUT"
446534,branded_food,ORGANIC MULTIGRAIN WITH FLAX INSTANT HOT CEREAL
446594,branded_food,NUTTY NUGGETS CRUNCHY WHEAT AND BARLEY CEREAL
446602,branded_food,"SUNNY SELECT, RAISIN BRAN CEREAL"
446760,branded_food,RAISIN BRAN CEREAL
446996,branded_food,"LOWES FOODS, WHEAT AND BRAN CEREAL WITH RAISINS"
446999,branded_food,CORN FLAKES CEREALES
447116,branded_food,RAISIN BRAN CEREAL
447122,branded_food,TOASTED OATS CEREAL WITH COLORED MARSHMALLOWS
447166,branded_food,ORGANIC GRANOLA CEREAL
447171,branded_food,LOW-FAT GRANOLA CEREAL
447180,branded_food,CRUNCHY GRANOLA CEREAL
451682,branded_food,"MULTI GRAIN CEREAL, MUESLI WITH RAISINS, DATES & ALMONDS"
451683,branded_food,CEREAL
451702,branded_food,WHOLE GRAIN WHEAT CEREAL
452958,branded_food,"KEEN ONE QUINOA, SUPER CEREAL, APPLE BERRY"
453106,branded_food,SWEETENED RICE CEREAL
453107,branded_food,SWEETENED RICE CEREAL
453108,branded_food,CEREAL
453109,branded_food,CRUNCHY HONEY ROASTED CEREAL
453110,branded_food,CEREALS
453111,branded_food,SWEETENED CORN AND OAT CEREAL
453112,branded_food,FRENCH TOASTERS CEREAL
453113,branded_food,CEREAL
453114,branded_food,ALMONDS CEREAL
453115,branded_food,SWEETENED CORN AND OAT CEREAL
453116,branded_food,SWEETENED RICE CEREAL WITH MARSHMALLOWS
453117,branded_food,CEREAL
453118,branded_food,PECAN & MAPLE BROWN SUGAR CEREAL
453119,branded_food,CEREAL
453477,branded_food,TRADITIONAL CORN FLAKES CEREAL
453502,branded_food,SUGAR COATED CORN FLAKES CEREAL
453503,branded_food,FRUIT RING CEREAL
453504,branded_food,EL CHAVO MULTIGRAIN RINGS CEREAL
453576,branded_food,OATS & GRAIN CEREAL
453578,branded_food,OATS & GRAIN CEREAL
453579,branded_food,OATS & GRAIN CEREAL
453582,branded_food,ORGANIC CINNAMON SQUARES CEREAL
453590,branded_food,A DELICIOUS TOASTED CEREAL
453591,branded_food,MIGHTY BEAN FLAKES CEREAL
453594,branded_food,SUPER OATS CEREAL
453595,branded_food,CEREAL
453598,branded_food,BATS & BOOS DELICIOUS AND SPOOKY CEREAL
453599,branded_food,HOT OATS CEREAL
453600,branded_food,COLORFUL FRUITY CEREAL
453635,branded_food,HI FIBER CEREAL
453637,branded_food,ORGANIC CEREAL
453638,branded_food,ORGANIC STONEGROUND FLAKES CEREAL
453639,branded_food,"BACK TO THE ROOTS, ORGANIC STONEGROUND FLAKES CEREAL, PURPLE CORN"
453657,branded_food,ALL ROUND GOODNESS ALLERGEN FREE CEREAL
453658,branded_food,ALL AROUND GOODNESS CEREAL
453659,branded_food,FRUITY RAINBOW ROCKS CEREAL
453665,branded_food,ORIGINAL ANCIENT GRAIN GRANOLA + PUFFS CEREAL
453666,branded_food,ANCIENT GRAIN GRANOLA + PUFFS CEREAL
453667,branded_food,ANCIENT GRAIN GRANOLA + PUFFS CEREAL
453668,branded_food,"PURELY ELIZABETH, ANCIENT GRANOLA + PUFFS CEREAL, PUMPKIN FIG"
453669,branded_food,ANCIENT GRAIN GRANOLA + PUFFS CEREAL.
453670,branded_food,ORIGINAL ANCIENT GRAIN GRANOLA + PUFFS CEREAL
453688,branded_food,BREAKFAST MULTIGRAIN CEREAL
453701,branded_food,NATURAL CORN CEREAL WITH SUGAR AND CINNAMON
453702,branded_food,CORN CEREAL
453703,branded_food,NATURAL CORN CEREAL PINOLE
453725,branded_food,SUPERFOOD CEREAL
453726,branded_food,SUPERFOOD CEREAL
453727,branded_food,SUPERFOOD CEREAL
453764,branded_food,CEREAL
453765,branded_food,SWEETENED RICE CEREAL
453766,branded_food,CEREAL
453805,branded_food,SPARK DETOXIFYING HOT CEREAL
453806,branded_food,ORGANIC DETOXIFYING HOT CEREAL BEAM
453807,branded_food,DETOXIFYING HOT CEREAL
453808,branded_food,DETOXIFYING HOT CEREAL
453838,branded_food,FROSTED FLAKES CEREAL
453839,branded_food,ARROZ INFLADO CON SABOR A CHOCOLATE CEREAL
453840,branded_food,CEREAL
454161,branded_food,ORGANIC HULLED MILLET CEREALS
459667,branded_food,"FOOD LION, FRUIT & GRAIN CEREAL BAR, BLUEBERRY"
460488,branded_food,FRUIT & GRAIN CEREAL BARS
460980,branded_food,CEREAL BAR
462931,branded_food,FRUIT & GRAIN CEREAL BAR
462932,branded_food,LOW FAT FRUIT & GRAIN CEREAL BAR
462933,branded_food,FRUIT & GRAIN CEREAL BAR
465941,branded_food,"DORSET CEREALS, BERRIES & CHERRIES MUESLI"
467233,branded_food,"CREAM OF WHEAT, CINNABON, INSTANT HOT CEREAL"
468543,branded_food,"LALA, YOGURT SMOOTHIE, PECAN CEREAL"
468609,branded_food,"LALA, YOGURT SMOOTHIE, VANILLA, ALMOND CEREAL"
469003,branded_food,"AMBROSIAL, ORGANIC MUESLI CEREAL, GOJI BERRY PUMPKIN"
469525,branded_food,"WILDWAY, INSTANT HOT CEREAL, TOASTED COCONUT"
469723,branded_food,"LALA, YOGURT SMOOTHIE, PECAN CEREAL"
469729,branded_food,"LALA, YOGURT SMOOTHIE, PECAN CEREAL"
469731,branded_food,"LALA, YOGURT SMOOTHIE, STRAWBERRY, BANANA CEREAL"
469739,branded_food,HONEY GRAHAM CEREAL
469740,branded_food,SWIRL CRUNCH CEREAL
469746,branded_food,LIGHTLY SWEETENED CORN & WHOLE WHEAT FLAKE CEREAL
469831,branded_food,"DANONE, DAIRY DRINK, STRAWBERRY BANANA CEREAL"
469834,branded_food,NUT AND CEREAL DAIRY DRINK
470526,branded_food,FRUIT RINGS MULTI-GRAIN CEREAL
470572,branded_food,CRISPY RICE & WHEAT FLAKES CEREAL
470653,branded_food,LIGHTLY TOASTED RICE & WHEAT FLAKES CEREAL
470657,branded_food,HEALTHY MORNING RICE & WHEAT FLAKES CEREAL
470844,branded_food,MULTIGRAIN CLUSTER & FLAKE CEREAL
470845,branded_food,CHERRY ALMOND MULTIGRAIN CLUSTER & FLAKE CEREAL
470901,branded_food,CRISP CRUNCH MULTIGRAIN CEREAL
470902,branded_food,GRANOLA CEREAL
470913,branded_food,SWEETENED OAT CEREAL WITH COLORED MARSHMALLOWS
470915,branded_food,"SWEETENED TOASTED OAT CEREAL WITH HONEY & ALMONDS, HONEY NUT TOASTED OATS"
470918,branded_food,SWEETENED MULTI-GRAIN CEREAL
470920,branded_food,SWEETENED CORN CEREAL MADE WITH REAL COCOA
470923,branded_food,CRUNCHY CEREAL
470929,branded_food,CORN FLAKES TOASTED CEREAL
470932,branded_food,CINN-AMAZING CRUNCH SWEETENED WHEAT & RICE CEREAL
470935,branded_food,"MULTIGRAIN MEDLEY, SWEETENED TOASTED MULTIGRAIN CEREAL"
470938,branded_food,TOASTED RICE & WHEAT FLAKES CEREAL WITH STRAWBERRIES
470939,branded_food,SWEETENED WHEAT & RICE CEREAL
470940,branded_food,CRISPY RICE & WHEAT FLAKES CEREAL
470942,branded_food,ENRICHED FARINA HOT WHEAT CEREAL
470982,branded_food,COCOA RAGEOUS SWEETENED RICE CEREAL WITH REAL COCOA
470987,branded_food,PEANUT BUTTERY FILLED SQUARES CEREAL
470996,branded_food,"H-E-B CRISPY RICE, CEREAL"
471012,branded_food,GRANOLA CEREAL
471013,branded_food,FRUIT & NUT GRANOLA CEREAL
471014,branded_food,GRANOLA CEREAL
471015,branded_food,GRANOLA CEREAL
471109,branded_food,SWEETENED MULTI-GRAIN CEREAL
471127,branded_food,SWEETENED WHOLE GRAIN OAT CEREAL WITH REAL HONEY
471155,branded_food,CRISPY RICE & WHEAT FLAKES CEREAL
471157,branded_food,SWEETENED PUFFED WHEAT CEREAL
471158,branded_food,SWEETENED MULTI-GRAIN CEREAL
471159,branded_food,SWEETENED RICE CEREAL
471160,branded_food,SWEETENED WHOLE GRAIN OAT CEREAL WITH REAL HONEY
471161,branded_food,SWEETENED FLAKES OF CORN CEREAL
471162,branded_food,CEREAL
471163,branded_food,CEREAL
471216,branded_food,CEREAL
471267,branded_food,HONEY NUT O'S CEREAL
471273,branded_food,MULTI GRAIN LIGHTLY SWEETENED CEREAL
471320,branded_food,"BUNCH O' SQUARES, SWEETENED WHEAT & RICE CEREAL"
471326,branded_food,FROSTED SHREDDED WHEAT CEREAL
471339,branded_food,SWEETENED RICE CEREAL FRUITY DIAMONDS
471391,branded_food,FROSTED FLAKES PRESWEETENED CORN CEREAL
471392,branded_food,MULTIGRAIN HOT CEREAL
471629,branded_food,INSTANT MAPLE BUCKWHEAT HOT CEREAL
471666,branded_food,SWEETENED OAT CEREAL WITH MARSHMALLOWS
471673,branded_food,WHEAT FLAKES WHOLE GRAIN WHEAT CEREAL
471682,branded_food,OAT SQUARES CEREAL
471684,branded_food,TOASTED CRISPY RICE CEREAL
471698,branded_food,TOASTED OAT CEREAL
471813,branded_food,FALL HARVEST CEREAL
471822,branded_food,CEREAL WITH ALMONDS
471898,branded_food,STRAWBERRY CEREAL BARS
471996,branded_food,SHREDDED WHOLE WHEAT CEREAL
472002,branded_food,CORN FLAKES CEREAL
472867,branded_food,QUINOA CEREAL
473561,branded_food,SUPREME CEREAL GRANOLA
473574,branded_food,SUPREME CEREAL GRANOLA
473768,branded_food,SUPER CEREAL
473769,branded_food,SUPER CEREAL
473874,branded_food,ORGANIC MULTIGRAIN FLAKE CEREAL
474183,branded_food,SWEETENED RICE CEREAL
474231,branded_food,SUPERFOOD HOT CEREAL
474348,branded_food,WHOLE WHEAT CEREAL BISCUITS
474501,branded_food,MILK CHOCOLATE PRALINES FILLED WITH CREAM & CEREALS
474593,branded_food,RICE CEREAL MOGHLY MIDDLE EAST DESSERT MIX
477714,branded_food,FRUIT & GRAIN CEREAL BARS
479005,branded_food,CEREAL BAR
482308,branded_food,FRUIT & GRAIN CEREAL BARS
482604,branded_food,STRAWBERRY CEREAL BAR
484597,branded_food,DELICIOUS DEALS FRUIT & GRAIN LOW FAT CEREAL BARS
484679,branded_food,"MRS. FRESHLEY'S, DELICIOUS DEALS, FRUIT & GRAIN LOW FAT CEREAL BAR, BLUEBERRY"
484801,branded_food,FRUIT & GRAIN CEREAL BARS
484851,branded_food,"MRS. FRESHLEY'S, DELICIOUS DEALS, FRUIT&GRAIN LOW FAT CEREAL BARS, STRAWBERRY"
485652,branded_food,OVEN TOASTED CRISP RICE CEREAL
485653,branded_food,SWEETENED RICE CEREAL
485654,branded_food,SUPER COCOA MUNCH SWEETENED RICE AND CEREAL
485655,branded_food,CRUNCHY OAT CEREAL
485656,branded_food,SWEETENED CORN CEREAL
486005,branded_food,INSTANT OATMEAL CEREAL
487986,branded_food,CEREAL
488030,branded_food,TOASTED OATS MUESLI CEREAL
488061,branded_food,ORGANIC TOASTED COCONUT MUESLI CEREAL
488069,branded_food,"MARKET PANTRY, FROSTED SHREDDED WHEAT CEREAL"
488092,branded_food,"MARKET PANTRY, WHOLE GRAIN CEREAL, TOASTED OATS"
488146,branded_food,CRISPY TOASTED FLAKES CEREAL
489999,branded_food,HONEY OATS & FLAKES CEREAL
490000,branded_food,TOASTED OATS CEREAL
490003,branded_food,RICE SQUARES OVEN TOASTED RICE CEREAL
490280,branded_food,CRUNCHY WHEAT & BARLEY CEREAL
490692,branded_food,BERRY CRISP CRUNCH SWEETENED CORN & OAT CEREAL
490706,branded_food,FROSTED BITE-SIZE SHREDDED WHEAT CEREAL
491184,branded_food,MARSHMALLOW MINI'S WHOLE GRAIN OAT CEREAL
491185,branded_food,CRUNCH' TASTIC CEREAL
491386,branded_food,WHEAT BRAN FLAKES CEREAL
491387,branded_food,CRISP RICE OVEN TOASTED RICE CEREAL
491712,branded_food,HONEY OAT CEREAL MONSTER BARS
492846,branded_food,ORGANIC BOWLS HOT CEREAL STEEL-CUT OATS
493097,branded_food,"BARBARA'S, PUFFINS, CEREAL, CINNAMON"
493138,branded_food,CORN FLAKES CEREAL
493198,branded_food,ORGANIC BERRY BLAST CRISPY RICE CEREAL BARS
493204,branded_food,ORGANIC CEREAL
493465,branded_food,MARSHMALLOW CEREAL BARS
493594,branded_food,"HARRIS TEETER, HARVEST GRAINS, A WHOLESOME GRAIN CEREAL WITH RAISING, DATE & PECANS"
493722,branded_food,"TROPICAL, DRINKABLE LOWFAT YOGURT, PECAN CEREAL"
494068,branded_food,"MEIJER, BOUNTIFUL MORNING, 100% NATURAL GRANOLA CEREAL"
494101,branded_food,ORGANIC CEREAL
494201,branded_food,WHEAT SQUARES WHOLE GRAIN CEREAL
494597,branded_food,GOOD TO GO CEREAL BARS
494742,branded_food,TOASTED OAT SWEETENED WHOLE GRAIN OAT CEREAL
494891,branded_food,90 CALORIE CEREAL BARS
494979,branded_food,CEREAL BARS
495163,branded_food,ORGANIC OATMEAL SUPERFOOD HOT CEREAL
496811,branded_food,FLAKES CEREAL
496812,branded_food,"SPARTAN, FRUIT & MULTIGRAIN CEREAL"
497848,branded_food,FRUIT & GRAIN CEREAL BAR
497947,branded_food,CEREAL BARS
498015,branded_food,INSTANT HOT CEREAL
498114,branded_food,CRUNCHEE CEREAL BARS
498735,branded_food,100% WHOLE GRAIN BIG BISCUIT CEREAL
499602,branded_food,"YOGURT SMOOTHIE, STRAWBERRY BANANA CEREAL"
499915,branded_food,"HODGSON MILL, OAT BRAN HOT CEREAL"
500642,branded_food,"WINCO FOODS, WHOLE GRAIN OAT CEREAL, TOASTED OATS"
500765,branded_food,STRAWBERRY FRUIT & GRAIN CEREAL BARS
500766,branded_food,MIXED BERRY FRUIT & GRAIN CEREAL BARS
500808,branded_food,"ROUNDY'S SELECT, MULTI-GRAIN CRISP CEREAL"
501349,branded_food,GRANOLA CEREAL WITH CRUNCHY OAT CLUSTERS WITHOUT ADDED SUGAR
501351,branded_food,"NICE!, FRUIT & GRAIN CEREAL BARS, STRAWBERRY"
504391,branded_food,"CAP'N CRUNCH, SWEETENED CORN & OAT CEREAL, PEANUT BUTTER CRUNCH"
504392,branded_food,"KELLOGG'S, TOASTED RICE CEREAL, RICE KRISPIES"
504393,branded_food,"KELLOGG'S, FROSTED FLAKES, CORN CEREAL"
504395,branded_food,"GENERAL MILLS, CHEERIOS, MULTI GRAIN LIGHTLY SWEETENED CEREAL"
504477,branded_food,BONBONS FILLED WITH PEANUT PASTE AND CEREAL CRISPY
505376,branded_food,"CAP'N CRUNCH'S, OOPS! ALL BERRIES, SWEETENED CORN & OAT CEREAL"
505377,branded_food,"CAP'N CRUNCH'S, CRUNCH CORN & OAT CEREAL, CINNAMON ROLL"
505406,branded_food,TASTEEOS SWEETENED TOASTED OAT CEREAL
505427,branded_food,WHOLE GRAIN ROLLED HOT CEREAL
505445,branded_food,LIGHT TOASTED RICE & WHEAT CEREAL
505477,branded_food,CORN FLAKES CEREAL
505487,branded_food,"LALA, YOGURT SMOOTHIE, PRUNE CEREAL"
505507,branded_food,"GENERAL MILLS, CEREAL, CINNAMON TOAST CRUNCH"
505509,branded_food,"KELLOGG'S, APPLE JACKS, CEREAL WITH APPLE & CINNANON"
505510,branded_food,"QUAKER, LIFE, MULTIGRAIN CEREAL, ORIGINAL"
505578,branded_food,GRAHAM CRACKER CEREAL
505579,branded_food,SWEETENED WHOLE WHEAT & RICE CEREAL WITH CINNAMON
505593,branded_food,SWEETENED CORN CEREAL
505618,branded_food,"ARROWHEAD MILLS, ORGANIC RICE & SHINE HOT CEREAL"
505624,branded_food,ORIGINAL MULTIGRAIN CEREAL
505625,branded_food,WHOLE GRAIN WHEAT & BARLEY CEREAL
505663,branded_food,GRANOLA CEREAL
505778,branded_food,"GIANT, OVEN-TOASTED OAT SQUARES CEREAL, CINNAMON"
505836,branded_food,RAISIN BRAN CEREAL
506081,branded_food,OATMEAL SQUARES WITH A HINT OF BROWN SUGAR CRUNCHY OAT CEREAL
506406,branded_food,CEREAL
506486,branded_food,GRAB 'N GO MUESLI CEREAL
506487,branded_food,GRAB 'N GO MUESLI CEREAL
506610,branded_food,TREATS CEREAL BARS
507116,branded_food,FRUIT & GRAIN CEREAL BAR
507657,branded_food,CEREAL BARS
507662,branded_food,CEREAL BARS
507664,branded_food,CEREAL BARS
507852,branded_food,CEREAL BARS
509058,branded_food,GRANOLA CEREAL
509061,branded_food,SWEET OATS & ALMONDS MULTIGRAIN CLUSTER FLAKE CEREAL
509089,branded_food,HONEY SWEETENED PUFFED WHEAT CEREAL
509090,branded_food,WHOLE GRAIN WHEAT AND WHEAT BRAN WITH RAISINS CEREAL
509091,branded_food,FROSTED FLAKES SWEETENED CORN CEREAL
509096,branded_food,OATMEAL SQUARES CRUNCHY OAT CEREAL WITH A TASTE OF BROWN SUGAR
509144,branded_food,CLASSIC GOURMET PREMIUM GRANOLA CEREAL
509150,branded_food,SWEETENED CORN & OAT CEREAL
509161,branded_food,ALL-NATURAL TIMELESS GRAINS CEREAL
509219,branded_food,SWEETENED MULTI-GRAIN CEREAL
509235,branded_food,GRANOLA CEREAL
511038,branded_food,ORGANIC STONEGROUND FLAKES CEREAL
511319,branded_food,"NESTLE CRUNCH, MILK CHOCOLATE WITH CRISP CEREALS BAR"
511364,branded_food,WHOLE GRAIN OAT CEREAL
511778,branded_food,ORGANIC GRANOLA CEREAL
511854,branded_food,CEREAL BARS WITH VANILLA FILLING
512299,branded_food,FLAKE & GRANOLA CEREAL
512745,branded_food,OVEN TOASTED CORN SQUARES CEREAL
512930,branded_food,BITE SIZE SHREDDED WHOLE WHEAT CEREAL
513213,branded_food,MULTIGRAIN CEREAL
513216,branded_food,SWEETENED CORN & OAT CEREAL
513466,branded_food,SWEETENED CORN & OAT CEREAL
514839,branded_food,GRANOLA CEREAL WITH FRUIT
518003,branded_food,TOASTED OATS CEREAL
518222,branded_food,SWEETENED OAT CEREAL WITH MARSHMALLOWS
518758,branded_food,"GRANOLA WITH RAISINS AND ALMONDS, CEREAL WITH WHOLE GRAIN OATS, WHOLE GRAIN WHEAT, PLUMP RAISINS PUFFED RICE AND ALMONDS"
518759,branded_food,"RAISINS, DATES & PECANS MULTI GRAIN CEREAL"
518783,branded_food,MUESLI COLD CEREAL
519758,branded_food,"CINNAMON SQUARES CRISPY, SWEETENED WHEAT & RICE CEREAL"
519763,branded_food,CEREAL
519764,branded_food,CEREAL
519765,branded_food,CEREAL
519766,branded_food,CEREAL
519767,branded_food,CEREAL
519964,branded_food,ORGANIC CEREAL
519969,branded_food,ORGANIC CORN FLAKES CEREAL
521100,branded_food,TOASTED OATS CEREAL
521101,branded_food,HONEY NUT SWEETENED OAT CEREAL WITH REAL HONEY & NATURAL ALMOND
521229,branded_food,"ALMOND CRUNCHY HONEY OATS, MULTIGRAIN CEREAL WITH GRANOLA AND ALMONDS"
521230,branded_food,RAISIN BRAN CEREAL
521232,branded_food,OAT CEREAL
521233,branded_food,TOASTED OAT CEREAL
521234,branded_food,CEREAL
521862,branded_food,MULTIGRAIN SQUARES CEREAL
521863,branded_food,MULTIGRAIN SQUARES CEREAL
522112,branded_food,VANILLA ALMOND CEREAL NATURALLY FLAVORED
522289,branded_food,FROSTED SHREDDED WHEAT CEREAL
522547,branded_food,SWEETENED CORN CEREAL
522618,branded_food,CORN FLAKES CEREAL
522880,branded_food,GOJI-CACAO SUPERFOOD CEREAL
523611,branded_food,ORGANIC WHOLE WHEAT FARINA HOT CEREAL
523951,branded_food,FRUIT & GRAIN CEREAL BARS
524041,branded_food,LOW FAT BLUEBERRY FRUIT & GRAIN CEREAL BARS
524130,branded_food,STRAWBERRY FRUIT & GRAIN CEREAL BAR
524164,branded_food,FRUIT AND GRAIN CEREAL BARS
524336,branded_food,OLD FASHIONED OATS 100% WHOLE GRAIN CEREAL
524533,branded_food,FRUIT & GRAIN CEREAL BARS
524662,branded_food,FRUIT AND GRAIN CEREAL BARS
525079,branded_food,YOGURT SMOOTHIE VANILLA ALMOND CEREAL
525109,branded_food,FRUIT & GRAIN CEREAL BARS
525234,branded_food,FROSTED TOASTED OAT CEREAL WITH MARSHMALLOWS
525420,branded_food,FRUIT & GRAIN CEREAL BARS
525893,branded_food,FRUIT AND GRAIN CEREAL BARS
526045,branded_food,100% OLD FASHIONED OATS WHOLE GRAIN CEREAL
526639,branded_food,STEEL CUT OATS 100% WHOLE GRAIN CEREAL
526778,branded_food,FRUIT & GRAIN CEREAL BARS
527024,branded_food,CEREAL BARS
527107,branded_food,"100% WHOLE GRAIN OAT CEREAL QUICK ONE MINUTE OATMEAL, WHOLE GRAIN"
527394,branded_food,QUICK OATS 100% WHOLE GRAIN CEREAL
528077,branded_food,FRUIT & GRAIN CEREAL BARS
528140,branded_food,STRAWBERRY LOW FAT FRUIT & GRAIN CEREAL BARS
529033,branded_food,FRUIT & GRAIN CEREAL BARS
529229,branded_food,OLD FASHIONED OATS 100% WHOLE GRAIN CEREAL
529474,branded_food,APPLE CINNAMON FRUIT & GRAIN CEREAL BAR
530142,branded_food,MULTI GRAIN CEREAL BAR WITH CHIA
530354,branded_food,POLAR PUFFS CEREAL
530957,branded_food,OLD FASHIONED OATS 100% WHOLE GRAIN CEREAL
530981,branded_food,QUICK OATS 100% WHOLE GRAIN CEREAL
531456,branded_food,INSTANT HOT CEREAL
531995,branded_food,FORTIFIED CREAMY HOT WHEAT CEREAL
531996,branded_food,INSTANT MULTIGRAIN HOT CEREAL
531997,branded_food,GREAT GRAINS INSTANT MULTIGRAIN HOT CEREAL
531998,branded_food,INSTANT MULTIGRAIN HOT CEREAL
532911,branded_food,BLUEBERRY FRUIT & GRAIN CEREAL BAR
535197,branded_food,SWEETENED MULTIGRAIN CEREAL
535198,branded_food,FROSTED WHOLE GRAIN OAT CEREAL WITH MARSHMALLOWS
535199,branded_food,SWEETENED MULTIGRAIN CEREAL
535203,branded_food,SWEETENED CORN AND OAT CEREAL
535205,branded_food,"CINNAMON SWEETENED OAT, CORN, WHEAT AND RICE CEREAL"
535206,branded_food,FROSTED CORN PUFFS CEREAL
535210,branded_food,"NUTTY NUGGETS CRUNCHY WHEAT & BARLEY CEREAL, WHEAT & BARLEY"
535433,branded_food,SHREDDED WHEAT CEREAL
535449,branded_food,SHREDDED WHEAT CEREAL
535550,branded_food,FROSTED S'MORES BITES CEREAL
535616,branded_food,HIGH FIBER OAT BRAN HOT CEREAL
535925,branded_food,CEREAL PROTEIN BAR
537008,branded_food,CEREAL
537998,branded_food,TOASTED RICE CEREAL
537999,branded_food,SWEETENED CORN & OAT CEREAL CRUNCH
538003,branded_food,"CARAMEL POPCORN CRUNCH, SWEETENED CORN & OAT CEREAL"
538574,branded_food,ORGANIC MULTIGRAIN HOT CEREAL
538751,branded_food,"MEIJER, OAT SQUARES CEREAL"
538772,branded_food,"QUAKER, MULTIGRAIN HOT CEREAL"
538811,branded_food,"QUAKER, INSTANT HOT CEREAL, HONEY ALMOND"
539154,branded_food,"CINNAMON, MULTIGRAIN CEREAL"
539480,branded_food,FRUIT FILLING CEREAL BARS
539481,branded_food,CEREAL BARS
539519,branded_food,FRUIT & GRAIN CEREAL BARS
539606,branded_food,"KELLOGG'S, GREEK CEREAL BOWL WITH KELLOGG'S SPECIAL K ORIGINAL, STRAWBERRY"
539705,branded_food,CEREAL
539706,branded_food,CORN CEREAL
540133,branded_food,GRAHAM CEREAL
540318,branded_food,"QUAKER, SUPER GRAINS INSTANT HOT CEREAL, APPLES & CINNAMON"
540387,branded_food,MULTIGRAIN CEREAL
541038,branded_food,"CAP'N CRUNCH, SWEETENED CORN & OAT CEREAL"
541221,branded_food,"ENJOY LIFE, PERKY'S CRUNCHY RICE CEREAL, ORIGINAL"
541222,branded_food,"ENJOY LIFE, PERKY'S CRUNCHY FLAX CEREAL, ORIGINAL"
542249,branded_food,FROSTED SHREDDED WHEAT CEREAL
542773,branded_food,SHREDDED WHEAT CEREAL
544093,branded_food,ORGANIC SUPERFOOD HOT CEREAL CHIA CRUNCH
544346,branded_food,"YOCRUNCH, CEREAL BOWL, LOWFAT YOGURT WITH KELLOGG'S CRAVE DOUBLE CHOCOLATE, VANILLA"
544434,branded_food,FRUIT & GRAIN CEREAL BARS
544508,branded_food,CEREAL
544552,branded_food,SWEETENED ORGANIC CORN AND OAT CEREAL
544563,branded_food,OVEN TOASTED FLAKES OF CORN CEREAL
544564,branded_food,MARSHMALLOW MATEYS CEREAL
544565,branded_food,CEREAL
544566,branded_food,SWEETENED CORN PUFF CEREAL WITH REAL COCOA AND MARSHMALLOWS
544567,branded_food,CEREALS
544568,branded_food,CEREAL
544569,branded_food,CEREAL
544570,branded_food,CEREAL
544571,branded_food,CEREAL
544572,branded_food,CEREAL
544573,branded_food,MARSHMALLOW MATEYS CEREAL
544574,branded_food,CEREAL
544575,branded_food,CEREAL
544576,branded_food,CEREAL
544577,branded_food,CEREAL
544579,branded_food,SWEETENED CORN PUFF CEREAL WITH REAL PEANUT BUTTER AND COCOA
544580,branded_food,FROSTED FLAKES CEREAL
544581,branded_food,CEREAL
544582,branded_food,FROSTED FLAKES CEREAL
544583,branded_food,FROSTED FLAKES CEREAL
544587,branded_food,OVEN TOASTED FLAKES OF CORN CEREAL
544588,branded_food,CORN FLAKES OVEN TOASTED FLAKES OF CORN CEREAL
544589,branded_food,FROSTED SHREDDED WHEAT WITH PROTEIN CEREAL
544591,branded_food,CEREAL
544592,branded_food,POWER-PACKED NUTRITION CEREAL
544593,branded_food,CEREAL
544594,branded_food,FIT CEREAL
544595,branded_food,MARSHMALLOW MATEYS CEREAL
544596,branded_food,FROSTED WHOLE GRAIN OAT CEREAL WITH MARSHMALLOWS
544597,branded_food,FROSTED WHOLE GRAIN OAT CEREAL WITH MARSHMALLOWS
544598,branded_food,SWEETENED CORN PUFF CEREAL WITH REAL COCOA & MARSHMALLOWS
544599,branded_food,FROSTED WHOLE GRAIN OAT CEREAL
544600,branded_food,CHOCOLATE FROSTED SHREDDED WHEAT CEREAL
544601,branded_food,SWEETENED CORN PUFF CEREAL WITH REAL PEANUT BUTTER AND COCOA
544602,branded_food,FROSTED FLAKES CEREAL
544604,branded_food,CEREAL
544605,branded_food,FROSTED FLAKES CEREAL
545450,branded_food,CEREAL + MILK
545777,branded_food,SWEETENED WHOLE WHEAT & RICE CEREAL WITH CINNAMON BITES
545778,branded_food,NATURAL HONEY FLAVORED MULTIGRAIN CEREAL WITH GRANOLA
545779,branded_food,CEREAL
545821,branded_food,CEREAL
545824,branded_food,CORN SQUARES OVEN TOASTED CORN CEREAL
545886,branded_food,ORGANIC CEREAL
545892,branded_food,CEREAL
545900,branded_food,SWEETENED WHOLE WHEAT AND RICE CEREAL WITH REAL CINNAMON
545907,branded_food,FROSTED FLAKES TOASTED SWEETENED CORN CEREAL
545945,branded_food,TOASTED OATS CEREAL
545963,branded_food,FROSTED MULTIGRAIN CEREAL
545997,branded_food,TOASTED MULTIGRAIN CEREAL WITH ALMONDS AND HONEY OAT CLUSTERS
545998,branded_food,CRISPY RICE CEREAL
545999,branded_food,TOASTED MULTIGRAIN CEREAL WITH HONEY OAT CLUSTERS
546000,branded_food,RAISIN & BRAN KRISP CEREAL
546001,branded_food,BRAN FLAKES CEREAL
546002,branded_food,VANILLA ALMOND CEREAL
546003,branded_food,RICE BISCUITS CEREAL
546004,branded_food,CRUNCHY WHEAT & CORN CEREAL
546005,branded_food,RAISIN BRAN CEREAL
546006,branded_food,CORN FLAKES CEREAL
546007,branded_food,FROSTED FLAKES CEREAL
546008,branded_food,SWEETENED WHOLE WHEAT & RICE CEREAL WITH CINNAMON
546009,branded_food,CORN BISCUITS CEREAL
546010,branded_food,SHREDDED WHEAT CEREAL
546036,branded_food,FROSTED SHREDDED WHEAT BITE SIZE CEREAL
546037,branded_food,FROSTED SHREDDED WHEAT BITE SIZE CEREAL
546047,branded_food,SUPERFOOD HOT CEREAL
546048,branded_food,HONEY CHIA-SUPER FLAKES CEREALS
546049,branded_food,SUPER FLAKES CEREAL
546054,branded_food,TOASTED CORN CEREAL POCKETS
546056,branded_food,CRISPY RICE CEREAL
546065,branded_food,BITE-SIZE FROSTED SHREDDED WHEAT CEREAL
546490,branded_food,BERRY CRUNCH SWEETENED CORN & OAT CEREAL
547096,branded_food,CREAMY WHEAT CEREAL
547339,branded_food,GOLDEN FLAKES OF CORN CEREAL
547410,branded_food,OREO O'S CEREAL
547598,branded_food,MULTI-GRAIN CEREAL
547844,branded_food,ANCIENT GRAIN GRANOLA + PUFFS CEREAL
547975,branded_food,SWEETENED CORN FLAKE CEREAL
548040,branded_food,FROSTED FLAKES CEREAL
548394,branded_food,SWEETENED CORN & OAT CEREAL
548872,branded_food,SWEETENED CORN CEREAL
549387,branded_food,SWEETENED RICE CEREAL
549410,branded_food,FLAKES & CLUSTERS CEREAL
549499,branded_food,"CRISPY, OVEN TOASTED RICE CEREAL"
549593,branded_food,PEANUT BUTTER SWEET & CRUNCHY CORN CEREAL
549603,branded_food,TOASTED CORN FLAKES OF CORN CEREAL
549622,branded_food,SWEETENED RICE CEREAL
549656,branded_food,SWEETENED MULTI-GRAIN CEREAL
549936,branded_food,FROSTED FLAKES CEREAL
549937,branded_food,SWEETENED WHOLE WHEAT & RICE CEREAL WITH CINNAMON SWIRLS
549938,branded_food,FRUIT & GRAIN CEREAL BARS
549947,branded_food,FROSTED FLAKES CEREAL
549955,branded_food,CEREAL
550209,branded_food,"KROGER, CORN FLAKES TOASTED CORN CEREAL"
550271,branded_food,SUPERFOOD CEREAL
550347,branded_food,SWEETENED RICE CEREAL
550351,branded_food,SWEETENED RICE CEREAL
550365,branded_food,CEREAL
550453,branded_food,CEREAL
550477,branded_food,CHOCOLATE FLAVORED RICE CEREAL WITH REAL COCOA
550621,branded_food,WHEAT SQUARES OVEN TOASTED WHOLE GRAIN WHEAT CEREAL
550965,branded_food,RAISIN BRAN CEREAL
550966,branded_food,RAISIN BRAN CEREAL
551442,branded_food,OATS & TREASURES FROSTED WHOLE GRAIN OAT CEREAL WITH MARSHMALLOWS
551735,branded_food,CEREAL
551910,branded_food,CEREAL
552090,branded_food,NUTTY NUGGETS CRUNCHY WHEAT & BARLEY CEREAL
552271,branded_food,CEREAL
552288,branded_food,FRUIT & GRAIN CEREAL BARS
552440,branded_food,CRISPY CEREAL STICK
552838,branded_food,PROTEIN CEREAL
553125,branded_food,ORGANIC CORN FLAKES CEREAL
553135,branded_food,TOASTED OATS CEREAL
553186,branded_food,FROSTED FLAKES CEREAL
553400,branded_food,CEREAL
554355,branded_food,CEREAL
555026,branded_food,WHEAT BRAN CEREAL
555169,branded_food,FRUIT & GRAIN CEREAL BARS
555198,branded_food,CEREAL BARS
555279,branded_food,"MULTIGRAIN MEDLEY, LIGHTLY SWEETENED MULTIGRAIN CEREAL"
555285,branded_food,FROSTED WHOLE GRAIN OAT CEREAL WITH MARSHMALLOW
555292,branded_food,LIGHTLY SWEETENED WHOLE GRAIN WHEAT CEREAL
555313,branded_food,SUPER CEREAL
555503,branded_food,FRUIT AND GRAIN CEREAL BARS
555569,branded_food,MULTIGRAIN CEREAL
555831,branded_food,"TOASTED WHOLE WHEAT BERRY FLAKES & FLAXSEED CEREAL, ORIGINAL WHEAT BERRY FLAKES"
555858,branded_food,CEREAL
555889,branded_food,ORGANIC RAISIN BRAN CEREAL
555943,branded_food,SWEETENED MULTI-GRAIN CEREAL
556061,branded_food,ORGANIC FROSTED FLAKES CEREAL
556062,branded_food,ORGANIC CEREAL
556063,branded_food,ORGANIC TOASTED O'S CEREAL
556270,branded_food,CEREAL
556293,branded_food,CRUNCHY OAT CEREAL
556336,branded_food,CEREAL
556360,branded_food,CINNI-MINI CRUNCH CEREAL
556726,branded_food,SWEETENED CORN & OAT CEREAL
556860,branded_food,ORGANIC RIP'S POWER-UP BOWL CEREAL
556959,branded_food,SWEETENED RICE CEREAL
557022,branded_food,S'MORES CEREAL
557200,branded_food,ORGANIC RIP'S POWER-UP BOWL HOT CEREAL
557373,branded_food,"MEIJER, CRISP RICE TOASTED RICE CEREAL"
557401,branded_food,"POST, GREAT GRAINS, WHOLE GRAIN CEREAL, HONEY,OATS & SEEDS"
557408,branded_food,"NATURE'S PROMISE, MUESLI CEREAL, PEANUT BUTTER APPLE"
557429,branded_food,WHOLE GRAIN CEREAL
557483,branded_food,HIGH FIBER CEREAL
557509,branded_food,"POST, GREAT GRAINS, PROTEIN BLEND WHOLE GRAIN CEREAL, CINNAMON HAZELNUT"
557623,branded_food,CRACKED WHEAT HOT CEREAL WHOLE GRAIN
557802,branded_food,"BITSY'S BRAINFOOD, ORGANIC WHOLE GRAIN AND VEGETABLE CEREAL, FRUIT"
557919,branded_food,"HEALTH VALLEY, HEALTH VALLEY ORGANIC, MULTIGRAIN CEREAL BARS, BLUEBERRY COBBLER"
557954,branded_food,SWEETENED CEREAL WITH APPLE & CINNAMON
557965,branded_food,INSTANT CEREAL
558289,branded_food,CEREAL
558379,branded_food,SWEETENED CEREAL
558392,branded_food,TOASTED WHOLE GRAIN OAT CEREAL
558399,branded_food,SWEETENED WHOLE GRAIN CEREAL
558402,branded_food,CRUNCH SWEETENED WHOLE WHEAT & RICE CEREAL
558403,branded_food,RAISIN BRAN CEREAL
558514,branded_food,COCOA CRUNCHIES SWEETENED CORN CEREAL
558517,branded_food,CRISPY RICE TOASTED RICE CEREAL
558691,branded_food,SWEETENED MULTI-GRAIN CEREAL
558695,branded_food,SWEETENED OAT CEREAL
558699,branded_food,SWEETENED CEREAL
558741,branded_food,TOASTED MULTI-GRAIN CEREAL WITH ALMONDS & HONEY OAT CLUSTERS
558747,branded_food,TOASTED MULTI-GRAIN CEREAL WITH HONEY OAT CLUSTERS
559187,branded_food,CINNAMON CEREAL TOASTERS
559226,branded_food,CINNAMON TOASTERS CEREAL
559227,branded_food,CEREAL
559718,branded_food,ORGANIC HOT CEREAL
561071,branded_food,FROSTED BITE SIZE CEREAL
561090,branded_food,S'MORES CEREAL
561155,branded_food,CEREAL
561156,branded_food,SWEETENED WHOLE WHEAT AND CORN CEREAL
561157,branded_food,CEREAL
561158,branded_food,CRANBERRY VANILLA TRAIL MIX CRUNCH CEREAL
561159,branded_food,FROSTED CEREAL
561160,branded_food,CEREAL
561161,branded_food,CEREAL WITH CRISPY ALMONDS
561162,branded_food,CEREAL
561163,branded_food,CEREAL
561164,branded_food,FROSTED FLAKES CEREAL
561165,branded_food,CEREAL
561168,branded_food,CEREAL
561169,branded_food,CRISPY SWEETENED RICE CEREAL
561170,branded_food,RAISIN BRAN CEREALS
561171,branded_food,CEREAL
561172,branded_food,CEREAL
561173,branded_food,MARSHMALLOW MATEYS CEREAL
561174,branded_food,RAISIN BRAN CEREAL
561175,branded_food,COOKIE BITES CEREAL
561176,branded_food,CEREAL
561177,branded_food,CEREAL
561178,branded_food,CEREAL
561179,branded_food,CEREAL
561180,branded_food,SWEETENED RICE CEREAL WITH MARSHMALLOWS
561181,branded_food,CEREAL
561182,branded_food,OAT BLENDERS CEREAL
561184,branded_food,CEREAL
561413,branded_food,FROSTED BITE SIZE SHREDDED WHEAT ORIGINAL LIGHTLY SWEETENED WHOLE GRAIN WHEAT CEREAL
561437,branded_food,TOASTED OATS WHOLE GRAIN OAT CEREAL
561472,branded_food,SWEETENED FLAKES OF CORN CEREAL
561735,branded_food,CEREAL
561736,branded_food,OAT CEREAL
561751,branded_food,SWEETENED CORN & OAT CEREAL
561752,branded_food,SWEETENED MULTIGRAIN CEREAL
561753,branded_food,FROSTED WHOLE GRAIN OAT CEREAL WITH MARSHMALLOW BITS
562152,branded_food,FRUIT & GRAIN CEREAL BARS
562153,branded_food,FRUIT & GRAIN CEREAL BAR
562165,branded_food,ORGANIC HOT CEREAL
562176,branded_food,FRUIT & GRAIN CEREAL BARS
562744,branded_food,CEREAL
562745,branded_food,CEREAL
562746,branded_food,CEREAL
562747,branded_food,HONEY BUNCHES OF OATS CEREAL
562748,branded_food,CORN CEREAL
562750,branded_food,CEREAL WITH MARSHMALLOWS
562751,branded_food,CEREAL
562752,branded_food,CEREAL
562842,branded_food,SWEETENED CORN & OAT CEREAL
562853,branded_food,OVEN TOASTED CORN CEREAL
562858,branded_food,SWEETENED OAT CEREAL WITH COLORED MARSHMALLOW BITS
562869,branded_food,PRE-SWEETENED FROSTED CORN CEREAL
562870,branded_food,SWEETENED OAT CEREAL WITH MARSHMALLOWS
562871,branded_food,CEREAL
562872,branded_food,SWEETENED CORN AND OAT CEREAL
562874,branded_food,SWEETENED TOASTED OATS CEREAL
562875,branded_food,OVEN TOASTED RICE CEREAL
562877,branded_food,CRISPY CORN & RICE CEREAL
563911,branded_food,FRUIT&GRAIN CEREAL BARS
563912,branded_food,FRUIT&GRAIN CEREAL BARS
563914,branded_food,FRUIT&GRAIN CEREAL BARS
563918,branded_food,FRUIT&GRAIN CEREAL BARS
563960,branded_food,CEREAL
563978,branded_food,PUFFED RICE CEREAL
564205,branded_food,TREASURES CEREAL
564272,branded_food,GRANOLA CEREAL
564369,branded_food,100% WHOLE GRAIN CEREAL
564392,branded_food,WHOLE GRAIN ROLLED OATS CEREAL
564393,branded_food,100% WHOLE GRAIN CEREAL OLD-FASHIONED OATS
564397,branded_food,100% WHOLE GRAIN QUICK OATS CEREAL
564645,branded_food,HONEY GRAHAMS CEREAL
565120,branded_food,BUNCH O' SQUARES CEREAL
565351,branded_food,CEREAL
565414,branded_food,SWEETENED WHOLE GRAIN WHEAT & RICE SQUARE CEREAL
565422,branded_food,CEREAL
565423,branded_food,ORGANIC TOASTED OATS CEREAL
565424,branded_food,ORGANIC FROSTED CORN FLAKES CEREAL
565469,branded_food,FROSTED SWEETENED FLAKES OF CORN CEREAL
565470,branded_food,AWAKE CEREAL
565471,branded_food,RICE & WHEAT FLAKES WITH ALMONDS CEREAL
565472,branded_food,CEREAL
565473,branded_food,CEREAL
565474,branded_food,CEREAL
565475,branded_food,CORN SQUARES TOASTED CEREAL
565961,branded_food,CEREAL
566095,branded_food,RICE CEREAL WITH REAL COCOA
566260,branded_food,GRANOLA CEREAL
566875,branded_food,SUGAR FROSTED FLAKES CEREAL
566880,branded_food,OATMEAL SQUARES CEREAL
566882,branded_food,BITE SIZE SHREDDED WHEAT CEREAL
566884,branded_food,CRISPY OAT SQUARES CEREAL
566889,branded_food,TOASTED OATS CEREAL
566895,branded_food,RAISIN BRAN CEREAL
566953,branded_food,HONEY NUT TOASTED OATS CEREAL
566976,branded_food,HONEY GRAHAM CEREAL
567037,branded_food,CEREAL
567237,branded_food,CEREAL
567414,branded_food,CORN FLAKES CEREAL
567449,branded_food,ORGANIC SWEETENED CORN CEREAL
567463,branded_food,OAT CRUNCH CEREAL
567473,branded_food,NUTTY BITES CEREAL
567543,branded_food,TOASTED CORN CEREAL
567710,branded_food,BRAN FLAKES WHOLE GRAIN WHEAT CEREAL
567712,branded_food,CEREAL BARS
568133,branded_food,TOASTED CINNAMON SQUARES CRISPY SWEETENED WHOLE WHEAT AND RICE CEREAL WITH CINNAMON
568500,branded_food,CINNAMON SWEETENED WHOLE WHEAT & RICE CEREAL
568673,branded_food,CRISPY COCOA RICE CEREAL
568679,branded_food,TOASTED CORN FLAKES OF CORN CEREAL
568683,branded_food,LIGHTLY SWEETENED WHOLE WHEAT CEREAL BLUEBERRY WHEATFULS
568685,branded_food,LIGHTLY SWEETENED FROSTED SHREDDED WHOLE GRAIN WHEAT CEREAL
568687,branded_food,"BITE SIZE SHREDDED WHEAT CEREAL, SHREDDED WHEAT"
568694,branded_food,"BITE SIZE FROSTED SHREDDED WHEAT CEREAL, FROSTED SHREDDED WHEAT"
568706,branded_food,FROSTED SHREDDED WHEAT SWEETENED WHOLE GRAIN WHEAT CEREAL
568708,branded_food,SWEETENED TOASTED OAT CEREAL WITH HONEY
568852,branded_food,CEREAL
569099,branded_food,SWEETENED PUFFED WHEAT CEREAL
569100,branded_food,TOASTED RICE CEREAL
569131,branded_food,SWEETENED MULTI-GRAIN CEREAL
569135,branded_food,CEREAL
569136,branded_food,CEREAL
569371,branded_food,ORIGINAL CREAMY HOT WHEAT CEREAL
569558,branded_food,HOT CEREAL
569776,branded_food,"KROGER, FROSTED FLAKES SWEETENED CORN CEREAL"
569781,branded_food,CORN FLAKES CEREAL
569799,branded_food,"SAFEWAY KITCHENS, CRISPY RICE CEREAL"
569800,branded_food,"SIGNATURE KITCHENS, INSTANT OATMEAL CEREAL, ORIGINAL"
569803,branded_food,"KEMACH, CORN FLAKES CEREAL"
569869,branded_food,TOASTED OATS CEREAL
569882,branded_food,"EATING RIGHT, MUESLI CEREAL"
569894,branded_food,CRANBERRY ALMOND CEREAL
569962,branded_food,MUESLI CEREAL
570138,branded_food,MULTIGRAIN HOT CEREAL WITH FLAX
570377,branded_food,TOASTED FLAKES OF CORN CEREAL
570380,branded_food,CRUNCHY RAISIN BRAN FLAKES CEREAL
570397,branded_food,MULTI-GRAIN CEREAL BARS
570444,branded_food,APPLE DAPPLES SWEETENED MULTI-GRAIN CEREAL
570640,branded_food,MAPLE PECANS FLAKES & CLUSTERS CEREAL
570922,branded_food,QUICK OATS 100% WHOLE GRAIN CEREAL
571050,branded_food,CRISPY RICE CEREAL
571062,branded_food,HONEY POPS CEREAL
571086,branded_food,CINNI-MINI CRUNCH CEREAL
571103,branded_food,SWEETENED WHOLE WHEAT & RICE CEREAL WITH CINNAMON
571119,branded_food,WHOLE GRAIN OAT CEREAL
571448,branded_food,"SWEET & SALTY CHEWY PRETZEL BARS, PEANUT CHOCOLATE CHUNK, WITH A MIXTURE OF PRETZELS, PEANUTS & CEREAL WITH A MILK CHOCOLATE FLAVORED COATING"
571482,branded_food,RASPBERRY FRUIT & GRAIN CEREAL BARS
571495,branded_food,APPLE CINNAMON FRUIT & GRAIN CEREAL BARS
571503,branded_food,STRAWBERRY FRUIT & GRAIN CEREAL BARS
571508,branded_food,FRUIT & GRAIN BLUEBERRY NATURALLY & ARTIFICIALLY FLAVORED CEREAL BARS
571517,branded_food,FRUIT & GRAIN APPLE CINNAMON CEREAL BARS
571732,branded_food,CEREAL
571733,branded_food,CORN FLAKES CEREAL
571734,branded_food,CEREAL
571735,branded_food,CEREAL
571736,branded_food,CEREAL
571738,branded_food,WHOLE WHEAT AND RICE CEREAL WITH CINNAMON
571739,branded_food,WHOLE GRAIN WHEAT CEREAL
571740,branded_food,SWEETENED RICE CEREAL
571741,branded_food,CEREAL
571742,branded_food,ALMOND CRUNCH CEREAL
571743,branded_food,COCOA DYNO-BITES CEREAL
571744,branded_food,CEREAL WITH MARSHMALLOWS!
571847,branded_food,MULTIGRAIN & FLAXSEED INSTANT HOT CEREAL
572039,branded_food,RASPBERRY FRUIT & GRAIN CEREAL BARS
572122,branded_food,WHOLE GRAIN WHEAT & BRAN CEREAL WITH RAISINS
572215,branded_food,FROSTED WHOLE GRAIN OAT CEREAL WITH MARSHMALLOW SHAPES
572227,branded_food,GRAHAM SQUARES WHOLE GRAIN CEREAL WITH REAL HONEY
572261,branded_food,FROSTED SHREDDED WHEAT BITE SIZE CEREAL
572263,branded_food,FROSTED SHREDDED WHEAT CEREAL
572542,branded_food,CORN CEREAL FROSTED FLAKES
572607,branded_food,NUTTER BUTTER CEREAL
572765,branded_food,QUICK HOT CEREAL
572789,branded_food,CEREAL
572929,branded_food,FRUIT & GRAIN MIXED BERRY CEREAL BARS
573103,branded_food,MINI SQUARES CEREAL
573604,branded_food,FROSTY FLAKES SWEETENED CORN CEREAL
573618,branded_food,MAPLE BROWN SUGAR FROSTED BITE SIZE SHREDDED WHEAT CEREAL
573901,branded_food,TOASTED CINNAMON CEREAL
574012,branded_food,CORN FLAKES CEREAL
574050,branded_food,CEREAL
574090,branded_food,CRISPY RICE CEREAL
574175,branded_food,BRAN FLAKES WHEAT CEREAL
574783,branded_food,COCOA CRUNCHIES CEREAL
574832,branded_food,TOASTED RICE CEREAL
574921,branded_food,CEREAL
575311,branded_food,ORGANIC CEREAL
575312,branded_food,ORGANIC CEREAL
575313,branded_food,"ORGANIC CEREAL FLAKES, GRANOLA & ITALIAN DARK CHOCOLATE"
575458,branded_food,CRISP RICE CEREAL BAR
575513,branded_food,TOASTED OAT CEREAL
575528,branded_food,SWEETENED MULTIGRAIN CEREAL
575533,branded_food,FROSTED OAT CEREAL
575534,branded_food,SWEETENED MULTIGRAIN CEREAL
575543,branded_food,FROSTED FLAKES TOASTED CORN CEREAL
575735,branded_food,FRUIT & GRAIN CEREAL BARS
575741,branded_food,SWEETENED WHEAT AND RICE CEREAL
575746,branded_food,FRUIT WHIRLS CEREAL
575749,branded_food,CRISP RICE CEREAL
575762,branded_food,CORN FLAKES CEREAL
575772,branded_food,CEREAL BARS
575779,branded_food,CEREAL BARS
575822,branded_food,SWEETENED CEREAL
575830,branded_food,TOASTED OATS CEREAL
575846,branded_food,BLENDED CEREAL
575847,branded_food,CEREAL
575868,branded_food,LOW FAT APPLE CINNAMON FRUIT & GRAIN CEREAL BARS
577633,branded_food,MULTIGRAIN CEREAL
577634,branded_food,SWEETENED CORN & OAT CEREAL
577643,branded_food,ORGANIC HONEY NUT TOASTED OATS CEREAL
578477,branded_food,SWEETENED CORN & OAT CEREAL
578479,branded_food,MULTIGRAIN CEREAL
578497,branded_food,HIGH PROTEIN CEREAL
578751,branded_food,SWEETENED CORN & OAT CEREAL
578753,branded_food,SWEETENED CORN & OAT CEREAL
578758,branded_food,MULTIGRAIN CEREAL
578764,branded_food,SWEETENED CORN & OAT CEREAL
578765,branded_food,MULTIGRAIN CEREAL
578766,branded_food,SWEETENED CORN & OAT CEREAL
578768,branded_food,MULTIGRAIN CEREAL
578769,branded_food,SWEETENED CORN & OAT CEREAL
578772,branded_food,GRANOLA CEREAL
578775,branded_food,GRANOLA CEREAL
578846,branded_food,GRANOLA CEREAL WITH WHOLE GRAINS
578847,branded_food,MULTIGRAIN CEREAL
578933,branded_food,CHILLED OAT CEREAL WITH QUINOA & FLAXSEED
579204,branded_food,O'S CEREAL
579459,branded_food,PANCAKE CRUNCH SWEETENED CORN & OAT CEREAL
579675,branded_food,"NESTLE CRUNCH, MILK CHOCOLATE WITH CRISP CEREALS BAR, HAZELNUT"
579759,branded_food,MULTIGRAIN CEREAL
579826,branded_food,RAISIN WHEAT BRAN CEREAL WITH RAISINS
580073,branded_food,HOT CEREAL OAT BRAN
580074,branded_food,OAT BRAN HOT CEREAL
580098,branded_food,HIGH FIBER OAT BRAN HOT CEREAL
580101,branded_food,HIGH FIBER OAT BRAN HOT CEREAL
580121,branded_food,CREAMY HOT WHEAT FORTIFIED CEREAL
580233,branded_food,RAISIN BRAN CRUNCHY WHEAT FLAKES CEREAL WITH RAISINS
580240,branded_food,BERRY CRUNCH SWEETENED CORN AND OAT CEREAL
580380,branded_food,CEREAL
580580,branded_food,FRUITY CEREAL CRISPY BITES
580583,branded_food,FRUITY CEREAL CRISPY BAR
580594,branded_food,CHIPS AHOY! CEREAL
580708,branded_food,SHREDDED WHEAT CEREAL
580714,branded_food,RAISIN BRAN CEREAL
580728,branded_food,CEREAL
580738,branded_food,HONEY GRAHAM AND STRAWBERRY FLAVORED CEREAL WITH MARSHMALLOWS
580832,branded_food,FRUITY CEREAL MILK PROTEIN POWDER
581062,branded_food,ORGANIC STONEGROUND FROSTED FLAKES CEREAL
581116,branded_food,"FROSTED SHREDDED WHEAT CEREAL, STRAWBERRY"
581228,branded_food,MARSHMALLOW CEREAL BARS
581566,branded_food,GOLDEN CEREAL
581569,branded_food,FROSTED SHREDDED WHEAT CEREAL
581745,branded_food,CEREAL
581753,branded_food,MARSHMALLOW CEREAL BARS
581811,branded_food,APPLE CINNAMON FRUIT & GRAIN CEREAL BARS
581815,branded_food,FRUIT & GRAIN CEREAL BARS
581955,branded_food,ORGANIC COCOA FLAKES CEREAL
581999,branded_food,SWEETENED MULTIGRAIN CEREAL
582191,branded_food,GLUTEN FREE MUESLI EUROPEAN STYLE HOT OR COLD CEREAL
582290,branded_food,QUICK OATS 100% WHOLE GRAIN CEREAL
582918,branded_food,CEREAL
582925,branded_food,CEREAL
584092,branded_food,OREO O'S CEREAL
584668,branded_food,"CRUNCHY HONEY, OATS & ALMONDS NATURALLY FLAVORED, LIGHTLY SWEETENED CORN & WHOLE WHEAT FLAKE CEREAL WITH GRANOLA & SLICED ALMONDS"
584946,branded_food,"PEANUT BUTTER & COCOA SWEETENED CRUNCHY CORN CEREAL, PEANUT BUTTER & COCOA"
584962,branded_food,CINNAMON OAT BITES SWEETENED MULTIGRAIN CEREAL
585082,branded_food,HONEY GRAHAM AND STRAWBERRY FLAVORED CEREAL WITH MARSHMALLOWS
585170,branded_food,HONEY & NUT NATURALLY FLAVORED TOASTED OATS CEREAL
585283,branded_food,WHOLE GRAIN OAT AND WHEAT CEREAL WITH ALMONDS
585333,branded_food,HONEY GRAHAM AND STRAWBERRY FLAVORED CEREAL WITH MARSHMALLOWS
585430,branded_food,BITE SIZE TOASTED RICE CEREAL
585781,branded_food,TOASTED OATS CEREAL
585847,branded_food,FROSTED FLAKES CEREAL
585851,branded_food,COCONUT CHAI SUPERFOOD CEREAL
585858,branded_food,CINNAMON OAT SQUARES CEREAL
585886,branded_food,INSTANT HOT CEREAL
585964,branded_food,SWEETENED MULTIGRAIN CEREAL
585995,branded_food,WHOLE GRAIN WHEAT AND BRAN CEREAL WITH RAISINS
586023,branded_food,HONEY BUZZERS CEREAL
586093,branded_food,BROWN RICE CRISPS CEREAL
586168,branded_food,CRUNCHY WHEAT & BARLEY CEREAL
586202,branded_food,CRISP RICE TOASTED RICE CEREAL
586249,branded_food,TOASTED GRAIN CEREAL
586256,branded_food,INSTANT HOT CEREAL
586267,branded_food,RAISIN BRAN CEREAL
586337,branded_food,EASY LIVING OAT SQUARES CEREAL
586437,branded_food,MIXED BERRY FRUIT & GRAIN CEREAL BARS
586506,branded_food,CORN AND OAT CEREAL
586549,branded_food,COCOA FLAVORED CORN & OAT CEREAL WITH MARSHMALLOWS
586559,branded_food,ORGANIC WHOLE GRAIN OAT CEREAL
586593,branded_food,SWEETENED CORN AND OAT CEREAL
586654,branded_food,SWEETENED CRUNCHY CORN CEREAL
586717,branded_food,SWEETENED PUFFED WHEAT CEREAL
586757,branded_food,SWEETENED MULTI-GRAIN CEREAL WITH HONEY OAT CLUSTERS AND ALMONDS
586758,branded_food,WHOLE GRAIN WHEAT CEREAL
586760,branded_food,CHERRY FRUIT & GRAIN CEREAL BARS
586800,branded_food,GRANOLA CEREAL OLD-FASHIONED ROLLED OATS
586829,branded_food,COCOA RICE CEREAL
586876,branded_food,SWEETENED MULTIGRAIN CEREAL
586907,branded_food,CAKE BATTER FLAVORED CEREAL WITH CHOCOLATE FLAVORED MARSHMALLOWS
586996,branded_food,CRANBERRY ALMOND MULTI GRAIN CEREAL
587096,branded_food,ORGANIC CHEETAH CHOMPS CEREAL
587155,branded_food,LIGHTLY SWEETENED CORN AND WHOLE WHEAT FLAKE CEREAL WITH GRANOLA AND SLICED ALMONDS
587158,branded_food,ORGANIC CEREAL
587209,branded_food,HONEY PUFFED WHEAT SWEETENED WHEAT CEREAL WITH REAL HONEY
587281,branded_food,CEREAL
587325,branded_food,SWEETENED RICE CEREAL WITH REAL COCOA
587345,branded_food,"BRAN FLAKES, WHOLE GRAIN WHEAT & BRAN CEREAL"
587379,branded_food,FROSTED SHREDDED WHEAT CEREAL
587381,branded_food,PEANUT BUTTER & COCOA SWEETENED RICE CEREAL
587392,branded_food,"FROSTED SHREDDED, SWEETENED WHEAT CEREAL"
587490,branded_food,SWEETENED WHOLE WHEAT & RICE CEREAL WITH CINNAMON
587512,branded_food,CEREAL APPLE & CINNAMON
587519,branded_food,BRAN FLAKES CEREAL
587548,branded_food,CINN-AMAZING CRUNCH SWEETENED WHOLE WHEAT & RICE CEREAL WITH REAL CINNAMON
587551,branded_food,SWEETENED CORN & OAT CEREAL
587600,branded_food,CAKE BATTER FLAVORED CEREAL WITH CHOCOLATE FLAVORED MARSHMALLOWS
587604,branded_food,HONEY NUT TOASTED OATS SWEETENED CEREAL WITH HONEY & ALMONDS
587682,branded_food,100% WHOLE WHEAT CEREAL
587746,branded_food,TOASTED FLAKES CEREAL HONEY OAT
587766,branded_food,SUPERFOOD CEREAL
588006,branded_food,OUR STRAWBERRY BLONDE HONEY GRAHAM AND STRAWBERRY FLAVORED CEREAL WITH MARSHMALLOWS
588057,branded_food,FROSTED FLAKES SWEETENED CORN CEREAL
588214,branded_food,PUMPKIN O'S WHOLE GRAIN CEREAL WITH PUMPKIN & CINNAMON
588252,branded_food,PUFFED WHEAT CEREAL
588290,branded_food,TOASTED MULTI-GRAIN CEREAL WITH HONEY OAT CLUSTERS
588331,branded_food,FROSTED SHREDDED WHEAT CEREAL
588413,branded_food,ORGANIC WHOLE GRAIN BARLEY CEREAL
588431,branded_food,GOLDEN PUFFS CEREAL
588465,branded_food,WHOLE GRAIN CEREAL
588493,branded_food,CEREAL
588518,branded_food,CRISPY OAT SQUARES CEREAL
588543,branded_food,FRUIT & GRAIN CEREAL BARS
588560,branded_food,"SWEETENED WHEAT PUFFS, PUFFED WHEAT CEREAL"
588563,branded_food,"SWEETENED THREE-GRAIN CEREAL, NATURAL APPLE AND CINNAMON"
588712,branded_food,FROSTED COCOA SWEETENED CORN CEREAL
588815,branded_food,FROSTED FLAKES SWEETENED CORN CEREAL
588905,branded_food,"CRISPY, SWEETENED WHOLE WHEAT & RICE CEREAL"
588932,branded_food,CEREAL
588941,branded_food,SWEETENED CORN CEREAL
588989,branded_food,SWEETENED MULTI-GRAIN CEREAL
589029,branded_food,SWEETENED CORN & OAT CEREAL
589186,branded_food,FROSTED WHEAT PUFFS SWEETENED PUFFED WHEAT CEREAL
589236,branded_food,CINNAMON OAT SQUARES CEREAL
589254,branded_food,"CRUNCHY WHEAT & BRAN FLAKES CEREAL & LOTS OF PLUMP, JUICY RAISINS"
589277,branded_food,CEREAL
589281,branded_food,WHEAT BRAN FLAKES CEREAL
589391,branded_food,SWEETENED RICE CEREAL
589423,branded_food,TOASTED OATS CEREAL
589440,branded_food,RICE CEREAL
589458,branded_food,TOASTED OAT CEREAL WITH REAL HONEY
589555,branded_food,SWEETENED MULTI-GRAIN CEREAL WITH REAL APPLES & CINNAMON
589648,branded_food,GLUTEN FREE TROPICAL MUESLI EUROPEAN STYLE HOT OR COLD CEREAL
589649,branded_food,MUESLI PALEO GRAIN FREE COLD CEREAL
589768,branded_food,GOLDEN CEREAL
589770,branded_food,BANANA PUDDING CEREAL
589815,branded_food,COCOA CRISPY RICE CHOCOLATY SWEETENED RICE CEREAL
589972,branded_food,FROSTED BITE-SIZE SHREDDED WHOLE WHEAT CEREAL
590083,branded_food,CEREAL
590230,branded_food,COCOA CRUNCHIES SWEETENED CORN CEREAL
590316,branded_food,TOASTED RICE CEREAL
590592,branded_food,CHOCO SPOTS SWEETENED CORN CEREAL
590684,branded_food,O'S CEREAL
590713,branded_food,OAT BITES SWEETENED MULTIGRAIN CEREAL
590824,branded_food,COCOA CRISP RICE SWEETENED RICE CEREAL
591184,branded_food,PUMPKIN SPICE TOASTED OATS CEREAL
591285,branded_food,HONEY & OAT CLUSTERS LIGHTLY SWEETENED CORN & WHOLE WHEAT FLAKE CEREAL WITH GRANOLA
591286,branded_food,CRISPY SWEETENED WHOLE WHEAT AND RICE CEREAL WITH CINNAMON
591340,branded_food,CEREAL CULTURED BUTTER BLEND SNACK
591430,branded_food,CORN FLAKES TOASTED CEREAL
591497,branded_food,APPLE BITS MULTIGRAIN RINGS CEREAL
591571,branded_food,RAISIN GRANOLA CEREAL
591574,branded_food,CHOCOLATE GRANOLA CEREAL
591575,branded_food,GRANOLA CEREAL
591672,branded_food,"MULTIGRAIN TOASTED OATS SWEETENED CORN, WHEAT, OAT, BARLEY AND RICE CEREAL"
591676,branded_food,"HONEY WHEELS SWEETENED CORN & OAT CEREAL, HONEY WHEELS"
591798,branded_food,BITE SIZE FROSTED SHREDDED WHEAT SWEETENED WHOLE GRAIN CEREAL
592027,branded_food,SWEETENED OAT CEREAL WITH MARSHMALLOWS
592030,branded_food,A SWEETENED CORN CEREAL MADE WITH REAL COCOA
592046,branded_food,OAT SQUARES CEREAL
592191,branded_food,CEREAL
592692,branded_food,HONEY BZZZZZ SWEETENED CORN & OAT CEREAL
592699,branded_food,PB COCOA PLANETS SWEETENED CRUNCHY CORN CEREAL
592705,branded_food,"RICE SQUARES OVEN TOASTED CEREAL, RICE SQUARES"
592721,branded_food,OATS & MORE SWEETENED MULTI-GRAIN CEREAL WITH ALMONDS
592737,branded_food,ENRICHED BRAN FLAKES CEREAL
592739,branded_food,"COCOA CRUNCH, A SWEETENED CORN CEREAL MADE WITH REAL COCOA, COCOA CRUNCH"
592740,branded_food,"OATMEAL 100% WHOLE GRAIN CEREAL, OATMEAL"
592793,branded_food,FRUIT FRENZY SWEETENED MULTI-GRAIN CEREAL
592842,branded_food,NATURAL HONEY FLAVORED MULTIGRAIN CEREAL WITH GRANOLA
592864,branded_food,CRUNCHY HONEY & OATS CEREAL
592870,branded_food,SWEETENED RICE CEREAL
592873,branded_food,COCOA CRISPY CORN PUFF CEREAL
593363,branded_food,WHOLE GRAIN WHEAT CEREAL
593434,branded_food,STRAWBERRY FRUIT & GRAIN CEREAL BARS
594097,branded_food,FRUIT & GRAIN CEREAL BARS
594290,branded_food,"TWIN GRAIN CRISP CRISPY CORN & RICE CEREAL, TWIN GRAIN CRISP"
594291,branded_food,OVEN TOASTED CRISP RICE CEREAL
594297,branded_food,"VERY BERRY CRUNCH SWEETENED CORN AND OAT CEREAL, VERY BERRY CRUNCH"
594324,branded_food,CRUNCHY BERRY SWEETENED CORN & OAT CEREAL
594326,branded_food,SWEETENED GOLDEN PUFFED WHEAT CEREAL
595114,branded_food,WHEAT & BARLEY CEREAL
595135,branded_food,WHOLE GRAIN KAMUT KHORASAN WHEAT HOT CEREAL
595203,branded_food,CRISPY LIGHT GRANOLA CEREAL
595474,branded_food,ORGANIC CREAMY WHEAT HOT CEREAL
595708,branded_food,EUROPEAN STYLE FRUIT & SEED MUESLI HOT OR COLD CEREAL
595771,branded_food,NUTTY BITES CEREAL
596609,branded_food,CEREAL
596761,branded_food,STRAWBERRY CREAM LIGHTLY SWEETENED WHOLE GRAIN WHEAT CEREAL
596841,branded_food,CRANBERRY ALMOND CRUNCH CEREAL
597046,branded_food,OLD FASHIONED 100% WHOLE GRAIN CEREAL NATURAL OATMEAL
597062,branded_food,OATMEAL QUICK 1-MINUTE 100% WHOLE GRAIN CEREAL
597187,branded_food,OLD FASHIONED OATMEAL 100% WHOLE GRAIN CEREAL
597416,branded_food,FROSTED FLAKES SWEETENED FLAKES OF CORN CEREAL
597429,branded_food,"FRUITY JEWELS SWEETENED RICE CEREAL, FRUITY JEWELS"
597433,branded_food,"HONEY & NUT TOASTED OATS CEREAL, HONEY & NUT"
597434,branded_food,"OVEN TOASTED SWEETENED MULTI-GRAIN CEREAL WITH HONEY, HONEY"
597456,branded_food,BERRIED TREASURE SWEETENED MULTI-GRAIN CEREAL
597462,branded_food,"CRISP RICE CEREAL, CRISP RICE"
597542,branded_food,SHREDDED WHEAT FROSTED CEREAL
597929,branded_food,PUFFS SWEETENED WHEAT CEREAL
597931,branded_food,"PROTEIN CAKE BITES, FRUITY CEREAL"
597933,branded_food,EASY LIVING OAT SQUARES CEREAL
598128,branded_food,CINNAMON OATS SQUARES CEREAL
598130,branded_food,ORGANIC WHOLE GRAIN OAT AND ORGANIC RICE CEREAL
598182,branded_food,RAISIN BRAN CEREAL
598245,branded_food,WHOLE GRAIN RAISIN BRAN CEREAL
598268,branded_food,"GOLDEN QUINOA & OATS HOT CEREAL, APPLE CINNAMON"
598632,branded_food,FRUIT PUFFZ SWEETENED CORN CEREAL
598898,branded_food,GOLDEN QUINOA & OATS HOT CEREAL
598953,branded_food,PUFFED WHEAT CEREAL
599003,branded_food,FARINA ENRICHED HOT CREAMY WHEAT CEREAL
599013,branded_food,VERY BERRY CRUNCH SWEETENED CORN AND OAT CEREAL
599024,branded_food,SWEETENED TOASTED OATS CEREAL WITH REAL HONEY & ALMOND FLAVOR
599260,branded_food,CEREAL CRISPY RICE
599572,branded_food,CLUSTERS OF OATS & HONEY CEREAL
599574,branded_food,LIGHTLY SWEETENED WHOLE GRAIN CEREAL
599902,branded_food,NUTRITIOUS CEREAL & SNACK BAR
600202,branded_food,"RAISIN BRAN CEREAL, RAISIN BRAN"
600203,branded_food,"WHEAT SQUARES TOASTED CEREAL, WHEAT SQUARES"
600438,branded_food,"GRANOLA CEREAL, FLAXSEEDS, WALNUTS, PECANS, SESAME AND HAZELNUTS"
600608,branded_food,"MUSLI, ALL NATURAL CEREAL, BERRY & APPLE"
600681,branded_food,"PUFFED RICE CEREAL, PUFFED RICE"
600687,branded_food,"BITE SIZE STRAWBERRY FROSTED SHREDDED WHEAT CEREAL, STRAWBERRY FROSTED"
600689,branded_food,"DUNKSTERS SWEET & CRUNCHY CORN CEREAL, DUNKSTERS"
600711,branded_food,"SWEETENED WHOLE GRAIN WHEAT CEREAL, FROSTED SHREDDED WHEAT"
600750,branded_food,"BALANCE MULTIGRAIN CEREAL, CINNAMON"
600795,branded_food,"WHEAT CEREAL WITH BRAN, WHEAT BRAN"
600796,branded_food,"OVEN TOASTED SWEETENED MULTI-GRAIN CEREAL WITH STRAWBERRIES, STRAWBERRIES"
600797,branded_food,"FROSTED FLAKES SWEETENED CORN CEREAL, FROSTED FLAKES"
600798,branded_food,"CRUNCHY SWEETENED MULTI-GRAIN CEREAL WITH APPLE & CINNAMON, APPLE ROLLS"
600799,branded_food,CORN FLAKES CEREAL
600840,branded_food,"SWEETENED CORN CEREAL, SWEETENED CORN"
600848,branded_food,"ORIGINAL BALANCE MULTIGRAIN CEREAL, ORIGINAL"
600898,branded_food,"SWEETENED, WHOLE GRAIN WHEAT CEREAL"
601109,branded_food,WHOLE GRAIN WHEAT CEREAL
601355,branded_food,"CRUNCHY CORN TOASTED CORN CEREAL, CRUNCHY CORN"
601380,branded_food,BITESIZE SHREDDED WHEAT CEREAL
601440,branded_food,CRISPY HEXAGONS CORN & RICE CEREAL
601471,branded_food,"FRUIT & GRAIN MEDLEY CEREAL, FRUIT & GRAIN MEDLEY"
601512,branded_food,"MAPLE BROWN SUGAR & PECANS MULTI-GRAIN INSTANT HOT CEREAL, MAPLE BROWN SUGAR & PECANS"
601684,branded_food,"CORN FLAKES CEREAL, CORN FLAKES"
602521,branded_food,"APPLE CINNAMON MULTI-GRAIN INSTANT HOT CEREAL, APPLE CINNAMON"
602569,branded_food,FROSTED FLAKES CORN CEREAL
602948,branded_food,"SWEETENED TOASTED WHOLE GRAIN OAT CEREAL WITH REAL HONEY & ALMONDS, REAL HONEY & ALMONDS"
602979,branded_food,"CRISPY RICE CEREAL, MARSHMALLOWS, CHOCOLATE FROSTING MIX, RAINBOW CONFETTI SPRINKLES CONFETTI DONUT, MARSHMALLOWS, CHOCOLATE"
603497,branded_food,RAISIN BRAN CEREAL
603674,branded_food,"CORN FLAKES CEREAL, CORN FLAKES"
603686,branded_food,"CINNAMON KRUNCHERS CRISPY, CRUNCHY RICE CEREAL, CINNAMON KRUNCHERS"
603867,branded_food,"VANILLA ALMOND & HONEY MULTI-GRAIN INSTANT HOT CEREAL, VANILLA ALMOND & HONEY"
604073,branded_food,CEREAL CORN BURSTS
604100,branded_food,"COCOA CRISPY RICE CEREAL, COCOA"
604353,branded_food,"SWEETENED CRUNCHY CORN CEREAL MADE WITH REAL PEANUT BUTTER & NATURALLY FLAVORED COCOA PUFFS, COCOA PEANUT BUTTER"
604443,branded_food,"TOASTED OATS WHOLE GRAIN OAT CEREAL, TOASTED OATS"
604444,branded_food,"SWEETENED MULTI-GRAIN APPLE CEREAL, APPLE"
604445,branded_food,FROSTED TOASTED OAT CEREAL WITH MARSHMALLOWS
604447,branded_food,"SWEETENED MULTI-GRAIN CEREAL, NATURAL FRUIT"
604467,branded_food,CEREAL
604551,branded_food,WHEAT SQUARES OVEN TOASTED WHEAT CEREAL
608904,branded_food,Cheerios and Ancient Grains Cereal
608914,branded_food,Cinnamon Chex Cereal
608940,branded_food,Cheerios Protein Oats and Honey Cereal
608954,branded_food,Vanilla Chex Cereal
608956,branded_food,Cheerios Protein Cinnamon Almond Cereal
608958,branded_food,Reese's Puffs Cereal
608960,branded_food,Blueberry Chex Cereal
608962,branded_food,Strawberry Toast Crunch Cereal
608964,branded_food,Blueberry Toast Crunch Cereal
608966,branded_food,Apple Cinnamon Toast Crunch Cereal
608968,branded_food,Apple Cinnamon Toast Crunch Cereal
608970,branded_food,Chocolate Chex Cereal
608972,branded_food,Cinnamon Toast Crunch Cereal
608974,branded_food,Wheat Chex Cereal
608976,branded_food,Cinnamon Toast Crunch Cereal
608978,branded_food,"Cheerios Cereal, Family Size"
608980,branded_food,Cheerios Cereal
608982,branded_food,Cheerios Cereal
608984,branded_food,Chocolate Cheerios Cereal
608988,branded_food,Honey Nut Cheerios Medley Crunch Cereal
608992,branded_food,Cheerios Cereal
608994,branded_food,Reese's Puffs Cereal
609156,branded_food,Wheaties Cereal
609158,branded_food,Honey Nut Cheerios Cereal Singlepak
609160,branded_food,Whole Grain Total Cereal Singlepak
609162,branded_food,Total Raisin Bran Cereal
609164,branded_food,Cheerios Cereal Singlepak
609166,branded_food,Lucky Charms Cereal Singlepak
609168,branded_food,Cinnamon Toast Crunch Cereal Singlepak
609188,branded_food,Honey Nut Cheerios Cereal Bowlpak
609190,branded_food,Cinnamon Toast Crunch Cereal Bowlpak
609240,branded_food,Honey Nut Cheerios Milk 'n Cereal Bars
609242,branded_food,Cinnamon Toast Crunch Milk 'n Cereal Bars
609268,branded_food,Cheerios Cereal-on-the-Go Pouch
609374,branded_food,Blueberry Toast Crunch Cereal
609376,branded_food,Strawberry Toast Crunch Cereal
609426,branded_food,Cascadian Farm Organic Raisin Bran Cereal
609450,branded_food,Honey Nut Chex Cereal Bowlpak
609478,branded_food,Cheerios Cereal 2 Pack
609480,branded_food,Fiber One Honey Clusters Cereal
609482,branded_food,Crunchy Almond Oatmeal Crisp Cereal
609506,branded_food,Rice Chex Cereal Bowlpak
609524,branded_food,Annie's Organic Frosted Oat Flakes Cereal
609590,branded_food,Basic 4 Cereal
609628,branded_food,Cascadian Farm Organic Vanilla Chia Crunch Cereal
609710,branded_food,Nature Valley Baked Oat Bites Cereal
609742,branded_food,Raisin Nut Bran Cereal
609770,branded_food,Cascadian Farm Organic Buzz Crunch Honey Almond Cereal
609802,branded_food,Kix Cereal Bowlpak
609848,branded_food,Total Raisin Bran Cereal Bowlpak
609850,branded_food,Cheerios Cereal
609868,branded_food,Cinnamon Toast Crunch Cereal
609870,branded_food,Honey Nut Cheerios Cereal
609872,branded_food,Lucky Charms Cereal
609874,branded_food,Cheerios Cereal
609878,branded_food,Reese's Puffs Cereal
609884,branded_food,Cheerios Protein Oats and Honey Cereal
609886,branded_food,Cinnamon Toast Crunch Cereal
609888,branded_food,Cascadian Farm Organic Hearty Morning Fiber Cereal
609890,branded_food,Cascadian Farm Organic Purely O's Cereal
609898,branded_food,Rice Chex Cereal
609900,branded_food,Cinnamon Chex Cereal
609906,branded_food,Cocoa Puffs Cereal
609914,branded_food,Cascadian Farm Organic Honey Oat Crunch Cereal
609928,branded_food,Cascadian Farm Organic Multi Grain Squares Cereal
609942,branded_food,Golden Grahams Cereal
609946,branded_food,Cinnamon Toast Crunch Cereal-on-the-Go Pouch
610102,branded_food,Cascadian Farm Organic Honey Oat Crunch Cereal
610150,branded_food,Cocoa Puffs Cereal
610152,branded_food,Cinnamon Toast Crunch Cereal
610154,branded_food,Frosted Cheerios Cereal
610156,branded_food,Golden Grahams Cereal
610158,branded_food,Honey Nut Cheerios Cereal
610160,branded_food,Lucky Charms Cereal
610162,branded_food,Trix Cereal
610164,branded_food,Cheerios Cereal
610270,branded_food,Chocolate Peanut Butter Cheerios Cereal
610272,branded_food,Chocolate Cheerios Cereal
610274,branded_food,Very Berry Cheerios Cereal
610276,branded_food,Nature Valley Baked Oat Bites Cereal
610286,branded_food,Golden Grahams Cereal Singlepak
610300,branded_food,Reese's Puffs Cereal
610342,branded_food,Cascadian Farm Organic Oats and Honey Granola Cereal
610406,branded_food,Peanut Butter Chocolate Blasted Shreds Cereal
610408,branded_food,Nature Valley Chocolate Oat Clusters Cereal
610410,branded_food,Nature Valley Honey Oat Clusters Cereal
610418,branded_food,Wheat Chex Cereal
610432,branded_food,Honey Nut Cheerios Cereal
610518,branded_food,Chocolate Peanut Butter Cheerios Cereal
610520,branded_food,Honey Nut Cheerios Cereal
610548,branded_food,Cheerios Cereal
610550,branded_food,Reese's Puffs Cereal
610552,branded_food,Reese's Puffs Cereal
610574,branded_food,Reese's Puffs Cereal
610578,branded_food,Reese's Puffs Cereal
610600,branded_food,Cheerios Cinnamon Oat Crunch Cereal
610604,branded_food,Cinnamon Chex Cereal
610646,branded_food,Honey Nut Cheerios Cereal
610648,branded_food,Honey Nut Cheerios Cereal
610654,branded_food,Apple Cinnamon Cheerios Cereal
610662,branded_food,Very Berry Cheerios Cereal
610664,branded_food,Chocolate Peanut Butter Cheerios Cereal
610666,branded_food,Cinnamon Toast Crunch Cereal
610668,branded_food,Very Berry Cheerios Cereal
610670,branded_food,Cinnamon Toast Crunch Cereal
610672,branded_food,Chocolate Cheerios Cereal
610674,branded_food,Honey Nut Cheerios Medley Crunch Cereal
610676,branded_food,Cinnamon Toast Crunch Cereal
610678,branded_food,Fruity Cheerios Cereal
610680,branded_food,Fruity Cheerios Cereal
610682,branded_food,Apple Cinnamon Cheerios Cereal
610684,branded_food,Cinnamon Toast Crunch Cereal
610900,branded_food,Cinnamon Toast Crunch Cereal 2 Pack
610950,branded_food,Chocolate Toast Crunch Cereal
611464,branded_food,Chocolate Toast Crunch Cereal
611512,branded_food,Pumpkin Spice Cheerios Cereal
611514,branded_food,GMILLS HNY NUT CHEERIOS SWEETENED WHL GRN OAT CEREAL
611546,branded_food,GMILLS CHRS OAT CRNCH SWEETENED MLTGRN WHL GRN OAT CEREAL CINN FAMILY SZ
611550,branded_food,Cinnamon Chex Cereal
611564,branded_food,Cascadian Farm Organic Honey Oat Crunch Cereal
611578,branded_food,Blueberry Chex Cereal
611590,branded_food,Pumpkin Spice Cheerios Cereal
611726,branded_food,Cascadian Farm Organic  Honey Nut O's Cereal
611746,branded_food,Banana Split Dippin' Dots Cereal
611752,branded_food,Chocolate Chex Cereal
611758,branded_food,Cinnamon Chex Cereal
611764,branded_food,Reese's Puffs Bats Cereal
611766,branded_food,Reese's Puffs Bats Cereal
611832,branded_food,Maple Cheerios Cereal
611870,branded_food,Maple Cheerios Cereal
612224,branded_food,Banana Nut Cheerios Cereal
612272,branded_food,Sugar Cookie Toast Crunch Cereal
612274,branded_food,Peach Cheerios Cereal
612278,branded_food,Peach Cheerios Cereal
612294,branded_food,Sugar Cookie Toast Crunch Cereal
612598,branded_food,Reese's Puffs Hearts Cereal
612604,branded_food,Reese's Puffs Hearts Cereal
612610,branded_food,Annie's Organic Friends Bunnies Cereal 2 Pack
612620,branded_food,Fiber One Strawberries & Vanilla Clusters Cereal
612648,branded_food,Churros Cinnamon Toast Crunch Cereal
612664,branded_food,Banana Split Dippin' Dots Cereal
612688,branded_food,Churros Cinnamon Toast Crunch Cereal
612700,branded_food,Churros Cinnamon Toast Crunch Cereal2 Pack
612710,branded_food,Annie's Organic Friends Bunnies Cereal
612760,branded_food,Reese's Puffs Bunnies Cereal
612848,branded_food,Annie's Organic Cocoa Bunnies Cereal
613312,branded_food,Annie's Organic Cinnabunnies Cereal
613342,branded_food,Annie's Organic Cinnabunnies Cereal
613514,branded_food,Reese's Puffs Bunnies Cereal
613910,branded_food,General Mills Mermaid Cereal
613922,branded_food,Cascadian Farm Organic Fruitful O's Cereal
613926,branded_food,Blueberry Cheerios Cereal
613928,branded_food,Blueberry Cheerios Cereal
613930,branded_food,Cascadian Farm Organic Berry Vanilla Puffs Cereal
613932,branded_food,Chocolate Lucky Charms Cereal
613934,branded_food,Cascadian Farm Organic Cinnamon Crunch Cereal
613942,branded_food,Cookie Crisp Cereal
613946,branded_food,Chocolate Lucky Charms Cereal
613950,branded_food,Cookie Crisp Cereal
613952,branded_food,Cascadian Farm Organic Berry Vanilla Puffs Cereal
613962,branded_food,General Mills Mermaid Cereal
613970,branded_food,Cookie Crisp Cereal
613982,branded_food,Trix Cereal
613988,branded_food,French Toast Crunch Cereal
614014,branded_food,Peanut Butter Chex Cereal
614086,branded_food,French Toast Crunch Cereal
614102,branded_food,Peanut Butter Chex Cereal
614128,branded_food,Blueberry Cheerios Cereal
614136,branded_food,General Mills Mermaid Cereal
614144,branded_food,Trix Cereal
614146,branded_food,Cascadian Farm Organic Graham Crunch Cereal
614162,branded_food,Cascadian Farm Organic Honey Vanilla Crunch Gluten Free Cereal
614166,branded_food,Cascadian Farm Organic Cinnamon Crunch Cereal
616004,branded_food,"FROSTED FRUITO'S, SWEETENED MULTI-GRAIN CEREAL WITH NATURAL FRUIT FLAVORS"
616104,branded_food,"SWEETENED RICE CEREAL, SWEETENED RICE CEREAL"
616218,branded_food,"ORIGINAL INSTANT HOT CEREAL, ORIGINAL"
616504,branded_food,"APPLE & CINNAMON INSTANT TRADITIONAL HOT CEREAL, APPLE & CINNAMON"
616536,branded_food,"CEREAL, FIBER TWIGS, GRAHAMS & HONEY PUFFS, FIBER TWIGS, GRAHAMS & HONEY PUFFS"
616538,branded_food,"CEREAL, MULTIGRAIN CLUSTERS, WITH HONEY ALMOND FLAX"
616540,branded_food,MULTIGRAIN CLUSTERS CEREAL
616548,branded_food,"SCRUNCHY, SWEETENED CORN CEREAL, COCOA TREATS, COCOA TREATS"
616550,branded_food,"OAT CLUSTERS WITH ALMONDS, MULTI-GRAIN CEREAL, HONEY, HONEY"
616552,branded_food,"SCRUNCHY, FRUITY FLOATS, SWEETENED MULTI-GRAIN CEREAL, ORANGE, LEMON, CHERRY, LIME & BERRY, ORANGE, LEMON, CHERRY, LIME & BERRY"
616554,branded_food,"TOASTED CORN CEREAL WITH HONEY & NATURAL ALMOND, CRISPY HONEY NUT, CRISPY HONEY NUT"
616556,branded_food,"SCRUNCHY, SWEETENED CEREAL, MINI COOKIE BITES, MINI COOKIE BITES"
616566,branded_food,"TOASTED MULTI-GRAIN CEREAL, HONEY OATS & FLAKES WITH STRAWBERRIES"
617104,branded_food,"CINNAMON MORNING OAT CRUNCH CEREAL, CINNAMON"
617110,branded_food,"HONEY & OATS TOASTED MULTI-GRAIN CEREAL WITH HONEY OAT CLUSTERS, HONEY & OATS"
617112,branded_food,"OATS & HONEY WITH STRAWBERRIES TOASTED MULTIGRAIN CEREAL WITH HONEY OAT CLUSTERS, OATS & HONEY WITH STRAWBERRIES"
617114,branded_food,"FRUIT FRENZY SWEETENED MULTI-GRAIN CEREAL, FRUIT FRENZY"
617116,branded_food,"HONEY & OATS WITH ALMONDS TOASTED MULTI-GRAIN CEREAL WITH ALMONDS & HONEY OAT CLUSTERS, HONEY & OATS WITH ALMONDS"
617118,branded_food,"FOOD CLUB, APPLE LOONS, SWEETENED MULTI-GRAIN CEREAL, APPLE, APPLE"
617120,branded_food,"FROSTED FLAKES SWEETENED CORN CEREAL, FROSTED FLAKES"
617122,branded_food,"SWEETENED CORN & OAT CEREAL WITH MARSHMALLOWS, SWEETENED CORN & OAT CEREAL WITH MARSHMALLOWS"
617244,branded_food,"CORN FLAKES TOASTED FLAKES OF CORN CEREAL, CORN FLAKES"
617484,branded_food,"CEREAL, CINNAMON CRUNCH"
617486,branded_food,"PEANUT BUTTER & CHOCOLATE PUFFINS CEREAL, PEANUT BUTTER & CHOCOLATE"
617668,branded_food,"RAISIN BRAN CEREAL, RAISIN BRAN"
617672,branded_food,"HONEY NUT TOASTED OATS SWEETENED TOASTED OAT CEREAL WITH REAL HONEY AND NATURAL ALMOND FLAVOR, HONEY NUT TOASTED OATS"
617694,branded_food,"DUNKSTERS SWEET & CRUNCHY CORN CEREAL, DUNKSTERS"
617732,branded_food,"SNACKIMALS, ORGANIC CEREAL, CINNAMON CRUNCH, CINNAMON CRUNCH"
617780,branded_food,"HONEY OAT CLUSTERS CEREAL, HONEY"
617782,branded_food,BITE SIZED FROSTED SHREDDED WHEAT CEREAL
617816,branded_food,"WEIS QUALITY, SIMPLE LIVING, WHOLE GRAIN OAT CEREAL WITH CINNAMON, CINNAMON, CINNAMON"
617826,branded_food,"MUESLI CEREAL, DARK CHOCOLATE"
617828,branded_food,NO SUGAR ADDED MUESLI CEREAL
617860,branded_food,"MAPLE BROWN SUGAR MULTIGRAIN CEREAL, MAPLE BROWN SUGAR"
617862,branded_food,"ORGANIC ORIGINAL HONEST O'S CEREAL, ORIGINAL"
618220,branded_food,CORN FLAKES CEREAL
618222,branded_food,"SPRINGFIELD, CRISPY TOASTED RICE CEREAL"
618228,branded_food,"MAPLE BROWN SUGAR INSTANT HOT CEREAL, MAPLE BROWN SUGAR"
618264,branded_food,"ESSENTIAL EVERYDAY, LOW FAT GRANOLA, WHOLE GRAIN CEREAL WITH RAISINS & ALMONDS"
618266,branded_food,"ESSENTIAL EVERYDAY, LOW FAT GRANOLA WHOLE GRAIN CEREAL WITH ALMONDS"
618268,branded_food,"HONEY NUT SWEETENED TOASTED OAT CEREAL WITH REAL HONEY AND NATURAL ALMOND FLAVOR, HONEY NUT TOASTED OATS"
618270,branded_food,A SWEETENED CORN CEREAL MADE WITH REAL COCOA
618272,branded_food,"TOASTED MULTI-GRAIN CEREAL WITH HONEY OAT CLUSTERS & SLICED STRAWBERRIES, HONEY & OATS WITH STRAWBERRIES"
618310,branded_food,TOASTED FLAKES OF CORN CEREAL
618534,branded_food,"CRANBERRY HIGH FIBER MEDLEY CEREAL, CRANBERRY"
618700,branded_food,"SWEETENED FROSTED FLAKES OF CORN CEREAL, FROSTED FLAKES"
618836,branded_food,5 GRAIN ROLLED HOT CEREAL
618838,branded_food,OLD COUNTRY STYLE MUESLI HOT OR COLD CEREAL
618840,branded_food,GLUTEN FREE MIGHTY TASTY HOT CEREAL
619086,branded_food,CORN FLAKES CEREAL
619088,branded_food,"ORGANIC HONEY NUT O'S CEREAL, HONEY NUT O'S"
619092,branded_food,"PECANS & MAPLE SYRUP FLAKES & CLUSTERS CEREAL, PECANS & MAPLE SYRUP"
619094,branded_food,"LIGHTLY SWEETENED WHOLE WHEAT CEREAL WITH NATURAL BLUEBERRY WHEATFULS, BLUEBERRY"
619096,branded_food,MALLOW OATS SWEETENED WHOLE GRAIN OAT CEREAL WITH MARSHMALLOW PIECES
619098,branded_food,"ORGANIC HONEY CRUNCH 'N OATS A BLEND OF CORN FLAKES, WHEAT FLAKES, AND GRANOLA WITH OATS AND HONEY CEREAL, HONEY CRUNCH 'N OATS"
619100,branded_food,"ALMOND VANILLA FLAKES & CLUSTERS CEREAL, ALMOND VANILLA"
619104,branded_food,CEREAL
619108,branded_food,"HIGH FIBER MEDLEY CEREAL, ORIGINAL"
619112,branded_food,"OVEN TOASTED FLAKES OF CORN CEREAL, OVEN TOASTED FLAKES OF CORN CEREAL"
619118,branded_food,MORNING O'S ORGANIC WHOLE GRAIN OAT CEREAL
619402,branded_food,"FRUIT & GRAIN CEREAL BARS, BLUEBERRY"
619444,branded_food,"PEANUT BUTTER PUFFINS CEREAL, PEANUT BUTTER"
619548,branded_food,"ORIGINAL FLAVOR INSTANT HOT CEREAL, ORIGINAL"
619640,branded_food,"HONEY RICE PUFFINS CEREAL, HONEY RICE"
619858,branded_food,"MULTIGRAIN HONEST O'S CEREAL, MULTIGRAIN"
620920,branded_food,FROSTED FLAKES OF CORN CEREAL
620922,branded_food,"COCOA CRISPY RICE, SWEETENED RICE CEREAL"
621074,branded_food,"FROSTED OAT CEREAL WITH MARSHMALLOWS, MARSHMALLOWS"
621112,branded_food,"ORIGINAL MORNING OAT CRUNCH CEREAL, ORIGINAL"
621640,branded_food,"SWEETENED RICE CEREAL WITH REAL COCOA, SWEETENED RICE CEREAL WITH REAL COCOA"
621642,branded_food,"OAT CRUNCH SWEETENED MULTIGRAIN CEREAL, OAT CRUNCH"
621646,branded_food,"SWEETENED CORN & OAT CEREAL, SWEETENED CORN & OAT CEREAL"
621648,branded_food,"FROSTED WHOLE GRAIN OAT CEREAL WITH MARSHMALLOWS, FROSTED WHOLE GRAIN OAT CEREAL WITH MARSHMALLOWS"
622062,branded_food,"BANANAS & CREAM INSTANT HOT CEREAL, BANANAS & CREAM"
622110,branded_food,"SHREDDED WHEAT CEREAL BISCUITS, SHREDDED WHEAT"
622118,branded_food,"BLUEBERRY MORNING CEREAL, BLUEBERRY"
622120,branded_food,"CINNAMON PUFFINS CEREAL, CINNAMON"
622124,branded_food,"MEDLEY CORN FLAKES, WHEAT FLAKES AND GRANOLA HONEY & OATS CEREAL"
622134,branded_food,"VANILLA ALMOND MORNING OAT CRUNCH CEREAL, VANILLA ALMOND"
622464,branded_food,"HONEY ALMOND FLAX CEREAL, HONEY ALMOND FLAX"
622786,branded_food,"LIGHTLY SWEETENED WHOLE GRAIN WHEAT CEREAL, SWEETENED WHEATFULS"
623118,branded_food,"OAT CRUNCH SWEETENED MULTIGRAIN CEREAL WITH CINNAMON, CINNAMON OAT CRUNCH"
623120,branded_food,"SWEETENED FROSTED FLAKES OF CORN CEREAL, FROSTED FLAKES"
623122,branded_food,FROSTED SHREDDED WHEAT LIGHTLY SWEETENED WHOLE GRAIN CEREAL
623124,branded_food,FRUIT SPINS SWEETENED MULTIGRAIN CEREAL WITH NATURAL FRUIT
623624,branded_food,"SWEETENED MULTI-GRAIN CEREAL, APPLE"
623626,branded_food,RAISIN BRAN CEREAL
623630,branded_food,"SWEETENED TOASTED OAT CEREAL WITH THE FLAVOR OF APPLE & CINNAMON, APPLE CINNAMON"
623632,branded_food,"FIBER BRAN TOASTED CORN AND WHEAT CEREAL, FIBER BRAN"
623638,branded_food,"CRISP TOASTED RICE CEREAL, CRISP RICE"
623640,branded_food,"SWEETENED CEREAL, SWEETENED"
623642,branded_food,"CHOCOLATE TOASTED CORN AND OAT CEREAL MADE WITH REAL COCOA, CHOCOLATE"
623652,branded_food,"BITE SIZE FROSTED SHREDDED WHEAT LIGHTLY SWEETENED WHOLE GRAIN CEREAL, FROSTED SHREDDED WHEAT"
623654,branded_food,TWIN GRAIN CRISP CRISPY CORN & RICE CEREAL
623746,branded_food,"TOASTED RICE & WHEAT FLAKES CEREAL WITH BITS OF STRAWBERRY, STRAWBERRY"
624000,branded_food,"SWEETENED FRUIT FLAVORED MULTIGRAIN CEREAL, FRUIT"
624386,branded_food,"SWEETENED CORN & OAT CEREAL, SWEETENED CORN & OAT CEREAL"
624414,branded_food,"SWEETENED CORN & OAT CEREAL, BERRY BUNCH CRUNCH"
624416,branded_food,"SWEETENED CORN & OAT CEREAL, SWEETENED CORN & OAT CEREAL"
624418,branded_food,"BERRY COLOSSAL CRUNCH CEREAL, BERRY COLOSSAL CRUNCH"
624420,branded_food,"SWEETENED CORN PUFF CEREAL WITH REAL PEANUT BUTTER, PEANUT BUTTER"
624422,branded_food,SWEETENED CORN & OAT CEREAL
624424,branded_food,"COCOA DYNO-BITES CEREAL, COCOA DYNO-BITES"
624426,branded_food,RICE CEREAL WITH REAL COCOA
624428,branded_food,CINNAMON TOASTERS CEREAL
624430,branded_food,SWEETENED CORN & OAT CEREAL
624432,branded_food,"WHOLE GRAIN OAT CEREAL WITH MARSHMALLOW PIECES, SWEETENED"
624434,branded_food,CEREAL
624436,branded_food,SWEETENED CORN PUFF CEREAL WITH REAL COCOA
624438,branded_food,COCOA CORN PUFF CEREAL WITH MARSHMALLOWS
624442,branded_food,SWEETENED RICE CEREAL WITH MARSHMALLOWS
624444,branded_food,"SWEETENED RICE CEREAL, MARSHMALLOWS"
624446,branded_food,"CEREAL, STRAWBERRY CREAM"
624448,branded_food,CEREAL
624450,branded_food,LIGHTLY SWEETENED WHOLE GRAIN WHEAT CEREAL
624452,branded_food,"HONEY GRAHAM SQUARES & COCOA CORN PUFF CEREAL WITH MARSHMALLOWS, S'MORES"
624456,branded_food,"PEANUT BUTTER CUPS CEREAL, PEANUT BUTTER CUPS"
624458,branded_food,FROSTED FLAKES CEREAL
624460,branded_food,"CINNAMON TOASTERS CEREAL, CINNAMON TOASTERS"
624462,branded_food,"TOASTED RICE CEREAL, TOASTED RICE CEREAL"
624464,branded_food,"COCO ROOS CEREAL, COCO ROOS"
624466,branded_food,SWEETENED WHOLE WHEAT & RICE CEREAL WITH CINNAMON
624468,branded_food,"CEREAL, CRISPY RICE"
624470,branded_food,CEREAL
624472,branded_food,CEREAL
624474,branded_food,"S'MORES CEREAL, S'MORES"
624476,branded_food,"LIGHTLY SWEETENED CORN & WHOLE WHEAT FLAKE CEREAL WITH GRANOLA & SLICED ALMONDS, LIGHTLY SWEETENED CORN & WHOLE WHEAT FLAKE CEREAL WITH GRANOLA & SLICED ALMONDS"
624478,branded_food,"HONEY GRAHAM TOASTERS CEREAL, HONEY GRAHAM"
624480,branded_food,"SWEETENED WHOLE GRAIN OAT CEREAL WITH REAL HONEY, SWEETENED WHOLE GRAIN OAT CEREAL WITH REAL HONEY"
624482,branded_food,"HONEY BUZZERS CEREAL, HONEY BUZZERS"
624484,branded_food,"LIGHTLY SWEETENED CORN & WHOLE WHEAT FLAKE CEREAL WITH GRANOLA, LIGHTLY SWEETENED CORN & WHOLE WHEAT FLAKE CEREAL WITH GRANOLA"
624486,branded_food,"LIGHTLY SWEETENED CORN & WHOLE WHEAT FLAKE CEREAL WITH GRANOLA, LIGHTLY SWEETENED CORN & WHOLE WHEAT FLAKE CEREAL WITH GRANOLA"
624488,branded_food,"LIGHTLY SWEETENED CORN & WHOLE WHEAT FLAKE CEREAL WITH GRANOLA, HONEY"
624490,branded_food,"CEREAL, RAISIN BRAN"
624492,branded_food,"PEANUT BUTTER CUPS CEREAL, PEANUT BUTTER CUPS"
624496,branded_food,"LIGHTLY SWEETENED TOASTED WHOLE GRAIN OAT CEREAL, LIGHTLY SWEETENED TOASTED WHOLE GRAIN OAT CEREAL"
624504,branded_food,"SWEETENED CORN & OAT CEREAL, SWEETENED CORN & OAT CEREAL"
624506,branded_food,"CEREAL, CHOCOLATEY COLOSSAL CRUNCH"
624508,branded_food,"SWEETENED CORN & OAT CEREAL WITH REAL COCOA, SWEETENED CORN & OAT CEREAL WITH REAL COCOA"
624510,branded_food,"SWEETENED RICE CEREAL WITH REAL COCOA, SWEETENED RICE CEREAL WITH REAL COCOA"
624512,branded_food,"SWEETENED RICE CEREAL WITH REAL COCOA, COCOA DYNO-BITES"
624516,branded_food,"CINNAMON TOASTERS CEREAL, CINNAMON"
624518,branded_food,"SWEETENED CORN PUFF CEREAL, REAL COCOA"
624522,branded_food,"SWEETENED RICE CEREAL, MARSHMALLOWS"
624524,branded_food,"SWEETENED RICE CEREAL, SWEETENED RICE CEREAL"
624526,branded_food,"SWEETENED MULTIGRAIN CEREAL, SWEETENED MULTIGRAIN CEREAL"
624528,branded_food,"FROSTED MINI SPOONERS CEREAL, FROSTED MINI SPOONERS"
624530,branded_food,"LIGHTLY SWEETENED WHOLE GRAIN WHEAT CEREAL, MAPLE & BROWN SUGAR"
624532,branded_food,"HONEY GRAHAM, COCOA PUFF AND MARSHMALLOW CEREAL"
624534,branded_food,"S'MORES CEREAL, S'MORES"
624536,branded_food,"HONEY BUZZERS CEREAL, HONEY BUZZERS"
624538,branded_food,HOT CEREAL
624540,branded_food,"SWEETENED CORN & OAT CEREAL, HONEY"
624542,branded_food,"MAPLE & BROWN SUGAR OATS, BARLEY, WHEAT, QUINOA & RYE INSTANT MULTIGRAIN HOT CEREAL WITH FLAX"
624548,branded_food,"CORN PUFF CEREAL, SAFARI COCOA CRUNCH"
624550,branded_food,"LIGHTLY SWEETENED WHEATFULS WHOLE GRAIN WHEAT CEREAL, SWEETENED WHEATFULS"
624554,branded_food,"SWEETENED WHOLE GRAIN OAT CEREAL, HONEY NUT TOASTY O'S"
624560,branded_food,"WHOLE GRAIN WHEAT & BRAN CEREAL WITH RAISINS, WHOLE GRAIN WHEAT & BRAN CEREAL WITH RAISINS"
624562,branded_food,"CEREAL, CORN BURSTS"
624580,branded_food,"BERRY COLOSSAL CRUNCH CEREAL, BERRY"
624584,branded_food,"SWEETENED CORN & OAT CEREAL, SWEETENED CORN & OAT CEREAL"
624586,branded_food,GLUTEN FREE COCOA DYNO-BITES CEREAL
624588,branded_food,"SWEETENED RICE CEREAL WITH REAL COCOA, SWEETENED RICE CEREAL WITH REAL COCOA"
624590,branded_food,"COCO ROOS SWEETENED CHOCOLATE FLAVORED CORN PUFF CEREAL WITH REAL COCOA, CHOCOLATE"
624592,branded_food,"SWEETENED MULTI-GRAIN CEREAL, SWEETENED MULTI-GRAIN CEREAL"
624594,branded_food,"SWEETENED MULTI-GRAIN CEREAL, SWEETENED MULTI-GRAIN CEREAL"
624596,branded_food,"FROSTED MINI SPOONERS CEREAL, FROSTED"
624600,branded_food,"FROSTED MINI SPOONERS CEREAL, FROSTED"
624602,branded_food,CEREAL SNACKERS
624604,branded_food,"CEREAL, STRAWBERRY CREAM"
624606,branded_food,"LIGHTLY SWEETENED WHOLE GRAIN WHEAT CEREAL, STRAWBERRY CREAM"
624608,branded_food,"LIGHTLY SWEETENED WHOLE GRAIN WHEAT CEREAL, BLUEBERRY"
624610,branded_food,"LIGHTLY SWEETENED CORN & WHOLE WHEAT FLAKE CEREAL WITH GRANOLA & SLICED ALMONDS, LIGHTLY SWEETENED CORN & WHOLE WHEAT FLAKE CEREAL WITH GRANOLA & SLICED ALMONDS"
624612,branded_food,"HONEY NUT SCOOTERS CEREAL, HONEY NUT SCOOTERS"
624614,branded_food,"SWEETENED WHOLE GRAIN OAT CEREAL WITH REAL HONEY, SWEETENED WHOLE GRAIN OAT CEREAL WITH REAL HONEY"
624616,branded_food,"OAT BLENDERS CEREAL, HONEY"
624618,branded_food,"ORIGINAL FORTIFIED CREAMY HOT WHEAT CEREAL, ORIGINAL"
624620,branded_food,"CEREAL, ORIGINAL"
624622,branded_food,"ORIGINAL QUICK COOKING HOT WHEAT CEREAL, ORIGINAL"
624624,branded_food,"CEREAL, CHOCOLATE"
624628,branded_food,SWEETENED CHOCOLATE FLAVORED RICE CEREAL WITH REAL COCOA
624630,branded_food,"CHOCOLATE FLAVORED SWEETENED RICE CEREAL WITH REAL COCOA, CHOCOLATE"
624632,branded_food,CHOCOLATE FLAVORED SWEETENED RICE CEREAL WITH REAL COCOA
624634,branded_food,"SWEETENED RICE CEREAL, FRUITY"
624636,branded_food,FRUIT FLAVOR SWEETENED RICE CEREAL
624638,branded_food,"SWEETENED PUFFED WHEAT CEREAL, SWEETENED PUFFED WHEAT"
624640,branded_food,BIG REAL HONEY SWEETENED CORN & OAT CEREAL
624642,branded_food,PEBBLES SWEETENED RICE CEREAL
624646,branded_food,WHOLE GRAIN WHEAT AND BRAN CEREAL
624648,branded_food,"RAISINS, DATES & PECANS CEREAL, RAISINS, DATES & PECANS"
624650,branded_food,"BANANA NUT CRUNCH CEREAL, BANANA NUT CRUNCH"
624652,branded_food,"CRANBERRY ALMOND CRUNCH CEREAL, CRANBERRY ALMOND CRUNCH"
624654,branded_food,"CEREAL, RAISINS, DATES & PECANS"
624656,branded_food,"WHEAT 'N BRAN SHREDDED WHEAT CEREAL, WHEAT 'N BRAN"
624658,branded_food,"SWEETENED WHOLE GRAIN OAT CEREAL WITH REAL HONEY, HONEY NUT"
624660,branded_food,"CEREAL SNACKERS, CINNAMON TOASTERS"
624664,branded_food,"SWEETENED MULTI-GRAIN CEREAL, SWEETENED MULTI-GRAIN CEREAL"
624674,branded_food,"SWEETENED RICE CEREAL, REAL COCOA"
624678,branded_food,OLD FASHIONED OATS CEREALS
624680,branded_food,QUICK OATS CEREALS
624682,branded_food,CRISPY RICE CEREAL
624686,branded_food,"CHOCOLATE QUICK COOKING HOT WHEAT CEREAL, CHOCOLATE"
624688,branded_food,"HOT WHEAT CEREAL, CHOCOLATE"
624690,branded_food,"MAPLE & BROWN SUGAR QUICK COOKING HOT WHEAT CEREAL, MAPLE & BROWN SUGAR"
624692,branded_food,"ORIGINAL FORTIFIED CREAMY HOT WHEAT CEREAL, ORIGINAL"
624694,branded_food,"MAPLE & BROWN SUGAR QUICK COOKING HOT WHEAT CEREAL, MAPLE & BROWN SUGAR"
624696,branded_food,"CEREAL WITH ALMONDS, ALMONDS"
624698,branded_food,"CRUNCHY HONEY ROASTED CEREAL, CRUNCHY HONEY ROASTED"
624700,branded_food,"CREAMY HOT WHEAT QUICK COOKING CEREAL, CREAMY HOT WHEAT"
624704,branded_food,"LIGHTLY SWEETENED TOASTED WHOLE GRAIN OAT CEREAL, LIGHTLY SWEETENED TOASTED WHOLE GRAIN OAT CEREAL"
624706,branded_food,"SWEETENED POPPED-UP CORN CEREAL, SWEETENED POPPED-UP CORN CEREAL"
624708,branded_food,CEREAL
624710,branded_food,"NUTRITIOUS SWEETENED CORN & OAT CEREAL, STRAWBERRY"
624714,branded_food,CEREALS
624716,branded_food,"WHOLE GRAIN WHEAT & BRAN CEREAL WITH RAISINS, WHOLE GRAIN WHEAT & BRAN CEREAL WITH RAISINS"
624718,branded_food,"GOLDEN PUFFS CEREAL, GOLDEN PUFFS"
625368,branded_food,"LIGHTLY SWEETENED WHOLE GRAIN WHEAT CEREAL, LIGHTLY SWEETENED WHOLE GRAIN WHEAT CEREAL"
625874,branded_food,"MAPLE BROWN SUGAR HOT CEREAL, MAPLE BROWN SUGAR"
626810,branded_food,BITE SIZE LIGHTLY SWEETENED WHOLE GRAIN FROSTED SHREDDED WHEAT CEREAL
626812,branded_food,FROSTED WHOLE GRAIN OAT CEREAL WITH MARSHMALLOWS
627272,branded_food,"FROSTED FLAKES SWEETENED CORN CEREAL, FROSTED FLAKES"
627282,branded_food,"HONEY NUT SWEETENED TOASTED OAT CEREAL WITH REAL HONEY AND NATURAL ALMOND FLAVOR, HONEY NUT"
627290,branded_food,"COCOA CRISP SWEETENED RICE CEREAL, COCOA"
627542,branded_food,OATS & HONEY BLEND CORN AND WHOLE WHEAT FLAKE CEREAL WITH NATURALLY HONEY FLAVORED CLUSTERS
627598,branded_food,"HONEY GRAHAMS SWEETENED WHOLE GRAIN WHEAT AND CORN CEREAL, HONEY GRAHAMS"
628838,branded_food,NATURALLY FLAVORED SWEETENED RICE CEREAL WITH REAL COCOA
629190,branded_food,"GLUTEN FREE WHOLE GRAIN CEREAL, COCOA SENSATION"
629336,branded_food,TOASTED OATS CEREAL
630450,branded_food,"CEREAL, CRUNCHY VANILLA"
632210,branded_food,"CINNAMON SUGAR INSTANT HOT CEREAL, CINNAMON SUGAR"
632364,branded_food,"COCOA CRISPS SWEETENED NATURALLY AND ARTIFICIALLY CHOCOLATE FLAVORED RICE CEREAL WITH REAL COCOA, COCOA CRISPS"
632370,branded_food,"SWEETENED MULTI-GRAIN CEREAL, APPLE SNAPS"
635584,branded_food,"WHEAT AND BRAN FLAKES CEREAL, WHEAT AND BRAN"
635822,branded_food,"ORGANIC CORN FLAKES CEREAL LIGHTLY SWEETENED WITH ORGANIC CANE SUGAR, CORN"
636156,branded_food,"CRISPY CINNAMON CRUNCH CEREAL, CRISPY CINNAMON CRUNCH"
636352,branded_food,"FIVE WHOLE GRAIN CEREAL, NATURAL STRAWBERRY"
636396,branded_food,"FROSTED FRUIT SWEETENED MULTI-GRAIN CEREAL, FROSTED FRUIT"
636398,branded_food,"FROSTED COCOA SWEETENED CORN CEREAL, FROSTED COCOA"
636400,branded_food,"BERRY CRUNCH SWEETENED CORN AND OAT CEREAL, BERRY CRUNCH"
636402,branded_food,"FROSTED FRUIT SWEETENED MULTI-GRAIN CEREAL, FROSTED FRUIT"
636404,branded_food,"CRISP RICE TOASTED RICE CEREAL, CRISP RICE"
636406,branded_food,"CORN FLAKES CEREAL, CORN FLAKES"
636408,branded_food,"HONEY NUT SWEETENED TOASTED OAT CEREAL WITH REAL HONEY AND NATURAL ALMOND FLAVOR, HONEY NUT"
636410,branded_food,"FROSTED FLAKES SWEETENED CORN CEREAL, FROSTED FLAKES"
636582,branded_food,"EXTRA RAISINS WHEAT BRAN CEREAL WITH RAISINS, EXTRA RAISINS"
636588,branded_food,"LIGHTLY TOASTED CORN FLAKES CEREAL, LIGHTLY TOASTED"
636696,branded_food,"OATS & MORE, TOASTED MULTI-GRAIN CEREAL, HONEY OAT CLUSTERS, HONEY OAT CLUSTERS"
636698,branded_food,"ESSENTIALLY YOU WHOLE GRAIN CEREAL, VANILLA ALMOND, VANILLA ALMOND"
636706,branded_food,"INSTANT OATMEAL CEREAL, MAPLE & BROWN SUGAR, MAPLE & BROWN SUGAR"
636716,branded_food,RICE SQUARES TOASTED RICE CEREAL
636826,branded_food,"BERRY CRUNCH SWEETENED CORN & OAT CEREAL, BERRY CRUNCH"
636830,branded_food,"SWEETENED FROSTED FLAKES OF CORN CEREAL, FROSTED FLAKES"
636832,branded_food,"LIGHTLY TOASTED CORN FLAKES CEREAL, LIGHTLY TOASTED"
636834,branded_food,"FROSTED BITE-SIZE WHEAT LIGHTLY SWEETENED WHOLEGRAIN CEREAL, FROSTED BITE-SIZE WHEAT"
636898,branded_food,"ORIGINAL TOASTED OATS TOASTED WHOLE GRAIN OAT CEREAL, ORIGINAL TOASTED OATS"
636904,branded_food,"RICE SQUARES TOASTED RICE CEREAL, RICE SQUARES"
636908,branded_food,"CORN SQUARES TOASTED CORN CEREAL, CORN SQUARES"
636930,branded_food,"SWEETENED CORN & OAT CEREAL CRISPY CRUNCH BERRY TREATS, SWEETENED CORN & OAT CEREAL"
636976,branded_food,FROSTED SHREDDED WHEAT CEREAL
637048,branded_food,"MARSHMALLOW MATEYS CEREAL, MARSHMALLOW MATEYS"
637052,branded_food,CEREAL
637054,branded_food,"HONEY NUT SCOOTERS CEREAL, HONEY NUT SCOOTERS"
637058,branded_food,"SWEETENED RICE CEREAL WITH REAL COCOA, SWEETENED RICE CEREAL WITH REAL COCOA"
637060,branded_food,"SWEETENED PUFFED WHEAT CEREAL, SWEETENED PUFFED WHEAT CEREAL"
637062,branded_food,TOASTED WHEATFULS WHOLE GRAIN WHEAT CEREAL
637258,branded_food,"CORN FLAKES CEREAL, CORN FLAKES"
637264,branded_food,"TOASTED CRISPY RICE CEREAL, CRISPY RICE"
637266,branded_food,"TOASTED RICE BISCUITS CEREAL, RICE BISCUITS"
637330,branded_food,"PUMPKIN CEREAL, PUMPKIN"
637346,branded_food,"TOASTY SWEET CINNAMON SQUARES CRISPY, SWEETENED WHEAT & RICE CEREAL"
637356,branded_food,BERRIES BUNCH O'KRUNCH SWEETENED CORN & OAT CEREAL
637358,branded_food,FROSTED FRUIT-FLAVORED CEREAL ROLLS
637404,branded_food,"WHEAT & WHEAT BRAN CEREAL WITH SWEET & PLUMP SUGAR-COATED RAISINS, RAISIN BRAN"
637416,branded_food,"MARSHMALLOW TREASURES, FROSTED WHOLE GRAIN OAT CEREAL WITH MARSHMALLOWS, MARSHMALLOW"
637496,branded_food,"BALANCED LIVING, CINNAMON MULTIGRAIN CEREAL, CINNAMON"
637504,branded_food,OVEN TOASTED RICE CEREAL
637506,branded_food,OVEN TOASTED CORN CEREAL
637562,branded_food,"SWEETENED NATURALLY APPLE FLAVORED MULTIGRAIN CEREAL, APPLE BLASTS"
637564,branded_food,"SWEETENED NATURALLY AND ARTIFICIALLY BERRY CRUNCH FLAVORED CORN AND OAT CEREAL, BERRY"
637566,branded_food,"CINNAMON CRUNCH SWEETENED WHEAT AND RICE CEREAL, CINNAMON CRUNCH"
637746,branded_food,"SWEETENED MULTI-GRAIN CEREAL, APPLE CRUNCHIES"
637748,branded_food,"PEANUT BUTTER & COCOA DOTS ORGANIC CORN, WHOLE OAT & RICE FLOUR CEREAL, PEANUT BUTTER & COCOA DOTS"
637810,branded_food,"FRENCH VANILLA PROTEIN CEREAL, FRENCH VANILLA"
638420,branded_food,"ESSENTIAL EVERYDAY, MEUSLI, MULTI GRAIN CEREAL WITH RAISINS, DATES & ALMONDS"
638552,branded_food,SPROUTED OAT HONEY O'S ORGANIC HONEY-SWEETENED WHOLE-GRAIN CEREAL
638588,branded_food,"GRANOLA BUNCHES WITH ALMONDS CEREAL, ALMONDS"
638590,branded_food,"CEREAL, COOKIES & CREAM"
638678,branded_food,"CEREAL, CRUNCHY HONEY ROASTED"
639892,branded_food,"FRUIT & GRAIN CEREAL BARS, STRAWBERRY"
641184,branded_food,"STRAWBERRY BANANA CEREAL YOGURT SMOOTHIE, STRAWBERRY BANANA CEREAL"
641190,branded_food,"PECAN CEREAL YOGURT SMOOTHIE, PECAN CEREAL"
641340,branded_food,"WILDWAY, INSTANT HOT CEREAL, TOASTED COCONUT, TOASTED COCONUT"
641366,branded_food,HONEY GRAHAM CEREAL
641368,branded_food,"SWIRL CRUNCH CEREAL, CINNAMON"
641760,branded_food,"HOKUS POKUS SWEETENED TOASTED OAT CEREAL WITH MARSHMALLOWS, HOKUS POKUS"
641762,branded_food,"HONEY NUT TOASTED OATS SWEETENED TOASTED OAT CEREAL WITH HONEY & ALMONDS, HONEY NUT TOASTED OATS"
641764,branded_food,"FRUIT FRENZY SWEETENED MULTI-GRAIN CEREAL, FRUIT FRENZY"
641768,branded_food,"COCO LOCO A SWEETENED CORN CEREAL MADE WITH REAL COCOA, COCO LOCO"
641774,branded_food,"VERY BERRY CRUNCH SWEETENED CORN AND OAT CEREAL, VERY BERRY CRUNCH"
641782,branded_food,"CORN FLAKES TOASTED CORN FLAKES CEREAL, CORN FLAKES"
641784,branded_food,"CINN-AMAZING CRUNCH SWEETENED WHEAT & RICE CEREAL, CINN-AMAZING CRUNCH"
641792,branded_food,"TOASTED RICE & WHEAT FLAKES CEREAL WITH STRAWBERRIES, STRAWBERRIES"
641794,branded_food,"CINN-AMAZING CRUNCH SWEETENED WHEAT & RICE CEREAL, SWEETENED"
641806,branded_food,COCOA RAGEOUS SWEETENED RICE CEREAL WITH REAL COCOA
641814,branded_food,"SWEETENED PUFFED WHEAT CEREAL, SWEETENED PUFFED WHEAT CEREAL"
641816,branded_food,"SWEETENED MULTI-GRAIN CEREAL, SWEETENED MULTI-GRAIN CEREAL"
641818,branded_food,SWEETENED RICE CEREAL
641872,branded_food,"WHEAT FLAKES WHOLE GRAIN WHEAT CEREAL, WHEAT FLAKES"
641890,branded_food,CRUNCHY OAT SQUARES CEREAL WITH A SPRINKLE OF BROWN SUGAR
644008,branded_food,WHOLE GRAIN WHEAT AND BARLEY CEREAL
644558,branded_food,OVEN TOASTED CRISP RICE CEREAL
644560,branded_food,"SWEETENED RICE CEREAL, SUPER COCOA MUNCH"
644564,branded_food,"SWEETENED CORN CEREAL, COCOA CRUNCH"
645316,branded_food,"MINION MARSHMALLOWS CEREAL, BROWN SUGAR VANILLA"
645746,branded_food,"RICE SQUARES OVEN TOASTED RICE CEREAL, TOASTED"
646354,branded_food,OVEN TOASTED CRISP RICE CEREAL
646838,branded_food,"BARBARA'S, PUFFINS, CEREAL, CINNAMON, CINNAMON"
646846,branded_food,ORGANIC CORN FLAKES CEREAL
647764,branded_food,WHOLE GRAIN RAISIN BRAN ORGANIC CEREAL
648816,branded_food,"TOASTED OATS WHOLE GRAIN OAT CEREAL, TOASTED OATS"
648878,branded_food,"STRAWBERRY FRUIT & GRAIN CEREAL BARS, STRAWBERRY"
648880,branded_food,"MIXED BERRY FRUIT & GRAIN CEREAL BARS, MIXED BERRY"
651790,branded_food,"LIGHTLY SWEETENED ORGANIC WHOLE GRAIN BROWN RICE CEREAL CRISPS, BROWN RICE CRISPS"
651942,branded_food,"CRUNCH BERRIES SWEETENED CORN & OAT CEREAL, CRUNCH BERRIES"
651956,branded_food,"CAP'N CRUNCH'S OOPS! ALL BERRIES, SWEETENED CORN & OAT CEREAL"
651958,branded_food,"CAP'N CRUNCH'S CINNAMON ROLL, CRUNCH CORN & OAT CEREAL, CINNAMON ROLL"
651984,branded_food,"HONEY SMACKS, SWEETENED PUFFED WHEAT CEREAL"
651986,branded_food,SWEETENED MULTI-GRAIN CEREAL
651988,branded_food,CEREAL
651990,branded_food,"CEREAL, RED BERRIES"
651994,branded_food,CEREAL
652000,branded_food,"CRUNCH CEREAL, APPLE CINNAMON"
652022,branded_food,"FROSTED FLAKES OF CORN CEREAL, FROSTED FLAKES"
652024,branded_food,"SWEETENED MULTI-GRAIN CEREAL, FRUIT"
652026,branded_food,TOASTED RICE CEREAL
652028,branded_food,SWEETENED CEREAL WITH APPLE & CINNAMON
652030,branded_food,"CORN FLAKES CEREAL, CORN FLAKES"
652034,branded_food,CEREAL
652036,branded_food,"SWEETENED CEREAL, APPLE & CINNAMON"
652040,branded_food,"DELICIOUS RAISINS, TOASTED FLAKES & CRUNCHY OAT CLUSTERS GLAZED WITH A TOUCH OF GOLDEN HONEY CEREAL"
652048,branded_food,"LIGHTLY TOASTED RICE & WHEAT CEREAL, STRAWBERRY"
652054,branded_food,CORN FLAKES CEREAL
652092,branded_food,"ORIGINAL MULTIGRAIN CEREAL, ORIGINAL"
652116,branded_food,"SWEETENED WHOLE WHEAT & RICE CEREAL WITH CINNAMON, CINNAMON"
652126,branded_food,"SWEETENED CORN CEREAL, CHOCO CHIPPERS"
652128,branded_food,"BALANCED LIVING, ORIGINAL MULTIGRAIN CEREAL, ORIGINAL"
652130,branded_food,"FIBER NUTS, WHOLE GRAIN WHEAT & BARLEY CEREAL, WHOLE GRAIN WHEAT & BARLEY"
652184,branded_food,"KELLOGG'S, FROSTED MINI WHEATS, LIGHTLY SWEETENED WHOLE GRAIN CEREAL, TOUCH OF FRUIT IN THE MIDDLE, RAISIN, RAISIN"
652188,branded_food,"SWEETENED THREE-GRAIN CEREAL WITH APPLE & CINNAMON, APPLE & CINNAMON"
652196,branded_food,"BROWN SUGAR OATMEAL SQUARES CRUNCHY CEREAL, BROWN SUGAR"
652286,branded_food,"CEREAL BARS, CHOCOLATEY DRIZZLE"
652522,branded_food,"CEREAL BARS, STRAWBERRY"
652526,branded_food,"CEREAL BARS, APPLE CINNAMON"
652530,branded_food,"CEREAL BARS, CHOCOLATEY PRETZEL"
652534,branded_food,"CEREAL BARS, RED BERRIES"
652588,branded_food,"CEREAL BARS, BLUEBERRY"
652590,branded_food,"MIXED BERRY CEREAL BARS, MIXED BERRY"
653192,branded_food,"CEREAL, STRAWBERRY"
653262,branded_food,"HONEY PUFFED WHEAT SWEETENED PUFFED WHEAT CEREAL, HONEY PUFFED WHEAT"
653264,branded_food,"RAISIN BRAN WHOLE GRAIN WHEAT AND WHEAT BRAN WITH RAISINS CEREAL, RAISIN BRAN"
653266,branded_food,"FROSTED FLAKES SWEETENED CORN CEREAL, FROSTED FLAKES"
653276,branded_food,"OATMEAL SQUARES CRUNCHY OAT CEREAL WITH A TASTE OF BROWN SUGAR, OATMEAL SQUARES"
653278,branded_food,SWEETENED MULTIGRAIN CEREAL
653280,branded_food,"CEREAL WITH FLAVORED CENTER, CHOCOLATE"
653284,branded_food,"SWEETENED THREE-GRAIN CEREAL WITH APPLE & CINNAMON, APPLE & CINNAMON"
653290,branded_food,MULTI-GRAIN SHAPES CEREAL
653294,branded_food,"CEREAL, PEANUT BUTTER"
653296,branded_food,MULTI-GRAIN SHAPES CEREAL
653300,branded_food,"CEREAL, PEANUT BUTTER"
653302,branded_food,"SWEETENED THREE-GRAIN CEREAL WITH APPLE & CINNAMON, APPLE & CINNAMON"
653304,branded_food,"LIGHT SWEETENED WHOLE GRAIN CEREAL, STRAWBERRY"
653306,branded_food,"LIGHTLY SWEETENED WHOLE GRAIN CEREAL, MAPLE BROWN SUGAR"
653308,branded_food,"FROSTED LIGHTLY SWEETENED WHOLE GRAIN CEREAL, ORIGINAL"
653324,branded_food,"SWEETENED CORN & OAT CEREAL, SWEETENED CORN & OAT CEREAL"
653360,branded_food,"CEREAL IN THE BISCUIT, OATS AND HONEY"
653410,branded_food,SWEETENED CEREAL WITH MARSHMALLOWS
653412,branded_food,CEREAL
653432,branded_food,"CEREAL, RED BERRIES"
653436,branded_food,"CEREAL, CHOCOLATEY DELIGHT"
653440,branded_food,"CEREAL, RED BERRIES"
653446,branded_food,CEREAL
653772,branded_food,"LIGHTLY SWEETENED WHOLE GRAIN CEREAL, ORIGINAL"
653810,branded_food,SWEETENED MULTI-GRAIN CEREAL
653972,branded_food,"TOASTED OATS WHOLE GRAIN OAT CEREAL, TOASTED OATS"
653976,branded_food,"PROTEIN CEREAL, CINNAMON BROWN SUGAR CRUNCH"
654542,branded_food,"PUMPKIN SPICE MULTIGRAIN CEREAL, PUMPKIN SPICE"
654582,branded_food,CEREAL
654630,branded_food,SWEETENED CORN CEREAL
655414,branded_food,"MAGIC STARS, SWEETENED OAT CEREAL WITH MARSHMALLOWS, MARSHMALLOWS"
655478,branded_food,"PALEO STYLE MUESLI COLD CEREAL, PALEO STYLE"
655654,branded_food,"BERRY COLOSSAL CRUNCH CEREAL, BERRY COLOSSAL CRUNCH"
655656,branded_food,"GOLDEN PUFFS CEREAL, GOLDEN PUFFS"
655730,branded_food,"ORGANIC CORN FLAKES CEREAL, CORN FLAKES"
656086,branded_food,"NATURAL HONEY FLAVORED MULTIGRAIN CEREAL WITH GRANOLA AND ALMONDS, ALMOND CRUNCHY HONEY OATS"
656090,branded_food,"TOASTED RICE CRISPS CEREAL, RICE CRISPS"
656092,branded_food,"HONEY NUT'S LIGHTLY SWEETENED TOASTED OAT CEREAL WITH NATURAL NUT FLAVOR, HONEY NUT'S"
656094,branded_food,"FROSTED WHOLE GRAIN OAT CEREAL WITH MARSHMALLOWS, WHOLE GRAIN"
656490,branded_food,"LIGHTLY TOASTED CORN FLAKES CEREAL, LIGHTLY TOASTED"
656978,branded_food,"LOW FAT BLUEBERRY FRUIT & GRAIN CEREAL BARS, BLUEBERRY"
657030,branded_food,"FRUIT AND GRAIN CEREAL BARS, BLUEBERRY"
657206,branded_food,"FRUIT AND GRAIN CEREAL BARS, APPLE CINNAMON"
657368,branded_food,"FRUIT & GRAIN CEREAL BARS, BLUEBERRY"
657716,branded_food,"FRUIT AND GRAIN CEREAL BARS, RASPBERRY"
657770,branded_food,100% WHOLE GRAIN OLD FASHIONED OATS CEREAL
658580,branded_food,"FRUIT & GRAIN CEREAL BARS, APPLE CINNAMON"
658594,branded_food,"LOW FAT STRAWBERRY FRUIT & GRAIN CEREAL BARS, STRAWBERRY"
659012,branded_food,"FRUIT & GRAIN CEREAL BARS, RASPBERRY"
659058,branded_food,"OLD FASHIONED 100% WHOLE GRAIN CEREAL OATS, OLD FASHIONED WHOLE GRAIN"
659600,branded_food,"OLD FASHIONED 100% WHOLE GRAIN CEREAL OATS, OLD FASHIONED WHOLE GRAIN"
659604,branded_food,100% WHOLE GRAIN CEREAL QUICK OATS
660700,branded_food,"SHREDDED WHEAT FROSTED CEREAL, MIXED BERRY"
660708,branded_food,"CEREAL, FROSTED CINNAMON ROLL, VANILLA"
660746,branded_food,"FROSTED S'MORES BITES CEREAL, CHOCOLATE CHIPS"
661542,branded_food,ANCIENT GRAINS GRANOLA CEREAL
661546,branded_food,"SPRINKLED DONUT CRUNCH SWEETENED CORN & OAT CEREAL, SPRINKLED DONUT CRUNCH"
661554,branded_food,"TOASTED RICE CEREAL, ORIGINAL"
661782,branded_food,"KELLOGG'S, KNOURISH, HOT CEREAL, CINNAMON, RAISIN PECAN, CINNAMON RAISIN PECAN"
661786,branded_food,"MULTI-GRAIN CEREAL, ORIGINAL"
661852,branded_food,"ORIGINAL LIGHTLY SWEETENED WHOLE GRAIN CEREAL, ORIGINAL"
661856,branded_food,"ORANGE COLOR CEREAL WITH CHOCOLATE FLAVORED CENTER, CHOCOLATE"
661960,branded_food,"SWEETENED MULTI-GRAIN CEREAL, FRUIT"
662010,branded_food,"CEREAL BARS, CHOCOLATEY PRETZEL"
662224,branded_food,MULTI-GRAIN SHAPES CEREAL
662238,branded_food,"CEREAL, OATS & HONEY"
662240,branded_food,"KELLOGG'S, FROSTED FLAKES, FROSTED CORN FLAKE CEREAL"
662246,branded_food,"CEREAL BARS, RED BERRIES"
662272,branded_food,CEREAL IN A CUP
662372,branded_food,CORN FLAKES CEREAL
662374,branded_food,SWEETENED RICE CEREAL
662378,branded_food,SWEETENED CORN CEREAL
662380,branded_food,"CEREAL WITH FLAVORED CENTER, CHOCOLATE"
662384,branded_food,TOASTED BROWN RICE CEREAL
662386,branded_food,MULTI-GRAIN CEREAL
662388,branded_food,"SPECIAL K, CRUNCHY RICE & WHEAT FLAKES CEREAL, CHOCOLATEY STRAWBERRY, CHOCOLATEY STRAWBERRY"
662554,branded_food,"SWEETENED MULTI-GRAIN CEREAL, STRAWBERRY"
662556,branded_food,"NUTRI GRAIN CEREAL BARS, BLUEBERRY"
662558,branded_food,"MULTI GRAIN CEREAL BARS, MIXED BERRY"
662560,branded_food,"CEREAL BARS, APPLE CINNAMON"
662570,branded_food,"STRAWBERRY GREEK NONFAT YOGURT CEREAL BOWL, STRAWBERRY"
662590,branded_food,"CEREAL BARS, VANILLA CRISP"
662592,branded_food,"CEREAL BARS, CHOCOLATEY STRAWBERRY"
662594,branded_food,"CEREAL BARS, RASPBERRY CHEESECAKE"
662598,branded_food,"CEREAL BARS, BLUEBERRY"
662600,branded_food,"CEREAL BARS, BLUEBERRY"
662608,branded_food,"CEREAL BARS, STRAWBERRY"
662648,branded_food,CEREAL
662658,branded_food,"CEREAL BARS, RED BERRIES"
662738,branded_food,"CEREAL, VANILLA"
662930,branded_food,"GRAHAM CEREAL, HONEY"
663136,branded_food,"ORIGINAL MULTIGRAIN CEREAL, ORIGINAL"
663314,branded_food,RICE & CORN CEREAL
663454,branded_food,"PEANUT BUTTER FLAVORED CEREAL, PEANUT BUTTER"
663462,branded_food,"CEREAL, CHOCOLATE"
663638,branded_food,"CHOCOLATEY STRAWBERRY CEREAL, CHOCOLATEY STRAWBERRY"
663712,branded_food,SWEETENED CEREAL WITH APPLE & CINNAMON
663990,branded_food,"CEREAL, CHOCOLATEY STRAWBERRY"
664022,branded_food,"CEREAL, PB&J STRAWBERRY"
664044,branded_food,"CEREAL BARD, RED BERRIES"
664064,branded_food,"CEREAL BARS, CHOCOLATEY PRETZEL"
664152,branded_food,"CEREAL, CHOCOLATEY ALMOND"
664180,branded_food,"CRUNCHY RICE & WHEAT FLAKES CEREAL, CINNAMON PECAN"
664232,branded_food,"SWEETENED CEREAL WITH APPLE, CINNAMON AND MARSHMALLOWS"
664266,branded_food,"SPECIAL K, FRUIT & YOGURT CEREAL"
664274,branded_food,SWEETENED CORN & OAT CEREAL
664630,branded_food,"ENJOY LIFE, PERKY'S CRUNCHY RICE CEREAL, ORIGINAL, ORIGINAL"
664632,branded_food,"ENJOY LIFE, PERKY'S CRUNCHY FLAX CEREAL, ORIGINAL, ORIGINAL"
664634,branded_food,"CRUNCHY FLAX CEREAL, CHIA"
665582,branded_food,"BITE SIZE FROSTED SHREDDED WHEAT SWEETENED WHOLE GRAIN CEREAL, FROSTED SHREDDED WHEAT"
666018,branded_food,"ORGANIC SUPERFOOD HOT CEREAL, CHIA CRUNCH"
666548,branded_food,"OVEN TOASTED FLAKES OF CORN CEREAL, OVEN TOASTED FLAKES OF CORN CEREAL"
666550,branded_food,"MARSHMALLOW MATEYS CEREAL, MARSHMALLOW MATEYS"
666552,branded_food,"SWEETENED CORN PUFF CEREAL WITH REAL COCOA AND MARSHMALLOWS, SWEETENED CORN PUFF CEREAL WITH REAL COCOA AND MARSHMALLOWS"
666554,branded_food,FROSTED FLAKES CEREAL
666556,branded_food,"FROSTED FLAKES CEREAL, FROSTED FLAKES"
666558,branded_food,"FROSTED WHOLE GRAIN OAT CEREAL WITH MARSHMALLOWS, FROSTED WHOLE GRAIN OAT CEREAL WITH MARSHMALLOWS"
666560,branded_food,"SWEETENED CORN PUFF CEREAL, REAL PEANUT BUTTER AND COCOA"
666562,branded_food,FROSTED FLAKES CEREAL
666564,branded_food,CEREAL
666566,branded_food,"SWEETENED WHOLE GRAIN OAT CEREAL WITH REAL HONEY, WHOLE GRAIN HONEY NUT TOASTED OATS"
666568,branded_food,THE ORIGINAL CEREAL
666570,branded_food,CEREAL
666572,branded_food,"SWEETENED CORN PUFF CEREAL WITH REAL COCOA & MARSHMALLOWS, SWEETENED CORN PUFF CEREAL WITH REAL COCOA & MARSHMALLOWS"
666574,branded_food,"WHOLE GRAIN FROSTED SHREDDED WHEAT CEREAL, CHOCOLATE FROSTED SHREDDED WHEAT"
666576,branded_food,"SWEETENED CORN PUFF CEREAL WITH REAL PEANUT BUTTER AND COCOA, SWEETENED CORN PUFF CEREAL WITH REAL PEANUT BUTTER AND COCOA"
666578,branded_food,CEREAL
667700,branded_food,"CRUNCHY HONEY OATS MULTIGRAIN CEREAL WITH GRANOLA, CRUNCHY HONEY OATS"
667738,branded_food,"HONEY NUT HONESTOS CEREAL, HONEY NUT"
667796,branded_food,"CORN FLAKES CEREAL, CORN FLAKES"
667798,branded_food,SWEETENED WHOLE WHEAT & RICE CEREAL WITH CINNAMON
667800,branded_food,SWEETENED CEREAL WITH ISLAND MARSHMALLOWS
667806,branded_food,"FROSTED SHREDDED WHEAT BITE SIZE CEREAL, BLUEBERRY"
667808,branded_food,"STRAWBERRY FROSTED SHREDDED WHEAT BITE SIZE CEREAL, STRAWBERRY"
667892,branded_food,"BERRY CRUNCH SWEETENED CORN & OAT CEREAL, BERRY CRUNCH"
668206,branded_food,"FROSTY FLAKES SWEETENED CORN FLAKE CEREAL, FROSTY FLAKES"
668222,branded_food,"SWEETENED FROSTED FLAKES CEREAL, SWEETENED"
668340,branded_food,"CRUNCHY CORN CEREAL, CRUNCHY"
668348,branded_food,"SWEETENED CORN & OAT CEREAL, TOUCHDOWN CRUNCH"
668530,branded_food,KOO-KIES SWEETENED CORN CEREAL
668742,branded_food,"PEANUT BUTTER COCO LOCO SWEET & CRUNCHY CORN CEREAL, PEANUT BUTTER COCO LOCO"
668758,branded_food,"CORN FLAKES TOASTED FLAKES OF CORN CEREAL, CORN FLAKES"
668856,branded_food,"FROSTED FLAKES CEREAL, FROSTED FLAKES"
668860,branded_food,CEREAL
668948,branded_food,"OLD-FASHIONED 100% WHOLE GRAIN OAT CEREAL, OLD-FASHIONED"
668980,branded_food,O'S CEREAL
669010,branded_food,"CINNAMON TOASTERS CEREAL, CINNAMON"
669024,branded_food,"RICE CEREAL, CHOCOLATE"
669408,branded_food,"CINNAMON CEREAL, CINNAMON"
669518,branded_food,CINNAMON TOASTERS CEREAL
669698,branded_food,"PROTEIN CEREAL, BERRY BURST"
670338,branded_food,"STRAWBERRY CEREAL BARS, STRAWBERRY"
670366,branded_food,"FRUIT & YOGURT CRISPY RICE & WHEAT FLAKES CEREAL WITH OAT & FRUIT, FRUIT & YOGURT"
670370,branded_food,"BITE SIZE FROSTED SHREDDED WHEAT CEREAL, STRAWBERRY CREAM"
670436,branded_food,"FRUIT AND GRAIN CEREAL BARS, STRAWBERRY"
670586,branded_food,"CEREAL, BERRY COLOSSAL CRUNCH"
670694,branded_food,"ORGANIC PEANUT BUTTER DOTS CEREAL, PEANUT BUTTER"
670696,branded_food,ORGANIC TOASTED O'S CEREAL
670780,branded_food,"CINNAMON CRUNCHY OAT CEREAL, CINNAMON"
670912,branded_food,"HONEY CRUNCH, SWEETENED CORN & OAT CEREAL"
670926,branded_food,"PEANUT BUTTER & COCOA BALLS LIGHTLY SWEETENED ORGANIC CORN & WHOLE GRAIN OAT FLOUR CEREAL WITH ORGANIC COCOA & THE DELICIOUS GOODNESS OF REAL ORGANIC PEANUT BUTTER, PEANUT BUTTER & COCOA BALLS"
670936,branded_food,"LIGHTLY SWEETENED ORGANIC WHOLE GRAIN WHEAT & BROWN RICE FLOUR CEREAL WITH THE WARM, SPICY FLAVOR OF ORGANIC CINNAMON SQUARES, CRUNCHY CINNAMON SQUARES"
670950,branded_food,"ORGANIC DOUBLE BERRY HOT CEREAL RIP'S POWER-UP BOWL, DOUBLE BERRY HOT CEREAL"
671084,branded_food,ORGANIC RIP'S POWER-UP BOWL ORIGINAL HOT CEREAL
671468,branded_food,"CRISPY RICE TOASTED RICE CEREAL, CRISPY RICE"
671502,branded_food,"WHEAT & BRAN CEREAL WITH RAISINS & CRUNCHY GRANOLA, RAISIN BRAN"
671654,branded_food,"CEREAL, CINNAMON TOASTERS"
672282,branded_food,"FROSTED BITE SIZE CEREAL, SHREDDED WHEAT"
672300,branded_food,"HONEY GRAHAMS SWEETENED WHOLE WHEAT AND CORN CEREAL, HONEY GRAHAMS"
672302,branded_food,"TRAIL MIX CRUNCH CEREAL, CRANBERRY VANILLA"
672304,branded_food,"FROSTED SHREDDED WHEAT CEREAL, FROSTED SHREDDED WHEAT"
672306,branded_food,"CEREAL, DOUBLE CHOCOLATE BROWNIE CRUNCH"
672308,branded_food,FROSTED FLAKES CEREAL
672310,branded_food,"GOLDEN PUFFS CEREAL, GOLDEN PUFFS"
672312,branded_food,SWEETENED RICE CEREAL WITH REAL CINNAMON
672316,branded_food,WHOLE GRAIN WHEAT AND BRAN CEREAL WITH RAISINS
672318,branded_food,"TOOTIE FRUITIES CEREAL, TOOTIE FRUITIES"
672320,branded_food,"CEREAL, COCONUT ALMOND CRUNCH"
672322,branded_food,"MARSHMALLOW MATEYS CEREAL, CHOCOLATE"
672324,branded_food,RAISIN BRAN CEREAL
672326,branded_food,"TOOTIE FRUITIES FLAVORED CEREAL, TOOTIE FRUITIES"
672328,branded_food,"CEREAL, CINNAMON DYNO-BITES"
672396,branded_food,"REAL HONEY NUT TOASTY O'S SWEETENED WHOLE GRAIN OAT CEREAL, HONEY NUT"
672502,branded_food,"CEREAL, RAISIN BRAN"
672610,branded_food,"FRUIT & GRAIN CEREAL BARS, STRAWBERRY"
672612,branded_food,"FRUIT & GRAIN CEREAL BARS, APPLE CINNAMON"
672836,branded_food,"APPLE ZINGS CEREAL, APPLE ZINGS"
672838,branded_food,"TOOTIE FRUITIES CEREAL WITH MARSHMALLOWS, TOOTIE FRUITIES"
673012,branded_food,"FRUIT & GRAIN CEREAL BARS, BLUEBERRY"
673014,branded_food,"APPLE CINNAMON FRUIT & GRAIN CEREAL BARS, APPLE CINNAMON"
673016,branded_food,"STRAWBERRY FRUIT&GRAIN CEREAL BARS, STRAWBERRY"
673390,branded_food,"CRUNCHY NUGGETS WHOLE GRAIN WHEAT AND BARLEY CEREAL, CRUNCHY NUGGETS"
673398,branded_food,"CINNAMON SQUARES CEREAL, CINNAMON"
673402,branded_food,"HONEY NUT TOASTED OATS CEREAL, HONEY NUT TOASTED OATS"
673404,branded_food,FROSTED CORN FLAKES CEREAL
673408,branded_food,SWEETENED FROSTED FLAKES OF CORN CEREAL
673538,branded_food,"COCOA RAGEOUS, RICE CEREAL WITH REAL COCOA"
673750,branded_food,"HONEY GRAHAM CRUNCH, HONEY GRAHAM CEREAL, HONEY GRAHAM"
673770,branded_food,"CINNI-MINI CRUNCH, SWEETENED WHOLE WHEAT & RICE CEREAL WITH CINNAMON, CINNAMON"
673830,branded_food,"S'MORES CEREAL, S'MORES"
673896,branded_food,WHOLE GRAIN WHEAT AND BARLEY NUTTY BITES CEREAL
674186,branded_food,"HOT CEREAL, CINNAMON SPICE MULTIGRAIN"
674334,branded_food,"NATURALLY FLAVORED SWEETENED RICE CEREAL WITH CRISPY REAL COCOA, COCOA"
674340,branded_food,"CORN FLAKES TOASTED FLAKES OF CORN CEREAL, CORN FLAKES"
674342,branded_food,"LIGHTLY SWEETENED FROSTED SHREDDED WHOLE GRAIN WHEAT CEREAL, FROSTED SHREDDED WHEAT"
674344,branded_food,"BITE SIZE SHREDDED WHOLE GRAIN WHEAT CEREAL, SHREDDED WHEAT"
674350,branded_food,"SHREDDED WHEAT BITE SIZE SHREDDED WHOLE GRAIN WHEAT CEREAL, SHREDDED WHEAT"
674352,branded_food,"FROSTED SHREDDED WHEAT BITE SIZE SWEETENED WHOLE GRAIN WHEAT CEREAL, FROSTED SHREDDED WHEAT"
674354,branded_food,"HONEY NUT TOASTED OATS SWEETENED TOASTED OAT CEREAL WITH HONEY, HONEY NUT TOASTED OATS"
674470,branded_food,"SWEETENED PUFFED WHEAT CEREAL, GOLDEN HONEY"
674490,branded_food,"TOOTIE FRUITIES CEREAL, TOOTIE FRUITIES"
674570,branded_food,HEARTY GRAINS & SEEDS MULTIGRAIN HOT CEREAL
674680,branded_food,TOASTED RICE CEREAL
674682,branded_food,"ORIGINAL 100% WHOLE GRAIN INSTANT OATMEAL CEREAL, ORIGINAL"
674702,branded_food,"TOASTED OATS CEREAL, HONEY NUT"
674778,branded_food,"CHOCOLATE CHIP MULTIGRAIN CEREAL BARS, CHOCOLATE CHIP"
675000,branded_food,100% WHOLE GRAIN CEREAL QUICK OATS
675062,branded_food,"CEREAL, CINNAMON"
675436,branded_food,"RASPBERRY FRUIT & GRAIN CEREAL BARS, RASPBERRY"
675452,branded_food,"APPLE CINNAMON FRUIT & GRAIN CEREAL BARS, APPLE CINNAMON"
675466,branded_food,BLUEBERRY FRUIT & GRAIN CEREAL BARS
675478,branded_food,APPLE CINNAMON FRUIT & GRAIN CEREAL BARS
675680,branded_food,TOASTED WHEATFULS WHOLE GRAIN WHEAT CEREAL
675682,branded_food,CEREAL
676226,branded_food,CEREAL
676412,branded_food,MIXED BERRY FRUIT & GRAIN CEREAL BARS
676684,branded_food,MAPLE BROWN SUGAR FROSTED BITE SIZE SHREDDED WHEAT LIGHTLY SWEETENED WHOLE GRAIN WHEAT CEREAL
676796,branded_food,"CORN FLAKES CEREAL, CORN FLAKES"
677332,branded_food,"CRISP RICE CEREAL BAR WITH MARSHMALLOW CREME, MARSHMALLOW CREME"
677444,branded_food,"GOLDEN CORN FLAKES CEREAL, CORN FLAKES"
677446,branded_food,"CEREAL BARS, STRAWBERRY CEREAL BARS"
677452,branded_food,"CEREAL BARS, APPLE CINNAMON CEREAL BARS"
677460,branded_food,TOASTED OATS CEREAL
677492,branded_food,"LOW FAT APPLE CINNAMON FRUIT & GRAIN CEREAL BARS, APPLE CINNAMON"
678046,branded_food,"PROBIOTICS VANILLA YOGURTY PIECES CEREAL, BERRIES & PEACHES"
678266,branded_food,CEREAL IN A CUP
678268,branded_food,CRISPY GLAZED CRUNCHY SWEET CEREAL IN A CUP
678274,branded_food,"PUMPKIN SPICE MULTIGRAIN CEREAL, PUMPKIN SPICE"
678276,branded_food,SWEETENED CORN & OAT CEREAL
678404,branded_food,SWEETENED MULTI-GRAIN CEREAL
678472,branded_food,"CEREAL, CINNAMON PECAN"
678622,branded_food,CEREAL
678624,branded_food,"SWEETENED MULTI-GRAIN CEREAL, FRUIT"
678642,branded_food,TOASTED RICE CEREAL
678652,branded_food,"MULTIGRAIN CEREAL, GINGERBREAD SPICE"
678726,branded_food,SWEETENED TOASTED RICE CEREAL
678782,branded_food,SWEETENED MULTI-GRAIN CEREAL WITH FRUITY SHAPED MARSHMALLOWS
678788,branded_food,"BLUEBERRY BANANA & VANILLA CHILLED OAT CEREAL WITH FLAXSEED & QUINOA, BLUEBERRY BANANA & VANILLA"
678790,branded_food,"RAISIN WALNUT HONEY CHILLED OAT CEREAL WITH QUINOA & FLAXSEED, RAISIN WALNUT HONEY"
678810,branded_food,HALLOWEEN CRUNCH SWEETENED CORN & OAT CEREAL
678812,branded_food,"CRUNCH BERRIES SWEETENED CORN & OAT CEREAL, CRUNCH BERRIES"
678818,branded_food,"VANILLA MULTIGRAIN CEREAL, VANILLA"
678826,branded_food,"ORIGINAL MULTIGRAIN CEREAL, ORIGINAL"
678828,branded_food,"BLUEBERRY PANCAKE CRUNCH SWEETENED CORN & OAT CEREAL, BLUEBERRY PANCAKE CRUNCH"
678966,branded_food,"CHILLED OAT CEREAL WITH QUINOA & FLAXSEED, ORCHARD PEACH PECAN PERFECTION"
679112,branded_food,CEREAL
679114,branded_food,"CHERRY ALMOND & VANILLA CHILLED OAT CEREAL WITH QUINOA & FLAXSEED, CHERRY ALMOND & VANILLA"
679166,branded_food,SWEETENED CORN CEREAL
679302,branded_food,"PANCAKE CRUNCH SWEETENED CORN & OAT CEREAL, BLUEBERRY"
679460,branded_food,"MULTIGRAIN CEREAL, VANILLA"
679536,branded_food,"RAISIN BRAN WHEAT BRAN CEREAL WITH RAISINS, RAISIN BRAN"
679752,branded_food,"HONEY OAT CRUNCH CEREAL, HONEY OAT"
679830,branded_food,"FRUITY CEREAL CRISPY BITES, FRUITY CEREAL"
679834,branded_food,"FRUITY CEREAL CRISPY BAR WITH WHITE CHOCOLATY FLAVORED DRIZZLE, FRUITY CEREAL"
679896,branded_food,"SHREDDED WHEAT CEREAL, FROSTED CHOCOLATE STRAWBERRY"
680022,branded_food,"CEREAL, STRAWBERRY"
680192,branded_food,"FROSTED SHREDDED WHEAT CEREAL, STRAWBERRY"
680250,branded_food,"FROSTED BITE SIZE SHREDDED WHEAT CEREAL, SHREDDED WHEAT"
680264,branded_food,"MARSHMALLOW CEREAL BARS TREATS, CHOCOLATE"
680324,branded_food,"FAR OUT FRUITIES SWEETENED MULTIGRAIN CEREAL, FAR OUT FRUITIES"
680468,branded_food,"QUICK OATS 100% WHOLE GRAIN CEREAL, QUICK OATS"
681232,branded_food,O'S CEREAL
681616,branded_food,"PB&C, PEANUT BUTTER & COCOA SWEETENED CRUNCHY CORN CEREAL, PEANUT BUTTER & COCOA"
681672,branded_food,"HONEY CRUNCH & OATS FROSTED CORN AND WHEAT FLAKES CEREAL WITH GRANOLA CLUSTERS, HONEY CRUNCH & OATS"
681674,branded_food,"OUR STRAWBERRY BLONDE, HONEY GRAHAM AND STRAWBERRY FLAVORED CEREAL WITH MARSHMALLOWS, OUR STRAWBERRY BLONDE"
681718,branded_food,"HONEY & NUT SWEETENED TOASTED OATS CEREAL WITH HONEY AND NATURAL ALMOND FLAVOR, HONEY & NUT"
681758,branded_food,"WHOLE GRAIN OAT AND WHEAT CEREAL WITH ALMONDS, OATS & HONEY"
682014,branded_food,"COCONUT CHAI SUPERFOOD CEREAL, COCONUT CHAI"
682024,branded_food,"INSTANT HOT CEREAL, COCOA NUT WITH REAL ALMONDS"
682296,branded_food,"BERRY CRUNCH CEREAL, BERRY"
682380,branded_food,"SWEETENED PUFFED WHEAT CEREAL, SUGAR BEAR"
682566,branded_food,HONEY & OATS LIGHTLY SWEETENED CORN AND WHOLE WHEAT CRISPY FLAKES CEREAL WITH GRANOLA AND SLICED ALMONDS
682624,branded_food,"SWEETENED RICE CEREAL, FRUITY"
682658,branded_food,PEANUT BUTTER & CHOCOLATE SWEETENED RICE CEREAL
682716,branded_food,"CINN-AMAZING CRUNCH SWEETENED WHOLE WHEAT & RICE CEREAL WITH REAL CINNAMON, CINN-AMAZING CRUNCH"
682746,branded_food,BIRTHDAY CAKE REMIX CEREAL
682748,branded_food,"HONEY NUT TOASTED OATS SWEETENED TOASTED OAT CEREAL WITH HONEY & ALMONDS, HONEY NUT TOASTED OATS"
682810,branded_food,"SUPERFOOD CEREAL, CACAO BANANA CRUNCH"
683022,branded_food,"FROSTED SHREDDED WHEAT CEREAL, ORIGINAL"
683106,branded_food,"BLUEBERRY FRUIT & GRAIN CEREAL BARS, BLUEBERRY"
683114,branded_food,"SWEETENED WHEAT PUFFS CEREAL, WHEAT"
683116,branded_food,"NATURAL APPLE AND CINNAMON CRUNCH SWEETENED THREE-GRAIN CEREAL, APPLE CRUNCH"
683250,branded_food,"FROSTED FLAKES SWEETENED CORN CEREAL, FROSTED FLAKES"
683448,branded_food,"CRUNCHY BRAN FLAKES, CEREAL & LOTS OF PLUMP, JUICY RAISINS, RAISIN BRAN"
683488,branded_food,PEANUT BUTTER & CHOCOLATE FLAVORS SWEETENED RICE CEREAL
683558,branded_food,"APPLE LOONS SWEETENED MULTI-GRAIN CEREAL WITH REAL APPLES & CINNAMON, APPLE LOONS"
683600,branded_food,"MUESLI PALEO GRAIN FREE COLD CEREAL, MUESLI PALEO"
683844,branded_food,"SWEETENED COCOA FLAVORED CORN CEREAL, COCOA CRUNCHIES"
683868,branded_food,"CRISPRICE, TOASTED RICE CEREAL, TOASTED RICE"
683910,branded_food,"MAPLE CINNAMON RAISIN WITH MAPLE GLAZED ALMONDS & PEANUTS, CINNAMON-FLAVORED PRETZEL BALLS, CINNAMON COOKIES, RAISINS & CEREAL SQUARES TRAIL MIX, MAPLE CINNAMON RAISIN"
683954,branded_food,HONEY NUT TOASTED OATS SWEETENED TOASTED OATS CEREAL WITH REAL HONEY AND ALMONDS
684328,branded_food,"HONEY & NUT TOASTED OATS SWEETENED WHOLE GRAIN OAT CEREAL WITH REAL HONEY, HONEY & NUT"
684552,branded_food,"MULTIGRAIN TOASTED OATS SWEETENED CORN, WHEAT, OAT, BARLEY AND RICE CEREAL, MULTIGRAIN TOASTED OATS"
684670,branded_food,"FROSTED SHREDDED WHEAT BITE SIZE SWEETENED WHOLE GRAIN WHEAT CEREAL, FROSTED SHREDDED WHEAT"
684812,branded_food,"HOKUS POKUS SWEETENED OAT CEREAL WITH MARSHMALLOWS, HOKUS POKUS"
684818,branded_food,"COCO LOCO A SWEETENED CORN CEREAL MADE WITH REAL COCOA, COCO LOCO"
684888,branded_food,"HONEY SCOOTERS CEREAL, HONEY SCOOTERS"
685130,branded_food,"HONEY BZZZZZ SWEETENED CORN & OAT CEREAL, HONEY BZZZZZ"
685132,branded_food,"PB COCOA PLANETS SWEETENED CRUNCHY CORN CEREAL, PB COCOA PLANETS"
685154,branded_food,"ENRICHED BRAN FLAKES CEREAL, BRAN FLAKES"
685158,branded_food,"COCOA CRUNCH SWEETENED CORN CEREAL, COCOA CRUNCH"
685202,branded_food,"FRUIT FRENZY SWEETENED MULTI-GRAIN CEREAL, FRUIT FRENZY"
685260,branded_food,SWEETENED WHOLE WHEAT AND RICE CEREAL WITH CINNAMON
685460,branded_food,"STRAWBERRY FRUIT & GRAIN CEREAL BARS, STRAWBERRY"
685936,branded_food,"FRUITY JEWELS CEREAL, FRUITY JEWELS"
685938,branded_food,"CRISP RICE OVEN TOASTED RICE CEREAL, CRISP RICE"
685962,branded_food,"CRUNCHY BERRY SWEETENED CORN & OAT CEREAL, CRUNCHY BERRY"
685966,branded_food,"SWEETENED GOLDEN PUFFED WHEAT CEREAL, GOLDEN PUFFED WHEAT"
686734,branded_food,"STRAWBERRY CREAM FROSTED BITE SIZE SHREDDED WHEAT LIGHTLY SWEETENED WHOLE GRAIN CEREAL, STRAWBERRY CREAM"
686760,branded_food,"CRANBERRY ALMOND CRUNCH CEREAL, CRANBERRY ALMOND"
686942,branded_food,"OATS & MORE, OVEN TOASTED SWEETENED MULTI-GRAIN CEREAL WITH HONEY, HONEY"
687106,branded_food,"GOLDEN HONEY SWEETENED WHEAT CEREAL PUFFS, GOLDEN HONEY"
687150,branded_food,ORGANIC WHOLE GRAIN OAT CEREAL
687336,branded_food,"FRUIT PUFFZ SWEETENED CORN CEREAL, FRUIT PUFFZ"
687414,branded_food,"PUFFED WHEAT CEREAL, PUFFED WHEAT"
687438,branded_food,"FARINA CREAMY WHEAT ENRICHED HOT WHEAT CEREAL, FARINA"
687452,branded_food,"VERY BERRY CRUNCH SWEETENED CORN AND OAT CEREAL, VERY BERRY CRUNCH"
687468,branded_food,"SWEETENED TOASTED OATS CEREAL WITH REAL HONEY & ALMOND FLAVOR, HONEY NUT"
687826,branded_food,"WHEAT SQUARES TOASTED WHEAT CEREAL, WHEAT SQUARES"
687964,branded_food,"OATS & MORE, OVEN TOASTED SWEETENED MULTI-GRAIN CEREAL WITH STRAWBERRIES, STRAWBERRIES"
687998,branded_food,"KOO-KIES! SWEETENED CORN CEREAL, KOO-KIES!"
688592,branded_food,FROSTED FAKES SWEETENED FLAKES OF CORN CEREAL
689050,branded_food,"APPLE DAPPLES, SWEETENED MULTI-GRAIN APPLE CEREAL, APPLE"
689052,branded_food,"MAGIC STARS, FROSTED TOASTED OAT CEREAL WITH MARSHMALLOWS"
689054,branded_food,"FRUIT RINGS, SWEETENED MULTI-GRAIN CEREAL, NATURAL FRUIT"
689548,branded_food,"ORIGINAL TOASTED WHOLE GRAIN OATS CEREAL, ORIGINAL"
689562,branded_food,"FRENCH VANILLA PROTEIN CEREAL, FRENCH VANILLA"
689566,branded_food,"GLUTEN-FREE APPLE CINNAMON PROTEIN CEREAL, APPLE CINNAMON"
689570,branded_food,"APPLE CINNAMON PROTEIN CEREAL, APPLE CINNAMON"
689574,branded_food,"GLUTEN-FREE HONEY ALMOND PROTEIN CEREAL, HONEY ALMOND"
689584,branded_food,"HONEY ALMOND PROTEIN CEREAL, HONEY ALMOND"
689698,branded_food,FROSTED FLAKES OF CORN CEREAL
689722,branded_food,"FRUIT & FROSTED O'S, SWEETENED MULTI-GRAIN CEREAL WITH NATURAL FRUIT FLAVORS, SWEETENED"
689730,branded_food,"CRISPY, SWEETENED, WHOLE WHEAT & RICE CEREAL, CRISPY, SWEETENED, WHOLE WHEAT & RICE"
690198,branded_food,"FROSTED FLAKES OF CORN CEREAL, FROSTED FLAKES"
690200,branded_food,"APPLE RINGS, SWEETENED MULTI-GRAIN CEREAL WITH APPLE & CINNAMON, APPLE & CINNAMON"
691208,branded_food,CHOCO CHIPPERS SWEETENED CORN CEREAL
692068,branded_food,"FRUIT & GRAIN STRAWBERRY CEREAL BARS, FRUIT & GRAIN STRAWBERRY"
692080,branded_food,"BITE SIZED SHREDDED WHEAT CEREAL, BITE SIZED SHREDDED WHEAT"
692318,branded_food,"SWEETENED OAT CEREAL WITH MARSHMALLOWS, MARSHMALLOWS"
692752,branded_food,"FRUIT SWEETENED RICE CEREAL, FRUIT"
693744,branded_food,"CINNAMON TOASTERS CEREAL, CINNAMON"
693776,branded_food,"APPLE ZINGS CEREAL, APPLE ZINGS"
693918,branded_food,"STRAWBERRY FRUIT&GRAIN CEREAL BARS, STRAWBERRY"
693960,branded_food,"BROWN SUGAR CINNAMON CRUNCHY SWEETENED THREE GRAIN CEREAL, BROWN SUGAR CINNAMON"
694142,branded_food,"TOASTED OATS WHOLE GRAIN OAT CEREAL, TOASTED OATS"
694158,branded_food,"CRISPY HEXAGONS CORN & RICE CEREAL, CRISPY HEXAGONS"
694472,branded_food,"BRAN FLAKES WHEAT CEREAL, BRAN FLAKES"
695082,branded_food,"TOASTED OAT LOOPS CEREAL, OAT LOOPS"
695084,branded_food,"FROSTED FLAKES SWEETENED CORN CEREAL, FROSTED FLAKES"
695110,branded_food,"PUFFED WHEAT CEREAL, PUFFED WHEAT"
695114,branded_food,"BITE SIZE FROSTED SHREDDED WHEAT SWEETENED WHOLE GRAIN CEREAL, FROSTED"
695910,branded_food,"CRUNCHY HONEY ROASTED CEREAL, CRUNCHY HONEY ROASTED"
696138,branded_food,CINNAMON LION LOOPS SWEETENED TOASTED CEREAL
696158,branded_food,"BANANA PUDDING CEREAL, BANANA PUDDING"
696168,branded_food,"CHOCOLATE OS TOASTED CEREAL, CHOCOLATE"
696170,branded_food,"CINNAMON FLAKES TOASTED CEREAL, CINNAMON FLAKES"
696172,branded_food,"VANILLA OS TOASTED CEREAL MADE WITH GARBANZO BEANS, NAVY BEANS & RED LENTILS, VANILLA OS"
696182,branded_food,O'S CEREAL
696434,branded_food,"OLD-FASHIONED 100% WHOLE GRAIN OAT CEREAL, OLD-FASHIONED"
696508,branded_food,"SWEET & SALTY BARK MILK CHOCOLATE WITH PRETZELS & GRAHAM CEREAL PIECES, SWEET & SALTY BARK"
696638,branded_food,"OAT CRISPS SWEETENED MULTIGRAIN CEREAL, OAT CRISPS"
696640,branded_food,"CINNAMON OATS CRISPS CEREAL, CINNAMON"
696900,branded_food,"HONEY NUT TOASTED OAT CEREAL SWEETENED TOASTED OAT CEREAL WITH HONEY NUT & NATURAL ALMOND FLAVOR, HONEY NUT TOASTED OATS"
696906,branded_food,"MAGIC STARS, SWEETENED OAT CEREAL WITH REAL MARSHMALLOW"
696920,branded_food,"APPLE CINNAMON SWEETENED TOASTED OAT CEREAL, APPLE CINNAMON"
697112,branded_food,"COCOA CRISPY RICE SWEETENED CEREAL, COCOA CRISPY RICE"
697114,branded_food,"CRISPY RICE TOASTED CEREAL, CRISPY RICE"
697126,branded_food,FRUIT RINGS SWEETENED MULTI-GRAIN CEREAL
697644,branded_food,"TOASTED WHEAT SQUARES CEREAL, TOASTED WHEAT"
697838,branded_food,"COCOA CRISP RICE SWEETENED RICE CEREAL, COCOA CRISP RICE"
698064,branded_food,"FRENCH VANILLA GRANOLA WITH ALMONDS CEREALS, FRENCH VANILLA WITH ALMONDS"
698312,branded_food,"BLUEBERRY FRUIT & GRAIN CEREAL BARS, BLUEBERRY"
698596,branded_food,FROSTED SHREDDED WHEAT CEREAL
698604,branded_food,"COCOA BURST SWEETENED CORN CEREAL WITH REAL COCOA, COCOA BURST"
698606,branded_food,"HONEY NUT TOASTED OATS SWEETENED WHOLE GRAIN OAT CEREAL WITH REAL HONEY & ALMONDS, HONEY NUT TOASTED OATS"
698980,branded_food,"CORN FLAKES CEREAL, CORN FLAKES"
699652,branded_food,CRUNCHY OAT SQUARES CEREAL
699790,branded_food,"CHOCOLATEY CHIP COOKIE BITES CEREAL, CHOCOLATEY CHIP"
700434,branded_food,"PEANUT BUTTER POPPERS MULTIGRAIN CEREAL WITH ORGANIC PEANUT BUTTER COATING, PEANUT BUTTER"
701156,branded_food,"HONEY NUT TOASTED OATS CEREAL, HONEY NUT"
701230,branded_food,"TOASTED OATS CEREAL, TOASTED OATS"
701276,branded_food,"WHOLE GRAIN TOASTED OATS CEREAL, WHOLE GRAIN TOASTED OATS"
701302,branded_food,"HONEY NUT NATURALLY FLAVORED TOASTED OATS CEREAL, HONEY NUT"
701438,branded_food,"TOASTED CRISP RICE CEREAL, TOASTED"
701816,branded_food,"AZTEC HOT CEREAL, ORIGINAL"
702042,branded_food,"TOASTED CRISPY RICE CEREAL, CRISPY RICE"
702100,branded_food,"HONEY GRAHAMS CEREAL, HONEY GRAHAMS"
702664,branded_food,CEREAL
702666,branded_food,"HOT CEREAL, CINNAMON SPICE MULTIGRAIN"
702668,branded_food,"MULTIGRAIN HOT CEREAL, BLUEBERRY ALMOND"
702670,branded_food,"HOT CEREAL, TART CHERRY MULTIGRAIN"
702672,branded_food,IRISH OATMEAL QUICK COOK HOT CEREAL
703118,branded_food,HONEY GRAHAMS SWEETENED WHOLE GRAIN WHEAT AND CORN CEREAL
703286,branded_food,"DELICIOUS HOT POWER CEREAL, MAQUI BERRY, COCONUT, ALMOND"
703644,branded_food,DELICIOUS HOT POWER CEREAL
703646,branded_food,"DELICIOUS HOT POWER CEREAL, BROWN SUGAR + CINNAMON"
703708,branded_food,"SWEETENED COCOA CRISP RICE CEREAL, SWEETENED"
703764,branded_food,"CRISPY, OVEN-TOASTED CORN FLAKES CEREAL"
704146,branded_food,"FRUIT FRENZY SWEETENED MULTI-GRAIN CEREAL WITH MARSHMALLOWS, FRUIT FRENZY WITH MARSHMALLOWS"
705700,branded_food,"FROSTED BITE-SIZE STRAWBERRY SHREDDED SWEETENED WHOLE GRAIN WHEAT CEREAL, STRAWBERRY"
705836,branded_food,"MARSHMALLOW FLAVORED CEREAL, MARSHMALLOW"
706284,branded_food,"COCO ROOS CEREAL, COCO ROOS"
706302,branded_food,"ORIGINAL CEREAL, ORIGINAL"
706834,branded_food,"RAISIN BRAN WHOLE GRAIN WHEAT AND WHEAT BRAN CEREAL WITH RAISINS, RAISIN BRAN"
706836,branded_food,"HONEY NUT TOASTED OATS SWEETENED WHOLE GRAIN OAT CEREAL WITH REAL HONEY, HONEY NUT TOASTED OATS"
706838,branded_food,SHREDDED WHEAT WHOLE GRAIN WHEAT CEREAL
707088,branded_food,"ALMOND MOCHA OVERNIGHT OATS CHILLED CEREAL, ALMOND MOCHA"
707146,branded_food,"RAISIN BRAN CEREAL WITH CRUNCHY WHEAT FLAKES & LOADED WITH RAISINS, RAISIN BRAN"
707152,branded_food,"SWEETENED TOASTED OAT CEREAL WITH HONEY & ALMOND FLAVOR, HONEY NUT"
707166,branded_food,"SWEETENED MULTIGRAIN CEREAL WITH REAL STRAWBERRIES, NATURAL STRAWBERRY"
707174,branded_food,"OAT LOOPS WITH HONEY CEREAL, HONEY"
707180,branded_food,"SWEETENED MULTIGRAIN CEREAL WITH HONEY OAT CLUSTERS, HONEY"
707186,branded_food,"CRUNCHY OAT SQUARES CEREAL WITH A SPRINKLE OF BROWN SUGAR, OAT"
707188,branded_food,"FRUITY JEWELS WHOLESOME SWEETENED RICE CEREAL, FRUITY JEWELS"
707202,branded_food,"KOO-KIES SWEETENED CORN CEREAL, KOO-KIES"
707350,branded_food,"ORGANIC FROSTED FLAKES CEREAL, FROSTED"
707492,branded_food,"PEANUT BUTTER CHOCO DOTS CEREAL, PEANUT BUTTER CHOCO DOTS"
707850,branded_food,CEREAL
708226,branded_food,"TOY STORY 4 CARNIVAL BERRY CEREAL, CARNIVAL BERRY"
708576,branded_food,"HONEY NUT TOASTED O'S ORGANIC SWEETENED WHOLE GRAIN TOASTED OAT CEREAL, HONEY NUT TOASTED O'S"
708800,branded_food,"ORIGINAL FROSTED SHREDDED WHEAT BITE SIZE SWEETENED WHOLE GRAIN CEREAL, ORIGINAL"
708806,branded_food,"VANILLA ALMOND DELICIOUS RAISINS, TOASTED FLAKES, CRUNCHY OAT CLUSTERS & ALMOND SLICES CEREAL, VANILLA ALMOND"
708822,branded_food,"RASPBERRY CRUNCHY WHEAT & RICE FLAKES WITH REAL RASPBERRIES CEREAL, RASPBERRY"
708826,branded_food,"ORIGINAL WHOLE GRAIN CEREAL, ORIGINAL"
708858,branded_food,"BUDS WHEAT BRAN FIBER CEREAL, BUDS"
709126,branded_food,"5 GRAIN CEREAL OATS, RYE, TRITICALE, BARLEY, GOLDEN FLAX"
709166,branded_food,"STRAWBERRY FROSTED BITE SIZE SHREDDED SWEETENED WHOLE GRAIN WHEAT CEREAL, STRAWBERRY FROSTED"
709230,branded_food,"TWIN GRAIN CRISP A BLEND OF CORN & RICE CEREAL, TWIN GRAIN CRISP"
709238,branded_food,"FROSTED SWEETENED, TOASTED FLAKES OF CORN CEREAL, FROSTED FLAKES"
709244,branded_food,"SWEETENED MULTIGRAIN CEREAL WITH HONEY OAT CLUSTERS & ALMONDS, OATS & MORE WITH ALMONDS"
709250,branded_food,"APPLE CINNAMON TOASTED OATS SWEETENED CEREAL, APPLE CINNAMON"
709252,branded_food,"BITE SIZE SHREDDED 100% WHOLE GRAIN WHEAT CEREAL, WHOLE GRAIN"
709256,branded_food,"MAGIC STARS, FROSTED TOASTED OAT CEREAL WITH MARSHMALLOWS"
709548,branded_food,"ORIGINAL MULTI-GRAIN TOUCH OF CINNAMON LIGHTLY SWEETENED WHEAT, RICE AND SOY FLAKES CEREAL, ORIGINAL MULTI-GRAIN TOUCH OF CINNAMON"
710138,branded_food,"TOASTED WHOLE GRAIN OAT CEREAL, TOASTED OATS"
710570,branded_food,"COCOA TREATS SWEETENED CORN CEREAL, COCOA TREATS"
710572,branded_food,"CRISPY RICE CEREAL, CRISPY RICE"
710594,branded_food,RAISIN BRAN CRUNCHY WHEAT FLAKES CEREAL WITH RAISINS
710596,branded_food,"CHOCOLATEY COCOA CRISP SWEETENED RICE CEREAL, CHOCOLATEY COCOA CRISP"
710598,branded_food,"SWEETENED CORN FLAKES CEREAL, SWEETENED CORN"
710600,branded_food,"BITE SIZE SHREDDED WHEAT CEREAL, SHREDDED WHEAT"
710602,branded_food,"RAISIN BRAN CRUNCHY WHEAT FLAKES CEREAL WITH RAISINS, RAISIN BRAN"
710604,branded_food,"BRAN FLAKES WHEAT CEREAL, BRAN FLAKES"
710832,branded_food,"COCOA DYNO-BITES CEREAL, COCOA DYNO-BITES"
711036,branded_food,"POWDERED MINI DONUTS CEREAL, POWDERED"
711038,branded_food,"FRUITY DYNO-BITES CEREAL, FRUITY DYNO-BITES"
711040,branded_food,"HONEY BUN CEREAL, HONEY BUN"
711308,branded_food,"CLASSIC VANILLA SWEETENED CORN AND WHEAT CEREAL, CLASSIC VANILLA"
711656,branded_food,"REAL COCOA CRISPY RICE SWEETENED RICE CEREAL, COCOA CRISPY RICE"
711726,branded_food,"STRAWBERRY MULTIGRAIN CEREAL, STRAWBERRY"
711736,branded_food,"ORGANIC MULTIGRAIN HOT CEREAL WITH BUCKWHEAT & FLAXSEED, BUCKWHEAT & FLAXSEED"
711738,branded_food,"SWEETENED CORN & OAT CEREAL, SWEETENED"
711934,branded_food,"BLUEBERRY WITH LEMON CLUSTERS MULTI-GRAIN FLAKES WITH BLUEBERRY OAT CLUSTERS AND LEMON FLAVORED CLUSTERS CEREAL, BLUEBERRY WITH LEMON CLUSTERS"
711936,branded_food,"CHOCOLATE & ALMOND CEREAL, CHOCOLATE & ALMOND"
711940,branded_food,"CHOCOLATE FROSTED MINI WHEALS WHOLE GRAIN CEREAL, CHOCOLATE"
711948,branded_food,"RASPBERRY FLAVORED WHOLE GRAIN CEREAL, RASPBERRY"
711960,branded_food,"ORIGINAL FROSTED MINI WHEALS WHOLE GRAIN CEREAL, ORIGINAL"
711966,branded_food,"ORIGINAL CEREAL CRUNCH, ORIGINAL"
711970,branded_food,"VANILLA & ALMOND CRUNCHY WHEAT & RICE FLAKES WITH ALMONDS & VANILLA CEREAL, VANILLA & ALMOND"
711972,branded_food,"STRAWBERRY WHOLE GRAIN CEREAL, STRAWBERRY WHOLE GRAIN CEREAL"
711978,branded_food,BLUEBERRY WHOLE GRAIN CEREAL
711980,branded_food,"CINNAMON BROWN SUGAR CRUNCH CEREAL, CINNAMON BROWN SUGAR CRUNCH"
712204,branded_food,"CRUNCHY OVEN TOASTED RICE CEREAL, CRUNCHY"
712214,branded_food,"RAISINS, DATES & PECANS CEREAL, RAISINS, DATES & PECANS"
712336,branded_food,"CRUNCHY PECAN CEREAL, CRUNCHY PECAN"
712346,branded_food,"SAFARI COCOA CRUNCH SWEETENED CORN PUFF CEREAL WITH REAL COCOA, SAFARI COCOA CRUNCH"
712384,branded_food,CORN SQUARES CEREAL
712410,branded_food,CORN FLAKES CEREAL
712412,branded_food,"COCOA CRAZY SWEETENED CORN CEREAL, COCOA"
712494,branded_food,"PROTEIN HONEY ALMOND ANCIENT GRAINS CEREAL, HONEY ALMOND ANCIENT GRAINS"
712530,branded_food,"CRANBERRY ALMOND CRUNCH CEREAL, CRANBERRY ALMOND CRUNCH"
713116,branded_food,"SWEETENED CORN & OAT CEREAL, SWEETENED"
713118,branded_food,"ORGANIC MULTIGRAIN HOT CEREAL WITH RED QUINOA, RED QUINOA"
713122,branded_food,"DATE & ALMOND ORGANIC MULTIGRAIN HOT CEREAL, DATE & ALMOND"
713126,branded_food,"ORGANIC BLUEBERRY & ALMOND MULTIGRAIN HOT CEREAL, BLUEBERRY & ALMOND"
713640,branded_food,"MIXED BERRY LIGHTLY SWEETENED WHOLE GRAIN CEREAL, MIXED BERRY"
713850,branded_food,SWEETENED CORN & OAT CEREAL
713854,branded_food,"SWEETENED CORN & OAT CEREAL, SWEETENED CORN & OAT"
714062,branded_food,CEREAL
714072,branded_food,"CINNAMON PECAN CEREAL, CINNAMON PECAN"
714074,branded_food,TOASTED RICE CEREAL
714076,branded_food,"RED BERRIES CRUNCHY RICE AND WHEAT FLAKES WITH STRAWBERRIES CEREAL, RED BERRIES"
714078,branded_food,"CRUNCHY SWEETENED THREE-GRAIN CEREAL WITH APPLE & CINNAMON, APPLE & CINNAMON"
714082,branded_food,"ROASTED NUT & HONEY CEREAL, ROASTED NUT & HONEY"
714090,branded_food,"CRUNCHY SWEETENED THREE-GRAIN CEREAL WITH APPLE & CINNAMON, APPLE & CINNAMON"
714094,branded_food,"CRUNCHY CINNAMON MULTI-GRAIN CEREAL, CRUNCHY CINNAMON"
714096,branded_food,"BROWN SUGAR LIGHTLY SWEETENED WHOLE GRAIN CEREAL CRUNCH, BROWN SUGAR"
714100,branded_food,"SWEETENED MULTI-GRAIN CEREAL, SWEETENED"
714108,branded_food,CEREAL
714120,branded_food,"SWEETENED MULTI-GRAIN CEREAL, SWEETENED"
714172,branded_food,"SWEETENED WHOLE WHEAT AND RICE CEREAL WITH CINNAMON, CINNAMON"
714364,branded_food,STRAWBERRY SHORTCAKE CRUNCH SWEETENED CORN & OAT CEREAL
714366,branded_food,"ORIGINAL MULTIGRAIN CEREAL, ORIGINAL"
714368,branded_food,"SWEETENED CORN & OAT CEREAL, SWEETENED"
714548,branded_food,HONEY NUT HOOPS CEREAL
714554,branded_food,"PEANUT BUTTER POPPERS MULTIGRAIN CEREAL, PEANUT BUTTER POPPERS"
714580,branded_food,"FROSTED STRAWBERRY CEREAL, FROSTED STRAWBERRY"
714584,branded_food,"WHOLE OATS, WHOLE GRAIN WHEAT, ALMONDS WITH RAISINS LOW FAT GRANOLA MULTI-GRAIN CEREAL, RAISINS"
714698,branded_food,"CINNAMON MULTIGRAIN CEREAL, CINNAMON"
714714,branded_food,"RAISIN DATE ALMOND MUESLI MULTIGRAIN, DRIED FRUIT, NUT AND SEED CEREAL, RAISIN DATE ALMOND"
714762,branded_food,FROSTY FLAKES CEREAL
714978,branded_food,"REAL FRUIT CEREAL, REAL FRUIT"
715498,branded_food,"CHOCOLATEY CHIP COOKIE BITES CEREAL, CHOCOLATEY CHIP"
715662,branded_food,"APPLE CARAMEL CRUNCH HONEY BUNCHES OF OATS CEREAL, APPLE CARAMEL CRUNCH"
715990,branded_food,CRISPY RICE AND WHEAT CEREAL WITH ALMONDS AND NATURAL VANILLA FLAVOR AND OTHER NATURAL FLAVORS
716062,branded_food,"CRISP FLAKES WITH CINNAMON DUSTED RAISINS & TOASTED ALMONDS CEREAL, CINNAMON ALMOND"
716070,branded_food,"CHOCOLATEY, SWEETENED RICE CEREAL, CHOCOLATE, SWEETENED RICE"
716078,branded_food,"CHOCOLATE LIGHTLY SWEETENED WHOLE GRAIN WHEAT CEREAL, CHOCOLATE"
716090,branded_food,"HONEY NUT CEREAL BARS, HONEY NUT"
716092,branded_food,"MULTIGRAIN OATS & HONEY CEREAL, OATS & HONEY"
716096,branded_food,"CRUNCHY RICE & WHEAT FLAKES WITH ALMONDS & VANILLA CEREAL, VANILLA ALMOND"
716100,branded_food,"PROTEIN PLUS LIGHTLY SWEETENED WHEAT, SOY & RICE FLAKES CEREAL, PROTEIN PLUS"
716104,branded_food,"CHOCOLATEY DELIGHT CRUNCHY RICE & WHEAT FLAKES CEREAL, CHOCOLATEY DELIGHT"
716106,branded_food,"CRUNCHY RICE & WHEAT FLAKES WITH OAT & FRUIT CLUSTERS AND YOGURT-COATED CEREAL, FRUIT & YOGURT"
716108,branded_food,"STRAWBERRY CEREAL BAR, STRAWBERRY"
716114,branded_food,"BLUEBERRY MUFFIN LIGHTLY SWEETENED WHOLE GRAIN CEREAL, BLUEBERRY MUFFIN"
716140,branded_food,FLAKES OF CORN CEREAL
716152,branded_food,"SWEETENED MULTI-GRAIN CEREAL, SWEETENED"
716154,branded_food,SWEETENED PUFFED WHEAT CEREAL
716158,branded_food,"STRAWBERRY DELIGHT LIGHTLY SWEETENED WHOLE GRAIN WHEAT CEREAL, STRAWBERRY DELIGHT"
716160,branded_food,"LIGHTLY SWEETENED WHOLE GRAIN WHEAT CEREAL, MAPLE & BROWN SUGAR"
716168,branded_food,"RED BERRIES CEREAL, RED BERRIES"
716170,branded_food,LIGHTLY SWEETENED WHOLE GRAIN WHEAT CEREAL
716174,branded_food,"NATURAL FRUIT SWEETENED MULTI-GRAIN CEREAL, NATURAL FRUIT"
716432,branded_food,"SNICKERDOODLE CEREAL, SNICKERDOODLE"
716586,branded_food,ORIGINAL WHOLE GRAIN WHEAT CEREAL
716728,branded_food,"CORN FLAKES CEREAL, CORN FLAKES"
716746,branded_food,"PEANUT BUTTER & COCOA MOONS SWEETENED CRUNCHY CORN CEREAL, PEANUT BUTTER & COCOA"
716814,branded_food,MEGA STUF O'S CEREAL
716820,branded_food,MEGA STUF O'S CEREAL
716854,branded_food,"BANANA PUDDING CEREAL, BANANA PUDDING"
716874,branded_food,SOUR THEN SWEET FLAVORED CEREAL
717224,branded_food,"DOUBLE CHOCOLATE CEREAL WITH CHOCOLATE FLAVORED CENTER, DOUBLE CHOCOLATE"
717226,branded_food,"CHOCOLATEY, SWEETENED RICE CEREAL, CHOCOLATEY, SWEETENED"
717228,branded_food,"CEREAL WITH CHOCOLATE FLAVORED CENTER, CHOCOLATE"
717548,branded_food,"CHOCOLATEY BERRY CRUNCH SWEETENED CORN & OAT CEREAL, CHOCOLATEY BERRY CRUNCH"
717554,branded_food,"SWEETENED CORN & OAT CEREAL, CHOCOLATEY BERRY"
717696,branded_food,"FRUITY CEREAL 100% PRONATIV WHEY ISOLATE PROTEIN POWDER DRINK MIX, FRUITY CEREAL"
717716,branded_food,"SWEETENED MULTI-GRAIN CEREAL, NATURAL FRUIT"
718930,branded_food,"WHOLE GRAIN CEREAL, STEEL CUT OATS"
719414,branded_food,"FRUIT RINGS MULTIGRAIN CEREAL, FRUIT"
719424,branded_food,"CRUNCHY, BITE-SIZE, TOASTED RICE SQUARES CEREAL, RICE"
719460,branded_food,"ORGANIC HONEY TOASTED OATS CEREAL, HONEY TOASTED OATS"
719500,branded_food,SWEETENED CORN & OAT CEREAL
719722,branded_food,ENRICHED WHOLE GRAIN WHEAT CEREAL WITH WHEAT BRAN
719750,branded_food,"STRAWBERRY MULTIGRAIN CEREAL, STRAWBERRY"
719762,branded_food,"SQUARES CRUNCHY OAT CEREAL, BROWN SUGAR"
719990,branded_food,"A DELICIOUS BLEND OF CORN FLAKES, FROSTED CORN FLAKES, WHEAT FLAKES AND GRANOLA WITH OATS AND HONEY, HONEY CRUNCH & OATS CEREAL"
720002,branded_food,"SOUR PATCH FLAVORED CEREAL, SOUR PATCH"
720088,branded_food,HALLOWEEN CRUNCH SWEETENED CORN & OAT CEREAL
720456,branded_food,ORGANIC FROSTED FLAKES CEREAL
720460,branded_food,"PEANUT BUTTER COOKIE BITES CEREAL, PEANUT BUTTER"
720514,branded_food,"PEANUT BUTTER COOKIE BITES CEREAL, PEANUT BUTTER"
721024,branded_food,"MORNING O'S SWEETENED ORGANIC WHOLE GRAIN CEREAL WITH REAL ORGANIC HONEY, HONEY NUT"
721650,branded_food,"MAPLE PECAN FLAKES & CLUSTERS CEREAL, MAPLE PECAN FLAKES & CLUSTERS"
722042,branded_food,"CHOCOLATE CEREAL, CHOCOLATE"
722054,branded_food,"SWEETENED CEREAL WITH APPLE, CINNAMON AND SPOOKY MARSHMALLOWS"
722072,branded_food,SWEETENED MULTI-GRAIN CEREAL
722106,branded_food,"NATURAL CHOCOLATE FLAVORED CEREAL, CHOCOLATE"
722592,branded_food,"PUMPKIN SPICE WHOLE GRAIN CEREAL, PUMPKIN SPICE"
722594,branded_food,"CRUNCHY WHEAT & RICE FLAKES WITH CHOCOLATEY DELIGHT PIECES CEREAL, CHOCOLATEY DELIGHT"
722602,branded_food,"BLUEBERRY WHOLE GRAIN CEREAL, BLUEBERRY"
722606,branded_food,"ORIGINAL FROSTED MINI WHEATS WHOLE GRAIN CEREAL, ORIGINAL"
722608,branded_food,"ORIGINAL ANTIOXIDANTS LIGHTLY SWEETENED, TOASTED MULTI-GRAIN FLAKES AND CRUNCHY OAT CLUSTERS CEREAL, ORIGINAL"
722614,branded_food,MULTI-GRAIN FLAKES WITH BLUEBERRY OAT AND LEMON FLAVORED CLUSTERS CEREAL
722616,branded_food,"STRAWBERRY WHOLE GRAIN CEREAL, STRAWBERRY"
722626,branded_food,"CRUNCHY WHEAT & RICE FLAKES WITH OAT & FRUIT CLUSTERS & YOGURT-COATED CLUSTERS CEREAL, FRUIT & YOGURT"
722634,branded_food,"STRAWBERRY FLAVORED SWEETENED RICE CEREAL, STRAWBERRY"
722638,branded_food,"ORIGINAL A WHEAT BRAN CEREAL, ORIGINAL"
722644,branded_food,"SWEETENED CORN CEREAL, SWEETENED CORN"
722646,branded_food,"SWEETENED MULTI-GRAIN CEREAL WITH MARSHMALLOWS, MARSHMALLOWS"
722648,branded_food,"RED BERRIES CRUNCHY WHEAT & RICE FLAKES WITH REAL STRAWBERRIES CEREAL, RED BERRIES"
722680,branded_food,"CRANBERRY & ALMOND HONEY GLAZED CORN FLAKES, BRAN FLAKES, HONEY OAT CLUSTERS, CRANBERRIES, CORN FLAKES AND ALMONDS CEREAL, CRANBERRY & ALMOND"
722726,branded_food,"CINNAMON CHURRO CRUNCH WITH PECANS, CINNAMON YOGURT-FLAVORED PRETZEL BALLS, YOGURT-FLAVORED CONFECTIONERY CHIPS, ALMONDS, SEASONED CORN STICKS & CINNAMON MULTIGRAIN CEREAL SQUARES, CINNAMON CHURRO CRUNCH"
722784,branded_food,"ORIGINAL WHOLE GRAIN CEREAL, ORIGINAL"
722798,branded_food,"DELICIOUS RAISINS, TOASTED FLAKES, CRUNCHY OAT CLUSTERS & VANILLA ALMOND SLICES CEREAL, VANILLA ALMOND"
722806,branded_food,"CEREAL WITH BANANAS, BANANAS"
722812,branded_food,"DELICIOUS RAISINS AND CRANBERRIES BLENDED WITH CRISP BRAN FLAKES CEREAL, CRANBERRIES"
723068,branded_food,"SWEETENED MULTI-GRAIN CEREAL, WILD BERRY"
723414,branded_food,"SWEETENED RICE CEREAL, SWEETENED RICE"
723512,branded_food,"FROSTED FLAKES SWEETENED CEREAL, FROSTED FLAKES"
723526,branded_food,"RAISIN BRAN CEREAL, RAISIN BRAN"
723614,branded_food,"FRUIT WHIRLS SWEETENED MULTIGRAIN CEREAL, FRUIT WHIRLS"
723616,branded_food,"FROSTED SWEETENED SHREDDED WHEAT CEREAL, FROSTED SHREDDED WHEAT"
723622,branded_food,"HONEY PUFFS SWEETENED OAT & CORN CEREAL, HONEY PUFFS"
723628,branded_food,"SUGAR PUFFED WHEAT CEREAL, SUGAR PUFFED WHEAT"
723632,branded_food,"CINNAMON CRUNCH SWEETENED WHEAT & RICE CEREAL, CINNAMON CRUNCH"
723648,branded_food,"SWEETENED MULTIGRAIN CEREAL WITH REAL APPLES AND CINNAMON ROLLS, APPLE ROLLS"
723650,branded_food,"COCOA CRUNCHIES SWEETENED CORN CEREAL, COCOA CRUNCHIES"
723654,branded_food,"COCOA CRISP RICE SWEETENED RICE CEREAL, COCOA CRISP RICE"
723662,branded_food,"SWEETENED TOASTED OAT CEREAL WITH MARSHMALLOWS, MARSHMALLOW GLITTERS"
724234,branded_food,"ALMOND CRISP 100% NATURAL ENERGY CEREAL, ALMOND CRISP"
724238,branded_food,"CARNIVAL BERRY CEREAL, CARNIVAL BERRY"
724240,branded_food,"HONEY ALMOND ANCIENT GRAINS CEREAL, HONEY ALMOND ANCIENT GRAINS"
724248,branded_food,SWEETENED TOASTED RICE CEREAL
724258,branded_food,SWEETENED TOASTED RICE CEREAL WITH MARSHMALLOWS
724260,branded_food,"ORIGINAL WHOLE GRAIN CEREAL, ORIGINAL"
724264,branded_food,"STRAWBERRY BIRTHDAY CAKE SWEETENED MULTIGRAIN CEREAL, STRAWBERRY BIRTHDAY CAKE"
724266,branded_food,"CRUNCHY WHEAT & RICE FLAKES WITH APPLE CINNAMON CLUSTERS CEREAL, APPLE CINNAMON CRUNCH"
724556,branded_food,SWEETENED CORN & OAT CEREAL
724720,branded_food,SWEETENED CORN & OAT CEREAL
724726,branded_food,SWEETENED CORN & OAT CEREAL
724838,branded_food,"CEREAL SOAKED MILK ICE CREAM WITH CRISPY CEREAL SWIRL, CEREAL DREAMS"
724952,branded_food,"SNICKER DOODLES SWEETENED CORN CEREAL, SNICKER DOODLES"
724996,branded_food,UNSWEETENED WITH CHIA SEEDS CHILLED OAT CEREAL WITH FLAXSEED & QUINOA
725370,branded_food,"CHOCOLATEY, SWEETENED RICE CEREAL, CHOCOLATEY"
725412,branded_food,CEREAL
725926,branded_food,TOASTED WHOLE GRAIN OAT CEREAL
726284,branded_food,"GOLDEN OREO O'S CEREAL, GOLDEN OREO O'S"
726554,branded_food,"PANCAKE CRUNCH SWEETENED CORN & OAT CEREAL, BLUEBERRY"
726556,branded_food,"SWEETENED WHOLE WHEAT & RICE CEREAL, SWEETENED"
726700,branded_food,"ORIGINAL INSTANT WHOLE GRAIN HOT CEREAL, ORIGINAL"
726898,branded_food,SWEETENED MULTI-GRAIN CEREAL WITH SPOOKY MARSHMALLOWS
726934,branded_food,TOASTED WHOLE GRAIN OAT CEREAL
726980,branded_food,FIBER WAY TOASTED CORN WHEAT & WHEAT BRAN CEREAL
726990,branded_food,WHEAT & BRAN CEREAL WITH RAISINS
727062,branded_food,WHOLE GRAIN SHREDDED WHEAT CEREAL
727064,branded_food,APPLE CRUNCH SWEETENED MULTI-GRAIN CEREAL
727066,branded_food,CRANBERRY ALMOND HARVEST CEREAL
727120,branded_food,HONEY NUT TOASTED OATS SWEETENED WHOLE GRAIN OAT CEREAL WITH HONEY
727158,branded_food,TOASTED WHOLE GRAIN WHEAT & BRAN CEREAL WITH RAISIN BRAN
727182,branded_food,STRAWBERRY HAZELNUT CAULI HOT CEREAL
727270,branded_food,MACROS FRUITY CEREAL BARS
727314,branded_food,MACROS FRUITY CEREAL BAR
727340,branded_food,CRISPY ALMONDS LIGHTLY SWEETENED CORN & WHOLE WHEAT FLAKE CEREAL WITH GRANOLA HONEY & OATS CLUSTERS
727426,branded_food,HONEY OAT CLUSTER CRUNCH CEREAL WITH ALMONDS
727428,branded_food,FROSTED WHOLE GRAIN OAT CEREAL WITH MARSHMALLOWS TREASURES
727462,branded_food,CRISPY TOASTED RICE CEREAL
727522,branded_food,BERRY TREASURE SWEETENED CORN & OAT CEREAL
728000,branded_food,SWEETENED MULTIGRAIN APPLE & CINNAMON FLAVORED CEREAL
728008,branded_food,TOASTED RICE SQUARES CEREAL
728010,branded_food,CRUNCHY RICE & WHEAT FLAKES WITH STRAWBERRIES CEREAL
728018,branded_food,FRUITY ROLLS SWEETENED MULTI-GRAIN CEREAL WITH NATURAL FRUIT FLAVORS AND OTHER NATURAL FLAVORS
728046,branded_food,TOASTED WHOLE GRAIN OAT CEREAL WITH MARSHMALLOWS
728076,branded_food,VANILLA & ALMOND SWEETENED CRUNCH RICE & WHEAT FLAKES WITH ALMONDS SPECIAL CEREAL
728190,branded_food,HONEY NUT O'S SWEETENED WHOLE GRAIN OAT CEREAL WITH HONEY
728378,branded_food,CRISPY OATS TOASTED WHOLE GRAIN OAT CEREAL
728430,branded_food,TOASTED WHOLE GRAIN OAT CEREAL
728536,branded_food,"TASTEEOS, SWEETENED MULTI-GRAIN CEREAL"
728538,branded_food,"TASTEEOS, APPLE & CINNAMON SWEETENED OAT CEREAL"
728540,branded_food,"TASTEEOS, SWEETENED TOASTED OAT CEREAL WITH REAL HONEY & NATURAL ALMOND FLAVOR"
728550,branded_food,"LOW FAT GRANOLA CEREAL WITH SWEETENED WHOLE GRAIN OATS, WHOLE GRAIN WHEAT FLAKES AND PUFFED RICE WITH PLUMP RAISINS AND ALMONDS"
728556,branded_food,FRUITY FLAVORED CRISP RICE CEREAL
728558,branded_food,"OATS & MORE, TOASTED MULTI-GRAIN CEREAL WITH HONEY OAT CLUSTERS & ALMONDS"
728562,branded_food,RAISIN BRAN CRUNCHY WHEAT FLAKES WITH RAISINS CEREAL
728568,branded_food,SWEETENED CORN CEREAL WITH PEANUT BUTTER AND COCOA SPHERES
728624,branded_food,COCOA CRUNCHIES SWEETENED CORN CEREAL WITH REAL COCOA AND NATURAL CHOCOLATE FLAVOR
728638,branded_food,"OATS & MORE, TOASTED MULTI-GRAIN CEREAL WITH HONEY OAT CLUSTERS"
728640,branded_food,TOASTED FLAKES OF CORN CEREAL
728648,branded_food,"LOW FAT GRANOLA CEREAL WITH SWEETENED WHOLE GRAIN OATS, WHOLE GRAIN WHEAT FLAKES AND PUFFED RICE MIXED WITH ALMONDS AND MOLASSES, BAKED INTO CRUNCHY CLUSTERS"
728670,branded_food,"SHREDDED WHEAT BITE SIZE 100% NATURAL WHOLE GRAIN WHEAT CEREAL, SHREDDED WHEAT"
728672,branded_food,DOUBLE CRUNCH A BLEND OF CORN & RICE CEREAL IN ONE CRUNCHY PIECE
728678,branded_food,TOASTED WHEAT CEREAL
728760,branded_food,FROSTED FLAKES SWEETENED CORN CEREAL
728786,branded_food,HONEY OATS & FLAKES WITH ALMONDS SWEETENED MULTIGRAIN CEREAL
728938,branded_food,CRISP RICE OVEN-TOASTED RICE CEREAL
729092,branded_food,"GRANOLA WITH OATS, WHEAT, HONEY & ALMONDS CEREAL"
729180,branded_food,CORN FLAKES CEREAL
729288,branded_food,HONEY BUN CEREAL
729394,branded_food,CREAMERY COOKIE DOUGH FLAVORED CEREAL WITH MARSHMALLOWS
729442,branded_food,HONEY NUT O'S SWEETENED OAT CEREAL
729510,branded_food,ORGANIC WHOLE WHEAT & BRAN FLAKES WITH RAISINS CEREAL
729714,branded_food,POWDERED MINI DONUTS CEREAL
730388,branded_food,SWEETENED CRISPY OAT CEREAL WITH REAL HONEY NUT
730726,branded_food,FROSTED FLAKES SWEETENED FLAKES OF CORN CEREAL
730736,branded_food,"SWEETENED CEREAL WITH APPLE, CINNAMON & MARSHMALLOWS"
730850,branded_food,TOASTED OATS CEREAL
730880,branded_food,FRUITY CEREAL CARB WISE PROTEIN POWDER
730886,branded_food,ORGANIC CINNAMON CINNA BUNNIES CEREAL
731042,branded_food,MULTI GRAIN LIGHTLY SWEETENED CEREAL
731098,branded_food,"RAISIN, DATE & ALMOND MUESLI CEREAL"
731328,branded_food,CRISP 6 BLENDED CORN & RICE CEREAL
731594,branded_food,SWEETENED NATURALLY & ARTIFICIALLY FLAVORED CORN PUFF CEREAL WITH REAL COCOA CRUNCHIES CEREAL
731600,branded_food,SWEETENED WHOLE WHEAT AND RICE CEREAL WITH CINNAMON
731898,branded_food,"PUMPKIN SPICE CRUNCHY WHEAT & RICE FLAKES WITH NUTMEG, ALLSPICE, GINGER & CINNAMON CLUSTERS CEREAL"
732214,branded_food,"STARRY NIGHT WITH BLUE COATED ALMONDS, PURPLE COATED CEREAL, ROASTED PEANUTS, MILK CHOCOLATE CANDY PIECES & YOGURT-FLAVORED CONFECTIONERY CHIPS INDULGENT SNACK MIX"
732262,branded_food,ESSENTIAL GOODNESS CRISPY TOASTED WHOLE GRAIN OAT CEREAL
732658,branded_food,BRAN FLAKES CEREAL
733048,branded_food,"MILK AND WHITE CHOCOLATE FLAVORED ICE CREAM SURROUND A LAYER OF CHOCOLATE GANACHE, ALL COATED IN DARK CHOCOLATE AND CEREAL CRUNCHIES BARS"
733226,branded_food,LOW FAT GRANOLA CEREAL
733324,branded_food,STRAWBERRY CREAM BITE-SIZED FROSTED SHREDDED WHEAT CEREAL
733436,branded_food,FROSTED SWEETENED FLAKES OF CORN CEREAL
733542,branded_food,SWEETENED WHOLE GRAIN WHEAT & OAT CEREAL FINISHED WITH REAL HONEY & ROASTED GROUND ALMONDS FALCON FLAKES
733568,branded_food,LOW FAT GRANOLA CEREAL WITH RAISINS
733572,branded_food,WHOLE GRAIN WHEAT & BRAN FLAKES CEREAL
733574,branded_food,"RAISIN PECAN CRISP MULTIGRAIN CEREAL WITH RAISINS, DATES & PECANS HARVEST CEREAL"
733680,branded_food,CRISPY TOASTED RICE CEREAL
733972,branded_food,CORN FLAKES CRISPY TOASTED CEREAL
734048,branded_food,WHOLE GRAIN WHEAT & BRAN FLAKES CEREAL
734214,branded_food,"CINNAMON TOASTED CEREAL MADE WITH BEANS, CINNAMON"
734654,branded_food,"SWEETENED CORN & OAT CEREAL, SWEETENED"
734710,branded_food,"COCOA PEANUT BUTTER CEREAL, COCOA PEANUT BUTTER"
734900,branded_food,"CRISPY TOASTED RICE CEREAL, CRISPY RICE"
734956,branded_food,"CLUSTERS OF OATS & HONEY CEREAL WITH CRISPY ALMONDS, OATS & HONEY"
734988,branded_food,"CRISPY FLAKES & CRUNCHY TOASTED OATS CEREAL WITH HONEY! WITH ALMONDS, HONEY CRUNCH 'N OATS, ALMONDS"
735042,branded_food,"CEREAL MILK POPCAKES, CEREAL MILK"
735168,branded_food,"TASTEEOS, TOASTED OAT CEREAL, TOASTED OAT"
735276,branded_food,"APPLE LOONS, SWEETENED MULTI-GRAIN APPLE CEREAL, APPLE"
735342,branded_food,"VITALITY CEREAL WITH RED BERRIES CRUNCHY RICE AND WHEAT FLAKES WITH STRAWBERRIES, RED BERRIES"
735746,branded_food,"MILK & CEREAL BREAKFAST BISCUITS, MILK & CEREAL"
735880,branded_food,"CRISPY TOASTED RICE CEREAL, CRISPY RICE"
735924,branded_food,"BERRY FIN-TASTIC WITH MARSHMALLOWS FLAVORED CEREAL, BERRY FIN-TASTIC WITH MARSHMALLOWS"
735928,branded_food,"SWEETENED MULTIGRAIN CEREAL, SWEETENED MULTIGRAIN"
735948,branded_food,"BERRY BUNCH O' KRUNCH SWEETENED CORN AND OAT CEREAL, BERRY BUNCH O' KRUNCH"
735950,branded_food,"SWEETENED WHEAT & RICE CEREAL WITH CINNAMON SQUARES, CINNAMON"
735952,branded_food,TOASTED WHOLE GRAIN OATS CEREAL
735954,branded_food,"BERRY FIN-TASTIC WITH MARSHMALLOWS CEREAL, BERRY FIN-TASTIC WITH MARSHMALLOWS"
735956,branded_food,"HONEY NUT SWEETENED TOASTED OAT CEREAL, HONEY NUT"
735958,branded_food,"FROSTED BITE SIZE SHREDDED WHEAT CEREAL, SHREDDED WHEAT"
735960,branded_food,"SWEETENED MULTIGRAIN CEREAL WITH NATURAL FRUIT, SWEETENED"
735962,branded_food,"SWEETENED TOASTED OAT CEREAL WITH MARSHMALLOWS, MARSHMALLOWS"
735964,branded_food,"HONEY PUFFED WHEAT SWEETENED CEREAL, HONEY PUFFED WHEAT"
735966,branded_food,"SUGAR FROSTED FLAKES TOASTED, SWEETENED CORN CEREAL, SUGAR FROSTED FLAKES"
735970,branded_food,"VANILLA ALMOND VITALITY CEREAL, VANILLA ALMOND"
736152,branded_food,"CRUNCHY WHEAT & RICE FLAKES WITH REAL RED STRAWBERRIES CEREAL, RED BERRIES"
736156,branded_food,"HONEY ALMOND ANCIENT GRAINS CEREAL, HONEY ALMOND ANCIENT GRAINS"
736582,branded_food,"PEANUT BUTTER & JELLY PUFFS SWEETENED CORN & OAT CEREAL, PEANUT BUTTER & JELLY PUFFS"
736740,branded_food,"APPLE CINNAMON FRUIT & GRAIN CEREAL BARS, APPLE CINNAMON"
736812,branded_food,"PUMPKIN SPICE WHOLE GRAIN CEREAL, PUMPKIN SPICE"
736892,branded_food,"ORGANIC TOASTED OATS CEREAL, TOASTED OATS"
737132,branded_food,"PUMPKIN FLAVORED CEREAL, PUMPKIN"
737206,branded_food,"BERRY GRANOLA CRUNCH WHOLE OAT CLUSTERS & MULTIGRAIN FLAKES CEREAL WITH DRIED CRANBERRIES, CHERRIES & BLUEBERRIES, CRUNCH, DRIED CRANBERRIES, CHERRIES & BLUEBERRIES"
737222,branded_food,"VANILLA GRANOLA CLUSTERS WHOLE GRAIN ROLLED OAT CLUSTERS CEREAL WITH ALMONDS, VANILLA"
737226,branded_food,"FALL HARVEST WHOLE OAT CLUSTERS & MULTI-GRAIN FLAKES CEREAL WITH DRIED CRANBERRIES, PUMPKIN SEEDS & APPLES"
737242,branded_food,"CRUNCH SWEETENED WHOLE GRAIN CEREAL, CRUNCH"
737250,branded_food,"MAPLE PECAN CRUNCH WHOLE OAT CLUSTERS & CORN FLAKES CEREAL WITH PECANS & MAPLE SYRUP, MAPLE PECAN CRUNCH"
737374,branded_food,"SWEETENED CORN & OAT CEREAL, SWEETENED"
737376,branded_food,"SWEETENED CORN & OAT CEREAL, SWEETENED"
737384,branded_food,"COTTON CANDY CRUNCH SWEETENED CORN & OAT CEREAL, COTTON CANDY"
737386,branded_food,"SWEETENED CORN & OAT CEREAL, SWEETENED"
737390,branded_food,"SWEETENED CORN & OAT CEREAL, SWEETENED"
738320,branded_food,"GOLDEN HONEY SWEETENED PUFFED WHEAT CEREAL, GOLDEN HONEY"
738322,branded_food,FROSTED SHREDDED WHEAT SWEETENED WHOLE GRAIN CEREAL
738324,branded_food,"FROSTED FLAKES SWEETENED CORN CEREAL, FROSTED FLAKES"
738348,branded_food,"RED, WHITE & BLUE BERRIES SWEETENED CORN & OAT CEREAL, RED, WHITE & BLUE BERRIES"
738446,branded_food,"HONEY TOASTED OATMEAL FLAKES CEREAL, HONEY TOASTED OATMEAL FLAKES"
738466,branded_food,"TOASTED OATS WHOLE GRAIN OAT CEREAL, TOASTED OATS"
738468,branded_food,"CORN FLAKES TOASTED CORN CEREAL, CORN FLAKES"
738470,branded_food,"HONEY NUT TOASTED OATS SWEETENED TOASTED OAT CEREAL WITH HONEY & ALMONDS, HONEY NUT TOASTED OATS"
738600,branded_food,CRUNCHY OAT CEREAL
738634,branded_food,"SUGAR FROSTED FLAKES TOASTED, SWEETENED CORN CEREAL, SUGAR FROSTED FLAKES"
738640,branded_food,"CINNAMON SQUARES SWEETENED WHEAT & RICE CEREAL WITH CINNAMON, CINNAMON SQUARES"
738796,branded_food,"SAFARI COCOA CRUNCH SWEETENED CORN PUFF CEREAL WITH REAL COCOA, SAFARI COCOA CRUNCH"
738816,branded_food,"FRUIT WHIRLS SWEETENED CEREAL, FRUIT WHIRLS"
738822,branded_food,"STRAWBERRY FRUIT & GRAIN LOW FAT CEREAL BARS, STRAWBERRY"
738880,branded_food,"SUGAR FROSTED FLAKES SWEETENED CORN CEREAL, FROSTED FLAKES"
738882,branded_food,TOASTED CRISP RICE CEREAL
738884,branded_food,"FRUIT WHIRLS SWEETENED MULTI-GRAIN CEREAL, FRUIT WHIRLS"
738886,branded_food,"SWEETENED MULTIGRAIN CEREAL WITH REAL APPLE WHIRLS & CINNAMON, APPLE WHIRLS & CINNAMON"
738888,branded_food,"BERRY BUNCH O'KRUNCH SWEETENED CORN & OAT CEREAL, BERRY BUNCH O'KRUNCH"
738906,branded_food,"MAGIC SHAPES SWEETENED TOASTED OAT CEREAL WITH MARSHMALLOWS, MARSHMALLOWS"
739018,branded_food,"BLUEBERRY FROSTED BITE SIZE SHREDDED WHEAT LIGHTLY SWEETENED WHOLE GRAIN WHEAT CEREAL, BLUEBERRY"
739184,branded_food,"APPLE BLUEBERRY OVERNIGHT OATS + PROBIOTICS CHILLED CEREAL, APPLE BLUEBERRY"
739186,branded_food,"CRANBERRY MAPLE OVERNIGHT OATS CHILLED CEREAL, CRANBERRY MAPLE"
739310,branded_food,"TOASTED MULTIGRAIN CEREAL WITH HONEY OAT CLUSTERS, OATS & HONEY"
740026,branded_food,"DELICIOUS WHOLE GRAIN BROWN RICE CRISPS CEREAL, CRISPY RICE"
740440,branded_food,"CHOCOLATE FROSTED FLAKES OF CORN WITH MARSH MALLOWS CEREAL, CHOCOLATE"
740600,branded_food,TOASTED RICE CEREAL
741292,branded_food,"MULTIGRAIN WITH FLAX WITH OATS, WHEAT, RYE AND BARLEY INSTANT HOT CEREAL, MULTIGRAIN WITH FLAX"
741416,branded_food,"BLUEBERRY FLAVORED FRUIT & GRAIN CEREAL BARS, BLUEBERRY"
741468,branded_food,"SWEETENED CORN & OAT CEREAL, SWEETENED"
741788,branded_food,"PUMPKIN SPICE MULTIGRAIN CEREAL, PUMPKIN SPICE"
742334,branded_food,"FIBER ACTIVE, TOASTED CORN & WHEAT CEREAL, TOASTED CORN & WHEAT"
742338,branded_food,"CRUNCHY TOASTED CORN CEREAL, TOASTED CORN"
742826,branded_food,"CRUNCHY CASHEWS WILD BLUEBERRIES GOLDEN TURMERIC COCONUT-BASED CEREAL GOLDEN HOUR MIX, CRUNCHY CASHEWS WILD BLUEBERRIES GOLDEN TURMERIC"
743612,branded_food,"TASTEEOS, MULTI-GRAIN LIGHTLY SWEETENED CORN, OAT, BARLEY, WHEAT AND RICE CEREAL, MULTI-GRAIN"
743634,branded_food,"STRAWBERRY FROSTED SHREDDED WHEAT BITE SIZE SWEETENED WHOLE GRAIN CEREAL, STRAWBERRY FROSTED SHREDDED WHEAT"
743700,branded_food,"MARSHMALLOW DREAMS FROSTED WHOLE GRAIN OAT CEREAL WITH MARSHMALLOWS, MARSHMALLOW DREAMS"
743722,branded_food,"SWEETENED MULTI-GRAIN CEREAL, SWEETENED"
743754,branded_food,"APPLE CINNAMON FRUIT & GRAIN CEREAL BARS, APPLE CINNAMON"
743962,branded_food,"FRUITY HOOPS CEREAL IN PINK CONFECTION SWEETS, FRUITY HOOPS"
744216,branded_food,CEREAL SWEETS FRUITY CRISPED RICE IN WHITE CONFECTION
744270,branded_food,"PECAN CEREAL YOGURT SMOOTHIE WITH PROBIOTICS, PECAN CEREAL"
744804,branded_food,"CINNAMON ALMOND CAULI HOT CEREAL, CINNAMON ALMOND"
744820,branded_food,"CINNAMON CEREAL IN MILK CHOCOLATE CEREAL SWEETS, CINNAMON"
744842,branded_food,SWEETENED CORN & OAT CEREAL
745000,branded_food,"FROSTED FLAKES SWEETENED CORN CEREAL, FROSTED FLAKES"
745018,branded_food,"APPLE WOWS SWEETENED MULTI-GRAIN CEREAL & CINNAMON, APPLE WOWS"
745784,branded_food,"HONEY PUFFED WHEAT SWEETENED WHEAT CEREAL WITH REAL HONEY, HONEY PUFFED WHEAT"
745836,branded_food,"CORN FLAKES LIGHTLY TOASTED CORN CEREAL, CORN FLAKES"
745844,branded_food,"ORIGINAL MULTIGRAIN CEREAL, ORIGINAL"
746016,branded_food,"SWEETENED MULTI-GRAIN CEREAL WITH REAL APPLES & CINNAMON HOOTS, APPLES & CINNAMON"
746042,branded_food,"SWEETENED MULTI-GRAIN CEREAL FRUITY HOOTS, SWEETENED"
750928,branded_food,Kellogg's Froot Loops Cereal .75oz
750930,branded_food,Kellogg's Frosted Flakes Cereal Multi Grain 2oz
750942,branded_food,Kellogg's Cinnabon Cereal 9oz
750948,branded_food,Kellogg's Cereal Breakfast Bar Chocolate 1.34oz
750960,branded_food,BEAR NAKED CEREAL SEA SALTED CARAMEL APPLE 12OZ
751056,branded_food,Kellogg's Frosted Flakes Cereal 1oz
751058,branded_food,Kellogg's Frosted Flakes Cereal Multi Grain Cinnamon 2oz
751060,branded_food,Kellogg's Froot Loops Cereal Reduced Sugar 1oz
751078,branded_food,Kellogg's Licensed Brands Cereal Frozen Movie 1oz
751084,branded_food,Kellogg's All Bran Cereal Complete Wheat Flakes 1.13oz
751086,branded_food,Kellogg's Corn Pops Cereal .95oz
751088,branded_food,Kellogg's All Bran Cereal Original 1.76oz
751090,branded_food,Kellogg's Froot Loops Cereal .95oz
751104,branded_food,Kellogg's Frosted Flakes Cereal 15oz
751134,branded_food,BEAR NAKED CEREAL ORIGINAL CINNAMON PROTEIN 30OZ
751136,branded_food,Bear Naked Cereal Original Cinnamon 11.2oz
751138,branded_food,BEAR NAKED CEREAL SEA SALTED CARAMEL APPLE 1.2OZ
751322,branded_food,Kellogg's Corn Pops Cereal .75oz
751324,branded_food,Kellogg's All Bran Cereal Buds 17.7oz
751326,branded_food,Kellogg's Apple Jacks Cereal .63oz
751330,branded_food,Kellogg's Crispix Cereal .75oz
751334,branded_food,Kellogg's Frosted Flakes Cereal Chocolate Multi Grain 1oz
751340,branded_food,Kellogg's Frosted Flakes Cereal Multi Grain 1oz
751342,branded_food,Kellogg's Apple Jacks Cereal Reduced Sugar 1oz
751386,branded_food,Kellogg's Frosted Flakes Cereal 1.2oz
751436,branded_food,Kellogg's Frosted Flakes Cereal Reduced Sugar 1oz
751492,branded_food,Bear Naked Cereal All Natural Granola Banana Nut 12oz
751494,branded_food,Bear Naked Cereal All Natural Granola Fruit & Nut 12oz
751496,branded_food,BEAR NAKED CEREAL HONEY ALMOND PROTEIN 30OZ
751506,branded_food,Bear Naked Cereal Cinnamon And Sunflower Butter Soft Baked 11oz
751508,branded_food,Bear Naked Cereal Cacao And Cashew Butter Soft Baked 11oz
751510,branded_food,BEAR NAKED CEREAL PEPITA HEMP SUNFLOWER BUTTER 10.5OZ
751512,branded_food,Bear Naked Cereal All Natural Fit Vanilla Almond 19oz
751514,branded_food,BEAR NAKED CEREAL CINNAMON SUNFLOWER 1.2OZ
751516,branded_food,Bear Naked Cereal Maple Pecan 12oz
751556,branded_food,Kashi Organic Cereal Cocoa Coconut With Kamut Khorasan Wheat Granola 11oz
751568,branded_food,KASHI ORGANIC CEREAL CHERRY CINNAMON & CARDAMOM 2.12OZ
751570,branded_food,KASHI ORGANIC CEREAL PEPITA & SUNFLOWER 2.12OZ
751572,branded_food,KASHI ORGANIC CEREAL CINNAMON HARVEST 22.6OZ
751574,branded_food,Kashi Organic Cereal Cinnamon Harvest 52oz
751580,branded_food,Kashi Golean Cereal Vanilla 10.8oz
751588,branded_food,KASHI GOLEAN CEREAL VANILLA 1.75OZ
751590,branded_food,Kashi Heart To Heart Cereal Cinnamon 34oz
751646,branded_food,Kashi Cereal Bars Blackberry 1.2oz
751650,branded_food,Kashi Golean Cereal Original 1.6oz
751652,branded_food,Kashi Golean Cereal Crunch 2.3oz
751654,branded_food,Kashi Golean Cereal Crunch 50oz 4ct
751666,branded_food,Kashi Whole Health Ready To Eat Cereal 7 Whole Grain Flakes 12.6oz
751668,branded_food,Kashi Whole Health Ready To Eat Cereal Puffed 6.5oz
751670,branded_food,Kashi Organic Cereal Promise Cinnamon Harvest 16.3oz
751672,branded_food,Kashi Whole Health Ready To Eat Cereal Simply Maize 10.5oz
751674,branded_food,Kashi Whole Health Ready To Eat Cereal Indigo Morning 10.3oz
751676,branded_food,Kashi Heart To Heart Cereal Honey Toasted Oat 12oz
751678,branded_food,Kashi Golean Cereal Cinnamon 14oz
751680,branded_food,Kashi Heart To Heart Cereal Cinnamon 12oz
751682,branded_food,Kashi Golean Cereal Crunch 21.3oz
751688,branded_food,KASHI GOLEAN CEREAL VANILLA GRAHAM 13.2OZ
751910,branded_food,Kellogg's Rice Krispies Cereal .62oz
751912,branded_food,Kellogg's Raisin Bran Cereal 56oz 4ct
751914,branded_food,Kellogg's Special K Cereal Red Berries 2.5oz
751916,branded_food,Kellogg's All Bran Cereal Complete Wheat Flakes .88oz
751918,branded_food,Kellogg's Raisin Bran Cereal 1.25oz
751920,branded_food,Kellogg's Special K Cereal Bars Red Berries .81oz
751922,branded_food,Kellogg's Cocoa Krispies Cereal 1.1oz
751924,branded_food,Kellogg's Special K Cereal 12oz
751926,branded_food,Kellogg's Special K Cereal 18oz
751928,branded_food,Kellogg's Special K Cereal 32oz 4ct
751932,branded_food,Kellogg's Cracklin Oat Bran Cereal 17oz
751934,branded_food,Kellogg's Muslix Cereal 15.3oz
751940,branded_food,Kellogg's Cocoa Krispies Cereal 2.3oz
751966,branded_food,KELLOGG SPECIAL K CEREAL GLUTEN FREE 11OZ
751970,branded_food,Kellogg's Raisin Bran Cereal Crunch 2.8oz
751972,branded_food,Kellogg's Low Fat Granola Cereal Crunchy 2oz
751980,branded_food,Kellogg's Raisin Bran Cereal Cranberry 13.5oz
751982,branded_food,KELLOGG SPECIAL K CEREAL BARS BLUEBERRY .88OZ
751984,branded_food,Kellogg's Special K Cereal Bars Red Berries .88oz
751998,branded_food,KELLOGG SPECIAL K HOT CEREAL CINNAMON RAISIN 1.83OZ
752000,branded_food,KELLOGG ORIGINS CEREAL FRUIT & SEED MUESLI RAISIN APRICOT CRANBERRY WITH PUMPKIN SEEDS 14.1OZ
752002,branded_food,KELLOGG ORIGINS CEREAL FRUIT & NUT MUESLI APRICOT CASHEW RAISIN COCONUT 14.1OZ
752004,branded_food,KELLOGG ORIGINS CEREAL CRANBERRY WALNUT 12.9OZ
752008,branded_food,Kellogg's Special K Cereal Coconut Almond 14oz
752010,branded_food,Kellogg's Low Fat Granola Cereal With Raisins 50oz 4ct
752012,branded_food,Kellogg's Special K Cereal Cinnamon Brown Sugar Crunch 1.9oz
752014,branded_food,Kellogg's Nutri-Grain Cereal Bars Pumpkin Spice 1.3oz
752028,branded_food,Kellogg's Special K Cereal Protein Plus 19oz
752030,branded_food,KELLOGG SPECIAL K CEREAL VANILLA ALMOND 18.8OZ
752034,branded_food,Kellogg's Raisin Bran Cereal 30.3oz
752038,branded_food,Kellogg's Special K Cereal Bars Coconut .88oz
752040,branded_food,Kellogg's Special K Cereal Coconut Almond 38.2oz
752050,branded_food,KELLOGG KRAVE CEREAL 14.1OZ
752052,branded_food,KELLOGG KRAVE CEREAL 3.1OZ
752062,branded_food,Kellogg's Nutri-Grain Cereal Bars Pumpkin Spice 41.6oz
752064,branded_food,Kellogg's Rice Krispies Cereal .88oz
752066,branded_food,Kellogg's Raisin Bran Cereal 1.52oz
752074,branded_food,Kellogg's Cocoa Krispies Cereal 2.3oz
752082,branded_food,Kellogg's Special K Cereal Bars Chocolatey Pretzel .77oz
752090,branded_food,Kellogg's Low Fat Granola Cereal Crunchy 50oz 4ct
752106,branded_food,Kellogg's Krave Cereal Chocolate 11.4oz
752108,branded_food,Kellogg's Krave Cereal Double Chocolate 11oz
752110,branded_food,KELLOGG SPECIAL K CEREAL VANILLA ALMOND 12.4OZ
752116,branded_food,Kellogg's Raisin Bran Cereal 23.5oz
752118,branded_food,Kellogg's Raisin Bran Cereal 18.7oz
752120,branded_food,Kellogg's Raisin Bran Cereal 13.7oz
752122,branded_food,Kellogg's Nutri-Grain Cereal Bars Strawberry 1.55oz
752126,branded_food,Kellogg's Nutri-Grain Cereal Bars Apple Cinnamon 1.55oz
752128,branded_food,Kellogg's Special K Cereal Bars Chocolate .88oz
752130,branded_food,Kellogg's Special K Cereal 1.25oz
752134,branded_food,Kellogg's Krave Cereal Milk Chocolate 1.87oz
752138,branded_food,Kellogg's Krave Cereal Chocolate 35oz 4ct
752152,branded_food,Kellogg's Special K Cereal Low Carb Protein Plus 12.5oz
752154,branded_food,KELLOGG SPECIAL K CEREAL VANILLA ALMOND 16.3OZ
752158,branded_food,KELLOGG SPECIAL K HOT CEREAL CRANBERRY ALMOND 3.66OZ
752160,branded_food,KELLOGG SPECIAL K CEREAL BARS CHOCOLATE CARAMEL .88OZ
752162,branded_food,KELLOGG SPECIAL K HOT CEREAL MAPLE BROWN SUGAR 3.66OZ
752164,branded_food,KELLOGG SPECIAL K HOT CEREAL CINNAMON RAISIN PECAN 3.66OZ
752184,branded_food,Kellogg's Raisin Bran Cereal Omega 3 14.3oz
752192,branded_food,Kellogg's Krave Cereal Chocolate 19.9oz
752280,branded_food,Kashi Whole Health Ready To Eat Cereal Whole Grain Nuggets 20oz
752292,branded_food,Kashi Organic Cereal Cranberry Spelt And Flax Granola 11oz
752294,branded_food,KASHI ORGANIC CEREAL ORGANIC PROMISE SPROUTED GRAINS 28.8OZ
752296,branded_food,Kashi Organic Cereal Promise Sprouted Grain 9.5oz
752298,branded_food,Kashi Organic Cereal Sweet Potato Sunshine 10.5oz
752302,branded_food,KASHI ORGANIC CEREAL CACAO NIB ALMOND & COCONUT 2.12OZ
752304,branded_food,Kashi Organic Cereal Toasted Oat 34oz
752306,branded_food,KASHI ORGANIC CEREAL SWEET POTATO SUNSHINE 31OZ
752324,branded_food,Kashi Cereal Bars Strawberry 1.2oz
752328,branded_food,Kashi Heart To Heart Cereal Honey Toasted Oat 1.4oz
752332,branded_food,Kashi Heart To Heart Cereal Blueberry 13.4oz
752336,branded_food,KASHI HEART TO HEART CEREAL HONEY TOASTED OAT 1OZ
752338,branded_food,Kashi Golean Cereal 13.1oz
752340,branded_food,Kashi Organic Cereal Berry Fruitful 15.6oz
752342,branded_food,Kashi Golean Cereal Original 21oz
752448,branded_food,Kellogg's Special K Cereal .62oz
752454,branded_food,Kellogg's Special K Cereal Cinnamon Brown Sugar Crunch 10.8oz
752456,branded_food,KELLOGG SPECIAL K CEREAL CINNAMON BROWN SUGAR CRUNCH 32.4OZ
752458,branded_food,KELLOGG SPECIAL K HOT CEREAL HONEY NUT 3.66OZ
752472,branded_food,Kellogg's Special K Cereal Bars Salted Caramel Chocolate .88oz
752476,branded_food,Kellogg's Special K Cereal Bars Salted Pretzel Chocolate .88oz
752482,branded_food,Kellogg's Krave Cereal Smores 1oz
752492,branded_food,KELLOGG SPECIAL K CEREAL LOW FAT CRANBERRY 10.6OZ
752494,branded_food,KELLOGG SPECIAL K HOT CEREAL HONEY NUT CRUNCH 1.83OZ
752496,branded_food,KELLOGG SPECIAL K CEREAL CINNAMON BROWN SUGAR CRUNCH 33.6OZ
752500,branded_food,Kellogg's Special K Cereal Raspberry Almond 14oz
752502,branded_food,KELLOGG SPECIAL K CEREAL LOW FAT GRANOLA WITH CRANBERRIES 2.3OZ
752508,branded_food,Kellogg's Special K Cereal Raspberry Almond 38.2oz
752518,branded_food,Kellogg's Special K Cereal Chocolate Delight 18.5oz
752520,branded_food,Kellogg's Special K Cereal Cinnamon Pecan 18.4oz
752530,branded_food,Kashi Heart To Heart Cereal Honey Toasted Oat 48oz 4ct
752532,branded_food,Kellogg's Special K Cereal .81oz
752534,branded_food,Kellogg's Low Fat Granola Cereal With Raisins 2.22oz
752540,branded_food,Kellogg's Cereal Breakfast Bar Chewy Berry 1.27oz
752546,branded_food,Kellogg's Raisin Bran Cereal Crunch 24.8oz
752558,branded_food,KELLOGG SPECIAL K CEREAL BARS BERRY STREUSEL .88OZ
752574,branded_food,Kellogg's Special K Cereal Chocolate Delight 13.1oz
752576,branded_food,Kellogg's Special K Cereal Cinnamon Pecan 12.1oz
752586,branded_food,Kellogg's Rice Krispies Cereal 1.3oz
752588,branded_food,Kellogg's Raisin Bran Cereal Crunch 18.2oz
752628,branded_food,Kellogg's Krave Cereal Smores 11oz
752658,branded_food,Kashi Organic Cereal Promise Autumn Wheat 16.3oz
752770,branded_food,Kellogg's Corn Pops Cereal 1.5oz
752772,branded_food,Kellogg's Froot Loops Cereal In A Cup 1.5oz
752778,branded_food,Kellogg's Special K Cereal Low Fat Granola 2.5oz
752792,branded_food,Kellogg's Special K Cereal Low Fat Granola 11.3oz
752806,branded_food,Kellogg's Apple Jacks Cereal In A Cup 1.5oz
752808,branded_food,Kellogg's Frosted Flakes Cereal In A Cup 2.1oz
752830,branded_food,Kashi Golean Cereal Crunch 13.8oz
752832,branded_food,Kashi Organic Cereal Promise Island Vanilla 16.3oz
752834,branded_food,Kashi Organic Cereal Strawberry Fields 10.3oz
752898,branded_food,Kellogg's Special K Cereal Bars Dark Chocolate Pomegranate .88oz
752916,branded_food,Kellogg's Nutri-Grain Cereal Bars Blueberry 1.55oz
752922,branded_food,Kellogg's Rice Krispies Cereal Brown Rice Whole Grain 1oz
752924,branded_food,Kellogg's Froot Loops Cereal Reduced Sugar 1oz
752926,branded_food,Kellogg's Apple Jacks Cereal Reduced Sugar 1oz
752928,branded_food,Kellogg's Frosted Flakes Cereal Multi Grain Cinnamon 1oz
752930,branded_food,KELLOGG SPECIAL K HOT CEREAL MAPLE BROWN SUGAR 1.83OZ
752932,branded_food,KELLOGG SPECIAL K HOT CEREAL CRANBERRY ALMOND 1.83OZ
752968,branded_food,Bear Naked Cereal All Natural Fit Triple Berry 12oz
752970,branded_food,Bear Naked Cereal All Natural Fit Vanilla Almond 12oz
752972,branded_food,Bear Naked Cereal Honey Almond Protein 11.2oz
752982,branded_food,BEAR NAKED CEREAL CACAO CASHEW 1.2OZ
752988,branded_food,Bear Naked Cereal Chocolate Granola 12oz
752990,branded_food,Bear Naked Cereal All Natural Granola Fruit & Nut 48oz
753022,branded_food,KELLOGG SPECIAL K CEREAL BARS BLUEBERRY 5.28OZ
753024,branded_food,Kellogg's Special K Cereal Bars Blueberry Fruit Crisp .88oz
753040,branded_food,Kellogg's Special K Cereal Bars Cranberry Almond 1.16oz
753056,branded_food,Kellogg's Nutri-Grain Cereal Bars Cinnamon 1.4oz
753058,branded_food,Kellogg's Nutri-Grain Cereal Bars Lemon 1.4oz
753062,branded_food,Kellogg's All Bran Cereal Original 18.3oz
753064,branded_food,KASHI GOLEAN CEREAL TOASTED BERRY CRUMBLE 40OZ
753066,branded_food,Kashi Golean Cereal Crunch Honey Almond Flax 14oz
753068,branded_food,Kashi Golean Cereal Crisp Toasted Berry 14oz
753084,branded_food,Kellogg's Apple Jacks Cereal .95oz
753086,branded_food,Kellogg's Cereal Breakfast Bar Apple Cinnamon 1.27oz
753094,branded_food,KELLOGG SPECIAL K CEREAL BARS RED VELVET 5.28OZ
753130,branded_food,Bear Naked Cereal Chocolate Almond 13oz
753132,branded_food,Kashi Golean Cereal Chocolate Coconut 12.2oz
753134,branded_food,Bear Naked Cereal Toasted Coconut Almond 12oz
753136,branded_food,Bear Naked Cereal Toasted Coconut 13oz
753138,branded_food,Kashi Bear Naked Cereal Honey Nut 13oz
753140,branded_food,Keebler Cereal Chips Deluxe Rainbow 11.2oz
753146,branded_food,Kellogg's Mini-Wheats Cereal Bite Size Strawberry 21oz
753152,branded_food,Kellogg's Special K Cereal Bars Chocolate Peanut 1.23oz
753154,branded_food,KELLOGG SPECIAL K CEREAL BARS CHOCOLATE 7.38OZ
753196,branded_food,Kellogg's Special K Cereal Bars Red Velvet .88oz
753208,branded_food,Kellogg's Special K Cereal Bars Caramel Pretzel Cashew 1.23oz
753262,branded_food,Kellogg's Special K Cereal Bars Strawberry 13.2oz
753264,branded_food,KELLOGG SPECIAL K CEREAL BARS STRAWBERRY 15.84OZ
753266,branded_food,KELLOGG SPECIAL K CEREAL BARS STRAWBERRY 10.56OZ
753268,branded_food,KELLOGG SPECIAL K CEREAL BARS COOKIES N' CREME 5.28OZ
753270,branded_food,KELLOGG SPECIAL K CEREAL BARS STRAWBERRY 5.28OZ
753272,branded_food,Kellogg's Special K Cereal Bars Strawberry .88oz
753274,branded_food,Kellogg's Special K Cereal Bars Strawberry 8.8oz
753276,branded_food,KELLOGG SPECIAL K CEREAL BARS STRAWBERRY 5.28OZ
753278,branded_food,Kellogg's Special K Cereal Bars Cookies & Creme .88oz
753280,branded_food,Kellogg's Special K Cereal Bars Dark Chocolate Nut 1.16oz
753282,branded_food,KELLOGG SPECIAL K CEREAL BARS FRUIT & NUT 7.38OZ
753284,branded_food,KELLOGG SPECIAL K CEREAL BARS CHOCOLATE 6.9OZ
753286,branded_food,KELLOGG SPECIAL K CEREAL BARS BROWN SUGAR CINNAMON 5.28OZ
753288,branded_food,Kellogg's Special K Cereal Bars Brown Sugar Cinnamon .88oz
753310,branded_food,Kellogg's Mini-Wheats Cereal Pumpkin Spice 15.5oz
753314,branded_food,Kellogg's Corn Flakes Cereal .81oz
753316,branded_food,Kellogg's Mini-Wheats Cereal Bite Size Frosted 1.31oz
753318,branded_food,Kellogg's Shredded Wheat Minis Cereal Bite Size Unfrosted 1.2oz
753320,branded_food,Kellogg's Corn Flakes Crumbs Cereal 21oz
753354,branded_food,Kellogg's Mini-Wheats Cereal Bite Size Frosted 36oz
753356,branded_food,Kellogg's Mini-Wheats Cereal Bite Size Frosted 1oz
753358,branded_food,Kellogg's Mini-Wheats Cereal Blueberry Vanilla 14.3oz
753360,branded_food,Kellogg's Mini-Wheats Cereal Cranberry Yogurt 14.3oz
753362,branded_food,Kellogg's Mini-Wheats Cereal Bite Size Frosted 2.5oz
753364,branded_food,Kellogg's Mini-Wheats Cereal Bite Size Frosted 18oz
753366,branded_food,Kellogg's Mini-Wheats Cereal Bite Size Frosted 24oz
753370,branded_food,Kellogg's Mini-Wheats Cereal Blueberry Muffin 21oz
753372,branded_food,Kellogg's Mini-Wheats Cereal Blueberry Muffin 15.5oz
753374,branded_food,Kellogg's Mini-Wheats Cereal Maple Brown Sugar 21oz
753376,branded_food,Kellogg's Mini-Wheats Cereal Maple Brown Sugar 15.5oz
753378,branded_food,Kellogg's Mini-Wheats Cereal Little Bites Original 15.2oz
753380,branded_food,Kellogg's Mini-Wheats Cereal Raspberry 15oz
753384,branded_food,Kellogg's Nutri-Grain Cereal Bars Strawberry Greek Yogurt 1.3oz
753386,branded_food,KELLOGG NUTRI-GRAIN CEREAL BARS CHOCOLATE WITH RASPBERRY 1.3OZ
753388,branded_food,Kellogg's Nutri-Grain Cereal Bars Apple Cinnamon 31.2oz
753390,branded_food,Kellogg's Nutri-Grain Cereal Bars Strawberry 31.2oz
753392,branded_food,Kellogg's Nutri-Grain Cereal Bars Apple Cinnamon 20.8oz
753394,branded_food,Kellogg's Nutri-Grain Cereal Bars Strawberry 20.8oz
753396,branded_food,Kellogg's Nutri-Grain Cereal Bars Mixed Berry 1.3oz
753398,branded_food,Kellogg's Nutri-Grain Cereal Bars Apple Cinnamon 1.3oz
753400,branded_food,Kellogg's Nutri-Grain Cereal Bars Raspberry 1.3oz
753402,branded_food,Kellogg's Nutri-Grain Cereal Bars Strawberry 1.3oz
753404,branded_food,Kellogg's Nutri-Grain Cereal Bars Cherry 1.3oz
753406,branded_food,Kellogg's Nutri-Grain Cereal Bars Blueberry 20.8oz
753408,branded_food,Kellogg's Nutri-Grain Cereal Bars Blueberry 1.3oz
753412,branded_food,Kellogg's Mini-Wheats Cereal Bite Size Unfrosted 18oz
753414,branded_food,Kellogg's Mini-Wheats Cereal Little Bites Chocolate 1oz
753416,branded_food,Kellogg's Mini-Wheats Cereal Little Bites Chocolate 15.2oz
753438,branded_food,Kellogg's Corn Flakes Cereal .75oz
753440,branded_food,Kellogg's Raisin Bran Cereal Strawberry Apple 14.5oz
753442,branded_food,Kellogg's Raisin Bran Cereal Strawberry Apple 20.3oz
757032,branded_food,KELLOGG SPECIAL K CEREAL BARS CHOCOLATE CHERRY 7.38OZ
757064,branded_food,Kellogg's Special K Cereal Bars Chocolate Cherry 1.23oz
757072,branded_food,KELLOGG CINNABON CEREAL 3.1OZ
757160,branded_food,Kellogg's Special K Cereal Bars Caramel Nut 6oz
757178,branded_food,Kellogg's Special K Cereal Berry 10.6oz
757186,branded_food,Kellogg's Special K Cereal 38oz
757228,branded_food,Kellogg's Special K Cereal Bars Fruit & Nut 1.23oz
757248,branded_food,Kellogg's Special K Cereal Bars Blueberry Almond 5.5oz
757250,branded_food,Kellogg's Special K Cereal Bars Dark Chocolate 5.5oz
757260,branded_food,Kellogg's Special K Cereal Bars Chocolate Coconut Cashew 1.16oz
757262,branded_food,Kellogg's Special K Cereal Bars Caramel Almond Sea Salt 1.16oz
757264,branded_food,Kellogg's Special K Cereal Bars Peanut Butter Chocolate 6oz
1847740,branded_food,Nature Valley Cranberry Almond Protein Granola Cereal
1847741,branded_food,Blueberry Chex Gluten Free Breakfast Cereal
1847742,branded_food,Chocolate Chex Gluten Free Breakfast Cereal
1847743,branded_food,Wheat Chex Whole Grain Breakfast Cereal
757512,branded_food,Kellogg's Mini-Wheats Cereal Frosted Strawberry 15.5oz
757542,branded_food,Kellogg's Mini-Wheats Cereal Bite Size Frosted 56oz 4ct
757544,branded_food,Kellogg's Raisin Bran Cereal Crunch 50oz 4ct
757550,branded_food,Cheerios and Ancient Grains Cereal
757560,branded_food,Cinnamon Chex Cereal
757600,branded_food,Cheerios Protein Oats and Honey Cereal
757614,branded_food,Vanilla Chex Cereal
757616,branded_food,Cheerios Protein Cinnamon Almond Cereal
757620,branded_food,Reese's Puffs Cereal
757622,branded_food,Blueberry Chex Cereal
757624,branded_food,Strawberry Toast Crunch Cereal
757626,branded_food,Blueberry Toast Crunch Cereal
757628,branded_food,Apple Cinnamon Toast Crunch Cereal
757630,branded_food,Apple Cinnamon Toast Crunch Cereal
757632,branded_food,Chocolate Chex Cereal
757634,branded_food,GMILLS APPLE CINN CHEERIOS SWEETENED WHL GRN OAT CEREAL FAMILY SZ
757640,branded_food,Wheat Chex Cereal
757642,branded_food,GMILLS CINN TST CRNCH SWEETENED WHL WHT RICE CEREAL GNT SZ
757644,branded_food,GMILLS HNY NUT CHEERIOS SWEETENED WHL GRN OAT CEREAL GNT SZ
757646,branded_food,"Cheerios Cereal, Family Size"
757648,branded_food,Cheerios Cereal
757650,branded_food,Cheerios Cereal
757652,branded_food,Chocolate Cheerios Cereal
757654,branded_food,GMILLS HNY NUT CHEERIOS SWEETENED WHL GRN OAT CEREAL
757658,branded_food,GMILLS FRTY CHEERIOS SWEETENED WHL GRN OAT CEREAL
757660,branded_food,GMILLS CINN TST CRNCH SWEETENED WHL WHT RICE CEREAL
757662,branded_food,GMILLS HNY NUT CHEERIOS SWEETENED WHL GRN OAT CEREAL
757664,branded_food,Honey Nut Cheerios Medley Crunch Cereal
757668,branded_food,Cheerios Cereal
757670,branded_food,GMILLS APPLE CINN CHEERIOS SWEETENED WHL GRN OAT CEREAL
757750,branded_food,Kashi Whole Health Ready To Eat Cereal Dark Cocoa Karma 16.1oz
757762,branded_food,Kellogg's Special K Cereal Bars Pumpkin Spice .88oz
757926,branded_food,Kellogg's Special K Cereal Chocolate Coconut 10.6oz
758004,branded_food,Wheaties Cereal
758006,branded_food,Honey Nut Cheerios Cereal Singlepak
758008,branded_food,Whole Grain Total Cereal Singlepak
758010,branded_food,Total Raisin Bran Cereal
758016,branded_food,Cheerios Cereal Singlepak
758018,branded_food,Lucky Charms Cereal Singlepak
758020,branded_food,Cinnamon Toast Crunch Cereal Singlepak
758052,branded_food,Honey Nut Cheerios Cereal Bowlpak
758054,branded_food,Cinnamon Toast Crunch Cereal Bowlpak
758082,branded_food,Kellogg's Corn Flakes Cereal .81oz
758124,branded_food,Honey Nut Cheerios Milk 'n Cereal Bars
758126,branded_food,Cinnamon Toast Crunch Milk 'n Cereal Bars
758152,branded_food,Cheerios Cereal-on-the-Go Pouch
758286,branded_food,GMILLS VERY BRY CHEERIOS SWEETENED WHL GRN OAT CEREAL
758302,branded_food,Blueberry Toast Crunch Cereal
758304,branded_food,Strawberry Toast Crunch Cereal
1847816,branded_food,Honey Nut Cheerios Cereal Singlepak
1847817,branded_food,Whole Grain Total Cereal Singlepak
1847818,branded_food,Total Raisin Bran Cereal
1847819,branded_food,Cheerios Cereal Singlepak
1847820,branded_food,Lucky Charms Cereal Singlepak
758350,branded_food,GMILLS HNY NUT CHRS MEDLEY CRNCH SWEETENED OAT WHEAT CEREAL
1847821,branded_food,Cinnamon Toast Crunch Cereal Singlepak
758374,branded_food,Cascadian Farm Organic Raisin Bran Cereal
758400,branded_food,Honey Nut Chex Cereal Bowlpak
758402,branded_food,GMILLS REESES PUFFS BUNNIES SWT CRNCHY CORN PUFFS CEREAL FAMILY SZ
758434,branded_food,Cheerios Cereal 2 Pack
758436,branded_food,Fiber One Honey Clusters Cereal
758438,branded_food,Crunchy Almond Oatmeal Crisp Cereal
1847825,branded_food,Honey Nut Cheerios Cereal Bowlpak
758468,branded_food,Rice Chex Cereal Bowlpak
1847826,branded_food,Cinnamon Toast Crunch Cereal Bowlpak
758472,branded_food,Reese's Peanut Butter Puffs Cereal
758496,branded_food,Annie's Organic Frosted Oat Flakes Cereal
1847833,branded_food,Cascadian Farm Organic French Vanilla Almond Granola Cereal
758584,branded_food,Basic 4 Cereal
758632,branded_food,Cascadian Farm Organic Vanilla Chia Crunch Cereal
758720,branded_food,Nature Valley Baked Oat Bites Cereal
758752,branded_food,Raisin Nut Bran Cereal
758788,branded_food,Cascadian Farm Organic Buzz Crunch Honey Almond Cereal
758802,branded_food,GMILLS GIRL SCOUTS WHL GRN CORN CEREAL THIN MINTS
758836,branded_food,Kix Cereal Bowlpak
758916,branded_food,Total Raisin Bran Cereal Bowlpak
758918,branded_food,Cheerios Cereal
758936,branded_food,Cinnamon Toast Crunch Cereal
758938,branded_food,Honey Nut Cheerios Cereal
758940,branded_food,Lucky Charms Cereal
758942,branded_food,Cheerios Cereal
758946,branded_food,Reese's Puffs Cereal
758952,branded_food,Cheerios Protein Oats and Honey Cereal
758954,branded_food,GMILLS CHOC CHEERIOS WHL GRN OAT CEREAL FAMILY SZ
758956,branded_food,Cinnamon Toast Crunch Cereal
758958,branded_food,Cascadian Farm Organic Hearty Morning Fiber Cereal
758960,branded_food,Cascadian Farm Organic Purely O's Cereal
758974,branded_food,Rice Chex Cereal
758976,branded_food,Cinnamon Chex Cereal
758982,branded_food,Cocoa Puffs Cereal
758990,branded_food,Cascadian Farm Organic Honey Oat Crunch Cereal
759004,branded_food,Cascadian Farm Organic Multi Grain Squares Cereal
759018,branded_food,Golden Grahams Cereal
759022,branded_food,Cinnamon Toast Crunch Cereal-on-the-Go Pouch
759036,branded_food,GMILLS REESES PUFFS SWT CRNCHY CORN PUFFS CEREAL
759108,branded_food,GMILLS REESES PUFFS BUNNIES SWT CRNCHY CORN PUFFS CEREAL
1847895,branded_food,Cascadian Farm Organic Raisin Bran Breakfast Cereal
1847898,branded_food,Honey Nut Chex Cereal Bowlpak
759284,branded_food,Bear Naked Cereal Peanut Butter 12oz
759286,branded_food,Kellogg's Special K Cereal Raspberry Almond 12.6oz
759288,branded_food,Kellogg's Special K Cereal Coconut Almond 12.6oz
759290,branded_food,Kellogg's Special K Cereal Raspberry Almond 18.5oz
759292,branded_food,Kellogg's Special K Cereal Coconut Almond 18.5oz
759304,branded_food,Kellogg's Cocoa Krispies Cereal 1.38oz
759306,branded_food,Cascadian Farm Organic Honey Oat Crunch Cereal
759318,branded_food,Kellogg's Special K Cereal Bars Honey 5.5oz
759332,branded_food,Kellogg's Nutri-Grain Cereal Bars Chocolate Chip 1.4oz
759364,branded_food,Kellogg's Special K Cereal Bars Dark Chocolate Salted Nut 5.5oz
759378,branded_food,GMILLS GIRL SCOUTS WHL GRN CORN CEREAL CARAMEL CRNCH
759390,branded_food,Bear Naked Cereal Cinnamon 13oz
1847912,branded_food,Rice Chex Cereal Bowlpak
759404,branded_food,Cocoa Puffs Cereal
759406,branded_food,Cinnamon Toast Crunch Cereal
759408,branded_food,Frosted Cheerios Cereal
759410,branded_food,Golden Grahams Cereal
759412,branded_food,Honey Nut Cheerios Cereal
759414,branded_food,Lucky Charms Cereal
759416,branded_food,Trix Cereal
759418,branded_food,Cheerios Cereal
759504,branded_food,GMILLS GIRL SCOUTS WHL GRN CORN CEREAL CARAMEL CRNCH
759580,branded_food,GMILLS FRTY CHEERIOS SWEETENED WHL GRN OAT CEREAL FAMILY SZ
759582,branded_food,GMILLS VERY BRY CHEERIOS SWEETENED WHL GRN OAT CEREAL FAMILY SZ
759584,branded_food,Chocolate Peanut Butter Cheerios Cereal
759588,branded_food,Chocolate Cheerios Cereal
759590,branded_food,Very Berry Cheerios Cereal
759592,branded_food,Nature Valley Baked Oat Bites Cereal
759610,branded_food,Golden Grahams Cereal Singlepak
759624,branded_food,GMILLS GIRL SCOUTS WHL GRN CORN CEREAL THIN MINTS
759634,branded_food,Reese's Puffs Cereal
759688,branded_food,Cascadian Farm Organic Oats and Honey Granola Cereal
759758,branded_food,Peanut Butter Chocolate Blasted Shreds Cereal
759760,branded_food,Nature Valley Chocolate Oat Clusters Cereal
759762,branded_food,Nature Valley Honey Oat Clusters Cereal
759770,branded_food,Wheat Chex Cereal
759786,branded_food,Kellogg's Special K Cereal Bars Cashew Pretzel 1.79oz
759788,branded_food,Kellogg's Special K Cereal Bars Blueberry 1.58oz
759792,branded_food,Kashi Golean Cereal Peanut Butter 13.2oz
759842,branded_food,GMILLS CINN TST CRNCH SHREDS SHRD SWTND WHL GRN WHEAT CEREAL
759912,branded_food,Chocolate Peanut Butter Cheerios Cereal
759918,branded_food,Honey Nut Cheerios Cereal
759948,branded_food,Kellogg's Special K Cereal Bars Cherry Nut 1.79oz
759956,branded_food,Cheerios Cereal
759960,branded_food,Reese's Puffs Cereal
759962,branded_food,Reese's Puffs Cereal
759976,branded_food,GMILLS CHEERIOS SWEETENED WHL GRN OAT CEREAL PEACH
759978,branded_food,GMILLS CHEERIOS SWEETENED WHL GRN OAT CEREAL PEACH FAMILY SZ
760000,branded_food,Reese's Puffs Cereal
760004,branded_food,Reese's Puffs Cereal
760078,branded_food,Cheerios Cinnamon Oat Crunch Cereal
760084,branded_food,Cinnamon Chex Cereal
1847955,branded_food,Cascadian Farm Organic Vanilla Chia Crunch Cereal
1847956,branded_food,Nature Valley Oats & Honey Protein Granola Cereal
1847957,branded_food,Nature Valley Oats & Dark Chocolate Protein Granola Cereal
760130,branded_food,Kellogg's Mini-Wheats Cereal Pumpkin Spice 21oz
760140,branded_food,Kellogg's Mini-Wheats Cereal Vanilla Latte 15.5oz
760142,branded_food,Kellogg's Mini-Wheats Cereal Little Bites Original 21.5oz
760150,branded_food,Kellogg's Raisin Bran Cereal Banana 14.5oz
760154,branded_food,Kashi Golean Cereal Original 15.8oz
760156,branded_food,Kashi Golean Cereal Honey Almond Flax 16.8oz
760172,branded_food,Honey Nut Cheerios Cereal
760174,branded_food,Honey Nut Cheerios Cereal
760184,branded_food,Apple Cinnamon Cheerios Cereal
760198,branded_food,Very Berry Cheerios Cereal
760200,branded_food,Chocolate Peanut Butter Cheerios Cereal
760202,branded_food,Cinnamon Toast Crunch Cereal
760204,branded_food,Very Berry Cheerios Cereal
760206,branded_food,Cinnamon Toast Crunch Cereal
760208,branded_food,Chocolate Cheerios Cereal
760210,branded_food,Honey Nut Cheerios Medley Crunch Cereal
760214,branded_food,Cinnamon Toast Crunch Cereal
760216,branded_food,Fruity Cheerios Cereal
760218,branded_food,Fruity Cheerios Cereal
760220,branded_food,Apple Cinnamon Cheerios Cereal
760222,branded_food,Cinnamon Toast Crunch Cereal
760238,branded_food,NAT VLY OAT CLUSTERS CEREAL HONEY
760496,branded_food,Cinnamon Toast Crunch Cereal 2 Pack
760514,branded_food,GMILLS CHEERIOS SWEETENED WHL GRN OAT CEREAL CHOC PNT BTR FAMILY SZ
760556,branded_food,Chocolate Toast Crunch Cereal
760560,branded_food,GMILLS CHOC TST CRNCH SWEETENED WHEAT CEREAL FAMILY SZ
1847996,branded_food,Cascadian Farm Organic Buzz Crunch Honey Almond Cereal
1848004,branded_food,Kix Cereal Bowlpak
1848017,branded_food,Total Raisin Bran Cereal Bowlpak
1848018,branded_food,Cheerios Cereal
1848021,branded_food,Cinnamon Toast Crunch Whole Grain Breakfast Cereal Cup
1848022,branded_food,Honey Nut Cheerios Whole Grain Oats Gluten Free Breakfast Cereal Cup
1848023,branded_food,Lucky Charms Cereal
1848024,branded_food,Cheerios Cereal
1848025,branded_food,Reese's Puffs Cereal
1848028,branded_food,Cinnamon Toast Crunch Cereal
1848029,branded_food,Cascadian Farm Organic Hearty Morning Fiber Breakfast Cereal
1848030,branded_food,Cascadian Farm Organic Purely O's Cereal
1848036,branded_food,Cascadian Farm Organic Honey Oat Crunch Breakfast Cereal
761240,branded_food,Chocolate Toast Crunch Cereal
761296,branded_food,Pumpkin Spice Cheerios Cereal
761298,branded_food,GMILLS HNY NUT CHEERIOS SWEETENED WHL GRN OAT CEREAL
761300,branded_food,GMILLS CINN TST CRNCH SWEETENED WHL WHT RICE CEREAL
761302,branded_food,GMILLS LCKY CHRMS TSTD OAT W MRSHMLWS CEREAL
761340,branded_food,GMILLS CHRS OAT CRNCH SWEETENED MLTGRN WHL GRN OAT CEREAL CINN FAMILY SZ
761344,branded_food,Cinnamon Chex Cereal
1848040,branded_food,Cascadian Farm Organic Maple Brown Sugar Granola Cereal
1848041,branded_food,Cascadian Farm Organic Multi Grain Squares Breakfast Cereal
761360,branded_food,GMILLS HNY NUT CHEERIOS SWEETENED WHL GRN OAT CEREAL
761362,branded_food,GMILLS CHOC CHEERIOS WHL GRN OAT CEREAL
761364,branded_food,GMILLS FRSTD CHEERIOS FRSTD WHL GRN OAT CEREAL
761376,branded_food,GMILLS COOKIE CRISP SWEETENED CEREAL
761378,branded_food,GMILLS CINN TST CRNCH SWEETENED WHL WHT RICE CEREAL
761380,branded_food,GMILLS LCKY CHRMS TSTD OAT W MRSHMLWS CEREAL
761382,branded_food,Cascadian Farm Organic Honey Oat Crunch Cereal
761398,branded_food,Blueberry Chex Cereal
761410,branded_food,Pumpkin Spice Cheerios Cereal
762120,branded_food,Quaker Corn Bran Crunch Toasted Corn Cereal 10.5 Ounce Paper Box
762252,branded_food,Quaker Oatmeal Squares with a hint of Cinnamon Crunchy Oat Cereal 21 Ounce Box
762320,branded_food,Quaker Life Cinnamon Multigrain Cereal 2.29 Ounce Cup
762764,branded_food,Quaker Puffed Wheat Regular Cereal 5.2 Ounce Paper Box
763180,branded_food,Cap'n Crunch Sweetened Corn & Oat Cereal 14 Ounce Paper Box
763660,branded_food,Cap'N Crunch Berries Sweetened Corn & Oat Cereal 1.30 Ounce Plastic Cup
763768,branded_food,Cap'N Crunch Sweetened Corn & Oat Cereal 1.51 Ounce Plastic Cup
763842,branded_food,Cap'N Crunch'S Sprinkled Donut Crunch Naturally & Artificially Flavored Sweetened Corn & Oat Cereal 17.3 Ounce Box
763980,branded_food,Cap'n Crunch's Oops! All Berries Sweetened Corn & Oat Cereal 11.5 Ounce Box
764034,branded_food,Cap'N Crunch's Crunch Berries Sweetened Corn & Oat Cereal 22.4 Ounce Paper Box
764166,branded_food,Cap'n Crunch's Peanut Butter Crunch Sweetened Corn & Oat Cereal 12.5 Ounce Paper Box
764376,branded_food,Cap'n Crunch's Crunch Berries Sweetened Corn & Oat Cereal 26 Ounce Box
764508,branded_food,Cap'n Crunch Sweetened Corn & Oat Cereal 24 Ounce Box
764672,branded_food,Mother's Bumpers Peanut Butter Crunchy Corn Cereal 12.3 Ounce Box
764754,branded_food,Quaker Simply Granola Oats/Honey/Almond Cereal 28 Ounce Paper Box
764796,branded_food,Quaker Life Cinnamon Multigrain Cereal 21.6 Ounce Box
764882,branded_food,Quaker Life Original Multigrain Cereal 2.29 Ounce Cup
765078,branded_food,Cap'N Crunch's Peanut Butter Crunch Sweetened Corn & Oat Cereal 20.6 Ounce Paper Box
765210,branded_food,Cap'n Crunch's Peanut Butter Crunch Sweetened Corn & Oat Cereal 17.1 Ounce Paper Box
765308,branded_food,Quaker Life Maple Brown Sugar Multigrain Cereal 13 Ounce Paper Box
765356,branded_food,Quaker Life Maple & Brown Sugar MultiGrain Cereal21.6 Ounce Box
765590,branded_food,Quaker Life Cinnamon Cereal 18 Ounce Paper Box
765974,branded_food,Quaker Life Maple & Brown Sugar Multigrain Cereal 18 Ounce Box
766104,branded_food,Cap'n Crunch Crunch Berries Sweetened Corn & Oat Cereal 18.7 Ounce Paper Box
766998,branded_food,Quaker Life Original Multigrain Cereal 21.6 Ounce Paper Box
767072,branded_food,Cap'n Crunch's Crunch Berries Sweetened Corn & Oat Cereal 13 Ounce Paper Box
767160,branded_food,Cap'n Crunch's Crunch Berries Sweetened Corn & Oat Cereal (2-20 Ounce) 40 Ounce 2 Pack Bag
767182,branded_food,Cap'N Crunch's OOPS! All Berries Naturally & Artificially Flavored Sweetened Corn & Oat Cereal 21.3 Ounce Box
767620,branded_food,Cap'N Crunch's Oops!All Berries Corn&Oat Cereal 15.4 Ounce Box
767658,branded_food,Cap'n Crunch Sweetened Corn & Oat Cereal  28 Ounce Paper Box
767774,branded_food,Quaker Oat Bran Hot Cereal 16 Ounce Box
767846,branded_food,Cap'n Crunch's Cinnamon Roll Crunch Flavored Sweetened Corn & Oat Cereal 10.3Oz Paper Box
767946,branded_food,Quaker Life Cinnamon Cereal 13 Ounce Box
768320,branded_food,Cap'n Crunch Sweetened Corn & Oat Cereal 20 Ounce Paper Box
768340,branded_food,Quaker Corn Crunch Toasted Corn & Oat Cereal 15 Ounce Paper Box
768722,branded_food,Mothers Oatbran Cereal 16 Ounce Paper Box
768754,branded_food,Cascadian Farm Organic  Honey Nut O's Cereal
768770,branded_food,Banana Split Dippin' Dots Cereal
768774,branded_food,Chocolate Chex Cereal
768776,branded_food,Cinnamon Chex Cereal
768780,branded_food,Reese's Puffs Bats Cereal
768782,branded_food,Reese's Puffs Bats Cereal
768848,branded_food,Maple Cheerios Cereal
768890,branded_food,Maple Cheerios Cereal
769904,branded_food,BELVITA BISCUITS-BREAKFAST CEREALS AND MILK
770678,branded_food,RITZ CRACKERS MULTI CEREALS
770738,branded_food,BELVITA BISCUITS-BREAKFAST CEREALS AND MILK
771094,branded_food,BELVITA BISCUITS-BREAKFAST CEREALS AND MILK 600 GR
771460,branded_food,Banana Nut Cheerios Cereal
771514,branded_food,Sugar Cookie Toast Crunch Cereal
771516,branded_food,Peach Cheerios Cereal
771522,branded_food,Peach Cheerios Cereal
771538,branded_food,Sugar Cookie Toast Crunch Cereal
771720,branded_food,Reese's Puffs Hearts Cereal
771724,branded_food,Reese's Puffs Hearts Cereal
771730,branded_food,Annie's Organic Friends Bunnies Cereal 2 Pack
771742,branded_food,Fiber One Strawberries & Vanilla Clusters Cereal
771772,branded_food,Churros Cinnamon Toast Crunch Cereal
771790,branded_food,Banana Split Dippin' Dots Cereal
771812,branded_food,Churros Cinnamon Toast Crunch Cereal
771826,branded_food,Churros Cinnamon Toast Crunch Cereal2 Pack
771834,branded_food,Annie's Organic Friends Bunnies Cereal
771866,branded_food,Reese's Puffs Bunnies Cereal
771878,branded_food,Annie's Organic Cocoa Bunnies Cereal
771998,branded_food,Annie's Organic Cinnabunnies Cereal
772008,branded_food,Annie's Organic Cinnabunnies Cereal
772050,branded_food,Reese's Puffs Bunnies Cereal
772174,branded_food,General Mills Mermaid Cereal
772184,branded_food,Cascadian Farm Organic Fruitful O's Cereal
772188,branded_food,Blueberry Cheerios Cereal
772190,branded_food,Blueberry Cheerios Cereal
772192,branded_food,Cascadian Farm Organic Berry Vanilla Puffs Cereal
772194,branded_food,Chocolate Lucky Charms Cereal
772196,branded_food,Cascadian Farm Organic Cinnamon Crunch Cereal
772200,branded_food,Cookie Crisp Cereal
772202,branded_food,Chocolate Lucky Charms Cereal
772206,branded_food,Cookie Crisp Cereal
772208,branded_food,Cascadian Farm Organic Berry Vanilla Puffs Cereal
772216,branded_food,General Mills Mermaid Cereal
772222,branded_food,Cookie Crisp Cereal
772232,branded_food,Trix Cereal
772238,branded_food,French Toast Crunch Cereal
772262,branded_food,Peanut Butter Chex Cereal
772316,branded_food,French Toast Crunch Cereal
772332,branded_food,Peanut Butter Chex Cereal
772352,branded_food,Blueberry Cheerios Cereal
772358,branded_food,General Mills Mermaid Cereal
772360,branded_food,Trix Cereal
772362,branded_food,Cascadian Farm Organic Graham Crunch Cereal
772376,branded_food,Cascadian Farm Organic Honey Vanilla Crunch Gluten Free Cereal
772380,branded_food,Cascadian Farm Organic Cinnamon Crunch Cereal
772628,branded_food,COCOA CRUNCH CEREAL
772838,branded_food,CINNAMON TOASTERS CEREAL
772840,branded_food,GOLDEN PUFFS CEREAL
772846,branded_food,SWEETENED CHOCOLATE FLAVORED CORN PUFF CEREAL WITH REAL COCOA
773260,branded_food,RAISIN BRAN CEREAL
773568,branded_food,CORN FLAKES CEREAL
773570,branded_food,BRAN FLAKES WHOLE GRAIN WHEAT & WHEAT BRAN CEREAL
773932,branded_food,TOASTED OATS CEREAL
774296,branded_food,RED BERRIES CEREAL
1848169,branded_food,Chocolate Peanut Butter Cheerios Cereal
1848170,branded_food,Chocolate Cheerios Cereal
1848172,branded_food,Golden Grahams Cereal Singlepak
1848179,branded_food,Reese's Puffs Cereal
774946,branded_food,HONEY NUT HONESTOS CEREAL
1848187,branded_food,Cascadian Farm Organic Oats and Honey Granola Cereal
775412,branded_food,NATURAL FRUIT FLAVORS SWEETENED MULTI-GRAIN CEREAL
775464,branded_food,CINNAMON CEREAL FLAVORED REDUCED FAT ICE CREAM DIPPED IN A VANILLA FLAVORED COATING TOPPED WITH CINNAMON CEREAL PIECES ALL INSIDE A CINNAMON MINI CONES
775804,branded_food,BROWN SUGAR CINNAMON JACKS CRUNCHY SWEETENED THREE GRAIN CEREAL
775858,branded_food,COCOA BURST SWEETENED CORN CEREAL WITH REAL COCOA
775868,branded_food,CRISP RICE TOASTED RICE CEREAL
775920,branded_food,WHEAT BRAN FIBER CEREAL BUDS
775940,branded_food,ORIGINAL FROSTED MINI WHEALS WHOLE GRAIN CEREAL
776100,branded_food,DELICIOUS RAISINS AND CRANBERRIES BLENDED WITH CRISP BRAN FLAKES CEREAL
776126,branded_food,"TASTEEOS, HONEY NUT FLAVORED SWEETENED TOASTED OAT CEREAL WITH REAL HONEY & NATURAL ALMOND FLAVOR"
776130,branded_food,SHREDDED WHEAT BITE SIZE WHOLE GRAIN WHEAT CEREAL
776650,branded_food,MARSHMALLOW RICE CEREAL TREAT
776856,branded_food,ORGANIC GRAIN-FREE OS CINNAMON CEREAL
776970,branded_food,"NEAPOLITAN VANILLA AND STRAWBERRY FLAVORED ICE CREAM SURROUND A LAYER OF CHOCOLATE GANACHE, ALL COATED IN MILK CHOCOLATE AND CEREAL CRUNCHIES"
777874,branded_food,"FRUIT & CRISP CEREAL WITH REAL RAISINS, DATES & PECANS"
777914,branded_food,"CRANBERRY ALMOND CRUNCH CRUNCHY CORN FLAKES, WHEAT BRAN FLAKES, HONEY OAT CLUSTERS, CRANBERRIES CEREAL"
778242,branded_food,BLUEBERRY FRUIT & GRAIN CEREAL BARS
778908,branded_food,MIXED CEREAL TEA
779116,branded_food,ORGANIC ORIGINAL OAT CEREAL
779634,branded_food,HONEY NUT TOASTED OATS SWEETENED WHOLE GRAIN OAT CEREAL WITH REAL HONEY & ALMONDS
779764,branded_food,ORIGINAL FROSTED MINI WHEATS WHOLE GRAIN CEREAL
780098,branded_food,HONEY GRAIN FREE CEREAL
780120,branded_food,"ORIGINAL DELICIOUS RAISINS, TOASTED FLAKES & CRUNCHY OAT CLUSTERS GLAZED WITH A TOUCH OF GOLDEN HONEY CEREAL"
780136,branded_food,10 WHOLE GRAIN HOT CEREAL
780212,branded_food,"KOO-KIES, SNICKERDOODLE SWEETENED CORN CEREAL"
780480,branded_food,"CRUNCHY, SWEET, OVEN-BAKED OAT CEREAL"
792573,branded_food,PB COCOA SPHERES SWEETENED CRUNCHY CORN CEREAL
792729,branded_food,PEANUT BUTTER & CHOCOLATE CEREAL
792757,branded_food,WHOLE GRAIN TOASTED OAT CEREAL
792821,branded_food,"LINO, CHOCOLINO, INSTANT CEREAL FLAKES WITH SWEET CHOCOLATE"
792975,branded_food,"CRISPY-O'S, FROSTED CEREAL"
792985,branded_food,SWEETENED CORN & OAT CEREAL
792987,branded_food,"WHOLE GRAIN CEREAL, HONEY RICE TWICE"
793201,branded_food,COCOA CRUNCH CEREAL
793339,branded_food,SWEETENED WHOLE GRAIN OAT CEREAL WITH MARSHMALLOW PIECES
793901,branded_food,CRUNCHEE CEREAL BARS
793999,branded_food,CEREAL
794007,branded_food,HONEY BUZZERS CEREAL
794009,branded_food,ORIGINAL 100% WHOLE GRAIN SHREDDED WHEAT CEREAL
794013,branded_food,CEREAL
794517,branded_food,SUPERFOOD CEREAL
794547,branded_food,HONEY GRAHAMS SWEETENED WHOLE GRAIN WHEAT AND CORN CEREAL
795055,branded_food,WHOLE GRAIN CEREAL
795707,branded_food,CORN FLAKES CEREAL
795709,branded_food,BRAN FLAKES WHOLE GRAIN WHEAT & WHEAT BRAN CEREAL
795771,branded_food,"BERRIES BUNCH O'KRUNCH, SWEETENED CORN & OAT CEREAL"
796929,branded_food,MINION MARSHMALLOWS CEREAL
797355,branded_food,CEREAL BARS
797363,branded_food,CRUNCHEE CEREAL BARS
798645,branded_food,ANCIENT GRAINS GRANOLA CEREAL
798829,branded_food,CHOCOLATEY ALMOND CEREAL
799113,branded_food,HONEY NUT HONESTO'S CEREAL
799119,branded_food,SWEETENED CEREAL WITH ISLAND MARSHMALLOWS
799187,branded_food,O'S CEREAL
799493,branded_food,MULTIGRAIN PUFFINS CEREAL
800735,branded_food,HONEY & NUT SWEETENED TOASTED OATS CEREAL WITH HONEY AND NATURAL ALMOND FLAVOR
801339,branded_food,PUFFED RICE CEREAL
801549,branded_food,BROWN SUGAR CINNAMON JACKS CRUNCHY SWEETENED THREE GRAIN CEREAL
801669,branded_food,HONEY NUT TOASTED OATS SWEETENED WHOLE GRAIN OAT CEREAL WITH REAL HONEY & ALMONDS
801761,branded_food,CRISP RICE TOASTED RICE CEREAL
801855,branded_food,"OATS & MORE, SWEETENED MULTIGRAIN CEREAL WITH REAL STRAWBERRIES"
801857,branded_food,"OATS & MORE, SWEETENED MULTIGRAIN CEREAL WITH HONEY OAT CLUSTERS WITH HONEY"
801891,branded_food,STRAWBERRY FROSTED BITE SIZE SHREDDED WHEAT SWEETENED WHOLE GRAIN WHEAT CEREAL
801967,branded_food,ORIGINAL WHOLE GRAIN CEREAL
801989,branded_food,SWEETENED CORN & OAT CEREAL
802053,branded_food,SWEETENED PUFFED WHEAT CEREAL
802169,branded_food,CHOCOLATEY DELIGHT CRUNCHY WHEAT & RICE FLAKES WITH CHOCOLATEY PIECES CEREAL
802527,branded_food,SWEETENED CORN & OAT CEREAL
802877,branded_food,ORGANIC GRAIN-FREE OS CINNAMON CEREAL
802923,branded_food,"NEAPOLITAN VANILLA AND STRAWBERRY FLAVORED ICE CREAM SURROUND A LAYER OF CHOCOLATE GANACHE, ALL COATED IN MILK CHOCOLATE AND CEREAL CRUNCHIES DECADENT DELIGHTS BARS"
803101,branded_food,"CRANBERRY ALMOND CRUNCH CRUNCHY CORN FLAKES, WHEAT BRAN FLAKES, HONEY OAT CLUSTERS, CRANBERRIES CEREAL"
803327,branded_food,HONEY NUT TOASTED OATS SWEETENED WHOLE GRAIN OAT CEREAL WITH REAL HONEY & ALMONDS
803435,branded_food,10 GRAIN HOT CEREAL
803645,branded_food,"TURTLE SPLASH, STRAWBERRY CHOCOLATE FLAVORED ORGANIC CEREAL"
804389,branded_food,CINNAMON SQUARES ORGANIC CRUNCHY CEREAL
804777,branded_food,FANTASTIC FRUIT WITH GLITTERY SPARKLES CEREAL
805027,branded_food,ORGANIC PEANUT BUTTER DOTS SWEETENED CORN & OAT CEREAL
805063,branded_food,MARSHMALLOWS CEREAL
805167,branded_food,PEANUT BUTTER & COCOA DOTS ORGANIC SWEETENED CORN & OAT CEREAL
805251,branded_food,MAGIC SHAPES SWEETENED TOASTED OAT CEREAL WITH MARSHMALLOWS
805545,branded_food,FRUITY POST WORKOUT RECOVERY IOWHEY PROTEIN STRENGTH CEREAL
808163,branded_food,KAMUT HOT CEREAL
808175,branded_food,8 GRAIN HOT CEREAL
808185,branded_food,5 GRAIN HOT CEREAL
808189,branded_food,CREAMY BUCKWHEAT HOT CEREAL
808207,branded_food,5 GRAIN HOT CEREAL
808209,branded_food,6 GRAIN HOT CEREAL
808217,branded_food,CREAMY WHEAT HOT CEREAL
808239,branded_food,7 GRAIN HOT CEREAL
808261,branded_food,CREAMY BROWN RICE HOT CEREAL
808289,branded_food,CEREAL OF CORN
808429,branded_food,HONEY OATS & FLAKES WITH STRAWBERRIES SWEETENED MULTIGRAIN CEREAL WITH REAL STRAWBERRIES & HONEY OAT CLUSTERS
809918,branded_food,General Mills Mermaid Cereal
811714,branded_food,"CRISPY HEXAGONS CRISPY CORN & RICE CEREAL, CRISPY HEXAGONS"
811716,branded_food,"TOASTED OATS TOASTED WHOLE GRAIN OAT CEREAL, TOASTED OATS"
811728,branded_food,"STRAWBERRY CREAM FROSTED SHREDDED WHEAT LIGHTLY SWEETENED WHOLE GRAIN WHEAT CEREAL, STRAWBERRY CREAM FROSTED SHREDDED WHEAT"
812010,branded_food,"CINNA-APPLE WALNUT INSTANT HOT CEREAL, CINNA-APPLE WALNUT"
812012,branded_food,"MIXED BERRY WITH ALMONDS INSTANT HOT CEREAL, MIXED BERRY WITH ALMONDS"
812530,branded_food,"TOASTED MULTI-GRAIN CEREAL, HONEY OATS & FLAKES WITH STRAWBERRIES"
1848219,branded_food,Honey Nut Cheerios Cereal 2 Pack
813086,branded_food,"CINNAMON MORNING OAT CRUNCH CEREAL, CINNAMON"
813088,branded_food,"HONEY & OATS TOASTED MULTI-GRAIN CEREAL WITH HONEY OAT CLUSTERS, HONEY & OATS"
813092,branded_food,"OATS & HONEY WITH STRAWBERRIES TOASTED MULTIGRAIN CEREAL WITH HONEY OAT CLUSTERS, OATS & HONEY WITH STRAWBERRIES"
813094,branded_food,"FRUIT FRENZY SWEETENED MULTI-GRAIN CEREAL, FRUIT FRENZY"
813096,branded_food,"HONEY & OATS WITH ALMONDS TOASTED MULTI-GRAIN CEREAL WITH ALMONDS & HONEY OAT CLUSTERS, HONEY & OATS WITH ALMONDS"
813098,branded_food,"APPLE LOONS SWEETENED MULTI-GRAIN CEREAL, APPLE LOONS"
813194,branded_food,"SWEETENED WHEATFULS LIGHTLY SWEETENED WHOLE GRAIN WHEAT CEREAL, SWEETENED WHEATFULS"
813484,branded_food,"PEANUT BUTTER & CHOCOLATE CEREAL, PEANUT BUTTER & CHOCOLATE"
813656,branded_food,"RAISIN BRAN CEREAL, RAISIN BRAN"
813660,branded_food,"HONEY NUT TOASTED OATS SWEETENED TOASTED OAT CEREAL WITH REAL HONEY AND NATURAL ALMOND FLAVOR, HONEY NUT TOASTED OATS"
813756,branded_food,BITE SIZED FROSTED SHREDDED WHEAT CEREAL
813776,branded_food,"WHEAT FLAKES CRISPY WHOLE WHEAT CEREAL, WHEAT FLAKES"
813778,branded_food,"APPLE CINNAMON TOASTED OATS SWEETENED TOASTED OAT CEREAL, APPLE CINNAMON TOASTED OATS"
814358,branded_food,"SPRINGFIELD, CRISPY TOASTED RICE CEREAL"
814360,branded_food,"MAPLE BROWN SUGAR INSTANT HOT CEREAL, MAPLE BROWN SUGAR"
814400,branded_food,"ESSENTIAL EVERYDAY, LOW FAT GRANOLA, WHOLE GRAIN CEREAL WITH RAISINS & ALMONDS"
814402,branded_food,"ESSENTIAL EVERYDAY, LOW FAT GRANOLA WHOLE GRAIN CEREAL WITH ALMONDS"
814404,branded_food,"HONEY NUT SWEETENED TOASTED OAT CEREAL WITH REAL HONEY AND NATURAL ALMOND FLAVOR, HONEY NUT TOASTED OATS"
814406,branded_food,A SWEETENED CORN CEREAL MADE WITH REAL COCOA
814408,branded_food,"TOASTED MULTI-GRAIN CEREAL WITH HONEY OAT CLUSTERS & SLICED STRAWBERRIES, HONEY & OATS WITH STRAWBERRIES"
814418,branded_food,"OATS & HONEY BLEND CORN AND WHOLE WHEAT FLAKE CEREAL WITH NATURALLY HONEY FLAVORED CLUSTERS, OATS & HONEY BLEND"
814850,branded_food,"CRANBERRY CEREAL, CRANBERRY"
815064,branded_food,"FROSTED FLAKES SWEETENED FLAKES OF CORN CEREAL, FROSTED FLAKES"
815608,branded_food,"HONEY NUT O'S ORGANIC CEREAL, HONEY NUT O'S"
815612,branded_food,"HONEY CRUNCH 'N OATS ORGANIC CEREAL A BLEND OF CORN FLAKES, WHEAT FLAKES, AND GRANOLA WITH OATS AND HONEY, HONEY CRUNCH 'N OATS"
815632,branded_food,"SWEETENED MULTIGRAIN CEREAL, SWEETENED MULTIGRAIN CEREAL"
815634,branded_food,"HONEY GRAHAM, COCOA CORN PUFF AND MARSHMALLOW CEREAL, HONEY GRAHAM, COCOA CORN PUFF AND MARSHMALLOW CEREAL"
815636,branded_food,"CHOCOLATE TOASTED RICE & BEAN CEREAL, CHOCOLATE"
815638,branded_food,"TOASTED WHEATFULS WHOLE GRAIN WHEAT CEREAL, TOASTED WHEATFULS"
815648,branded_food,ANCIENT GRAIN HOT CEREAL
815658,branded_food,ORGANIC FROSTED CORN FLAKES CEREAL
815662,branded_food,"SWEETENED RICE CEREAL WITH COCOA & MARSHMALLOWS, SWEETENED RICE CEREAL WITH COCOA & MARSHMALLOWS"
815668,branded_food,"ORGANIC SWEETENED CRISPY RICE FLOUR CEREAL WITH ORGANIC COCOA & NATURAL CHOCOLATE FLAVOR, COCOA & CHOCOLATE"
815670,branded_food,MORNING O'S ORGANIC WHOLE GRAIN OAT CEREAL
815942,branded_food,"FOODHOLD, CRISPERS, CORN & RICE CEREAL BLENDED INTO CRUNCHY BITE-SIZED PIECES"
816344,branded_food,"ORIGINAL FLAVOR INSTANT HOT CEREAL, ORIGINAL"
816938,branded_food,"COCOA CRUNCH CEREAL, COCOA CRUNCH"
817520,branded_food,FROSTED FLAKES OF CORN CEREAL
817604,branded_food,"BRAN FLAKES CEREAL, BRAN FLAKES"
817634,branded_food,"SWEETENED WHOLE GRAIN OAT CEREAL WITH MARSHMALLOW PIECES, MALLOW OATS"
817700,branded_food,"ORIGINAL CEREAL, ORIGINAL"
818482,branded_food,"OAT CRUNCH SWEETENED MULTIGRAIN CEREAL, OAT CRUNCH"
1848226,branded_food,Reese's Puffs Cereal
1848227,branded_food,Reese's Puffs Peanut Butter and Chocolate Whole Grain Breakfast Cereal
1848229,branded_food,"Triple Pack Corn, Rice and Wheat Chex Cereal"
819174,branded_food,"BANANAS & CREAM INSTANT HOT CEREAL, BANANAS & CREAM"
819240,branded_food,ORGANIC BROWN RICE CRISPS CEREAL
819246,branded_food,"SPARTAN, CEREAL, CRANBERRY ALMOND, CRANBERRY ALMOND"
819250,branded_food,"HONEY & OATS CORN FLAKES, WHEAT FLAKES AND GRANOLA MEDLEY CEREAL, HONEY & OATS"
820054,branded_food,"MULTI-GRAIN MORNING O'S CEREAL, MULTI-GRAIN"
820056,branded_food,"HONEY NUT TOASTY O'S FLAVORED SWEETENED WHOLE GRAIN OAT CEREAL WITH REAL HONEY, HONEY NUT TOASTY O'S"
820412,branded_food,"CEREAL, HONEY"
820414,branded_food,"TOASTED RICE CRISPS CEREAL, TOASTED RICE"
820416,branded_food,"OAT CRUNCH SWEETENED MULTIGRAIN CEREAL WITH CINNAMON, CINNAMON"
820418,branded_food,"SWEETENED FROSTED FLAKES OF CORN CEREAL, SWEETENED"
820422,branded_food,"FROSTED SHREDDED WHEAT LIGHTLY SWEETENED WHOLE GRAIN CEREAL, FROSTED SHREDDED WHEAT"
820424,branded_food,FRUIT SPINS SWEETENED MULTIGRAIN CEREAL WITH NATURAL FRUIT
820428,branded_food,"HONEY NUT O'S SWEETENED TOASTED OAT CEREAL, HONEY NUT"
821066,branded_food,"SWEETENED MULTI-GRAIN CEREAL, APPLE"
821068,branded_food,RAISIN BRAN CEREAL
821070,branded_food,"SWEETENED TOASTED OAT CEREAL WITH THE FLAVOR OF APPLE & CINNAMON, APPLE CINNAMON"
821072,branded_food,"FIBER BRAN TOASTED CORN AND WHEAT CEREAL, FIBER BRAN"
821076,branded_food,"CRISP TOASTED RICE CEREAL, CRISP RICE"
821078,branded_food,"CHOCOLATE TOASTED CORN AND OAT CEREAL MADE WITH REAL COCOA, CHOCOLATE"
821178,branded_food,"WHEAT SQUARES GOLDEN BROWN SQUARES OF TOASTED WHOLE GRAIN WHEAT CEREAL, WHEAT SQUARES"
821180,branded_food,"CINNAMON FROSTED WHOLE GRAIN SHREDDED WHEAT CEREAL WITH ONYX SORGHUM, CINNAMON FROSTED"
821186,branded_food,"SWEETENED WHOLE WHEAT AND RICE CEREAL WITH CINNAMON, CINNAMON"
821190,branded_food,"TOASTED RICE & WHEAT FLAKES CEREAL WITH BITS OF STRAWBERRY, STRAWBERRY"
1848235,branded_food,Reese's Puffs Cereal
822102,branded_food,"SWEETENED CORN & OAT CEREAL, BERRY BUNCH CRUNCH"
822104,branded_food,"BERRY COLOSSAL CRUNCH CEREAL, BERRY COLOSSAL CRUNCH"
822106,branded_food,SWEETENED CORN & OAT CEREAL
822108,branded_food,"COCOA DYNO-BITES CEREAL, COCOA DYNO-BITES"
822110,branded_food,SWEETENED CORN & OAT CEREAL
822112,branded_food,"COCOA DYNO-BITES CEREAL, COCOA DYNO-BITES"
822114,branded_food,SWEETENED CORN PUFF CEREAL WITH REAL COCOA
822116,branded_food,COCOA CORN PUFF CEREAL WITH MARSHMALLOWS
822118,branded_food,"STRAWBERRY CREAM CEREAL, STRAWBERRY CREAM"
822120,branded_food,LIGHTLY SWEETENED WHOLE GRAIN WHEAT CEREAL
822122,branded_food,"HONEY GRAHAM SQUARES & COCOA CORN PUFF CEREAL WITH MARSHMALLOWS, S'MORES"
822124,branded_food,"HONEY NUT SCOOTERS CEREAL, HONEY NUT SCOOTERS"
822128,branded_food,"FROSTED FLAKES CEREAL, FROSTED FLAKES"
822130,branded_food,"CINNAMON TOASTERS CEREAL, CINNAMON TOASTERS"
822132,branded_food,"COCO ROOS CEREAL, COCO ROOS"
822134,branded_food,SWEETENED WHOLE WHEAT & RICE CEREAL WITH CINNAMON
822136,branded_food,"CEREAL, CRISPY RICE"
822138,branded_food,CEREAL
822140,branded_food,MINI SPOONERS FROSTED CEREAL
822142,branded_food,"HONEY BUZZERS CEREAL, HONEY BUZZERS"
822144,branded_food,"CEREAL, RAISIN BRAN"
822148,branded_food,"GOLDEN PUFFS CEREAL, GOLDEN PUFFS"
822150,branded_food,"LIGHTLY SWEETENED TOASTED WHOLE GRAIN OAT CEREAL, LIGHTLY SWEETENED TOASTED WHOLE GRAIN OAT CEREAL"
822154,branded_food,"APPLE ZINGS CEREAL, APPLE ZINGS"
822156,branded_food,"BERRY COLOSSAL CRUNCH CEREAL, BERRY COLOSSAL CRUNCH"
822158,branded_food,"SWEETENED NATURALLY & ARTIFICIALLY CHOCOLATE FLAVORED RICE CEREAL WITH REAL COCOA, CHOCOLATE, CHOCOLATE"
822160,branded_food,"SWEETENED CORN & OAT CEREAL WITH REAL COCOA, SWEETENED CORN & OAT CEREAL WITH REAL COCOA"
822162,branded_food,"CINNAMON TOASTERS CEREAL, CINNAMON TOASTERS"
822164,branded_food,"CINNAMON TOASTERS CEREAL, CINNAMON"
822166,branded_food,"COCO ROOS CEREAL, COCO ROOS"
822168,branded_food,"SWEETENED CORN PUFF CEREAL, REAL COCOA"
822170,branded_food,SWEETENED RICE CEREAL WITH REAL COCOA & MARSHMALLOWS!
822174,branded_food,"SWEETENED RICE CEREAL, MARSHMALLOWS"
822176,branded_food,"FRUITY DYNO-BITES CEREAL, FRUITY DYNO-BITES"
822178,branded_food,"CEREAL, STRAWBERRY CREAM"
822180,branded_food,"MADAGASCAR, S'MORES JUNGLE PARTY HONEY GRAHAM, COCOA PUFF AND MARSHMALLOW CEREAL, S'MORES JUNGLE PARTY"
822182,branded_food,"S'MORES CEREAL, S'MORES"
822184,branded_food,"HONEY NUT SCOOTERS CEREAL, HONEY NUT SCOOTERS"
822186,branded_food,"HONEY BUZZERS CEREAL, HONEY BUZZERS"
822190,branded_food,"RAISIN BRAN CEREAL, RAISIN BRAN"
822240,branded_food,"BERRY COLOSSAL CRUNCH CEREAL, BERRY"
822242,branded_food,"BERRY COLOSSAL CRUNCH CEREAL, BERRY"
822246,branded_food,"COCO ROOS SWEETENED CHOCOLATE FLAVORED CORN PUFF CEREAL WITH REAL COCOA, CHOCOLATE"
822248,branded_food,"SWEETENED CHOCOLATE FLAVORED CORN PUFF CEREAL WITH REAL COCOA, SWEETENED CHOCOLATE"
822250,branded_food,"TOOTIE FRUITIES CEREAL, TOOTIE FRUITIES"
822252,branded_food,"SWEETENED MULTI-GRAIN CEREAL, SWEETENED MULTI-GRAIN CEREAL"
822254,branded_food,CEREAL
822256,branded_food,"FROSTED MINI SPOONERS CEREAL, FROSTED"
822260,branded_food,"FROSTED MINI SPOONERS CEREAL, FROSTED"
822262,branded_food,CEREAL SNACKERS
822264,branded_food,"CEREAL, STRAWBERRY CREAM"
822266,branded_food,"HONEY NUT SCOOTERS CEREAL, HONEY NUT SCOOTERS"
822268,branded_food,"HONEY OAT BLENDERS CEREAL, HONEY"
822270,branded_food,"HONEY BUZZERS CEREAL, HONEY BUZZERS"
822272,branded_food,LIGHT SWEETENED CORN & WHOLE WHEAT FLAKE CEREAL WITH GRANOLA WITH HONEY
822274,branded_food,"ORIGINAL FARINA ENRICHED CREAMY HOT WHEAT CEREAL, ORIGINAL"
822276,branded_food,CEREAL
822278,branded_food,"CHOCOLATE FLAVORED SWEETENED RICE CEREAL WITH REAL COCOA, CHOCOLATE"
822280,branded_food,SWEETENED RICE CEREAL
822282,branded_food,"CHOCOLATE FLAVORED SWEETENED RICE CEREAL WITH REAL COCOA, CHOCOLATE"
822284,branded_food,"FRUIT FLAVOR SWEETENED RICE CEREAL, FRUIT"
822286,branded_food,SWEETENED RICE CEREAL
822288,branded_food,"SWEETENED RICE CEREAL, FRUITY"
822290,branded_food,"FRUIT FLAVOR SWEETENED RICE CEREAL, FRUIT"
822292,branded_food,SWEETENED RICE CEREAL
822294,branded_food,PEBBLES SWEETENED RICE CEREAL
822296,branded_food,"CEREAL, RAISINS, DATES & PECANS"
822298,branded_food,"ORIGINAL 100% WHOLE GRAIN SHREDDED WHEAT CEREAL, ORIGINAL"
822306,branded_food,SWEETENED RICE CEREAL WITH REAL COCOA
822308,branded_food,"SWEETENED RICE CEREAL, REAL COCOA"
822310,branded_food,SWEETENED RICE CEREAL NATURAL AND ARTIFICIAL FLAVORS
822312,branded_food,SWEETENED RICE CEREAL
822318,branded_food,"CRISPY RICE CEREAL, CRISPY RICE"
822322,branded_food,"CHOCOLATE QUICK COOKING HOT WHEAT CEREAL, CHOCOLATE"
822324,branded_food,"CHOCOLATE QUICK COOKING HOT WHEAT CEREAL, CHOCOLATE"
822326,branded_food,"MAPLE & BROWN SUGAR QUICK COOKING HOT WHEAT CEREAL, MAPLE & BROWN SUGAR"
822328,branded_food,CEREAL WITH SWEET CINNAMON BUNCHES
822330,branded_food,"CREAMY HOT WHEAT CEREAL, CREAMY HOT WHEAT"
822332,branded_food,"LIGHTLY SWEETENED TOASTED WHOLE GRAIN OAT CEREAL, LIGHTLY SWEETENED TOASTED WHOLE GRAIN OAT CEREAL"
822336,branded_food,"GOLDEN PUFFS CEREAL, GOLDEN PUFFS"
822338,branded_food,"GOLDEN PUFFS CEREAL, GOLDEN PUFFS"
823744,branded_food,WHOLE GRAIN HOT CEREAL
824040,branded_food,"BENEFIT NUTRITION, SIMPLY FIBER, ALL NATURAL CRUNCHY O'S CEREAL"
825926,branded_food,"POCONO, CREAM OF BUCKWHEAT, 100% ORGANIC CEREAL"
826034,branded_food,"SIMPLE TRUE ORGANIC, CEREAL TOASTED OATS"
826310,branded_food,"HONEY GRAHAMS SWEETENED WHOLE GRAIN WHEAT AND CORN CEREAL, HONEY GRAHAMS"
827398,branded_food,"TOASTED OATS CEREAL, TOASTED OATS"
827408,branded_food,"NATURALLY FLAVORED SWEETENED RICE CEREAL WITH REAL COCOA, CRISPY COCOA RICE"
827414,branded_food,"HONEY NUT TOASTED OATS CEREAL, HONEY NUT"
829262,branded_food,"PB BLASTS GOLDEN, LIGHTLY TOASTED CEREAL MADE WITH REAL ORGANIC PEANUT BUTTER, PB BLASTS"
829264,branded_food,WHOLE GRAIN CEREAL
829274,branded_food,"RAISIN BRAN CEREAL, RAISIN BRAN"
829276,branded_food,"FROSTED FLAKES CEREAL, FROSTED FLAKES"
829290,branded_food,GRANOLA CEREAL WITH FRUIT
831204,branded_food,INSTANT HOT CEREAL
831246,branded_food,"CINNAMON SUGAR FLAVORED INSTANT HOT CEREAL, CINNAMON SUGAR"
834766,branded_food,"ORGANIC CORN FLAKES CEREAL LIGHTLY SWEETENED WITH ORGANIC CANE SUGAR, CORN"
834976,branded_food,"MULTIGRAIN & CHIA TRIPLE BERRY INSTANT HOT CEREAL, MULTIGRAIN & CHIA TRIPLE BERRY"
835174,branded_food,"CRISPY CINNAMON CRUNCH CEREAL, CRISPY CINNAMON CRUNCH"
835356,branded_food,"FIVE WHOLE GRAIN CEREAL, NATURAL STRAWBERRY"
835458,branded_food,KARIOT NOUGAT CREME FILLED CEREAL
835460,branded_food,"GRANVITA, PUFFITOS, WHOLE GRAIN PUFFED WHEAT CEREAL, HONEY, HONEY"
835588,branded_food,"EXTRA RAISINS WHEAT BRAN CEREAL WITH RAISINS, EXTRA RAISINS"
835600,branded_food,"CORN FLAKES CEREAL, CORN FLAKES"
835602,branded_food,"BRAN FLAKES WHOLE GRAIN WHEAT & WHEAT BRAN CEREAL, BRAN FLAKES"
835746,branded_food,"SWEETENED OAT CEREAL WITH MARSHMALLOWS, MARSHMALLOWS"
835950,branded_food,"SWEETENED CORN & OAT CEREAL CRISPY CRUNCH BERRY TREATS, SWEETENED CORN & OAT CEREAL"
836062,branded_food,"MARSHMALLOW MATEYS CEREAL, MARSHMALLOW MATEYS"
836064,branded_food,"CORN BURSTS CEREAL, CORN BURSTS"
836082,branded_food,CEREAL
836084,branded_food,"HONEY NUT SCOOTERS CEREAL, HONEY NUT SCOOTERS"
836090,branded_food,"COCOA DYNO-BITES CEREAL, COCOA DYNO-BITES"
836092,branded_food,"TOASTED WHEATFULS WHOLE GRAIN WHEAT CEREAL, TOASTED WHEATFULS"
836358,branded_food,ORGANIC TOASTED OATS CEREAL
836360,branded_food,ORGANIC HONEY NUT TOASTED OATS CEREAL
836362,branded_food,ORGANIC PEANUT BUTTER DOT CEREAL
836364,branded_food,ORGANIC CINNAMON TOAST SQUARES CEREAL
836366,branded_food,"ORGANIC CEREAL, RAISIN BRAN, RAISIN BRAN"
836388,branded_food,"CRISPY RICE TOASTED RICE CEREAL, CRISPY RICE"
836390,branded_food,"RICE BISCUITS TOASTED RICE CEREAL, RICE BISCUITS"
836456,branded_food,"PUMPKIN CEREAL, PUMPKIN"
836516,branded_food,"TOASTY SWEET CINNAMON SQUARES CRISPY, SWEETENED WHEAT & RICE CEREAL, TOASTY SWEET CINNAMON SQUARES"
836520,branded_food,"BERRIES BUNCH O'KRUNCH, SWEETENED CORN & OAT CEREAL, SWEETENED"
836522,branded_food,"FROSTED FRUIT ROLLS SWEETENED, MULTIGRAIN, FRUIT-FLAVORED CEREAL, FROSTED FRUIT ROLLS"
1848254,branded_food,Honey Nut Cheerios Whole Grain Oats Gluten Free Breakfast Cereal Giant Size
836598,branded_food,"RAISIN BRAN WHEAT & WHEAT BRAN CEREAL WITH SWEET & PLUMP SUGAR-COATED RAISINS, RAISIN BRAN"
836618,branded_food,"MARSHMALLOW TREASURES, FROSTED WHOLE GRAIN OAT CEREAL WITH MARSHMALLOWS, MARSHMALLOW"
836716,branded_food,"BALANCED LIVING, CINNAMON MULTIGRAIN CEREAL, CINNAMON"
836724,branded_food,"TOASTED RICE OVEN TOASTED RICE CEREAL, TOASTED RICE"
836726,branded_food,"TOASTED CORN OVEN TOASTED CORN CEREAL, TOASTED CORN"
836822,branded_food,"SWEETENED NATURALLY APPLE FLAVORED MULTIGRAIN CEREAL, APPLE"
837096,branded_food,"PEANUT BUTTER & COCOA DOTS ORGANIC CORN, WHOLE OAT & RICE FLOUR CEREAL, PEANUT BUTTER & COCOA DOTS"
837164,branded_food,RAISIN BRAN CEREAL
837170,branded_food,"FRENCH VANILLA PROTEIN CEREAL, FRENCH VANILLA"
1848255,branded_food,Honey Nut Cheerios Whole Grain Oats Gluten Free Breakfast Cereal Large Size
1848256,branded_food,Honey Nut Cheerios Whole Grain Oats Gluten Free Breakfast Cereal
1848260,branded_food,Cinnamon Toast Crunch Whole Grain Breakfast Cereal Giant Size
1848261,branded_food,Cinnamon Toast Crunch Whole Grain Breakfast Cereal Large Size
1848263,branded_food,Cinnamon Toast Crunch Whole Grain Breakfast Cereal
838068,branded_food,"ESSENTIAL EVERYDAY, MEUSLI, MULTI GRAIN CEREAL WITH RAISINS, DATES & ALMONDS"
838250,branded_food,SWEETENED RICE CEREAL WITH MARSHMALLOWS
838332,branded_food,"CHOCOLATE COMET CRISPIES TOASTED RICE & BEAN CEREAL, CHOCOLATE"
838334,branded_food,"TOASTED RICE & BEAN CEREAL, TOASTED RICE & BEAN"
838348,branded_food,ORIGINAL ANCIENT GRAIN GRANOLA + PUFFS CEREAL
838350,branded_food,"ANCIENT GRAIN GRANOLA + PUFFS CEREAL., PUMPKIN CINNAMON"
838352,branded_food,ORIGINAL ANCIENT GRAIN GRANOLA + PUFFS CEREAL
838364,branded_food,"BREAKFAST MULTIGRAIN CEREAL, APPLE CINNAMON"
840770,branded_food,"CINNABON INSTANT HOT CEREAL, CINNABON"
841332,branded_food,"PECAN CEREAL YOGURT SMOOTHIE, PECAN CEREAL"
841334,branded_food,"SWIRL CRUNCH CEREAL, CINNAMON"
841884,branded_food,CRISP CRUNCH MULTIGRAIN CEREAL
841886,branded_food,"HOKUS POKUS SWEETENED TOASTED OAT CEREAL WITH MARSHMALLOWS, HOKUS POKUS"
841888,branded_food,"HONEY NUT TOASTED OATS SWEETENED TOASTED OAT CEREAL WITH HONEY & ALMONDS, HONEY NUT TOASTED OATS"
841890,branded_food,"FRUIT FRENZY SWEETENED MULTI-GRAIN CEREAL, FRUIT FRENZY"
841894,branded_food,"COCO LOCO A SWEETENED CORN CEREAL MADE WITH REAL COCOA, COCO LOCO"
841898,branded_food,"VERY BERRY CRUNCH SWEETENED CORN AND OAT CEREAL, VERY BERRY CRUNCH"
841906,branded_food,"CORN FLAKES TOASTED CORN FLAKES CEREAL, CORN FLAKES"
841908,branded_food,"CINN-AMAZING CRUNCH SWEETENED WHEAT & RICE CEREAL, CINN-AMAZING CRUNCH"
841912,branded_food,"CINN-AMAZING CRUNCH SWEETENED WHEAT & RICE CEREAL, SWEETENED"
842046,branded_food,"OAT SQUARES CRUNCHY OAT CEREAL WITH A SPRINKLE OF BROWN SUGAR, OAT SQUARES"
842340,branded_food,"SOFT YOGURT FILLED BISCUITS, CEREAL & VANILLA YOGURT"
844332,branded_food,"MIXED FRUIT FRUIT & GRAIN LOW FAT CEREAL BARS, MIXED FRUIT"
844388,branded_food,"BLUEBERRY FRUIT & GRAIN LOW FAT CEREAL BARS, BLUEBERRY"
844904,branded_food,OVEN TOASTED CRISP RICE CEREAL
844906,branded_food,"SWEETENED CORN CEREAL, COCOA CRUNCH"
846210,branded_food,"HONEY OATS & FLAKES CEREAL, HONEY OATS & FLAKES"
846212,branded_food,"RICE SQUARES OVEN TOASTED RICE CEREAL, RICE SQUARES"
846418,branded_food,"BERRY CRISP CRUNCH SWEETENED CORN & OAT CEREAL, BERRY"
847504,branded_food,"MARSHMALLOW CEREAL BARS, FRUITY"
849762,branded_food,"MIXED BERRY FRUIT & GRAIN CEREAL BARS, MIXED BERRY"
851738,branded_food,"FROZEN, CEREAL"
851752,branded_food,"LIGHTLY TOASTED RICE & WHEAT CEREAL, STRAWBERRY"
851760,branded_food,"CORN FLAKES CEREAL, CORN"
851764,branded_food,"ORIGINAL MULTIGRAIN CEREAL, ORIGINAL"
851778,branded_food,"CINNAMON SWIRL BITES SWEETENED WHOLE WHEAT & RICE CEREAL WITH CINNAMON, CINNAMON SWIRL"
851788,branded_food,"BALANCED LIVING, ORIGINAL MULTIGRAIN CEREAL, ORIGINAL"
851790,branded_food,"FIBER NUTS, WHOLE GRAIN WHEAT & BARLEY CEREAL, WHOLE GRAIN"
851874,branded_food,"BROWN SUGAR OATMEAL SQUARES CRUNCHY OAT CEREAL, BROWN SUGAR"
851946,branded_food,"CEREAL WITH ALMONDS, ALMONDS"
852210,branded_food,"BLUEBERRY CEREAL BARS, BLUEBERRY"
852212,branded_food,"APPLE CINNAMON CEREAL BARS, APPLE CINNAMON"
852214,branded_food,"MIXED BERRY CEREAL BARS, MIXED BERRY"
852510,branded_food,"PRINCESS, STRAWBERRY FLAVORED CEREAL WITH PRINCESS MARSHMALLOWS, STRAWBERRY"
852564,branded_food,"HONEY PUFFED WHEAT SWEETENED PUFFED WHEAT CEREAL, HONEY PUFFED WHEAT"
852566,branded_food,"RAISIN BRAN WHOLE GRAIN WHEAT AND WHEAT BRAN WITH RAISINS CEREAL, RAISIN BRAN"
852568,branded_food,"FROSTED FLAKES SWEETENED CORN CEREAL, FROSTED FLAKES"
852612,branded_food,"CEREAL IN THE BISCUIT, OATS AND HONEY"
852676,branded_food,"RED BERRIES CRUNCHY RICE & WHEAT FLAKES WITH REAL STRAWBERRIES CEREAL, RED BERRIES"
852754,branded_food,"BLUEBERRY FLAVORED FRUIT & GRAIN CEREAL BARS, BLUEBERRY"
853026,branded_food,"TOASTED OATS WHOLE GRAIN OAT CEREAL, TOASTED OATS"
853550,branded_food,"SHREDDED WHEAT BITE SIZE 100% WHOLE WHEAT CEREAL, SHREDDED WHEAT"
853628,branded_food,"SWEETENED CORN & OAT CEREAL, SWEETENED CORN & OAT"
854588,branded_food,"MAGIC STARS, SWEETENED OAT CEREAL WITH MARSHMALLOWS, MARSHMALLOWS"
854636,branded_food,"PECAN CEREAL YOGURT SMOOTHIE, PECAN CEREAL"
854924,branded_food,"BERRY COLOSSAL CRUNCH CEREAL, BERRY COLOSSAL CRUNCH"
854926,branded_food,"S'MORES CEREAL, S'MORES"
854986,branded_food,"CORN FLAKES ORGANIC CEREAL, CORN FLAKES"
855422,branded_food,"ALMOND CRUNCHY HONEY OATS NATURAL HONEY FLAVORED MULTIGRAIN CEREAL WITH GRANOLA AND ALMONDS, ALMOND CRUNCHY HONEY OATS"
855916,branded_food,"CORN FLAKES CEREAL, CORN FLAKES"
856380,branded_food,"FRUIT & GRAIN APPLE CINNAMON CEREAL BARS, FRUIT & GRAIN APPLE CINNAMON"
856392,branded_food,"LOW FAT BLUEBERRY FRUIT & GRAIN CEREAL BARS, BLUEBERRY"
856686,branded_food,"FRUIT & GRAIN CEREAL BARS, BLUEBERRY"
857868,branded_food,"OLD FASHIONED 100% WHOLE GRAIN CEREAL OATS, OLD FASHIONED WHOLE GRAIN"
858602,branded_food,"OLD FASHIONED 100% WHOLE GRAIN CEREAL OATS, OLD FASHIONED WHOLE GRAIN"
859988,branded_food,"SWEETENED MULTIGRAIN CEREAL, NATURAL FRUIT"
860048,branded_food,"SHREDDED WHEAT FROSTED CEREAL, MIXED BERRY"
860062,branded_food,"CEREAL, FROSTED CINNAMON ROLL, VANILLA"
860138,branded_food,"FROSTED S'MORES BITES CEREAL, CHOCOLATE CHIPS"
860894,branded_food,"SPRINKLED DONUT CRUNCH SWEETENED CORN & OAT CEREAL, SPRINKLED DONUT CRUNCH"
861106,branded_food,ORGANIC MULTIGRAIN HOT CEREAL
861316,branded_food,"FROSTED MINI-WHEATS, LITTLE BITES, LIGHTLY SWEETENED WHOLE GRAIN CEREAL, CHOCOLATE, CHOCOLATE"
861324,branded_food,"KELLOGG'S, FROSTED FLAKES, FROSTED CORN FLAKE CEREAL"
861490,branded_food,CEREAL
861970,branded_food,"PEANUT BUTTER FLAVORED CEREAL, PEANUT BUTTER"
862110,branded_food,"SWEETENED CEREAL WITH APPLE & CINNAMON CEREAL, APPLE & CINNAMON"
862286,branded_food,"CHOCOLATEY PRETZEL CEREAL BARS, CHOCOLATEY PRETZEL"
862334,branded_food,"CHOCOLATEY ALMOND CEREAL, CHOCOLATEY ALMOND"
862394,branded_food,SWEETENED CORN & OAT CEREAL
862970,branded_food,"CEREAL BARS, BLUEBERRY"
863296,branded_food,"BITE SIZE FROSTED SHREDDED WHEAT SWEETENED WHOLE GRAIN CEREAL, FROSTED SHREDDED WHEAT"
863780,branded_food,"OVEN TOASTED FLAKES OF CORN CEREAL, OVEN TOASTED FLAKES OF CORN CEREAL"
863782,branded_food,"MARSHMALLOW MATEYS CEREAL, MARSHMALLOW MATEYS"
863784,branded_food,"FROSTED FLAKES CEREAL, FROSTED FLAKES"
863786,branded_food,"FROSTED FLAKES CEREAL, FROSTED FLAKES"
863788,branded_food,"CHOCOLATE MARSHMALLOW MATEYS CEREAL, CHOCOLATE MARSHMALLOW MATEYS"
863790,branded_food,"CRISPY COCOA RICE CEREAL, CRISPY COCOA RICE"
863792,branded_food,FROSTED FLAKES CEREAL
863794,branded_food,CEREAL
863796,branded_food,FROSTED SHREDDED WHEAT WITH PROTEIN CEREAL
863798,branded_food,"SWEETENED WHOLE GRAIN OAT CEREAL WITH REAL HONEY, WHOLE GRAIN HONEY NUT TOASTED OATS"
863800,branded_food,"THE ORIGINAL GRAPE-NUTS CEREAL, GRAPE-NUTS"
863802,branded_food,"MARSHMALLOW MATEYS CEREAL, MARSHMALLOW"
863804,branded_food,"WHOLE GRAIN FROSTED SHREDDED WHEAT CEREAL, CHOCOLATE FROSTED SHREDDED WHEAT"
863806,branded_food,"FROSTED FLAKES CEREAL, FROSTED FLAKES"
863808,branded_food,FROSTED FLAKES CEREAL
863974,branded_food,"CEREAL BARS, STRAWBERRY"
864116,branded_food,"CEREAL BARS, APPLE CINNAMON"
864424,branded_food,"NATURAL HONEY FLAVORED MULTIGRAIN CEREAL WITH GRANOLA, CRUNCHY HONEY OATS"
864466,branded_food,"HONEY NUT HONEST O'S CEREAL, HONEY NUT"
864498,branded_food,"FRUITY O'S FROSTED MULTIGRAIN CEREAL WITH NATURAL FRUIT FLAVORS, FRUITY O'S"
864516,branded_food,"CORN FLAKES CEREAL, CORN FLAKES"
864518,branded_food,SWEETENED WHOLE WHEAT & RICE CEREAL WITH CINNAMON
864526,branded_food,"SWEETENED CEREAL WITH ISLAND MARSHMALLOWS, ISLAND MARSHMALLOWS"
864558,branded_food,"CRISP RICE TOASTED RICE CEREAL, CRISP RICE"
864560,branded_food,BITE-SIZE FROSTED SHREDDED WHEAT LIGHTLY SWEETENED WHOLE GRAIN WHEAT CEREAL
864650,branded_food,"BERRY CRUNCH SWEETENED CORN & OAT CEREAL, BERRY CRUNCH"
864950,branded_food,OREO O'S CEREAL
865058,branded_food,"ANCIENT GRAIN GRANOLA + PUFFS CEREAL, CRANBERRY PECAN"
865088,branded_food,"FROSTY FLAKES SWEETENED CORN FLAKE CEREAL, FROSTY FLAKES"
865530,branded_food,"FRUIT FLAVOR SWEETENED RICE CEREAL, FRUIT"
865670,branded_food,"FROSTED FLAKES CEREAL, FROSTED FLAKES"
865674,branded_food,CEREAL
865678,branded_food,"GOLDEN PUFFS CEREAL, GOLDEN PUFFS"
865818,branded_food,"SWEETENED RICE CEREAL, SWEETENED"
865836,branded_food,O'S CEREAL
865918,branded_food,"CINNAMON TOASTERS CEREAL, CINNAMON"
866386,branded_food,"CINNAMON TOASTERS CEREAL, CINNAMON"
866432,branded_food,CRISPY CEREAL STICK
867028,branded_food,"APPLE ZINGS FLAVORED CEREAL, APPLE ZINGS"
868582,branded_food,"FRUIT & YOGURT CRISPY RICE & WHEAT FLAKES CEREAL WITH OAT & FRUIT, FRUIT & YOGURT"
868588,branded_food,"BITE SIZE FROSTED SHREDDED WHEAT CEREAL, STRAWBERRY CREAM"
868888,branded_food,"MULTIGRAIN PUFFINS CEREAL, MULTIGRAIN"
869322,branded_food,"CEREAL, BERRY COLOSSAL CRUNCH"
869682,branded_food,"CINNAMON OATMEAL SQUARES CRUNCHY OAT CEREAL, CINNAMON"
869836,branded_food,"HONEY CRUNCH, SWEETENED CORN & OAT CEREAL, HONEY"
869892,branded_food,"ORGANIC RIP'S POWER-UP BOWL DOUBLE BERRY HOT CEREAL, BERRY"
869936,branded_food,"ROCK'N FRUIT SWEETENED RICE CEREAL, ROCK'N FRUIT"
870008,branded_food,"ORGANIC RIP'S POWER-UP BOWL ORIGINAL HOT CEREAL, ORIGINAL"
870186,branded_food,"MALTEX, HOT WHEAT CEREAL"
870188,branded_food,"WHEATENA, WHOLE GRAIN TOASTED WHEAT CEREAL"
870946,branded_food,"CINNAMON TOASTERS CEREAL, CINNAMON TOASTERS"
871672,branded_food,CEREAL
871674,branded_food,"HONEY GRAHAMS SWEETENED WHOLE WHEAT AND CORN CEREAL, HONEY GRAHAMS"
871676,branded_food,"TRAIL MIX CRUNCH CEREAL, CRANBERRY VANILLA"
871678,branded_food,"FROSTED SHREDDED WHEAT CEREAL, FROSTED SHREDDED WHEAT"
871680,branded_food,"GOLDEN HONEY O'S CEREAL, GOLDEN HONEY O'S"
871682,branded_food,"HONEY BUNCHES OF OATS CEREAL WITH ALMONDS, ALMONDS"
871684,branded_food,"GOLDEN PUFFS CEREAL, GOLDEN PUFFS"
871686,branded_food,"CRISPY CINNAMON RICE SWEETENED RICE CEREAL WITH REAL CINNAMON, CRISPY CINNAMON RICE"
871688,branded_food,"TOOTIE FRUITIES CEREAL, TOOTIE FRUITIES"
871690,branded_food,RAISIN BRAN CEREAL
871692,branded_food,"HONEY NUT SCOOTERS CEREAL, HONEY NUT SCOOTERS"
871694,branded_food,SWEETENED RICE CEREAL WITH MARSHMALLOWS
871696,branded_food,"COCO ROOS CEREAL, COCO ROOS"
871698,branded_food,"HONEY OAT BLENDERS CEREAL, HONEY OAT BLENDERS"
871766,branded_food,"ORIGINAL FROSTED BITE SIZE LIGHTLY SWEETENED SHREDDED WHOLE GRAIN WHEAT CEREAL, ORIGINAL"
871770,branded_food,"NATURALLY FLAVORED SWEETENED WHOLE GRAIN OAT CEREAL WITH REAL HONEY, HONEY NUT TOASTY O'S"
871974,branded_food,"FRUIT & GRAIN CEREAL BARS, STRAWBERRY"
871976,branded_food,"FRUIT & GRAIN CEREAL BARS, APPLE CINNAMON"
872272,branded_food,"CHOCOLATE MARSHMALLOW MATEYS CEREAL, CHOCOLATE MARSHMALLOW MATEYS"
872274,branded_food,S'MORES CEREAL
872670,branded_food,"FRUIT & GRAIN CEREAL BARS, BLUEBERRY"
872672,branded_food,"APPLE CINNAMON FRUIT & GRAIN CEREAL BARS, APPLE CINNAMON"
872680,branded_food,"STRAWBERRY FRUIT&GRAIN CEREAL BARS, STRAWBERRY"
873272,branded_food,"TOASTED OATS CEREAL, TOASTED OATS"
873508,branded_food,"COCOA RAGEOUS, CHOCOLATE FLAVORED SWEETENED RICE CEREAL WITH REAL COCOA, CHOCOLATE"
873712,branded_food,"CRUNCHY OATMEAL CEREAL WITH A SPRINKLE OF BROWN SUGAR, BROWN SUGAR"
873714,branded_food,"CINNAMON CRISPY OAT SQUARES LIVEWISE CEREAL, CINNAMON"
873716,branded_food,"RAISIN BRAN CEREAL, RAISIN BRAN"
873762,branded_food,"HONEY GRAHAM CRUNCH, HONEY GRAHAM CEREAL, HONEY GRAHAM"
873776,branded_food,CEREAL
873794,branded_food,"CINNI-MINI CRUNCH, SWEETENED WHOLE WHEAT & RICE CEREAL WITH CINNAMON, CINNAMON"
873916,branded_food,"CORN FLAKES CEREAL, CORN FLAKES"
873942,branded_food,"HONEY OAT CRUNCH CEREAL, HONEY"
873972,branded_food,"CORN FLAKES TOASTED CORN CEREAL, CORN FLAKES"
874012,branded_food,"BRAN FLAKES WHOLE GRAIN WHEAT CEREAL, BRAN FLAKES"
874364,branded_food,"FROSTED SHREDDED WHEAT BITE SIZE LIGHTLY SWEETENED WHOLE GRAIN WHEAT CEREAL, FROSTED SHREDDED WHEAT"
874366,branded_food,"SHREDDED WHEAT BITE SIZE WHOLE GRAIN WHEAT CEREAL, SHREDDED WHEAT"
874368,branded_food,"SHREDDED WHEAT BITE SIZE SHREDDED WHOLE GRAIN WHEAT CEREAL, SHREDDED WHEAT"
874370,branded_food,"FROSTED SHREDDED WHEAT BITE SIZE SWEETENED WHOLE GRAIN WHEAT CEREAL, FROSTED SHREDDED WHEAT"
874372,branded_food,"HONEY NUT TOASTED OATS SWEETENED TOASTED OAT CEREAL WITH HONEY, HONEY NUT TOASTED OATS"
874842,branded_food,TOASTED RICE CEREAL
874948,branded_food,"CHOCOLATE CHIP MULTIGRAIN CEREAL BARS, CHOCOLATE CHIP"
1848349,branded_food,Cinnamon Toast Crunch Cereal 2 Pack
875104,branded_food,100% WHOLE GRAIN CEREAL QUICK OATS
875156,branded_food,TOASTED OAT CEREAL
875340,branded_food,COCOA DYNO- BITES CEREAL
875342,branded_food,"TOASTED CINNAMON SQUARES SWEETENED WHOLE WHEAT AND RICE CEREAL WITH CINNAMON, TOASTED CINNAMON SQUARES"
875344,branded_food,SWEETENED RICE CEREAL
875504,branded_food,"WHOLE GRAIN WHEAT & BRAN CEREAL WITH RAISINS, RAISIN BRAN"
877082,branded_food,"CRISP RICE CEREAL BAR WITH MARSHMALLOW CREME, MARSHMALLOW CREME"
877198,branded_food,"GOLDEN CORN FLAKES CEREAL, CORN FLAKES"
877258,branded_food,"LOW FAT APPLE CINNAMON FRUIT & GRAIN CEREAL BARS, APPLE CINNAMON"
878024,branded_food,"SWEETENED CORN CEREAL POPS, SWEETENED CORN"
878144,branded_food,"NATURAL FRUIT FLAVORS SWEETENED MULTI-GRAIN CEREAL, NATURAL FRUIT"
878406,branded_food,"SWEETENED MULTI-GRAIN CEREAL WITH FRUITY SHAPED MARSHMALLOWS, MARSHMALLOWS"
878426,branded_food,"BERRIES SWEETENED CORN & OAT CEREAL, BERRIES"
878428,branded_food,"VANILLA MULTIGRAIN CEREAL, VANILLA"
878846,branded_food,"VANILLA MULTIGRAIN CEREAL, VANILLA"
878890,branded_food,"RAISIN BRAN WHEAT BRAN CEREAL WITH RAISINS, RAISIN BRAN"
879152,branded_food,"HONEY OAT CRUNCH CEREAL, HONEY OAT"
879210,branded_food,"FRUITY CEREAL CRISPY BITES, FRUITY CEREAL"
879212,branded_food,"FRUITY CEREAL WITH WHITE CHOCOLATY-FLAVORED DRIZZLE CRISPY BAR, FRUITY CEREAL"
879280,branded_food,"SHREDDED WHEAT CEREAL, FROSTED CHOCOLATE STRAWBERRY"
879284,branded_food,"RAISIN BRAN CEREAL, RAISIN BRAN"
879298,branded_food,"BANANA PUDDING CEREAL, BANANA PUDDING"
879446,branded_food,"CINNAMON CEREAL FLAVORED REDUCED FAT ICE CREAM DIPPED IN A VANILLA FLAVORED COATING TOPPED WITH CINNAMON CEREAL PIECES ALL INSIDE A CINNAMON MINI CONES, CINNAMON CEREAL"
879462,branded_food,"CEREAL, STRAWBERRY"
879512,branded_food,"MARSHMALLOW CEREAL BARS, CHOCOLATE WITH REAL COCOA"
879754,branded_food,"FROSTED SHREDDED WHEAT CEREAL, STRAWBERRY"
879834,branded_food,"FROSTED BITE SIZE SHREDDED WHEAT CEREAL, SHREDDED WHEAT"
879840,branded_food,"MARSHMALLOW CEREAL BARS TREATS, CHOCOLATE"
879926,branded_food,"FAR OUT FRUITIES SWEETENED MULTIGRAIN CEREAL, FAR OUT FRUITIES"
880384,branded_food,"CEREAL, GOLDEN TURMERIC"
881136,branded_food,OREO O'S CEREAL
881574,branded_food,"HONEY CRUNCH & OATS FROSTED CORN AND WHEAT FLAKES CEREAL WITH GRANOLA CLUSTERS, HONEY CRUNCH & OATS"
881618,branded_food,"HONEY & NUT SWEETENED TOASTED OATS CEREAL WITH HONEY AND NATURAL ALMOND FLAVOR, HONEY & NUT"
881728,branded_food,"TOASTED RICE BITE SIZE TOASTED RICE CEREAL, TOASTED RICE"
881922,branded_food,"COCOA NUT WITH REAL ALMONDS INSTANT HOT CEREAL, COCOA NUT WITH REAL ALMONDS"
881988,branded_food,"HONEY BUZZERS CEREAL, HONEY BUZZERS"
882108,branded_food,"BANANA WITH REAL WALNUTS INSTANT HOT CEREAL, BANANA WITH REAL WALNUTS"
882192,branded_food,"MIXED BERRY FRUIT & GRAIN CEREAL BARS, MIXED BERRY"
882316,branded_food,"SWEETENED PUFFED WHEAT CEREAL, SWEETENED"
882686,branded_food,"BUNCH O' CINNAMON SQUARES SWEETENED WHEAT & RICE CEREAL, BUNCH O' CINNAMON SQUARES"
882716,branded_food,"HONEY NUT TOASTED OATS SWEETENED TOASTED OAT CEREAL WITH HONEY & ALMONDS, HONEY NUT TOASTED OATS"
882764,branded_food,"TOASTED FLAKES CEREAL HONEY OAT, HONEY OAT CLUSTERS & ALMONDS"
883006,branded_food,PUFFED WHEAT CEREAL
883036,branded_food,"TOASTED MULTI-GRAIN CEREAL WITH HONEY OAT CLUSTERS, HONEY OAT CLUSTERS"
883100,branded_food,"SHREDDED WHEAT WHOLE GRAIN CEREAL WITH ONYX SORGHUM, SHREDDED WHEAT"
883120,branded_food,CRISPY OAT SQUARES LIVEWISE CEREAL
883144,branded_food,"BLUEBERRY FRUIT & GRAIN CEREAL BARS, BLUEBERRY"
883152,branded_food,"SWEETENED WHEAT PUFFS PUFFED WHEAT CEREAL, SWEETENED WHEAT PUFFS"
883298,branded_food,"FROSTED FLAKES SWEETENED CORN CEREAL, FROSTED FLAKES"
883354,branded_food,"CRISPY, SWEETENED WHOLE WHEAT & RICE CEREAL, CINNAMON"
883366,branded_food,"CEREAL, CHOCOLATE"
883410,branded_food,"BIG REAL HONEY SWEETENED CORN & OAT CEREAL, BIG REAL HONEY"
883502,branded_food,"FROSTED WHEAT PUFFS SWEETENED PUFFED WHEAT CEREAL, FROSTED WHEAT PUFFS"
883592,branded_food,"PEANUT BUTTER & CHOCOLATE FLAVORS SWEETENED RICE CEREAL, PEANUT BUTTER & CHOCOLATE"
883618,branded_food,"RICE CEREAL, CHOCOLATE"
883680,branded_food,"APPLE LOONS SWEETENED MULTI-GRAIN CEREAL WITH REAL APPLES & CINNAMON, APPLE LOONS"
884182,branded_food,OREO O'S CEREAL
884252,branded_food,"COCOA CRISP RICE SWEETENED RICE CEREAL, SWEETENED"
884698,branded_food,"MULTIGRAIN TOASTED OATS SWEETENED CORN, WHEAT, OAT, BARLEY AND RICE CEREAL, MULTIGRAIN TOASTED OATS"
884706,branded_food,"HONEY WHEELS SWEETENED CORN & OAT CEREAL, HONEY WHEELS"
884844,branded_food,"FROSTED SHREDDED WHEAT BITE SIZE SWEETENED WHOLE GRAIN WHEAT CEREAL, FROSTED SHREDDED WHEAT"
885012,branded_food,"HOKUS POKUS SWEETENED OAT CEREAL WITH MARSHMALLOWS, HOKUS POKUS"
885018,branded_food,"COCO LOCO A SWEETENED CORN CEREAL MADE WITH REAL COCOA, COCO LOCO"
885360,branded_food,"HONEY BZZZZZ SWEETENED CORN & OAT CEREAL, HONEY BZZZZZ"
885364,branded_food,"PB COCOA PLANETS SWEETENED CRUNCHY CORN CEREAL, PB COCOA PLANETS"
885390,branded_food,"BRAN FLAKES ENRICHED BRAN FLAKES CEREAL, BRAN FLAKES"
885672,branded_food,"STRAWBERRY FRUIT & GRAIN CEREAL BARS, STRAWBERRY"
886378,branded_food,"FRUITY JEWELS CEREAL, FRUITY JEWELS"
886380,branded_food,"TWIN GRAIN CRISP CRISPY CORN & RICE CEREAL, TWIN GRAIN CRISP"
886382,branded_food,"CRISP RICE OVEN TOASTED RICE CEREAL, CRISP RICE"
886392,branded_food,"VERY BERRY CRUNCH SWEETENED CORN AND OAT CEREAL, VERY BERRY CRUNCH"
886414,branded_food,"CRUNCHY BERRY SWEETENED CORN & OAT CEREAL, CRUNCHY BERRY"
886418,branded_food,"GOLDEN PUFFED WHEAT SWEETENED PUFFED WHEAT CEREAL, GOLDEN PUFFED WHEAT"
887382,branded_food,"STRAWBERRY CREAM FLAVORED FROSTED BITE SIZE LIGHTLY SWEETENED SHREDDED WHOLE GRAIN WHEAT CEREAL, STRAWBERRY CREAM"
888072,branded_food,"FRUIT PUFFZ SWEETENED CORN CEREAL, FRUIT PUFFZ"
888198,branded_food,"PUFFED WHEAT CEREAL, PUFFED WHEAT"
888234,branded_food,"FARINA CREAMY WHEAT ENRICHED HOT WHEAT CEREAL, FARINA"
888428,branded_food,"CLUSTERS OF OATS & HONEY CEREAL, CRUNCHY HONEY ROASTED"
888716,branded_food,"RAISIN BRAN CEREAL, RAISIN BRAN"
888718,branded_food,"WHEAT SQUARES TOASTED WHEAT CEREAL, WHEAT SQUARES"
888928,branded_food,"FROSTED SHREDDED WHEAT SWEETENED, CRUNCHY, WHOLE GRAIN WHEAT CEREAL, FROSTED SHREDDED WHEAT"
888952,branded_food,CORN FLAKES DELICIOUSLY CRISP AND GOLDEN CEREAL
889270,branded_food,"FRUIT & GRAIN MEDLEY DELUXE CEREAL, FRUIT & GRAIN MEDLEY"
889808,branded_food,FROSTED SWEETENED FLAKES OF CORN CEREAL
890880,branded_food,"ORIGINAL TOASTED WHOLE GRAIN OATS CEREAL, ORIGINAL"
890892,branded_food,"GLUTEN-FREE APPLE CINNAMON PROTEIN CEREAL, APPLE CINNAMON"
890896,branded_food,"APPLE CINNAMON PROTEIN CEREAL, APPLE CINNAMON"
890978,branded_food,"FRUIT & FROSTED O'S, SWEETENED MULTI-GRAIN CEREAL WITH NATURAL FRUIT FLAVORS, FRUIT"
890984,branded_food,"CRISPY, SWEETENED, WHOLE WHEAT & RICE CEREAL, CRISPY, SWEETENED, WHOLE WHEAT & RICE"
891184,branded_food,"FROSTED FLAKES OF CORN CEREAL, FROSTED FLAKES"
891186,branded_food,"APPLE RINGS, SWEETENED MULTI-GRAIN CEREAL WITH APPLE & CINNAMON, APPLE & CINNAMON"
891598,branded_food,"CHOCO CHIPPERS SWEETENED CORN CEREAL, CHOCO CHIPPERS"
892070,branded_food,"FRUIT & GRAIN STRAWBERRY CEREAL BARS, STRAWBERRY"
892246,branded_food,"SWEETENED OAT CEREAL WITH MARSHMALLOWS, MARSHMALLOWS"
892458,branded_food,"FRUIT SWEETENED RICE CEREAL, FRUIT"
893052,branded_food,"STRAWBERRY FRUIT&GRAIN CEREAL BARS, STRAWBERRY"
893196,branded_food,"TOASTED OATS TOASTED WHOLE GRAIN OAT CEREAL, TOASTED OATS"
893212,branded_food,"CRISPY HEXAGONS CRISPY CORN & RICE CEREAL, CRISPY HEXAGONS"
893396,branded_food,"BRAN FLAKES WHEAT CEREAL, BRAN FLAKES"
893696,branded_food,"TOASTED OAT LOOPS CEREAL, OAT LOOPS"
893800,branded_food,"HONEY CRUNCH 'N OATS CRISPY FLAKES & CRUNCHY TOASTED OATS CEREAL WITH HONEY!, HONEY CRUNCH 'N OATS"
894134,branded_food,"HONEY ROASTED BUNCHES OF OATS CEREAL, HONEY ROASTED"
894202,branded_food,"CINNAMON LION HEARTS TOASTED RICE & BEAN CEREAL, CINNAMON"
894216,branded_food,"BANANA PUDDING CEREAL, BANANA PUDDING"
894226,branded_food,O'S CEREAL
894338,branded_food,"SWEET & SALTY BARK MILK CHOCOLATE WITH PRETZELS & GRAHAM CEREAL PIECES, SWEET & SALTY BARK"
894500,branded_food,"HONEY NUT TOASTED OATS SWEETENED TOASTED OAT CEREAL WITH HONEY & NATURAL ALMOND FLAVOR, HONEY NUT TOASTED OATS"
894506,branded_food,"MAGIC STARS, SWEETENED OAT CEREAL WITH REAL MARSHMALLOW"
894520,branded_food,"APPLE CINNAMON TOASTED OATS SWEETENED TOASTED OAT CEREAL, APPLE CINNAMON TOASTED OATS"
894638,branded_food,"COCOA CRISPY RICE SWEETENED CEREAL, COCOA CRISPY RICE"
894640,branded_food,"CRISPY RICE TOASTED RICE CEREAL, CRISPY RICE"
894652,branded_food,"FRUIT RINGS, NATURAL FRUIT FLAVORS SWEETENED MULTI-GRAIN CEREAL, FRUIT"
895068,branded_food,"COCOA CRISP RICE SWEETENED RICE CEREAL, COCOA CRISP RICE"
895260,branded_food,"BLUEBERRY FRUIT & GRAIN CEREAL BARS, BLUEBERRY"
895436,branded_food,"FROSTED SHREDDED WHEAT BITE SIZE CEREAL, FROSTED SHREDDED WHEAT"
895440,branded_food,"FROSTED FRUIT ROLLS SWEETENED MULTI-GRAIN CEREAL WITH MARSHMALLOWS, FROSTED FRUIT ROLLS"
895444,branded_food,"COCOA BURST SWEETENED CORN CEREAL WITH REAL COCOA, COCOA BURST"
895446,branded_food,"HONEY NUT TOASTED OATS SWEETENED WHOLE GRAIN OAT CEREAL WITH REAL HONEY & ALMONDS, HONEY NUT TOASTED OATS"
895558,branded_food,"FROSTED FLAKES SWEETENED FLAKES OF CORN CEREAL, FROSTED FLAKES"
895620,branded_food,"CORN FLAKES CEREAL, CORN FLAKES"
896006,branded_food,"CHOCOLATEY CHIP COOKIE BITES CEREAL, CHOCOLATEY CHIP"
896590,branded_food,"HONEY NUT TOASTED OATS CEREAL, HONEY NUT"
896624,branded_food,"TOASTED OATS CEREAL, TOASTED OATS"
896654,branded_food,"HONEY NUT NATURALLY FLAVORED TOASTED OATS CEREAL, HONEY NUT"
896716,branded_food,"CRISP RICE TOASTED RICE CEREAL, CRISP RICE"
897020,branded_food,"TOASTED CRISPY RICE CEREAL, CRISPY RICE"
897052,branded_food,"HONEY GRAHAMS CEREAL, HONEY GRAHAMS"
897472,branded_food,"DELICIOUS HOT POWER CEREAL, MAQUI BERRY, COCONUT, ALMOND"
897574,branded_food,"DELICIOUS HOT POWER CEREAL, BROWN SUGAR + CINNAMON"
897750,branded_food,"FRUIT FRENZY SWEETENED MULTI-GRAIN CEREAL WITH MARSHMALLOWS, FRUIT FRENZY WITH MARSHMALLOWS"
898474,branded_food,"MARSHMALLOW FLAVORED CEREAL, MARSHMALLOW"
898604,branded_food,"ORIGINAL CHIPS AHOY! CEREAL, ORIGINAL"
898744,branded_food,"RAISIN BRAN CEREAL WITH CRUNCHY WHEAT FLAKES & LOADED WITH RAISINS, RAISIN BRAN"
898750,branded_food,"HONEY NUT TOASTED OATS SWEETENED CEREAL WITH HONEY & ALMOND FLAVOR, HONEY NUT"
898768,branded_food,"OAT LOOPS WITH HONEY CEREAL, HONEY"
898774,branded_food,"OAT SQUARES CRUNCHY OAT CEREAL WITH A SPRINKLE OF BROWN SUGAR, OAT SQUARES"
898776,branded_food,"FRUITY JEWELS WHOLESOME SWEETENED RICE CEREAL, FRUITY JEWELS"
898790,branded_food,"KOO-KIES SWEETENED CORN CEREAL, KOO-KIES"
898830,branded_food,ORGANIC CORN CEREAL LIGHTLY FROSTED WITH ORGANIC CANE SUGAR FLAKES
898970,branded_food,"S'MORES CEREAL, S'MORES"
899128,branded_food,"HONEY NUT TOASTED O'S ORGANIC SWEETENED WHOLE GRAIN TOASTED OAT CEREAL WITH REAL HONEY AND NATURAL ALMOND FLAVOR, HONEY NUT TOASTED O'S"
899164,branded_food,WHEAT BRAN FIBER CEREAL BUDS
899270,branded_food,"STRAWBERRY FROSTED BITE SIZE SHREDDED WHEAT SWEETENED WHOLE GRAIN WHEAT CEREAL, STRAWBERRY FROSTED"
899302,branded_food,"TWIN GRAIN CRISP A BLEND OF CORN & RICE CEREAL, TWIN GRAIN CRISP"
899310,branded_food,"FROSTED FLAKES SWEETENED, TOASTED FLAKES OF CORN CEREAL, FROSTED FLAKES"
899316,branded_food,"OATS & MORE, SWEETENED MULTIGRAIN CEREAL WITH HONEY OAT CLUSTERS & ALMONDS, ALMONDS"
899322,branded_food,"APPLE CINNAMON TOASTED OATS SWEETENED CEREAL, APPLE CINNAMON"
899324,branded_food,BITE SIZE SHREDDED WHEAT 100% WHOLE GRAIN WHEAT CEREAL
899328,branded_food,"MAGIC STARS, FROSTED TOASTED OAT CEREAL WITH MARSHMALLOWS, FROSTED WITH MARSHMALLOWS"
899628,branded_food,"COCOA TREATS SWEETENED CORN CEREAL, COCOA TREATS"
900000,branded_food,"CHOCOLATE & ALMOND COCOA DUSTED MULTI-GRAIN FLAKES WITH SLICED ALMONDS CEREAL, CHOCOLATE & ALMOND"
900002,branded_food,"CHOCOLATE WHOLE GRAIN CEREAL, CHOCOLATE"
900006,branded_food,"RASPBERRY FLAVORED WHOLE GRAIN CEREAL, RASPBERRY"
900010,branded_food,"ORIGINAL WHOLE GRAIN CEREAL, ORIGINAL"
900012,branded_food,"ORIGINAL CRUNCH CEREAL, ORIGINAL"
900014,branded_food,"VANILLA & ALMOND CRUNCHY WHEAT & RICE FLAKES WITH ALMONDS & VANILLA CEREAL, VANILLA & ALMOND"
900016,branded_food,"STRAWBERRY WHOLE GRAIN CEREAL, STRAWBERRY"
900018,branded_food,"BLUEBERRY WHOLE GRAIN CEREAL, BLUEBERRY"
900020,branded_food,"CINNAMON BROWN SUGAR CRUNCH CEREAL, CINNAMON BROWN SUGAR CRUNCH"
900100,branded_food,"TOASTED RICE CRUNCHY OVEN TOASTED RICE CEREAL, TOASTED RICE"
900102,branded_food,"CRUNCHY RAISIN BRAN SWEET CRUNCHY FLAKES WITH PLUMP RAISINS & OAT & HONEY GRANOLA CLUSTERS CEREAL, CRUNCHY RAISIN BRAN"
900106,branded_food,"RAISINS, DATES & PECANS CEREAL, RAISINS, DATES & PECANS"
900126,branded_food,"CRUNCHY PECAN CEREAL, CRUNCHY PECAN"
900128,branded_food,"NATURALLY FLAVORED SWEETENED CORN PUFF CEREAL WITH REAL COCOA, SAFARI COCOA CRUNCH"
900140,branded_food,"CORN SQUARES CRUNCHY, BITE-SIZE TOASTED CORN CEREAL CEREAL, CORN SQUARES"
900166,branded_food,"CORN FLAKES CEREAL, CORN FLAKES"
900168,branded_food,"COCOA CRAZY SWEETENED CORN CEREAL, COCOA CRAZY"
900184,branded_food,"CRANBERRY ALMOND CRUNCH CEREAL, CRANBERRY ALMOND CRUNCH"
900340,branded_food,"SWEETENED CORN & OAT CEREAL, SWEETENED"
900342,branded_food,"DATE & ALMOND ORGANIC MULTIGRAIN HOT CEREAL, DATE & ALMOND"
900590,branded_food,"SWEETENED CORN & OAT CEREAL, SWEETENED"
900610,branded_food,"HONEY NUT HOOPS CEREAL, HONEY NUT HOOPS"
900648,branded_food,"RAISIN DATE ALMOND MUESLI MULTIGRAIN, DRIED FRUIT, NUT AND SEED CEREAL, RAISIN DATE ALMOND"
901120,branded_food,"CRISP FLAKES WITH CINNAMON DUSTED RAISINS & TOASTED ALMONDS CEREAL, CINNAMON ALMOND"
901178,branded_food,"SNICKERDOODLE COOKIE BITES CEREAL, SNICKERDOODLE"
901314,branded_food,"MEGA STUF OREO O'S CEREAL, OREO O'S"
901318,branded_food,MEGA STUF OREO O'S CEREAL
901328,branded_food,"BANANA PUDDING CEREAL, BANANA PUDDING"
901562,branded_food,"SWEETENED CORN & OAT CEREAL, SWEETENED"
901770,branded_food,"FRUIT RINGS MULTIGRAIN CEREAL, FRUIT RINGS"
901780,branded_food,"RICE SQUARES CRUNCHY, BITE-SIZE, TOASTED RICE CEREAL, RICE SQUARES"
901824,branded_food,"HONEY TOASTED OATS CEREAL, HONEY TOASTED OATS"
901894,branded_food,"ENRICHED WHEAT BRAN WHOLE GRAIN WHEAT CEREAL WITH WHEAT BRAN, ENRICHED WHEAT BRAN"
902066,branded_food,"PEANUT BUTTER COOKIE BITES CEREAL, PEANUT BUTTER"
902078,branded_food,"PEANUT BUTTER COOKIE BITES CEREAL, PEANUT BUTTER"
902508,branded_food,"SWEETENED CEREAL WITH APPLE, CINNAMON AND SPOOKY MARSHMALLOWS"
902648,branded_food,"CHOCOLATEY DELIGHT CRUNCHY WHEAT & RICE FLAKES WITH CHOCOLATEY PIECES CEREAL, CHOCOLATEY DELIGHT"
902656,branded_food,"FRUIT & YOGURT CRUNCHY WHEAT & RICE FLAKES WITH OAT & FRUIT CLUSTERS & YOGURT-COATED CLUSTERS CEREAL, FRUIT & YOGURT"
902660,branded_food,"STRAWBERRY FLAVORED SWEETENED RICE CEREAL, STRAWBERRY"
902664,branded_food,"RED BERRIES CRUNCHY WHEAT & RICE FLAKES CEREAL WITH REAL STRAWBERRIES, RED BERRIES"
902714,branded_food,"ORIGINAL FROSTED MINI WHEALS WHOLE GRAIN CEREAL, ORIGINAL"
902716,branded_food,"DELICIOUS RAISINS AND CRANBERRIES BLENDED WITH CRISP BRAN FLAKES CEREAL, CRANBERRIES"
903278,branded_food,"REAL PEANUT BUTTER CEREAL, PEANUT BUTTER"
903418,branded_food,"TOASTED OATS TOASTED WHOLE GRAIN OAT CEREAL, TOASTED OATS"
903666,branded_food,"STRAWBERRY HAZELNUT CAULI HOT CEREAL, STRAWBERRY HAZELNUT"
903678,branded_food,"FRUITY CEREAL MACROS NUTRITION BARS, FRUITY CEREAL"
903862,branded_food,"TOASTED WHOLE GRAIN OAT CEREAL, TOASTED OATS"
903892,branded_food,"TASTEEOS, SWEETENED MULTI-GRAIN CEREAL"
903894,branded_food,"TASTEEOS, APPLE CINNAMON APPLE & CINNAMON SWEETENED OAT CEREAL, APPLE CINNAMON"
903902,branded_food,"GRANOLA WITH RAISINS LOW FAT CEREAL WITH SWEETENED WHOLE GRAIN OATS, WHOLE GRAIN WHEAT FLAKES AND PUFFED RICE WITH PLUMP RAISINS AND ALMONDS, GRANOLA WITH RAISINS"
903906,branded_food,"FRUITY FLAVORED CRISP RICE CEREAL, FRUITY"
903908,branded_food,"OATS & MORE, TOASTED MULTI-GRAIN CEREAL WITH HONEY OAT CLUSTERS & ALMONDS, ALMONDS"
903912,branded_food,"RAISIN BRAN CRUNCHY WHEAT FLAKES WITH RAISINS CEREAL, RAISIN BRAN"
903916,branded_food,"COCOA PEANUT BUTTER SPHERES SWEETENED CORN CEREAL WITH PEANUT BUTTER AND COCOA, COCOA PEANUT BUTTER"
903958,branded_food,"COCOA CRUNCHIES SWEETENED CORN CEREAL WITH REAL COCOA AND NATURAL CHOCOLATE FLAVOR, CHOCOLATE"
903972,branded_food,"OATS & MORE, TOASTED MULTI-GRAIN CEREAL WITH HONEY OAT CLUSTERS WITH HONEY, HONEY"
903974,branded_food,"CORN FLAKES TOASTED FLAKES OF CORN CEREAL, CORN FLAKES"
903980,branded_food,"GRANOLA LOW FAT CEREAL WITH SWEETENED WHOLE GRAIN OATS, WHOLE GRAIN WHEAT FLAKES AND PUFFED RICE MIXED WITH ALMONDS AND MOLASSES, BAKED INTO CRUNCHY CLUSTERS, GRANOLA"
903998,branded_food,"DOUBLE CRUNCH BLEND OF CORN & RICE CEREAL, DOUBLE CRUNCH"
904004,branded_food,"TOASTED WHEAT CEREAL, TOASTED WHEAT"
904064,branded_food,"FROSTED FLAKES SWEETENED CORN CEREAL, FROSTED FLAKES"
904088,branded_food,"HONEY & OATS WITH ALMONDS TOASTED MULTI-GRAIN CEREAL WITH HONEY OAT CLUSTERS & ALMONDS, HONEY & OATS WITH ALMONDS"
904148,branded_food,"CRISP RICE FAT FREE OVEN-TOASTED RICE CEREAL, CRISP RICE"
904268,branded_food,"GRANOLA WITH OATS, WHEAT, HONEY & ALMONDS CEREAL, GRANOLA WITH OATS, WHEAT, HONEY & ALMONDS"
904366,branded_food,"HONEY BUN CEREAL, HONEY"
904394,branded_food,"COOKIE DOUGH FLAVORED CEREAL WITH MARSHMALLOWS, COOKIE DOUGH"
904618,branded_food,"MULTI GRAIN LIGHTLY SWEETENED CEREAL, MULTI GRAIN"
905056,branded_food,"SWEETENED WHOLE GRAIN WHEAT & OAT CEREAL FINISHED WITH REAL HONEY & ROASTED GROUND ALMONDS FALCON FLAKES, REAL HONEY & ROASTED GROUND ALMONDS"
905124,branded_food,"CINNAMON POWER O'S TOASTED RICE & BEAN CEREAL, CINNAMON"
905252,branded_food,"SWEETENED CORN & OAT CEREAL, SWEETENED"
905268,branded_food,"COCOA PEANUT BUTTER CEREAL, COCOA PEANUT BUTTER"
905428,branded_food,"CRISPY FLAKES & CRUNCHY TOASTED OATS CEREAL WITH HONEY! WITH ALMONDS, HONEY CRUNCH 'N OATS, ALMONDS"
905454,branded_food,"CEREAL MILK POPCAKES, CEREAL MILK"
905566,branded_food,"TASTEEOS, TOASTED OAT CEREAL, TOASTED OAT"
905618,branded_food,"APPLE LOONS, SWEETENED MULTI-GRAIN APPLE CEREAL, APPLE"
905862,branded_food,"MILK & CEREAL BREAKFAST BISCUITS, MILK & CEREAL"
905928,branded_food,"CRISPY RICE TOASTED RICE CEREAL, CRISPY RICE"
905952,branded_food,"SWEETENED MULTIGRAIN CEREAL, SWEETENED MULTIGRAIN"
906048,branded_food,"RED BERRIES CRUNCHY WHEAT & RICE FLAKES CEREAL WITH REAL STRAWBERRIES, RED BERRIES"
906288,branded_food,"PEANUT BUTTER & JELLY PUFFS SWEETENED CORN & OAT CEREAL, PEANUT BUTTER & JELLY PUFFS"
906332,branded_food,"APPLE CINNAMON FRUIT & GRAIN CEREAL BARS, APPLE CINNAMON"
906404,branded_food,"TOASTED OATS CEREAL, TOASTED OATS"
906508,branded_food,"PUMPKIN FLAVORED CEREAL, PUMPKIN"
906534,branded_food,"VANILLA GRANOLA CLUSTERS WHOLE GRAIN ROLLED OAT CLUSTERS CEREAL WITH ALMONDS, VANILLA"
906538,branded_food,"FALL HARVEST WHOLE OAT CLUSTERS & MULTI-GRAIN FLAKES CEREAL WITH DRIED CRANBERRIES, PUMPKIN SEEDS & APPLES"
906594,branded_food,"COTTON CANDY CRUNCH SWEETENED CORN & OAT CEREAL, COTTON CANDY"
906866,branded_food,"GOLDEN HONEY SWEETENED PUFFED WHEAT CEREAL, GOLDEN HONEY"
906884,branded_food,"TOASTED OATS WHOLE GRAIN OAT CEREAL, TOASTED OATS"
906886,branded_food,"CORN FLAKES TOASTED CORN CEREAL, CORN FLAKES"
906888,branded_food,"HONEY NUT TOASTED OATS SWEETENED TOASTED OAT CEREAL WITH HONEY & ALMONDS, HONEY NUT TOASTED OATS"
907012,branded_food,"SAFARI COCOA CRUNCH NATURALLY FLAVORED SWEETENED CORN PUFF CEREAL WITH REAL COCOA, SAFARI COCOA CRUNCH"
907048,branded_food,"SUGAR FROSTED FLAKES SWEETENED CORN CEREAL, FROSTED FLAKES"
907050,branded_food,TOASTED CRISP RICE CEREAL
907052,branded_food,"FRUIT WHIRLS SWEETENED MULTI-GRAIN CEREAL, FRUIT WHIRLS"
907054,branded_food,"SWEETENED MULTIGRAIN CEREAL WITH REAL APPLE WHIRLS & CINNAMON, APPLE WHIRLS & CINNAMON"
907056,branded_food,"BERRY BUNCH O'KRUNCH SWEETENED CORN & OAT CEREAL, BERRY BUNCH O'KRUNCH"
907066,branded_food,"MAGIC SHAPES SWEETENED TOASTED OAT CEREAL WITH MARSHMALLOWS, MARSHMALLOWS"
907106,branded_food,"BLUEBERRY FLAVORED FROSTED BITE SIZE LIGHTLY SWEETENED SHREDDED WHOLE GRAIN WHEAT CEREAL, BLUEBERRY"
908110,branded_food,"MULTIGRAIN WITH FLAX WITH OATS, WHEAT, RYE AND BARLEY INSTANT HOT CEREAL, MULTIGRAIN WITH FLAX"
908168,branded_food,"SWEETENED CORN & OAT CEREAL, SWEETENED"
908266,branded_food,"PUMPKIN SPICE FLAVORED MULTIGRAIN CEREAL, PUMPKIN SPICE"
908406,branded_food,"FIBER ACTIVE, TOASTED CORN & WHEAT CEREAL, TOASTED CORN & WHEAT"
908410,branded_food,"TOASTED CORN CRUNCHY TOASTED CORN CEREAL, TOASTED CORN"
908798,branded_food,"TASTEEOS, MULTI-GRAIN LIGHTLY SWEETENED CORN, OAT, BARLEY, WHEAT AND RICE CEREAL, MULTI-GRAIN"
908814,branded_food,"STRAWBERRY FROSTED SHREDDED WHEAT BITE SIZE SWEETENED WHOLE GRAIN CEREAL, STRAWBERRY FROSTED SHREDDED WHEAT"
908868,branded_food,"MARSHMALLOW DREAMS FROSTED WHOLE GRAIN OAT CEREAL WITH MARSHMALLOWS, MARSHMALLOW DREAMS"
908890,branded_food,"SWEETENED MULTI-GRAIN CEREAL, SWEETENED"
908920,branded_food,"APPLE CINNAMON FRUIT & GRAIN CEREAL BARS, APPLE CINNAMON"
908976,branded_food,"FRUITY HOOPS CEREAL SWEETS IN PINK CONFECTION, FRUITY HOOPS"
909254,branded_food,"CINNAMON ALMOND CAULI HOT CEREAL, CINNAMON ALMOND"
909258,branded_food,SWEETENED CORN & OAT CEREAL
909278,branded_food,"CINNAMON OF CORN CEREAL, CINNAMON"
909298,branded_food,"FROSTED FLAKES SWEETENED CORN CEREAL, FROSTED FLAKES"
909316,branded_food,"APPLE WOWS SWEETENED MULTI-GRAIN CEREAL & CINNAMON, APPLE WOWS"
909558,branded_food,"LIGHTLY TOASTED CORN FLAKES CEREAL, LIGHTLY TOASTED"
909562,branded_food,"ORIGINAL MULTIGRAIN SPOONFULS CEREAL, ORIGINAL MULTIGRAIN"
910222,branded_food,"MARSHMALLOW RICE CEREAL TREAT, MARSHMALLOW"
910490,branded_food,"NEAPOLITAN VANILLA AND STRAWBERRY FLAVORED ICE CREAM SURROUND A LAYER OF CHOCOLATE GANACHE, ALL COATED IN MILK CHOCOLATE AND CEREAL CRUNCHIES DECADENT DELIGHTS BARS, NEAPOLITAN"
910994,branded_food,"FRUIT & CRISP CEREAL WITH REAL RAISINS, DATES & PECANS, FRUIT & CRISP"
911032,branded_food,"CRANBERRY ALMOND CRUNCH CRUNCHY CORN FLAKES, WHEAT BRAN FLAKES, HONEY OAT CLUSTERS, CRANBERRIES CEREAL, CRANBERRY ALMOND CRUNCH"
911136,branded_food,"BLUEBERRY FRUIT & GRAIN CEREAL BARS, BLUEBERRY"
911390,branded_food,"ORGANIC OAT CEREAL, ORIGINAL"
911544,branded_food,"HONEY NUT TOASTED OATS SWEETENED WHOLE GRAIN OAT CEREAL WITH REAL HONEY & ALMONDS, HONEY NUT TOASTED OATS"
911668,branded_food,"ORIGINAL FROSTED MINI WHEATS WHOLE GRAIN CEREAL, ORIGINAL"
911940,branded_food,"HONEY GRAIN FREE CEREAL, HONEY"
911958,branded_food,"ORIGINAL CEREAL, ORIGINAL"
911970,branded_food,"10 GRAIN HOT CEREAL, 10 GRAIN"
912030,branded_food,"KOO-KIES, SNICKERDOODLE SWEETENED CORN CEREAL, SNICKERDOODLE"
912142,branded_food,"CRUNCHY, SWEET, OVEN-BAKED OAT CEREAL, CRUNCHY, SWEET"
912686,branded_food,"TURTLE SPLASH, STRAWBERRY CHOCOLATE FLAVORED ORGANIC CEREAL, STRAWBERRY CHOCOLATE"
913428,branded_food,"CINNAMON SQUARES ORGANIC CRUNCHY CEREAL, CINNAMON SQUARES"
913816,branded_food,"FANTASTIC FRUIT WITH GLITTERY SPARKLES CEREAL, FANTASTIC FRUIT"
914066,branded_food,"ORGANIC PEANUT BUTTER DOTS SWEETENED CORN & OAT CEREAL, PEANUT BUTTER DOTS"
914102,branded_food,"MARSHMALLOWS CEREAL, MARSHMALLOWS"
914204,branded_food,"PEANUT BUTTER & COCOA DOTS ORGANIC SWEETENED CORN & OAT CEREAL, PEANUT BUTTER & COCOA DOTS"
914288,branded_food,"MAGIC SHAPES SWEETENED TOASTED OAT CEREAL WITH MARSHMALLOWS, MAGIC SHAPES"
914580,branded_food,"FRUITY POST WORKOUT RECOVERY IOWHEY PROTEIN STRENGTH CEREAL, FRUITY"
917170,branded_food,"KAMUT HOT CEREAL, KAMUT"
917182,branded_food,"8 GRAIN HOT CEREAL, 8 GRAIN"
917192,branded_food,"5 GRAIN HOT CEREAL, 5 GRAIN"
917196,branded_food,"CREAMY BUCKWHEAT HOT CEREAL, CREAMY BUCKWHEAT"
917214,branded_food,"5 GRAIN HOT CEREAL, 5 GRAIN"
917216,branded_food,"6 GRAIN HOT CEREAL, 6 GRAIN"
917224,branded_food,"CREAMY WHEAT HOT CEREAL, CREAMY WHEAT"
917246,branded_food,"7 GRAIN HOT CEREAL, 7 GRAIN"
917268,branded_food,"CREAMY BROWN RICE HOT CEREAL, CREAMY BROWN RICE"
917298,branded_food,"CEREAL OF CORN, CORN"
917426,branded_food,"HONEY OATS & FLAKES WITH STRAWBERRIES SWEETENED MULTIGRAIN CEREAL WITH REAL STRAWBERRIES & HONEY OAT CLUSTERS, HONEY OATS & FLAKES WITH STRAWBERRIES"
918902,branded_food,"CEREAL WITH ALMONDS, ALMONDS"
918986,branded_food,"FROSTED CEREAL, FROSTED"
919110,branded_food,"APPLE HOOPS SWEETENED CEREAL WITH APPLE & CINNAMON, APPLE & CINNAMON"
920212,branded_food,"TOASTED OATS WHOLE GRAIN OAT CEREAL, TOASTED OATS"
921606,branded_food,"MIGHTY TASTY HOT CEREAL, MIGHTY TASTY"
921610,branded_food,"CREAMY WHEAT HOT CEREAL, CREAMY WHEAT"
922796,branded_food,"MARSHMALLOW TREATS CEREAL BARS, MARSHMALLOW"
922890,branded_food,"RAISIN CLUSTER CRUNCH CEREAL, RAISIN CLUSTER CRUNCH"
923196,branded_food,"FROSTED CEREAL, FROSTED"
923430,branded_food,"CINNAMON GRAIN FREE CEREAL, CINNAMON"
923432,branded_food,"UNSWEETENED GRAIN FREE CEREAL, UNSWEETENED"
923542,branded_food,"BLUEBERRY FLAVORED MUFFIN TOASTERS CEREAL, BLUEBERRY"
923914,branded_food,"MIXED BERRY FRUIT & GRAIN CEREAL BARS, MIXED BERRY"
924110,branded_food,"HONEY WHEAT SWEETENED PUFFED CEREAL, HONEY WHEAT"
924402,branded_food,"FROSTED SHREDDED WHEAT BITE SIZE WHOLE GRAIN WHEAT CEREAL, FROSTED SHREDDED WHEAT"
925426,branded_food,"BLUEBERRY WAFFLE CEREAL, BLUEBERRY"
925428,branded_food,"ORIGINAL TOASTED RICE CEREAL, ORIGINAL"
925478,branded_food,"DARK CHOCOLATE KETO FRIENDLY CEREAL, DARK CHOCOLATE"
925514,branded_food,"BLUEBERRY WAFFLE CEREAL, BLUEBERRY"
925534,branded_food,"CINNAMON TOAST KETO CEREAL, CINNAMON TOAST"
925718,branded_food,"FRUIT & GRAIN RASPBERRY CEREAL BARS, RASPBERRY"
925958,branded_food,"APPLE CINNAMON HOT CEREAL WITH ROLLED OATS, RED QUINOA, BLACK CHIA, APPLE CINNAMON, ROLLED OATS, RED QUINOA, BLACK CHIA"
926308,branded_food,"CINNAMON TOAST ICE CREAM WITH CINNAMON SUGAR SHORTBREAD PIECES AND A SWEET FROSTING SWIRL CEREAL BOWL, CINNAMON TOAST, CINNAMON SUGAR SHORTBREAD, SWEET FROSTING SWIRL"
926356,branded_food,"FRUITY JURASSIC BITES SWEETENED RICE CEREAL, FRUITY"
926664,branded_food,"TASTEEOS, PEANUT BUTTER SWEETENED MULTI-GRAIN CEREAL MADE WITH REAL PEANUT BUTTER, PEANUT BUTTER"
926922,branded_food,"SNICKERDOODLE DUNKSTERS SWEETENED CORN CEREAL DUSTED WITH SUGAR & CINNAMON, SNICKERDOODLE DUNKSTERS"
927248,branded_food,CEREAL
927696,branded_food,"MARSHMALLOW FLAVORED CEREAL, MARSHMALLOW"
928148,branded_food,CEREAL
928340,branded_food,"BANANA CRUNCHY WHEAT & RICE FLAKES CEREAL WITH REAL BANANAS, BANANA"
929056,branded_food,"FALL MAPLE TRAIL MIX WITH A BLEND OF ROASTED SALTED PEANUTS, RAISINS, MAPLE GLAZED PECANS, MAPLE FLAVORED CEREAL SQUARES, YOGURT FLAVORED CHIPS & DRIED SWEETENED CRANBERRIES, FALL MAPLE"
929728,branded_food,"PUFFED MULTIGRAIN CEREAL WITH PEANUT BUTTER, PEANUT BUTTER"
930296,branded_food,"LEAF & OLAF MARSHMALLOWS CEREAL, LEAF & OLAF MARSHMALLOWS"
930556,branded_food,"APPLE STRAWBERRY FLAVORED CUTIE O'S CEREAL, APPLE STRAWBERRY"
930560,branded_food,"CRUNCHY WHEAT AND RICE FLAKES WITH CHOCOLATEY PIECES & REAL STRAWBERRIES CEREAL, CHOCOLATEY STRAWBERRY"
930722,branded_food,"COCO KRUNCH SWEETENED RICE CEREAL, COCO KRUNCH"
930794,branded_food,"GRANOLA CEREAL WITH RAISINS A BLEND OF WHOLE GRAIN ROLLED OATS AND WHEAT, RAISINS AND ALMONDS, SWEETENED WITH BROWN SUGAR AND HONEY, GRANOLA"
930796,branded_food,"RAISIN BRAN HEARTY WHEAT & BRAN FLAKES WITH RAISINS CEREAL, RAISIN BRAN"
930798,branded_food,"OATS & MORE, TOASTED MULTI-GRAIN CEREAL WITH HONEY OAT CLUSTERS WITH REAL STRAWBERRIES, REAL STRAWBERRIES"
930800,branded_food,"OATS & MORE, TOASTED MULTI-GRAIN CEREAL WITH HONEY OAT CLUSTERS WITH HONEY, HONEY"
930854,branded_food,"SHREDDED WHEAT BIG BISCUIT CEREAL, SHREDDED WHEAT"
931838,branded_food,CEREAL
932166,branded_food,"CRACKLING FRUIT CRISPS SWEETENED RICE CEREAL, CRACKLING FRUIT CRISPS"
932540,branded_food,"HONEY TOASTED OATS CEREAL, HONEY"
932714,branded_food,"RICE CRISP CEREAL, RICE CRISP"
932754,branded_food,ORGANIC TOASTED O'S CEREAL
933334,branded_food,"TOASTED CORN BRAN & WHEAT FIBER ESSENTIALS CEREAL, TOASTED CORN BRAN & WHEAT"
933684,branded_food,"COCONUT FLAKES TOASTED CEREAL, COCONUT FLAKES"
933686,branded_food,"CINNAMON FLAKES TOASTED CEREAL, CINNAMON FLAKES"
933688,branded_food,"VANILLA O'S TOASTED CEREAL, VANILLA"
934220,branded_food,"LIGHTLY SWEETENED 100% PREMIUM QUINOA TOASTED ORGANIC CEREAL, LIGHTLY SWEETENED"
934566,branded_food,"SHREDDED WHEAT BITE SIZE WHOLE GRAIN CEREAL, SHREDDED WHEAT"
935260,branded_food,"UNSWEETENED QUINOA MULTIGRAIN ORGANIC CREAMY HOT BREAKFAST WHOLE GRAIN CEREAL, UNSWEETENED QUINOA MULTIGRAIN"
935262,branded_food,"UNSWEETENED AMARANTH MULTIGRAIN ORGANIC CREAMY HOT BREAKFAST WHOLE GRAIN CEREAL, UNSWEETENED AMARANTH MULTIGRAIN"
935274,branded_food,"BERRY LLAMA FLAVORED INSTANT OATMEAL WITH HIDDEN VEGGIES*, BERRY CEREAL"
935278,branded_food,"FRUITY HOOPS CEREAL FLAVOR INSTANT OATMEAL, FRUITY HOOPS CEREAL"
935690,branded_food,"TOASTED WHOLE GRAIN OAT CEREAL, TOASTED OATS"
935702,branded_food,"FANTASTIC FRUIT LLAMA LOOP CEREAL, FANTASTIC FRUIT"
935706,branded_food,MAPLE BROWN SUGAR WHOLE GRAIN CEREAL
935720,branded_food,"FILLED MIXED BERRY WHOLE GRAIN CEREAL, FILLED MIXED BERRY"
935740,branded_food,"SWEETENED CEREAL WITH APPLE & CINNAMON, APPLE & CINNAMON"
935804,branded_food,"SWEETENED CEREAL WITH APPLE, CINNAMON & MARSHMALLOWS, APPLE, CINNAMON & MARSHMALLOWS"
935884,branded_food,"SWEETENED RICE CEREAL, SWEETENED"
935998,branded_food,"BIRTHDAY CAKE REMIX CAKE BATTER FLAVORED CEREAL WITH CHOCOLATE FLAVORED MARSHMALLOWS, BIRTHDAY CAKE REMIX"
936022,branded_food,"RAISIN BRAN TOASTED WHOLE GRAIN WHEAT & WHEAT BRAN CEREAL WITH RAISINS, RAISIN BRAN"
936826,branded_food,"COCO TREATS SWEETENED CORN CEREAL, COCO TREATS"
937234,branded_food,"HONEY ROASTED BUNCHES OF OATS CEREAL, HONEY ROASTED"
937436,branded_food,"CHOCOLATEY STRAWBERRY CRUNCHY WHEAT AND RICE FLAKES WITH CHOCOLATEY PIECES & REAL STRAWBERRIES CEREAL, CHOCOLATEY STRAWBERRY"
937446,branded_food,"FROSTED COOKIES & CREME CEREAL, FROSTED COOKIES & CREME"
937454,branded_food,"VANILLA RED TITAN'S CEREAL, VANILLA"
937632,branded_food,"WHEAT BRAN FLAKES WITH RAISINS CEREAL, RAISIN BRAN"
938626,branded_food,"HONEY OAT FLAVORED CEREAL, HONEY OAT"
938728,branded_food,"PECAN CEREAL YOGURT SMOOTHIE WITH PROBIOTICS, PECAN CEREAL"
939140,branded_food,"PECAN CEREAL YOGURT SMOOTHIE WITH PROBIOTICS, PECAN CEREAL"
939178,branded_food,"STRAWBERRY BANANA CEREAL YOGURT SMOOTHIE WITH PROBIOTICS, STRAWBERRY BANANA CEREAL"
939226,branded_food,"RASPBERRY CRUNCHY WHEAT & RICE FLAKES WITH REAL RASPBERRY PIECES CEREAL, RASPBERRY"
939228,branded_food,"BANANA CRUNCHY WHEAT & RICE FLAKES CEREAL WITH REAL BANANAS, BANANA"
939230,branded_food,"MAPLE FLAVORED HOMESTYLE WAFFLE CEREAL, MAPLE HOMESTYLE"
939234,branded_food,"MAPLE FLAVORED HOMESTYLE WAFFLE CEREAL, MAPLE"
939242,branded_food,"CEREAL MADE WITH BARLEY, WHOLE GRAIN WHEAT AND OATS WITH RAISINS, DATES AND ALMONDS"
939244,branded_food,"MARSHMALLOW FLAVORED CEREAL WITH MARSHMALLOWS, MARSHMALLOW"
939440,branded_food,"SWEETENED CHOCOLATE FLAVORED RICE CEREAL WITH REAL COCOA, SWEETENED, CHOCOLATE, REAL COCOA"
940576,branded_food,CEREAL OF CORN
940778,branded_food,"FARMERS MARKET MIX OAT-BASED CEREAL, FARMERS MARKET"
941362,branded_food,"SWEETENED RICE CEREAL, SWEETENED"
941432,branded_food,"ORIGINAL WHOLE GRAIN SHREDDED WHEAT CEREAL, ORIGINAL"
941456,branded_food,"BLUEBERRY FLAVORED FROSTED SHREDDED BITE SIZE WHEAT LIGHTLY SWEETENED WHOLE GRAIN CEREAL, BLUEBERRY"
941460,branded_food,"LIGHTLY SWEETENED STRAWBERRY FLAVORED WHOLE GRAIN FROSTED SHREDDED WHEAT CEREAL, STRAWBERRY"
941478,branded_food,"CINNAMON CRUNCH SQUARES CRISPY SWEETENED WHOLE WHEAT & RICE CEREAL, CINNAMON CRUNCH"
941480,branded_food,"WHOLE GRAIN WHEAT AND BRAN FLAKES CEREAL, BRAN FLAKES"
941486,branded_food,"SUGAR COOKIE CEREAL WITH MARSHMALLOWS, MARSHMALLOWS"
942032,branded_food,"ORGANIC KIDS FROSTED FLAKES SWEETENED CORN CEREAL, FROSTED FLAKES, SWEETENED"
942616,branded_food,"CRISPY RICE & WHEAT FLAKES WITH OAT & FRUIT CLUSTERS & YOGURT COATED CLUSTERS CEREAL, FRUIT & YOGURT"
942866,branded_food,"SWEETENED CORN & OAT CEREAL, SWEETENED"
943406,branded_food,"ORGANIC FROSTED CORN FLAKES CEREAL, FROSTED CORN FLAKES"
943440,branded_food,CORN FLAKES CEREAL
943478,branded_food,"FRUIT SWIRLS SWEETENED MULTIGRAIN CEREAL WITH NATURAL FRUIT FLAVOR, FRUIT SWIRLS"
943488,branded_food,"SWEETENED CORN & OAT CEREAL, SWEETENED, RED, WHITE & BLUE BERRIES"
943620,branded_food,"OATS & MORE, ALMONDS TOASTED MULTI-GRAIN CEREAL WITH ALMONDS & HONEY OAT CLUSTERS, ALMONDS"
943622,branded_food,"CRISP RICE TOASTED RICE CEREAL, CRISP RICE"
943712,branded_food,"SPOOKY MARSHMALLOWS NATURAL CHOCOLATE FLAVORED CEREAL, CHOCOLATE"
944092,branded_food,"RAISIN BRAN WHOLE GRAIN WHEAT CEREAL WITH RAISINS, RAISIN BRAN"
944094,branded_food,"WHOLE WHEAT & BRAN FLAKES CEREAL, WHOLE WHEAT"
944098,branded_food,"PURPLE SWEET POTATO GRANOLA ALL-IN-ONE CEREAL, PURPLE SWEET POTATO"
944818,branded_food,"CINNAMON FLAVORED CEREAL WITH MARSHMALLOWS, CINNAMON"
945274,branded_food,"APPLE CINNAMON OAT LOOPS TOASTED WHOLE GRAIN CEREAL, APPLE CINNAMON"
946182,branded_food,ANDEAN PUFFED CORN CEREAL
947162,branded_food,"BLUEBERRY MUFFIN TOASTERS CEREAL, BLUEBERRY"
947974,branded_food,"SWEETENED WHOLE GRAIN OAT CEREAL WITH REAL HONEY NUT CEREAL, HONEY NUT"
947980,branded_food,"FROSTED WHOLE GRAIN OAT CEREAL WITH MARSHMALLOWS, MARSHMALLOWS"
948482,branded_food,"BANANA OATMEAL & CHOCOLATE BREAKFAST SOFT BAKED TENDRES CEREAL BISCUIT, BANANA OATMEAL & CHOCOLATE"
948484,branded_food,"CRANBERRY ORANGE BREAKFAST CEREAL BISCUIT, CRANBERRY ORANGE"
948486,branded_food,"CRANBERRY ORANGE BREAKFAST CEREAL BISCUITS, CRANBERRY ORANGE"
948700,branded_food,"RAISIN BRAN CEREAL, RAISIN BRAN"
948716,branded_food,"COOKIE DOUGH FLAVORED CEREAL WITH MARSHMALLOWS, COOKIE DOUGH"
948720,branded_food,"CINNAMON TOASTERS CEREAL, CINNAMON"
948722,branded_food,"ORIGINAL PUFFINS CEREAL, ORIGINAL"
948724,branded_food,"COCOA DYNO-BITES CEREAL, COCOA DYNO-BITES"
948726,branded_food,"STRAWBERRY CEREAL, STRAWBERRIES"
949290,branded_food,"SWEETENED CEREAL WITH APPLE & CINNAMON, APPLE & CINNAMON"
949516,branded_food,"CREAMY! RICE HOT CEREAL, RICE HOT"
949874,branded_food,"TOASTED WHOLE GRAIN OAT CEREAL, TOASTED WHOLE GRAIN OAT"
950619,branded_food,"CRISPY HEXAGONS CRISPY CORN & RICE CEREAL, CRISPY HEXAGONS"
950621,branded_food,"TOASTED OATS TOASTED WHOLE GRAIN OAT CEREAL, TOASTED OATS"
950631,branded_food,"STRAWBERRY CREAM FROSTED SHREDDED WHEAT LIGHTLY SWEETENED WHOLE GRAIN WHEAT CEREAL, STRAWBERRY CREAM FROSTED SHREDDED WHEAT"
950873,branded_food,"MAPLE BROWN SUGAR WALNUT INSTANT TO-GO HOT CEREAL, MAPLE BROWN SUGAR WALNUT"
951481,branded_food,"HONEY & OATS TOASTED MULTI-GRAIN CEREAL WITH HONEY OAT CLUSTERS, HONEY & OATS"
951483,branded_food,"OATS & HONEY WITH STRAWBERRIES TOASTED MULTIGRAIN CEREAL WITH HONEY OAT CLUSTERS, OATS & HONEY WITH STRAWBERRIES"
951485,branded_food,"FRUIT FRENZY SWEETENED MULTI-GRAIN CEREAL, FRUIT FRENZY"
951487,branded_food,"HONEY & OATS WITH ALMONDS TOASTED MULTI-GRAIN CEREAL WITH ALMONDS & HONEY OAT CLUSTERS, HONEY & OATS WITH ALMONDS"
951489,branded_food,"APPLE LOONS SWEETENED MULTI-GRAIN CEREAL, APPLE LOONS"
951531,branded_food,"SWEETENED WHEATFULS LIGHTLY SWEETENED WHOLE GRAIN WHEAT CEREAL, SWEETENED WHEATFULS"
951755,branded_food,"CINNAMON CRUNCH SNACKIMALS CEREAL, CINNAMON CRUNCH"
951863,branded_food,"RAISIN BRAN CEREAL, RAISIN BRAN"
951865,branded_food,"HONEY NUT TOASTED OATS SWEETENED TOASTED OAT CEREAL WITH REAL HONEY AND NATURAL ALMOND FLAVOR, HONEY NUT TOASTED OATS"
951961,branded_food,"WHEAT FLAKES CRISPY WHOLE WHEAT CEREAL, WHEAT FLAKES"
951963,branded_food,"APPLE CINNAMON TOASTED OATS SWEETENED TOASTED OAT CEREAL, APPLE CINNAMON TOASTED OATS"
951993,branded_food,"MAPLE BROWN SUGAR MULTIGRAIN CEREAL, MAPLE BROWN SUGAR"
952349,branded_food,"OAT BLENDERS HONEY CEREAL, OAT BLENDERS CEREAL"
952371,branded_food,"TOASTED OAT CEREAL, HONEY NUT"
952375,branded_food,"OATS & HONEY BLEND CORN AND WHOLE WHEAT FLAKE CEREAL, OATS & HONEY BLEND"
952491,branded_food,"TOASTED OATS ANTIOXIDANTS WHOLE GRAIN CEREAL, TOASTED OATS"
952661,branded_food,"PINEAPPLE & CEREAL PROBIOTIC LOWFAT YOGURT, PINEAPPLE & CEREAL"
953171,branded_food,"HONEY NUT O'S ORGANIC CEREAL, HONEY NUT O'S"
953173,branded_food,"BLUEBERRY WHEATFULS LIGHTLY SWEETENED WHOLE WHEAT CEREAL, BLUEBERRY WHEATFULS"
953175,branded_food,"MALLOW SWEETENED WHOLE GRAIN OAT CEREAL WITH MARSHMALLOW PIECES, MALLOW OATS"
953193,branded_food,"COCOA DYNO- BITES CEREAL, COCOA DYNO- BITES"
953197,branded_food,"SWEETENED MULTIGRAIN CEREAL, SWEETENED MULTIGRAIN CEREAL"
953199,branded_food,"TOASTED WHEATFULS WHOLE GRAIN WHEAT CEREAL, TOASTED WHEATFULS"
953233,branded_food,"ORGANIC CRUNCHY HONEY CEREAL, CRUNCHY HONEY"
953235,branded_food,"ORGANIC CHOCOLATE CHOCO CHIMPS CEREAL, CHOCOLATE"
953473,branded_food,"ORIGINAL SPROUTED CRUNCHY CEREAL, ORIGINAL"
953475,branded_food,"CINNAMON RAISIN SPROUTED CRUNCHY CEREAL, CINNAMON RAISIN"
953477,branded_food,"ALMOND SPROUTED CRUNCHY CEREAL, ALMOND"
953479,branded_food,"GOLDEN FLAX SPROUTED CRUNCHY CEREAL, GOLDEN FLAX"
1848536,branded_food,Cinnamon Chex Cereal
953633,branded_food,"HONEY RICE CEREAL, HONEY RICE"
953721,branded_food,MULTIGRAIN CEREAL
953723,branded_food,"PEANUT BUTTER CEREAL, PEANUT BUTTER"
1848549,branded_food,Cascadian Farm Organic Honey Nut O's Breakfast Cereal
954035,branded_food,"COCOA CRUNCH CEREAL, COCOA CRUNCH"
955455,branded_food,"STRAWBERRY COBBLER CEREAL BARS, STRAWBERRY COBBLER"
955501,branded_food,SHREDDED WHEAT CEREAL
955503,branded_food,ORGANIC BROWN RICE CRISPS CEREAL
955505,branded_food,"ORIGINAL CEREAL, ORIGINAL"
955507,branded_food,"SPARTAN, CEREAL, CRANBERRY ALMOND, CRANBERRY ALMOND"
955509,branded_food,"BLUEBERRY MORNING CEREAL, BLUEBERRY MORNING"
955959,branded_food,"HONEY NUT TOASTY O'S SWEETENED WHOLE GRAIN OAT CEREAL WITH REAL HONEY, HONEY NUT TOASTY O'S"
955963,branded_food,"SWEETENED WHEATFULS LIGHTLY SWEETENED WHOLE GRAIN WHEAT CEREAL, SWEETENED WHEATFULS"
1848580,branded_food,Sugar Cookie Toast Crunch Cereal
956153,branded_food,"HONEY CEREAL, HONEY"
956155,branded_food,"TOASTED RICE CRISPS CEREAL, TOASTED RICE"
956157,branded_food,"SWEETENED FROSTED FLAKES OF CORN CEREAL, SWEETENED"
956317,branded_food,"BLUEBERRY COBBLER CEREAL BARS, BLUEBERRY COBBLER"
956607,branded_food,"TOASTED CINNAMON SQUARES SWEETENED WHOLE WHEAT AND RICE CEREAL WITH CINNAMON, TOASTED CINNAMON SQUARES"
957035,branded_food,"SWEETENED CORN & OAT CEREAL, BERRY"
957047,branded_food,"BERRY COLOSSAL CRUNCH WITH MARSHMALLOWS CEREAL, BERRY COLOSSAL CRUNCH"
957049,branded_food,"BERRY COLOSSAL CRUNCH WITH MARSHMALLOWS CEREAL, BERRY COLOSSAL CRUNCH"
957051,branded_food,"BERRY COLOSSAL CRUNCH CEREAL, BERRY COLOSSAL CRUNCH"
957053,branded_food,"BERRY COLOSSAL CRUNCH CEREAL, BERRY COLOSSAL CRUNCH"
957055,branded_food,"COCOA DYNO-BITES CEREAL, COCOA DYNO-BITES"
957057,branded_food,"COCOA DYNO-BITES CEREAL, COCOA DYNO-BITES"
957059,branded_food,"COCOA DYNO-BITES CEREAL, COCOA DYNO-BITES"
957061,branded_food,"CINNAMON TOASTERS CEREAL, CINNAMON TOASTERS"
957063,branded_food,"S'MORES CEREAL, S'MORES"
957065,branded_food,"HONEY & ALMONDS FLAVORED CEREAL, HONEY & ALMONDS"
957067,branded_food,"BERRY COLOSSAL CRUNCH CEREAL, BERRY COLOSSAL CRUNCH"
957069,branded_food,"COCOA DYNO-BITES CEREAL, COCOA DYNO-BITES"
957071,branded_food,"COCO ROOS CEREAL, COCO ROOS"
957073,branded_food,"TOOTIE FRUITIES FLAVORED CEREAL, TOOTIE FRUITIES"
957075,branded_food,"TOOTIE FRUITIES CEREAL, TOOTIE FRUITIES"
957077,branded_food,"FRUITY DYNO-BITES WITH MARSHMALLOWS CEREAL, FRUITY DYNO-BITES WITH MARSHMALLOWS"
957079,branded_food,"STRAWBERRY CREAM CEREAL, STRAWBERRY CREAM"
957081,branded_food,"FROSTED CEREAL, FROSTED"
957083,branded_food,"BLUEBERRY CEREAL, BLUEBERRY"
957085,branded_food,"HONEY NUT SCOOTERS CEREAL, HONEY NUT SCOOTERS"
957087,branded_food,"CEREAL, HONEY NUT"
957091,branded_food,"CINNAMON TOASTERS CEREAL, CINNAMON TOASTERS"
957093,branded_food,"CRISPY RICE CEREAL, CRISPY RICE"
957095,branded_food,"COCO ROOS CEREAL, COCO ROOS"
957097,branded_food,"CRISPY RICE CEREAL, CRISPY RICE"
957099,branded_food,"TOOTIE FRUITIES CEREAL, TOOTIE FRUITIES"
957101,branded_food,"TOOTIE FRUITIES CEREAL, TOOTIE FRUITIES"
957103,branded_food,GLUTEN FREE CEREAL
957105,branded_food,"FRUITY DYNO-BITES CEREAL, FRUITY DYNO-BITES"
957107,branded_food,FROSTED CEREAL
957109,branded_food,MINI SPOONERS FROSTED CEREAL
957111,branded_food,"FROSTED MINI SPOONERS CEREAL, FROSTED MINI SPOONERS"
957113,branded_food,FROSTED MINI SPOONERS CEREAL
957117,branded_food,"HONEY & ALMONDS CEREAL, HONEY & ALMONDS"
957121,branded_food,"HONEY BUZZERS CEREAL, HONEY BUZZERS"
957123,branded_food,"HONEY BUZZERS CEREAL, HONEY BUZZERS"
957125,branded_food,"HONEY OAT BLENDERS CEREAL, HONEY"
957127,branded_food,"HONEYH CEREAL, HONEY"
957129,branded_food,"RAISIN BRAN CEREAL, RAISIN BRAN"
957133,branded_food,CEREAL
957135,branded_food,"LIGHTLY SWEETENED TOASTED WHOLE GRAIN OAT CEREAL, LIGHTLY SWEETENED TOASTED WHOLE GRAIN OAT CEREAL"
957141,branded_food,"APPLE ZINGS CEREAL, APPLE ZINGS"
957143,branded_food,"APPLE ZINGS CEREAL, APPLE ZINGS"
957147,branded_food,"BERRY COLOSSAL CRUNCH CEREAL, BERRY COLOSSAL CRUNCH"
957149,branded_food,"BERRY COLOSSAL CRUNCH CEREAL, BERRY COLOSSAL CRUNCH"
957151,branded_food,"BERRY COLOSSAL CRUNCH CEREAL, BERRY COLOSSAL CRUNCH"
957153,branded_food,"BERRY COLOSSAL CRUNCH CEREAL, BERRY COLOSSAL CRUNCH"
957155,branded_food,"SWEETENED NATURALLY & ARTIFICIALLY CHOCOLATE FLAVORED RICE CEREAL WITH REAL COCOA, CHOCOLATE, CHOCOLATE"
957157,branded_food,"SWEETENED CORN & OAT CEREAL WITH REAL COCOA, SWEETENED CORN & OAT CEREAL WITH REAL COCOA"
957159,branded_food,"CINNAMON TOASTERS CEREAL, CINNAMON TOASTERS"
957161,branded_food,"COCO ROOS CEREAL, COCO ROOS"
957167,branded_food,"TOOTIES FRUITIES CEREAL, TOOTIE FRUITIES"
957169,branded_food,"FRUITY DYNO-BITES CEREAL, FRUITY"
957171,branded_food,"CEREAL, STRAWBERRY CREAM"
957173,branded_food,"MADAGASCAR, S'MORES JUNGLE PARTY HONEY GRAHAM, COCOA PUFF AND MARSHMALLOW CEREAL, S'MORES JUNGLE PARTY"
957177,branded_food,"HONEY GRAHAM TOASTERS CEREAL, HONEY GRAHAM TOASTERS"
957179,branded_food,"THE CREAMY HOT CEREAL WITH THE TASTY COCOA TREAT!, COCOA"
957181,branded_food,"MAPLE & BROWN SUGAR INSTANT MULTIGRAIN HOT CEREAL WITH FLAX, MAPLE & BROWN SUGAR"
957189,branded_food,"TOASTED CINNAMON SWEETENED WHOLE GRAIN WHEAT AND RICE SQUARES CEREAL  WITH CINNAMON, TOASTED CINNAMON"
957195,branded_food,"BARE OATS, BARLEY, WHEAT, QUINOA & RYE CATS, BARLEY. BARE, QUINOA & RYE INSTANT MULTIGRAIN HOT CEREAL WITH FLAX, BARE OATS, BARLEY, WHEAT, QUINOA & RYE"
957197,branded_food,"RAISIN BRAN CEREAL, RAISIN BRAN"
957201,branded_food,RAISIN BRAN CEREAL
957203,branded_food,CORN BURSTS CEREAL
957229,branded_food,"BERRY COLOSSAL CRUNCH CEREAL, BERRY COLOSSAL CRUNCH"
957231,branded_food,"COCOA DYNO-BITES CEREAL, COCOA DYNO-BITES"
957233,branded_food,"CINNAMON TOASTERS CEREAL, CINNAMON TOASTERS"
957235,branded_food,"COCO ROOS CEREAL, COCO ROOS"
957237,branded_food,"SWEETENED MULTI-GRAIN CEREAL, SWEETENED MULTI-GRAIN CEREAL"
957239,branded_food,"FRUITY CEREAL, FRUITY"
957241,branded_food,CEREAL
957243,branded_food,"FROSTED MINISPOONERS CEREAL, FROSTED"
957245,branded_food,FROSTED MINI SPOONERS CEREAL
957247,branded_food,FROSTED MINI SPOONERS CEREAL
957249,branded_food,"HONEY ALMOND CEREAL, HONEY ALMOND"
957251,branded_food,"HONEY ALMOND FLAVORED CEREAL, HONEY ALMOND"
957253,branded_food,"HONEY NUT SCOOTERS CEREAL, HONEY NUT"
957255,branded_food,"HONEY OAT BLENDERS CEREAL, HONEY OAT BLENDERS"
957257,branded_food,LIGHT SWEETENED CORN & WHOLE WHEAT FLAKE CEREAL WITH GRANOLA WITH HONEY
957259,branded_food,"ORIGINAL ENRICHED CREAMY HOT WHEAT CEREAL, ORIGINAL"
957261,branded_food,"ORIGINAL QUICK COOKING HOT WHEAT CEREAL, ORIGINAL"
957265,branded_food,ALPHA BITS CEREAL
957267,branded_food,SWEETENED RICE CEREAL
957269,branded_food,SWEETENED RICE CEREAL
957271,branded_food,SWEETENED RICE CEREAL
957273,branded_food,"SWEETENED RICE CEREAL NATURAL AND ARTIFICIAL FRUIT FLAVOR, FRUIT"
957275,branded_food,"FRUIT FLAVOR SWEETENED RICE CEREAL, FRUIT"
957277,branded_food,SWEETENED RICE CEREAL
957279,branded_food,"BIG REAL HONEY SWEETENED CORN & OAT CEREAL, BIG REAL HONEY, SWEETENED"
957281,branded_food,"CEREAL WITH ALMONDS, ALMONDS"
957283,branded_food,"CEREAL WITH ALMONDS, ALMONDS"
957285,branded_food,"WHOLE GRAIN WHEAT AND BRAN CEREAL, WHOLE GRAIN WHEAT AND BRAN"
957291,branded_food,"BANANA NUT CRUNCH FLAVORED CEREAL, BANANA NUT CRUNCH"
957293,branded_food,"CRANBERRY ALMOND CRUNCH FLAVORED CEREAL, CRANBERRY ALMOND CRUNCH"
957295,branded_food,"HONEY CRUNCH WHOLE GRAIN CEREAL, HONEY CRUNCH"
957297,branded_food,"WHOLE GRAIN WHEAT & BRAN CEREAL, WHOLE GRAIN WHEAT & BRAN"
957301,branded_food,"ALMOND CRUNCH CEREAL, ALMOND CRUNCH"
957303,branded_food,"CEREAL WITH VANILLA BUNCHES, VANILLA"
957305,branded_food,"STRAWBERRIES HONEY BUNCHES OF OATS CEREAL, STRAWBERRIES"
957307,branded_food,"CINNAMON BUNCHES WITH GRANOLA BUNCHES CEREAL, CINNAMON BUNCHES"
957309,branded_food,CEREAL
957311,branded_food,"WHEAT 'N BRAN CEREAL, WHEAT 'N BRAN"
957317,branded_food,SWEETENED RICE CEREAL WITH REAL COCOA
957319,branded_food,SWEETENED RICE CEREAL NATURAL AND ARTIFICIAL FLAVORS
957321,branded_food,SWEETENED RICE CEREAL
957331,branded_food,SWEETENED RICE CEREAL WITH REAL COCOA
957333,branded_food,"SWEETENED RICE CEREAL WITH MARSHMALLOWS, SWEETENED"
957335,branded_food,"HONEY CEREAL, HONEY"
957337,branded_food,"CHOCOLATE QUICK COOKING HOT WHEAT CEREAL, CHOCOLATE"
957339,branded_food,"CHOCOLATE QUICK COOKING HOT WHEAT CEREAL, CHOCOLATE"
957341,branded_food,"MAPLE & BROWN SUGAR CEREAL, MAPLE & BROWN SUGAR"
957343,branded_food,CEREAL WITH SWEET CINNAMON BUNCHES
957347,branded_food,"HONEY ROASTED BUNCHES OF OATS CEREAL, HONEY ROASTED"
957349,branded_food,"CEREAL WITH ALMONDS, ALMONDS"
957351,branded_food,"HONEY ROASTED CEREAL, HONEY ROASTED"
957357,branded_food,GOLDEN PUFFS CEREAL
958361,branded_food,"BENEFIT NUTRITION, SIMPLY FIBER, ALL NATURAL CRUNCHY O'S CEREAL"
1848643,branded_food,Churros Cinnamon Toast Crunch Cereal
1848652,branded_food,Churros Cinnamon Toast Crunch Cereal2 Pack
959485,branded_food,"RAISIN BRAN CRUNCHY WHEAT FLAKES CEREAL WITH RAISINS, RAISIN BRAN"
959499,branded_food,"BERRY CRUNCH SWEETENED MULTI-GRAIN CEREAL, BERRY CRUNCH"
959625,branded_food,"POCONO, CREAM OF BUCKWHEAT, 100% ORGANIC CEREAL"
959693,branded_food,"SIMPLE TRUE ORGANIC, CEREAL TOASTED OATS"
959725,branded_food,"ALMOND SPROUTED FLOURLESS FLAKE CEREAL, ALMOND"
959727,branded_food,"FLAX + CHIA SPROUTED FLOURLESS FLAKE CEREAL, FLAX + CHIA"
959729,branded_food,"EZEKIEL 4:9 RAISIN SPROUTED FLOURLESS FLAKE CEREAL, RAISIN"
959847,branded_food,"OATS & HONEY BLEND CORN AND WHOLE WHEAT FLAKE CEREAL WITH NATURALLY HONEY FLAVORED CLUSTERS, OATS & HONEY BLEND"
960569,branded_food,"TOASTED OATS CEREAL, TOASTED OATS"
960599,branded_food,"APPLE COBBLER CEREAL BARS, APPLE COBBLER"
961819,branded_food,"PB BLASTS GOLDEN, LIGHTLY TOASTED CEREAL MADE WITH REAL ORGANIC PEANUT BUTTER, PB BLASTS"
961831,branded_food,GRANOLA CEREAL WITH FRUIT
962871,branded_food,"CINNAMON SUGAR HOT CEREAL, CINNAMON SUGAR"
962907,branded_food,"MIXED BERRY INSTANT TO-GO HOT CEREAL, MIXED BERRY"
966313,branded_food,"BRAN FLAKES CEREAL, BRAN FLAKES"
966315,branded_food,"HONEY NUT TOASTED OATS CEREAL, HONEY NUT"
966325,branded_food,"RAISIN BRAN CRUNCHY WHEAT FLAKES CEREAL WITH RAISINS, RAISIN BRAN"
966373,branded_food,KARIOT NOUGAT CREME FILLED CEREAL
966499,branded_food,"CORN FLAKES CEREAL, CORN FLAKES"
966501,branded_food,"BRAN FLAKES WHOLE GRAIN WHEAT & WHEAT BRAN CEREAL, BRAN FLAKES"
966641,branded_food,"SWEETENED OAT CEREAL WITH MARSHMALLOWS, MARSHMALLOWS"
966843,branded_food,"HONEY GRAHAM TOASTER CEREAL, HONEY GRAHAM"
966849,branded_food,"BERRY FLAVORED COLOSSAL CRUNCH CEREAL, BERRY"
966851,branded_food,MINI SPOONERS FROSTED CEREAL
966853,branded_food,"HONEY NUT SCOOTERS CEREAL, HONEY NUT SCOOTERS"
966857,branded_food,"FRUITY DYNO-BITES CEREAL, FRUITY DYNO-BITES"
966859,branded_food,"TOOTIE FRUITIES FLAVORED CEREAL, TOOTIE FRUITIES"
966863,branded_food,"COCOA DYNO-BITES CEREAL, COCOA DYNO-BITES"
966865,branded_food,"TOASTED WHEATFULS WHOLE GRAIN WHEAT CEREAL, TOASTED WHEATFULS"
966975,branded_food,ORGANIC WHOLE GRAIN CEREAL
967003,branded_food,"CORN BISCUITS TOASTED CORN CEREAL, CORN BISCUITS"
967005,branded_food,"CRISPY RICE TOASTED RICE CEREAL, CRISPY RICE"
967007,branded_food,"RICE BISCUITS TOASTED RICE CEREAL, RICE BISCUITS"
967097,branded_food,"MARSHMALLOW TREASURES, FROSTED WHOLE GRAIN OAT CEREAL WITH MARSHMALLOWS, MARSHMALLOW"
967177,branded_food,"BALANCED LIVING, CINNAMON MULTIGRAIN CEREAL, CINNAMON"
1848828,branded_food,Annie's Organic Cinnabunnies Cereal
967233,branded_food,"CINNAMON CRUNCH SWEETENED WHEAT AND RICE CEREAL, CINNAMON"
967927,branded_food,"SWEETENED RICE CEREAL WITH CINNAMON, CINNAMON"
967929,branded_food,"HONEY ROASTED CEREAL, HONEY"
967931,branded_food,"FRENCH TOASTERS CEREAL, FRENCH TOASTERS"
967933,branded_food,"CEREAL WITH ALMONDS, ALMONDS"
967937,branded_food,"HONEY ROASTED CEREAL, HONEY ROASTED"
967939,branded_food,"PECAN & MAPLE BROWN SUGAR CEREAL, PECAN & MAPLE BROWN SUGAR"
967941,branded_food,"COOKIES & CREAM CEREAL, COOKIES & CREAM"
967969,branded_food,"ALL AROUND GOODNESS CEREAL, MAPLE SYRUP"
967977,branded_food,"ANCIENT GRAIN GRANOLA + PUFFS CEREAL., PUMPKIN CINNAMON"
970195,branded_food,"HOKUS POKUS SWEETENED TOASTED OAT CEREAL WITH MARSHMALLOWS, HOKUS POKUS"
970197,branded_food,"HONEY NUT TOASTED OATS SWEETENED TOASTED OAT CEREAL WITH HONEY & ALMONDS, HONEY NUT TOASTED OATS"
970199,branded_food,"FRUIT FRENZY SWEETENED MULTI-GRAIN CEREAL, FRUIT FRENZY"
970207,branded_food,"VERY BERRY CRUNCH SWEETENED CORN AND OAT CEREAL, VERY BERRY CRUNCH"
970215,branded_food,"CORN FLAKES TOASTED CORN FLAKES CEREAL, CORN FLAKES"
970217,branded_food,"CINN-AMAZING CRUNCH SWEETENED WHEAT & RICE CEREAL, CINN-AMAZING CRUNCH"
970223,branded_food,"CINN-AMAZING CRUNCH SWEETENED WHEAT & RICE CEREAL, SWEETENED"
1849006,branded_food,Cascadian Farm Organic Fruitful O's Breakfast Cereal
1849008,branded_food,Cascadian Farm Organic Berry Vanilla Puffs Gluten Free Breakfast Cereal
1849009,branded_food,Cookie Crisp Cereal
1849010,branded_food,Chocolate Lucky Charms Cereal
1849012,branded_food,Cascadian Farm Organic Berry Vanilla Puffs Cereal
971393,branded_food,"MIXED FRUIT FRUIT & GRAIN LOW FAT CEREAL BARS, MIXED FRUIT"
971445,branded_food,"BLUEBERRY FRUIT & GRAIN LOW FAT CEREAL BARS, BLUEBERRY"
971501,branded_food,"STRAWBERRY FLAVORED FRUIT & GRAIN LOW FAT CEREAL BARS, STRAWBERRY"
1849016,branded_food,Cookie Crisp Cereal
1849023,branded_food,French Toast Crunch Cereal
973203,branded_food,"BERRY CRISP CRUNCH SWEETENED CORN & OAT CEREAL, BERRY"
1849045,branded_food,Peanut Butter Chex Gluten Free Breakfast Cereal
973851,branded_food,"ORGANIC CORN FLAKES CEREAL, CORN FLAKES"
973887,branded_food,"FRUITY PEBBLES TREATS MARSHMALLOW CEREAL BARS, FRUITY PEBBLES MARSHMALLOW"
1849053,branded_food,Trix Cereal
1849054,branded_food,Cascadian Farm Organic Graham Crunch Breakfast Cereal
973977,branded_food,"VANILLA BLAST ORGANIC CEREAL, VANILLA BLAST"
1849059,branded_food,Cascadian Farm Organic Honey Vanilla Crunch Gluten Free Breakfast Cereal
1849060,branded_food,Cascadian Farm Organic Cinnamon Crunch Breakfast Cereal
975259,branded_food,"MIXED BERRY FRUIT & GRAIN CEREAL BARS, MIXED BERRY"
976441,branded_food,FROSTED WHOLE GRAIN OAT CEREAL
980377,branded_food,"CRISPY SWEETENED CORN CEREAL, CINNAMON & SYRUP"
980465,branded_food,"FROZEN, CEREAL"
980495,branded_food,"CORN FLAKES CEREAL, CORN"
980523,branded_food,"CINNAMON SWIRL BITES SWEETENED WHOLE WHEAT & RICE CEREAL WITH CINNAMON, CINNAMON SWIRL"
980531,branded_food,"BALANCED LIVING, ORIGINAL MULTIGRAIN CEREAL, ORIGINAL"
980533,branded_food,"FIBER NUTS, WHOLE GRAIN WHEAT & BARLEY CEREAL, WHOLE GRAIN"
980727,branded_food,"HONEY BUNCHES WITH ALMONDS CEREAL, HONEY BUNCHES WITH ALMONDS"
981297,branded_food,"CORN CEREAL, CINNAMON"
981349,branded_food,"HONEY PUFFED WHEAT SWEETENED PUFFED WHEAT CEREAL, HONEY PUFFED WHEAT"
981351,branded_food,"RAISIN BRAN WHOLE GRAIN WHEAT AND WHEAT BRAN WITH RAISINS CEREAL, RAISIN BRAN"
981353,branded_food,"FROSTED FLAKES SWEETENED CORN CEREAL, FROSTED FLAKES"
981363,branded_food,"CRUNCHY CEREAL OATMEAL SQUARES WITH BROWN SUGAR, BROWN SUGAR"
983459,branded_food,"MAGIC STARS, SWEETENED OAT CEREAL WITH MARSHMALLOWS, MARSHMALLOWS"
983777,branded_food,"BERRY COLOSSAL CRUNCH CEREAL, BERRY COLOSSAL CRUNCH"
983779,branded_food,"MARSHMALLOW MATEYS CEREAL, MARSHMALLOW MATEYS"
983781,branded_food,"FRUITY DYNO- BITES CEREAL, FRUITY DYNO- BITES"
984909,branded_food,"LOW FAT BLUEBERRY FRUIT & GRAIN CEREAL BARS, BLUEBERRY"
985883,branded_food,"OLD FASHIONED 100% WHOLE GRAIN CEREAL OATS, OLD FASHIONED WHOLE GRAIN"
986003,branded_food,"APPLE CINNAMON FRUIT & GRAIN CEREAL BAR, APPLE CINNAMON"
986689,branded_food,"MIXED BERRY WITH REAL ALMONDS INSTANT HOT CEREAL, MIXED BERRY WITH REAL ALMONDS"
986895,branded_food,"ORIGINAL ENRICHED CREAMY HOT WHEAT CEREAL, ORIGINAL"
987795,branded_food,"SWEETENED MULTIGRAIN CEREAL, NATURAL FRUIT"
987855,branded_food,"CEREAL, FROSTED CINNAMON ROLL, VANILLA"
987927,branded_food,"FROSTED S'MORES BITES CEREAL, CHOCOLATE CHIPS"
988921,branded_food,"KASHI, HONEY-KISSED SEVEN WHOLE GRAIN CEREAL SQUARES, HONEY SUNSHINE, HONEY SUNSHINE"
989411,branded_food,FROSTED TOASTED OAT CEREAL WITH MARSHMALLOWS
989443,branded_food,"CRISPY, SWEETENED WHOLE WHEAT AND RICE CEREAL, CINNAMON"
989445,branded_food,"CRISPY, SWEETENED WHOLE WHEAT AND RICE CEREAL"
989447,branded_food,FROSTED TOASTED OAT CEREAL WITH MARSHMALLOWS
989459,branded_food,"CRISPY, SWEETENED WHOLE WHEAT & RICE CEREAL"
989467,branded_food,"CEREAL, CHOCOLATE STRAWBERRY"
989477,branded_food,"SWEETENED WHOLE GRAIN CORN AND OAT CEREAL, FRUITY"
989543,branded_food,"GENERAL MILLS, COOKIE CRISP SWEETENED CEREAL"
989579,branded_food,CEREAL
989585,branded_food,"CEREAL, FROSTED FLAKES"
989587,branded_food,"VANILLA ALMOND CEREAL, VANILLA ALMOND"
989601,branded_food,"HONEY ROASTED CEREAL, HONEY ROASTED"
991109,branded_food,"ORIGINAL MULTIGRAIN CEREAL, ORIGINAL"
992571,branded_food,"7 WHOLE GRAIN HONEY PUFFS CEREAL, 7 WHOLE GRAIN HONEY"
992711,branded_food,"STRAWBERRY CRUNCHY RICE & WHEAT FLAKES WITH CHOCOLATEY PIECES & STRAWBERRIES CEREAL, STRAWBERRY"
992821,branded_food,"KASHI, GOLEAN, CREAMY INSTANT HOT CEREAL"
993633,branded_food,FROSTED TOASTED OAT CEREAL WITH MARSHMALLOWS
993979,branded_food,"GO DIEGO GO LIGHTLY SWEETENED CORN PUFFS CEREAL, HONEY"
994063,branded_food,"GENERAL MILLS, LIGHTLY SWEETENED OAT CEREAL, CHERRIOS + ANCIENT GRAIN, CHERRIOS + ANCIENT GRAIN"
994065,branded_food,"GENERAL MILLS, CHEERIOS, OAT CEREAL"
994069,branded_food,"GENERAL MILLS, CHEX, CLUSTERS CEREAL, FRUIT & OATS, FRUIT & OATS"
994129,branded_food,"GENERAL MILLS, CHEX, SWEETENED RICE CEREAL, APPLE CINNAMON, APPLE CINNAMON"
994131,branded_food,"GENERAL MILLS, TOAST CRUNCH, PEANUT BUTTER SWEETENED SQUARES CEREAL, PEANUT BUTTER, PEANUT BUTTER"
994485,branded_food,HOT CEREAL
994487,branded_food,"CRISPY, SWEETENED CORN CEREAL, FRENCH TOAST CRUNCH"
994491,branded_food,NATURALLY FLAVORED SWEETENED CEREAL
994509,branded_food,FROSTED TOASTED OAT CEREAL WITH MARSHMALLOWS
994513,branded_food,"GENERAL MILLS, CHEERIOS, MULTI GRAIN CEREAL, DARK CHOCOLATE CRUNCH, DARK CHOCOLATE CRUNCH"
994519,branded_food,"SWEETENED WHOLE MULTI GRAIN CEREAL WITH REAL PEANUT BUTTER, PEANUT BUTTER"
994525,branded_food,"FIBER ONE, PROTEIN - SWEETENED GRANOLA CEREAL, CRANBERRY ALMOND, CRANBERRY ALMOND"
994527,branded_food,"FIBER ONE, PROTEIN - SWEETENED GRANOLA CEREAL, MAPLE BROWN SUGAR, MAPLE BROWN SUGAR"
994777,branded_food,TOASTED WHOLE GRAIN OAT CEREAL
994911,branded_food,FROSTED WHOLE GRAIN OAT CEREAL
995001,branded_food,HOT CEREAL
995003,branded_food,FROSTED TOASTED OAT CEREAL WITH MARSHMALLOWS
995005,branded_food,CHOCOLATEY WHOLE GRAIN CEREAL WITH MARSHMALLOWS
995711,branded_food,NATURALLY FLAVORED SWEETENED CEREAL
996321,branded_food,"GENERAL MILLS, MINIONS, WHEAT & RICE CEREAL, BANANA BERRY, BANANA BERRY"
996995,branded_food,"CREPES TO GO! CARAMEL FILLED WITH CRISPY CEREAL BALLS, CARAMEL"
996999,branded_food,"CHOCOLATE HAZELNUT FILLED WITH CRISPY CEREAL BALLS, CHOCOLATE HAZELNUT"
997139,branded_food,"CINNAMON TOAST CRUNCH, TREATS, MILK'N CEREAL BARS"
997163,branded_food,"SWEETENED RICE CEREAL, VANILLA"
997217,branded_food,"ORIGINAL FLAVOR INSTANT HOT CEREAL, ORIGINAL"
997329,branded_food,"GENERAL MILLS, REESE'S PUFFS, PEANUT BUTTER AND COCOA CEREAL BARS"
997547,branded_food,"CEREAL, CHOCOLATE"
997549,branded_food,"GENERAL MILLS, WHOLE GRAIN OAT CEREAL, HONEY, HONEY"
997551,branded_food,"GENERAL MILLS, CINNAMON TOAST CRUNCH, CRISPY, SWEETENED WHOLE WHEAT & RICE CEREAL"
997553,branded_food,LIGHTLY SWEETENED MULTI GRAIN CEREAL
997555,branded_food,FROSTED WHOLE GRAIN OAT & CORN CEREAL
997609,branded_food,"SPONGEBOB SQUAREPANTS CEREAL, FRUITY SPLASH"
997765,branded_food,LIGHTLY SWEETENED CEREAL
997769,branded_food,TOASTED WHOLE GRAIN OAT CEREAL
997881,branded_food,"GENERAL MILLS, LUCKY CHARMS, FROSTED TOASTED OAT CEREAL WITH MARSHMALLOWS"
997913,branded_food,"MARSHMALLOW MATEYS CEREAL, MARSHMALLOW MATEYS"
997915,branded_food,"MARSHMALLOW MATEYS CEREAL, MARSHMALLOW"
997917,branded_food,"MARSHMALLOW MATEYS CEREAL, MARSHMALLOW MATEYS"
997919,branded_food,"CHOCOLATE MARSHMALLOW MATEYS CEREAL, CHOCOLATE"
997921,branded_food,"CHOCOLATE MARSHMALLOW MATEYS CEREAL, CHOCOLATE MARSHMALLOW MATEYS"
997923,branded_food,"FROSTED FLAKES CEREAL, FROSTED FLAKES"
997925,branded_food,"FROSTED FLAKES CEREAL, FROSTED FIGKES"
997927,branded_food,"FROSTED FLAKES CEREAL, FROSTED FLAKES"
997929,branded_food,FROSTED SHREDDED WHEAT WITH PROTEIN CEREAL
997931,branded_food,"SWEETENED WHOLE GRAIN OAT CEREAL WITH REAL HONEY, WHOLE GRAIN HONEY NUT TOASTED OATS"
997933,branded_food,"THE ORIGINAL CEREAL, ORIGINAL"
997935,branded_food,THE ORIGINAL CEREAL
997937,branded_food,"MARSHMALLOW MATEYS CEREAL, MARSHMALLOW MATEYS"
997939,branded_food,"FROSTED WHOLE GRAIN OAT CEREAL WITH MARSHMALLOWS, MARSHMALLOW"
997943,branded_food,"WHOLE GRAIN FROSTED SHREDDED WHEAT CEREAL, CHOCOLATE FROSTED SHREDDED WHEAT"
997945,branded_food,FROSTED FLAKES CEREAL
998113,branded_food,HOT CEREAL
998115,branded_food,HOT CEREAL
998117,branded_food,"MAPLE BROWN SUGAR INSTANT HOT CEREAL, MAPLE BROWN SUGAR"
998151,branded_food,"WHOLE GRAIN CORN & OAT CEREAL, CARAMEL"
999597,branded_food,"HOLIDAY SPRINKLES SWEETENED CEREAL, SWEETENED CEREAL"
999613,branded_food,GOLDEN GRAHAMS CEREAL
999617,branded_food,"CEREAL, CARAMEL CRUNCH"
999631,branded_food,FROSTED TOASTED OAT CEREAL WITH MIXED UP MARSHMALLOWS
999643,branded_food,"PROTEIN CEREAL, OATS & HONEY"
999657,branded_food,"CEREAL WITH SPOOKY-FUN MARSHMALLOWS, CHOCOLATEY"
999707,branded_food,"ORGANIC OAT, CORN, AND RICE CEREAL, COCOA BUNNIES"
999737,branded_food,CEREAL
999769,branded_food,"GENERAL MILLS, CINNAMON TOAST CRUNCH, MILK 'N CEREAL BARS, CINNAMON TOAST CRUNCH, CINNAMON TOAST CRUNCH"
999775,branded_food,FROSTED TOASTED OAT CEREAL WITH MARSHMALLOWS
999811,branded_food,"CHOCOLATEY WHOLE GRAIN CEREAL WITH MARSHMALLOWS, CHOCOLATE WITH MIXED-UP MARSHMALLOWS"
999819,branded_food,"ARTIFICIAL BERRY FLAVOR FROSTED CEREAL WITH MONSTER MARSHMALLOWS, BERRY"
999827,branded_food,CEREAL
999833,branded_food,SWEETENED CEREAL
999875,branded_food,MULTI GRAIN CHEERIOS + ANCIENT GRAINS CEREAL
999905,branded_food,"GENERAL MILLS, CHEERIOS, MILK 'N CEREAL BARS, HONE NUT, HONE NUT"
999917,branded_food,RAISIN OAT CLUSTERS CEREAL
999985,branded_food,"FROSTED CEREAL WITH SPOOKY-FUN MARSHMALLOWS, BERRY"
1000037,branded_food,LIGHTLY SWEETENED CEREAL
1000047,branded_food,"SWEETENED CORN PUFFS CEREALS, FRUIT"
1000085,branded_food,SWEETENED CORN AND RICE CEREAL
1000127,branded_food,HOT CEREAL
1000135,branded_food,"MINI SWEETENED TOAST-SHAPED CEREAL, STRAWBERRY"
1000145,branded_food,"GENERAL MILLS, FRENCH TOAST CRUNCH, CRISPY, SWEETENED CORN CEREAL, CINNAMON & SYRUP, CINNAMON & SYRUP"
1000159,branded_food,NATURALLY FLAVORED SWEETENED CEREAL
1000165,branded_food,"CEREAL, RAISIN BRAN CLUSTERS"
1000167,branded_food,"LIGHTLY SWEETENED CORN CEREAL, BERRY BERRY"
1000179,branded_food,"CEREAL, FRUITY"
1000211,branded_food,"STRAWBERRY FLAVOR FROSTED CEREAL WITH MONSTER MARSHMALLOWS, STRAWBERRY"
1000283,branded_food,"CHOCOLATEY CEREAL WITH MONSTER MARSHMALLOWS, CHOCOLATEY"
1000351,branded_food,HOT CEREAL
1000357,branded_food,"SWEETENED WHOLE GRAIN OAT CEREAL, HONEY NUT"
1000367,branded_food,LIGHTLY SWEETENED OAT & ANCIENT GRAIN CEREAL
1000377,branded_food,FROSTED TOASTED OAT CEREAL WITH MARSHMALLOWS
1000381,branded_food,"ORIGINAL BRAN CEREAL, ORIGINAL"
1000391,branded_food,"CREAM OF WHEAT, INSTANT HOT CEREAL, CINNABON, CINNABON"
1000411,branded_food,"MINI SWEETENED TOAST-SHAPED CEREAL, BLUEBERRY"
1000413,branded_food,"FROSTED CEREAL WITH SPOOKY-FUN MARSHMALLOWS, STRAWBERRY"
1000439,branded_food,CHOCOLATEY WHOLE GRAIN CEREAL WITH MARSHMALLOWS
1000461,branded_food,CEREAL
1000463,branded_food,FRUIT & OATS CEREAL
1000479,branded_food,HOT CEREAL
1000525,branded_food,CHOCOLATEY CEREAL BAR WITH SPOOKY-FUN MARSHMALLOWS
1000527,branded_food,"ORGANIC OAT, CORN, AND RICE CEREAL, BERRY"
1000715,branded_food,"SWEETENED WHOLE WHEAT & RICE CEREAL WITH CINNAMON BITES, CINNAMON"
1000723,branded_food,FRUITY DYNO- BITES CEREAL
1000743,branded_food,"CHOCOLATEY CHIP FLAVORED COOKIE BITES CEREAL, CHOCOLATEY CHIP"
1000783,branded_food,"RAISIN BRAN CEREAL, RAISIN BRAN"
1001141,branded_food,CEREAL
1001251,branded_food,"ANCIENT GRAIN GRANOLA + PUFFS CEREAL, CRANBERRY PECAN"
1001519,branded_food,"KOO-KIES SWEETENED CORN CEREAL, KOO-KIES"
1001833,branded_food,FROSTED FLAKES CEREAL
1001995,branded_food,O'S CEREAL
1002061,branded_food,"CEREAL CINNAMON TOASTERS, CEREAL"
1002251,branded_food,"CHOCOLATE FLAVORED SWEETENED RICE CEREAL WITH REAL COCOA, CHOCOLATE"
1002277,branded_food,"CINNAMON TOASTERS CEREAL, CINNAMON TOASTERS"
1002455,branded_food,CRISPY CEREAL STICK
1002571,branded_food,"BERRY BURST FLAVORED PROTEIN CEREAL, BERRY BURST"
1002985,branded_food,"APPLE ZINGS FLAVORED CEREAL, APPLE ZINGS"
1004103,branded_food,"FRUIT & YOGURT CRISPY RICE & WHEAT FLAKES CEREAL WITH OAT & FRUIT, FRUIT & YOGURT"
1005347,branded_food,"TOOTIE FRUITIES CEREAL, TOOTIE FRUITIES"
1005353,branded_food,"COCO ROOS CEREAL, COCO ROOS"
1005483,branded_food,"HONEY CRUNCH, SWEETENED CORN & OAT CEREAL, HONEY"
1005513,branded_food,"PEANUT BUTTER & COCOA BALLS SWEETENED ORGANIC CORN & WHOLE GRAIN OAT CEREAL WITH ORGANIC COCOA & THE DELICIOUS GOODNESS OF REAL ORGANIC PEANUT BUTTER, PEANUT BUTTER & COCOA BALLS"
1005853,branded_food,"MALTEX, HOT WHEAT CEREAL"
1005855,branded_food,"WHEATENA, WHOLE GRAIN TOASTED WHEAT CEREAL"
1006677,branded_food,"WHEAT & BRAN CEREAL WITH RAISINS & CRUNCHY GRANOLA, RAISIN BRAN"
1006757,branded_food,"CINNAMON TOASTERS CEREAL, CINNAMON TOASTERS"
1006785,branded_food,"CINNAMON TOASTERS CEREAL, CINNAMON TOASTERS"
1006787,branded_food,"CINNAMON TOASTERS CEREAL, CINNAMON TOASTERS"
1849536,branded_food,Golden Grahams Cereal
1007719,branded_food,"MARSHMALLOW MATEYS CEREAL, MARSHMALLOW MATEYS"
1007721,branded_food,"CRANBERRY VANILLA TRAIL MIX CRUNCH CEREAL, CRANBERRY VANILLA"
1007723,branded_food,"FROSTED SHREDDED WHEAT CEREAL, FROSTED SHREDDED WHEAT"
1007725,branded_food,"WITH ALMONDS CEREAL, ALMONDS"
1007727,branded_food,"CINNAMON TOASTERS CEREAL, CINNAMON TOASTERS"
1007729,branded_food,"DOUBLE CHOCOLATE CEREAL, DOUBLE CHOCOLATE"
1849537,branded_food,Multi Grain Cheerios Cereal 2 Pack
1007733,branded_food,"GOLDEN PUFFS CEREAL, GOLDEN PUFFS"
1007735,branded_food,"CRISPY CINNAMON RICE SWEETENED RICE CEREAL WITH REAL CINNAMON, CRISPY CINNAMON RICE"
1007737,branded_food,"HONEY CEREAL, HONEY"
1007739,branded_food,"CRISPY CINNAMON RICE SWEETENED RICE CEREAL WITH REAL CINNAMON, CRISPY CINNAMON RICE"
1007741,branded_food,"RAISIN BRAN WHOLE GRAIN WHEAT AND BRAN CEREAL WITH RAISINS, RAISIN BRAN"
1007743,branded_food,"TOOTIE FRUITIES CEREAL, TOOTIE FRUITIES"
1007745,branded_food,"COCONUT ALMOND CRUNCH CEREAL, COCONUT ALMOND CRUNCH"
1007747,branded_food,"RAISIN BRAN CEREAL, RAISIN BRAN"
1007749,branded_food,"TOOTIE FRUITIES CEREAL, TOOTIE FRUITIES"
1007751,branded_food,"BERRY COLOSSAL CRUNCH MARSHMALLOWS CEREAL, BERRY COLOSSAL CRUNCH"
1007753,branded_food,"HONEY NUT SCOOTERS CEREAL, HONEY NUT SCOOTERS"
1007755,branded_food,"SWEETENED RICE CEREAL WITH MARSHMALLOWS, SWEETENED RICE"
1007757,branded_food,"COCO ROOS CEREAL, COCO ROOS"
1007821,branded_food,"ORIGINAL FROSTED BITE SIZE LIGHTLY SWEETENED SHREDDED WHOLE GRAIN WHEAT CEREAL, ORIGINAL"
1007825,branded_food,"HONEY NUT TOASTY O'S SWEETENED WHOLE GRAIN OAT CEREAL WITH REAL HONEY, HONEY NUT TOASTY O'S"
1849538,branded_food,Trix and Cocoa Puffs Cereal
1849539,branded_food,Cocoa Puffs Cereal
1849540,branded_food,Lucky Charms Gluten Free Breakfast Cereal With Unicorn Marshmallows
1849541,branded_food,Multi Grain Cheerios Gluten Free Breakfast Cereal
1849542,branded_food,Wheaties Whole Grain Wheat Flakes Breakfast Cereal
1008213,branded_food,"CHOCOLATE MARSHMALLOW MATEYS CEREAL, CHOCOLATE MARSHMALLOW MATEYS"
1008215,branded_food,"APPLE ZINGS CEREAL, APPLE ZINGS"
1008217,branded_food,"S'MORES CEREAL, S'MORES"
1008219,branded_food,"TOOTIE FRUITIES WITH MARSHMALLOWS CEREAL, MARSHMALLOWS"
1008221,branded_food,"COOKIES & CREAM CEREAL, COOKIES & CREAM"
1849543,branded_food,Total Cereal
1849545,branded_food,Lucky Charms Cereal
1849546,branded_food,"Kid Cereal Triple Pack: Lucky Charms, Trix, Cocoa Puffs"
1849547,branded_food,Multi Grain Cheerios Gluten Free Breakfast Cereal
1849548,branded_food,Lucky Charms Gluten Free Breakfast Cereal Giant Size
1008999,branded_food,"CRUNCHY NUGGETS WHOLE GRAIN WHEAT AND BARLEY CEREAL, CRUNCHY NUGGETS"
1009013,branded_food,"TOASTED OATS CEREAL, TOASTED OATS"
1009203,branded_food,"COCOA RAGEOUS, CHOCOLATE FLAVORED SWEETENED RICE CEREAL WITH REAL COCOA, CHOCOLATE"
1849551,branded_food,Lucky Charms Frosted Flakes Cereal
1849552,branded_food,Limited Edition St Patrick's Day Lucky Charms Cereal
1849553,branded_food,Golden Grahams Cereal
1849555,branded_food,Corn Chex Gluten Free Breakfast Cereal
1009417,branded_food,"HONEY GRAHAM CRUNCH, HONEY GRAHAM CEREAL, HONEY GRAHAM"
1009539,branded_food,"CORN FLAKES CEREAL, CORN FLAKES"
1849560,branded_food,Cascadian Farm Organic Honey Vanilla Crunch Gluten Free Cereal
1849562,branded_food,Cocoa Puffs Cereal
1849563,branded_food,Cocoa Puffs Cereal
1849564,branded_food,Golden Grahams Cereal
1849565,branded_food,Rice Chex Gluten Free Breakfast Cereal
1009835,branded_food,"CRISPY COCOA RICE FLAVORED SWEETENED RICE CEREAL WITH REAL COCOA, CRISPY COCOA RICE"
1009843,branded_food,"BLUEBERRY WHEATFULS LIGHTLY SWEETENED WHOLE WHEAT CEREAL WITH NATURAL BLUEBERRY FLAVOR, BLUEBERRY WHEATFULS"
1009845,branded_food,"FROSTED SHREDDED WHEAT BITE SIZE LIGHTLY SWEETENED WHOLE GRAIN WHEAT CEREAL, FROSTED SHREDDED WHEAT"
1009849,branded_food,"SHREDDED WHEAT BITE SIZE SHREDDED WHOLE GRAIN WHEAT CEREAL, SHREDDED WHEAT"
1009851,branded_food,"FROSTED SHREDDED WHEAT BITE SIZE SWEETENED WHOLE GRAIN WHEAT CEREAL, FROSTED SHREDDED WHEAT"
1009853,branded_food,"HONEY NUT TOASTED OATS SWEETENED TOASTED OAT CEREAL WITH HONEY, HONEY NUT TOASTED OATS"
1849571,branded_food,Honey Nut Chex Cereal 2 Pack
1849572,branded_food,Honey Nut Chex Gluten Free Breakfast Cereal
1849573,branded_food,Kix Cereal
1849574,branded_food,Trix Fruit-Flavored Crispy Corn Puffs Whole Grain Breakfast Cereal
1849575,branded_food,Honey Nut Chex Cereal and Cinnamon Chex Cereal Double Pack
1849576,branded_food,Honey Kix Cereal
1010339,branded_food,100% WHOLE GRAIN CEREAL QUICK OATS
1010371,branded_food,TOASTED OAT CEREAL
1849701,branded_food,LOWFAT GRANOLA CEREAL WITH ALMOND
1849711,branded_food,"HONEY CRISPY BROWN RICE MIXED BERRIES 100% WHOLE GRAIN CEREAL, HONEY"
1010845,branded_food,"STRAWBERRY FRUIT & GRAIN CEREAL BARS, STRAWBERRY"
1010853,branded_food,"BLUEBERRY FRUIT & GRAIN CEREAL BARS, BLUEBERRY"
1010863,branded_food,"APPLE CINNAMON FRUIT & GRAIN CEREAL BARS, APPLE CINNAMON"
1011133,branded_food,"COCOA DYNO-BITES CEREAL, COCOA DYNO-BITES"
1011135,branded_food,WHOLE GRAIN WHEAT CEREAL
1011137,branded_food,SWEETENED RICE CEREAL
1011139,branded_food,"CRANBERRY ALMOND CRUNCH CEREAL, CRANBERRY"
1011251,branded_food,"RASPBERRY FRUIT & GRAIN CEREAL BARS, RASPBERRY"
1849889,branded_food,"HONEY NUT FLAVORED TOASTED OATS TOASTED OAT CEREAL, HONEY NUT TOASTED OATS"
1011751,branded_food,"CEREAL MADE WITH REAL PEANUT BUTTER, PEANUT BUTTER"
1011947,branded_food,"MIXED BERRY FRUIT & GRAIN CEREAL BARS, MIXED BERRY"
1012235,branded_food,"MAPLE BROWN SUGAR FLAVORED FROSTED BITE SIZE LIGHTLY SWEETENED SHREDDED WHOLE GRAIN WHEAT CEREAL, MAPLE BROWN SUGAR"
1849954,branded_food,"CLOVER VALLEY, SWEETENED MULTI-GRAIN CEREAL, FRUITY HOOPS, FRUITY HOOPS"
1013235,branded_food,"LOW FAT APPLE CINNAMON FRUIT & GRAIN CEREAL BARS, APPLE CINNAMON"
1014743,branded_food,"CHOCOLATEY WHOLE GRAIN CEREAL WITH MARSHMALLOWS, CHOCOLATE"
1014955,branded_food,"FROSTED CINNAMON OAT CEREAL WITH MARSHMALLOWS, CINNAMON VANILLA"
1015135,branded_food,TOASTED WHOLE GRAIN OAT CEREAL
1015285,branded_food,"SWEETENED MULTI-GRAIN CEREAL WITH FRUITY SHAPED MARSHMALLOWS, MARSHMALLOWS"
1015295,branded_food,"FROSTED CINNAMON OAT CEREAL WITH MARSHMALLOWS, CINNAMON VANILLA"
1015753,branded_food,"CRISPY, SWEETENED WHOLE WHEAT & RICE CEREAL, CINNAMON"
1015775,branded_food,"CEREAL WITH MONSTER MARSHMALLOWS, STRAWBERRY"
1015777,branded_food,"FROSTED CEREAL WITH MONSTER MARSHMALLOWS, BERRY"
1015855,branded_food,"SWEETENED WHOLE GRAIN OAT CEREAL, STRAWBERRY"
1849987,branded_food,COCOA BITES SWEETENED RICE CEREAL WITH REAL COCOA
1016745,branded_food,"ORIGINAL CEREAL, ORIGINAL"
1016787,branded_food,"FROSTED CHOCOLATE STRAWBERRY SHREDDED WHEAT CEREAL, FROSTED CHOCOLATE STRAWBERRY"
1016789,branded_food,"RAISIN BRAN CEREAL, RAISIN BRAN"
1016799,branded_food,"BANANA PUDDING CEREAL, BANANA PUDDING"
1016805,branded_food,"OUR STRAWBERRY BLONDE HONEY GRAHAM AND STRAWBERRY FLAVORED CEREAL WITH MARSHMALLOWS, OUR STRAWBERRY BLONDE"
1016993,branded_food,"MARSHMALLOW CEREAL BARS, CHOCOLATE WITH REAL COCOA"
1017165,branded_food,"STRAWBERRY FROSTED SHREDDED WHEAT CEREAL, STRAWBERRY"
1017223,branded_food,"CHOCOLATE FLAVOR WITH REAL COCOA MARSHMALLOW CEREAL TREATS BARS, CHOCOLATE"
1017627,branded_food,"CEREAL, GOLDEN TURMERIC"
1017853,branded_food,"FROSTED SHREDDED WHEAT BITE SIZE SWEETENED WHOLE GRAIN WHEAT CEREAL, FROSTED SHREDDED WHEAT"
1018227,branded_food,OREO O'S CEREAL
1018629,branded_food,"OUR STRAWBERRY BLONDE HONEY GRAHAM AND STRAWBERRY FLAVORED CEREAL WITH MARSHMALLOWS, HONEY GRAHAM AND STRAWBERRY"
1018665,branded_food,"TOASTED RICE BITE SIZE TOASTED RICE CEREAL, TOASTED RICE"
1018935,branded_food,"CRISP RICE TOASTED RICE CEREAL, CRISP RICE"
1019107,branded_food,"SWEETENED PUFFED WHEAT CEREAL, SWEETENED"
1850016,branded_food,"TOASTED OATS CEREAL, HONEY NUT"
1019281,branded_food,"CHOCOLATE CRISP ORGANIC CEREAL, CHOCOLATE CRISP"
1019351,branded_food,"PEANUT BUTTER & COCOA SWEETENED RICE CEREAL, PEANUT BUTTER & COCOA"
1019427,branded_food,"HONEY NUT TOASTED OATS SWEETENED TOASTED OAT CEREAL WITH HONEY & ALMONDS, HONEY NUT TOASTED OATS"
1019459,branded_food,"TOASTED FLAKES CEREAL HONEY OAT, HONEY OAT CLUSTERS & ALMONDS"
1019645,branded_food,PUFFED WHEAT CEREAL
1019671,branded_food,"TOASTED MULTI-GRAIN CEREAL WITH HONEY OAT CLUSTERS, HONEY OAT CLUSTERS"
1019681,branded_food,"FROSTED SHREDDED WHEAT ORIGINAL CEREAL, FROSTED SHREDDED WHEAT"
1019723,branded_food,"GOLDEN PUFFS CEREAL, GOLDEN PUFFS"
1019779,branded_food,"SWEETENED WHEAT PUFFS PUFFED WHEAT CEREAL, SWEETENED WHEAT PUFFS"
1019843,branded_food,"FROSTED COCOA SWEETENED CORN CEREAL, FROSTED COCOA"
1019879,branded_food,"FROSTED FLAKES SWEETENED CORN CEREAL, FROSTED FLAKES"
1019923,branded_food,"CRISPY, SWEETENED WHOLE WHEAT & RICE CEREAL, CINNAMON"
1019933,branded_food,"CEREAL, CHOCOLATE"
1019975,branded_food,"BIG REAL HONEY FLAVOR! SWEETENED CORN & OAT CEREAL, BIG REAL HONEY"
1020049,branded_food,"FROSTED WHEAT PUFFS SWEETENED PUFFED WHEAT CEREAL, FROSTED WHEAT PUFFS"
1020145,branded_food,"RICE CEREAL, CHOCOLATE"
1020193,branded_food,"APPLE LOONS SWEETENED MULTI-GRAIN CEREAL WITH REAL APPLES & CINNAMON, APPLE LOONS"
1020253,branded_food,"GOLDEN O'S CEREAL, GOLDEN"
1020257,branded_food,"BANANA PUDDING NILLA CEREAL, BANANA PUDDING"
1020465,branded_food,"COCOA CRUNCHIES SWEETENED CORN CEREAL, COCOA CRUNCHIES"
1020595,branded_food,"OREO O'S CEREAL, OREO O'S"
1020623,branded_food,"COCOA CRISP RICE SWEETENED RICE CEREAL, SWEETENED"
1020911,branded_food,"MULTIGRAIN TOASTED OATS SWEETENED CORN, WHEAT, OAT, BARLEY AND RICE CEREAL, MULTIGRAIN TOASTED OATS"
1021021,branded_food,"FROSTED SHREDDED WHEAT BITE SIZE SWEETENED WHOLE GRAIN WHEAT CEREAL, FROSTED SHREDDED WHEAT"
1021147,branded_food,"HOKUS POKUS SWEETENED OAT CEREAL WITH MARSHMALLOWS, HOKUS POKUS"
1021151,branded_food,"COCO LOCO A SWEETENED CORN CEREAL MADE WITH REAL COCOA, COCO LOCO"
1021417,branded_food,"HONEY BZZZZZ SWEETENED CORN & OAT CEREAL, HONEY BZZZZZ"
1021421,branded_food,"PB COCOA PLANETS SWEETENED CRUNCHY CORN CEREAL, PB COCOA PLANETS"
1850037,branded_food,"FROSTED SHREDDED LIGHTLY SWEETENED WHOLE WHEAT CEREAL, FROSTED SHREDDED WHEAT"
1021605,branded_food,SHREDDED WHEAT WHOLE GRAIN WHEAT CEREAL
1021627,branded_food,"STRAWBERRY FRUIT & GRAIN CEREAL BARS, STRAWBERRY"
1022193,branded_food,"COSMIC BERRY CRUNCH SWEETENED CORN & OAT CEREAL, COSMIC BERRY CRUNCH"
1022197,branded_food,"GOLDEN PUFFED WHEAT SWEETENED PUFFED WHEAT CEREAL, GOLDEN PUFFED WHEAT"
1023001,branded_food,"OATS & MORE, OVEN TOASTED SWEETENED MULTI-GRAIN CEREAL WITH HONEY, OVEN TOASTED HONEY"
1023235,branded_food,"FRUIT PUFFZ SWEETENED CORN CEREAL, FRUIT PUFFZ"
1023331,branded_food,"FARINA CREAMY WHEAT ENRICHED HOT WHEAT CEREAL, FARINA"
1023443,branded_food,"CLUSTERS OF OATS & HONEY CEREAL, CRUNCHY HONEY ROASTED"
1023957,branded_food,"CORN BURSTS CEREAL, CORNS BURSTS"
1024257,branded_food,"SWEETENED RICE CEREAL, SWEETENED"
1024561,branded_food,"HONEY ROASTED BUNCHES OF OATS CEREAL, HONEY ROASTED"
1024597,branded_food,"BANANA PUDDING CEREAL, BANANA"
1024603,branded_food,O'S CEREAL
1024683,branded_food,"MAGIC STARS, SWEETENED OAT CEREAL WITH REAL MARSHMALLOWS, MARSHMALLOWS"
1024819,branded_food,"COCOA CRISP RICE SWEETENED RICE CEREAL, COCOA CRISP RICE"
1024869,branded_food,"BLUEBERRY FRUIT & GRAIN CEREAL BARS, BLUEBERRY"
1024905,branded_food,"FROSTED SHREDDED WHEAT BITE SIZE CEREAL, FROSTED SHREDDED WHEAT"
1024909,branded_food,"FROSTED FRUIT ROLLS SWEETENED MULTI-GRAIN CEREAL WITH MARSHMALLOWS, FROSTED FRUIT ROLLS"
1024913,branded_food,"COCOA BURST SWEETENED CORN CEREAL WITH REAL COCOA, COCOA BURST"
1024915,branded_food,"HONEY NUT TOASTED OATS SWEETENED WHOLE GRAIN OAT CEREAL WITH REAL HONEY & ALMONDS, HONEY NUT TOASTED OATS"
1025319,branded_food,"TOASTED OATS CEREAL, TOASTED OATS"
1025331,branded_food,TOASTED OATS CEREAL
1025351,branded_food,"CRISP RICE TOASTED RICE CEREAL, CRISP RICE"
1850078,branded_food,"LEAN WAY A CRUNCHY BLEND OF FIBER TWIGS, SOY PROTEIN CRISPS & HONEY PUFFED WHEAT HIGH FIBER CEREAL, LEAN WAY"
1025501,branded_food,"HONEY GRAHAMS SWEETENED WHOLE GRAIN WHEAT AND CORN CEREAL, HONEY GRAHAMS"
1025743,branded_food,"ORIGINAL CHIPS AHOY! CEREAL, ORIGINAL"
1025771,branded_food,"OAT LOOPS WITH HONEY CEREAL, HONEY"
1025803,branded_food,"PEANUT BUTTER CHOCO DOTS CEREAL, PEANUT BUTTER CHOCO DOTS"
1025915,branded_food,"S'MORES CEREAL, S'MORES"
1026013,branded_food,"STRAWBERRY FROSTED BITE SIZE SHREDDED WHEAT SWEETENED WHOLE GRAIN WHEAT CEREAL, STRAWBERRY FROSTED"
1026057,branded_food,"ORIGINAL MULTI-GRAIN TOUCH OF CINNAMON CEREAL, ORIGINAL"
1026097,branded_food,"TOASTED WHOLE GRAIN OAT CEREAL, TOASTED WHOLE GRAIN"
1026191,branded_food,"FRUITY DYNO-BITES CEREAL, FRUITY"
1026375,branded_food,"RAISINS, DATES & PECANS CEREAL, RAISINS, DATES & PECANS"
1026395,branded_food,"SAFARI COCOA CRUNCH: NATURALLY FLAVORED SWEETENED CORN PUFF CEREAL WITH REAL COCOA, SAFARI COCOA CRUNCH"
1026407,branded_food,"CRANBERRY ALMOND CRUNCH CEREAL, CRANBERRY ALMOND CRUNCH"
1026471,branded_food,"SWEETENED CORN & OAT CEREAL, SWEETENED"
1026683,branded_food,"SNICKERDOODLE COOKIE BITES CEREAL, SNICKERDOODLE"
1026705,branded_food,"MEGA STUF OREO O'S CEREAL, OREO O'S"
1026707,branded_food,MEGA STUF OREO O'S CEREAL
1026709,branded_food,"BANANA PUDDING CEREAL, BANANA PUDDING"
1026715,branded_food,"SOUR THEN SWEET FLAVORED CEREAL, SOUR THEN SWEET"
1026881,branded_food,"HONEY TOASTED OATS CEREAL, HONEY TOASTED OATS"
1027007,branded_food,"PEANUT BUTTER COOKIE BITES CEREAL, PEANUT BUTTER"
1027143,branded_food,"SWEETENED CEREAL WITH APPLE, CINNAMON AND SPOOKY MARSHMALLOWS"
1850139,branded_food,"POST, HONEY BUNCHES OF OATS, FRUIT BLENDS CEREAL, PEACH FLAKES, RASPBERRY GRANOLA CLUSTERS, PEACH FLAKES, RASPBERRY GRANOLA CLUSTERS"
1850145,branded_food,"HONEY GRAHAM CEREAL, HONEY GRAHAM CRUNCH"
1027385,branded_food,"REAL PEANUT BUTTER CEREAL, PEANUT BUTTER"
1027553,branded_food,"FRUITY CEREAL MACROS BARS, FRUITY CEREAL"
1027623,branded_food,"HONEY NUT O'S FLAVORED SWEETENED WHOLE GRAIN OAT CEREAL WITH HONEY, HONEY NUT O'S"
1027647,branded_food,"HONEY & OATS WITH ALMONDS TOASTED MULTI-GRAIN CEREAL WITH HONEY OAT CLUSTERS & ALMONDS, HONEY & OATS WITH ALMONDS"
1027679,branded_food,"HONEY BUN CEREAL, HONEY"
1850171,branded_food,"FRUIT & GRAIN CEREAL BARS, APPLE CINNAMON"
1028415,branded_food,"SAFARI COCOA CRUNCH SWEETENED CORN PUFF CEREAL WITH REAL COCOA, SAFARI COCOA CRUNCH"
1028729,branded_food,"SWEETENED CORN & OAT CEREAL, SWEETENED"
1028951,branded_food,"APPLE CINNAMON FRUIT & GRAIN CEREAL BARS, APPLE CINNAMON"
1029013,branded_food,"PECAN CEREAL YOGURT SMOOTHIE WITH PROBIOTICS, PECAN CEREAL"
1850207,branded_food,"SAVE-A-LOT, CRUNCH CEREAL, CHOCOLATE CHIP, CHOCOLATE CHIP"
1029487,branded_food,"MARSHMALLOW RICE CEREAL TREAT, MARSHMALLOW"
1029633,branded_food,"CINNAMON ORGANIC GRAIN-FREE OS TOASTED CASSAVA CEREAL WITH PLANT PROTEIN, CINNAMON"
1030159,branded_food,"FRUIT & CRISP CEREAL WITH REAL RAISINS, DATES & PECANS, FRUIT & CRISP"
1030197,branded_food,"CRANBERRY ALMOND CRUNCH CRUNCHY CORN FLAKES, WHEAT BRAN FLAKES, HONEY OAT CLUSTERS, CRANBERRIES CEREAL, CRANBERRY ALMOND CRUNCH"
1030289,branded_food,"BLUEBERRY FRUIT & GRAIN CEREAL BARS, BLUEBERRY"
1030521,branded_food,"ORGANIC OAT CEREAL, ORIGINAL"
1030647,branded_food,"HONEY NUT TOASTED OATS SWEETENED WHOLE GRAIN OAT CEREAL WITH REAL HONEY & ALMONDS, HONEY NUT TOASTED OATS"
1030847,branded_food,"10 GRAIN HOT CEREAL, 10 GRAIN"
1030871,branded_food,"KOO-KIES, SNICKERDOODLE SWEETENED CORN CEREAL, SNICKERDOODLE"
1031565,branded_food,"MARSHMALLOWS CEREAL, MARSHMALLOWS"
1031645,branded_food,"PEANUT BUTTER & COCOA DOTS ORGANIC SWEETENED CORN & OAT CEREAL, PEANUT BUTTER & COCOA DOTS"
1031721,branded_food,"MAGIC SHAPES SWEETENED TOASTED OAT CEREAL WITH MARSHMALLOWS, MAGIC SHAPES"
1032455,branded_food,"KAMUT HOT CEREAL, KAMUT"
1032465,branded_food,"8 GRAIN HOT CEREAL, 8 GRAIN"
1032473,branded_food,"5 GRAIN HOT CEREAL, 5 GRAIN"
1032477,branded_food,"CREAMY BUCKWHEAT HOT CEREAL, CREAMY BUCKWHEAT"
1032493,branded_food,"5 GRAIN HOT CEREAL, 5 GRAIN"
1032495,branded_food,"6 GRAIN HOT CEREAL, 6 GRAIN"
1032501,branded_food,"CREAMY WHEAT HOT CEREAL, CREAMY WHEAT"
1032517,branded_food,"7 GRAIN HOT CEREAL, 7 GRAIN"
1032525,branded_food,"CREAMY BROWN RICE HOT CEREAL, CREAMY BROWN RICE"
1032543,branded_food,"HONEY OATS & FLAKES WITH STRAWBERRIES SWEETENED MULTIGRAIN CEREAL WITH REAL STRAWBERRIES & HONEY OAT CLUSTERS, HONEY OATS & FLAKES WITH STRAWBERRIES"
1033713,branded_food,"CEREAL WITH ALMONDS, ALMONDS"
1033797,branded_food,"FROSTED CEREAL, FROSTED"
1033831,branded_food,"APPLE HOOPS SWEETENED CEREAL WITH APPLE & CINNAMON, APPLE & CINNAMON"
1034825,branded_food,"TOASTED OATS WHOLE GRAIN OAT CEREAL, TOASTED OATS"
1036075,branded_food,"MIGHTY TASTY HOT CEREAL, MIGHTY TASTY"
1036079,branded_food,"CREAMY WHEAT HOT CEREAL, CREAMY WHEAT"
1036597,branded_food,"MARSHMALLOW TREATS CEREAL BARS, MARSHMALLOW"
1036695,branded_food,"FROSTED CEREAL, FROSTED"
1037263,branded_food,HOSTESS TWINKIES CEREAL
1037311,branded_food,"TWINKIES CEREAL, TWINKLES"
1037911,branded_food,"PLAIN ORGANIC GRAIN-FREE OS TOASTED CASSAVA CEREAL WITH PLANT PROTEIN, PLAIN"
1037913,branded_food,"CHOCOLATE ORGANIC GRAIN-FREE OS TOASTED CASSAVA CEREAL WITH PLANT PROTEIN, CHOCOLATE"
1037931,branded_food,"HONEY ROASTED CEREAL, HONEY ROASTED"
1038519,branded_food,"OATS & MORE, ALMONDS TOASTED MULTI-GRAIN CEREAL WITH ALMONDS & HONEY OAT CLUSTERS, ALMONDS"
1038613,branded_food,"STRAWBERRIES CEREAL, STRAWBERRIES"
1038775,branded_food,"CINNAMON FLAVORED CEREAL WITH MARSHMALLOWS, CINNAMON"
1039637,branded_food,ANDEAN PUFFED CORN CEREAL
1040115,branded_food,"BLUEBERRY MUFFIN TOASTERS CEREAL, BLUEBERRY"
1040835,branded_food,"SWEETENED WHOLE GRAIN OAT CEREAL WITH REAL HONEY & NATURAL ALMOND, HONEY NUT"
1041175,branded_food,"BANANA OATMEAL & CHOCOLATE BREAKFAST SOFT BAKED TENDRES CEREAL BISCUIT, BANANA OATMEAL & CHOCOLATE"
1041177,branded_food,"CRANBERRY ORANGE BREAKFAST CEREAL BISCUIT, CRANBERRY ORANGE"
1041179,branded_food,"CRANBERRY ORANGE BREAKFAST CEREAL BISCUITS, CRANBERRY ORANGE"
1041359,branded_food,"RAISIN BRAN CEREAL, RAISIN BRAN"
1041373,branded_food,"COOKIE DOUGH FLAVORED CEREAL WITH MARSHMALLOWS, COOKIE DOUGH"
1041377,branded_food,"CINNAMON TOASTERS CEREAL, CINNAMON TOASTERS"
1041379,branded_food,"ORIGINAL PUFFINS CEREAL, ORIGINAL"
1041381,branded_food,"COCOA DYNO-BITES CEREAL, COCOA DYNO-BITES"
1041383,branded_food,"STRAWBERRY CEREAL, STRAWBERRIES"
1041887,branded_food,"SWEETENED CEREAL WITH APPLE & CINNAMON, APPLE & CINNAMON"
1042109,branded_food,"CREAMY! RICE HOT CEREAL, RICE HOT"
1042449,branded_food,"TOASTED WHOLE GRAIN OAT CEREAL, TOASTED WHOLE GRAIN OAT"
1043131,branded_food,"CARAMEL APPLE JACKS CEREAL, CARAMEL"
1043141,branded_food,"CARAMEL CRUNCH JUMBO SNAX CEREAL, CARAMEL CRUNCH"
1043143,branded_food,JUMBO SNAX CEREAL
1043145,branded_food,"JUMBO SNAX TIGER PAWS CEREAL, JUMBO"
1043147,branded_food,"NATURAL FRUIT FLAVORS JUMBO SNAX CEREAL, NATURAL FRUIT"
1043585,branded_food,"APPLE CINNAMON ANTIOXIDANTS WHOLE GRAIN TOASTED OAT CEREAL, APPLE CINNAMON"
1044239,branded_food,"JUNGLE BERRY CRUNCH SWEETENED CORN AND OAT CEREAL, JUNGLE BERRY CRUNCH"
1044709,branded_food,"NATURAL FRUIT JUMBO SNAX CEREAL, NATURAL FRUIT"
1044711,branded_food,"TIGER PAWS JUMBO SNAX CEREAL, TIGER PAWS"
1044731,branded_food,"JUMBO SNAX CEREAL, JUMBO"
1044737,branded_food,TIGER PAWS JUMBO SNAX CEREAL
1044741,branded_food,JUMBO SNAX CEREAL
1044743,branded_food,"VANILLA FLAVORED SPONGEBOB SQUAREPANTS CEREAL WITH MARSHMALLOWS, VANILLA MARSHMALLOWS"
1045645,branded_food,"RAISIN CLUSTER CRUNCH CEREAL, RAISIN CLUSTER CRUNCH"
1045647,branded_food,"RAISIN CLUSTER CRUNCH CEREAL, RAISIN CLUSTER CRUNCH"
1045701,branded_food,"CACAO CRISPS ORGANIC SUNFLOWER PROTEIN CEREAL, CACAO CRISPS"
1045703,branded_food,"ORGANIC SUNFLOWER PROTEIN VANILLA CRISPS CEREAL, VANILLA"
1046607,branded_food,"NATURAL HONEY FLAVORED MULTIGRAIN CEREAL WITH GRANOLA AND ALMONDS OATS, ALMOND CRUNCHY HONEY OATS"
1047455,branded_food,"OREO O'S MEGA STUFF CEREAL, OREO O'S"
1047457,branded_food,"APPLE ZING CEREAL, APPLE ZING"
1047459,branded_food,"ORIGINAL MORNING OAT CRUNCH CEREAL, ORIGINAL MORNING OAT CRUNCH"
1047461,branded_food,"COCOA DYNO-BITES CEREAL, COCOA DYNO- BITES"
1047979,branded_food,"CREAM FARINA ENRICHED WHEAT CEREAL, CREAM FARINA"
1048047,branded_food,"PECAN CEREAL YOGURT SMOOTHIE WITH PROBIOTICS, PECAN CEREAL"
1048117,branded_food,"PRUNE CEREAL YOGURT SMOOTHIE WITH PROBIOTICS, PRUNE CEREAL"
1048421,branded_food,"HONEY ROASTED CEREAL, HONEY ROASTED"
1048423,branded_food,SWEETENED RICE CEREAL
1048467,branded_food,"HONEY OATS & FLAKES SWEETENED MULTIGRAIN CEREAL WITH HONEY OAT CLUSTERS, HONEY OATS & FLAKES"
1048747,branded_food,"SWEETENED CEREAL WITH APPLE & CINNAMON, APPLE & CINNAMON"
1049149,branded_food,"SWEETENED CEREAL WITH APPLE, CINNAMON AND SPOOKY MARSHMALLOWS, APPLE, CINNAMON AND SPOOKY MARSHMALLOWS"
1049941,branded_food,"TOASTY SWEET CINNAMON SQUARES CRISPY, SWEETENED WHEAT AND RICE CEREAL, TOASTY SWEET CINNAMON SQUARES"
1050257,branded_food,"ORGANIC CRISPY CINNAMON PUFFS + FILLED PILLOWS MADE WITH HONEY, CINNAMON AND SWEET APPLE SUPER FOOD COMBOS CEREAL, HONEY CINNAMON"
1050301,branded_food,"TOASTED COCONUT SWEETENED WHOLE GRAIN OAT CEREAL, TOASTED COCONUT"
1050379,branded_food,"INSTANT HOT CEREAL, ORIGINAL"
1050421,branded_food,"CEREAL, ORIGINAL"
1050439,branded_food,"FROSTED TOASTED OAT CEREAL WITH MARSHMALLOWS, MARSHMALLOWS"
1050603,branded_food,"CEREAL, ORGANIC BLUEBERRY CLUSTERS"
1050791,branded_food,CEREAL
1050821,branded_food,"FROSTED WHOLE GRAIN OAT CEREAL, FROSTED"
1050879,branded_food,FROSTED TOASTED OAT CEREAL WITH MARSHMALLOWS
1050927,branded_food,NATURALLY FLAVORED SWEETENED CEREAL
1050951,branded_food,"COCONUT ALMOND CRUNCH CEREAL, COCONUT ALMOND CRUNCH"
1051323,branded_food,"SWEETENED CORN PUFFS CEREAL, FRUIT"
1051721,branded_food,CEREAL
1051723,branded_food,"FRUITY FLAVORED CEREAL WITH MARSHMALLOWS, FRUITY"
1051727,branded_food,"TOASTED COCONUT SWEETENED WHOLE GRAIN OAT CEREAL, TOASTED COCONUT"
1051953,branded_food,"BANANA NUT SWEETENED WHOLE GRAIN OAT CEREAL, BANANA NUT"
1052079,branded_food,"RAISIN NUT BRAN WHEAT AND BRAN CEREAL WITH RAISINS & ALMONDS, RAISIN NUT BRAN"
1052081,branded_food,"CINNAMON SWEETENED MULTIGRAIN CEREAL WITH WHOLE GRAIN OATS CRUNCH, CINNAMON"
1052387,branded_food,CEREAL
1052389,branded_food,"STRAWBERRIES & VANILLA CLUSTERS LIGHTLY SWEETENED FLAKES WITH REAL DRIED STRAWBERRIES CEREAL, STRAWBERRIES & VANILLA CLUSTERS"
1052403,branded_food,"FLAKES, ALMOND PIECES AND CLUSTER CEREAL, FLAKES, ALMOND PIECES AND CLUSTER"
1052405,branded_food,"LIGHTLY SWEETENED FLAKES WITH HONEY CLUSTERS CEREAL, HONEY CLUSTERS"
1052407,branded_food,"MULTIGRAIN CEREAL WITH FRUIT & ALMONDS, FRUIT & ALMONDS"
1052463,branded_food,"HONEY NUT NATURALLY FLAVORED SWEETENED WHOLE GRAIN OAT CEREAL, HONEY NUT"
1052643,branded_food,"PINEAPPLE & TOASTED COCONUT ANCIENT GRAIN BREAKFAST BOWL HOT CEREAL, PINEAPPLE & TOASTED COCONUT"
1052801,branded_food,ORGANIC FRUITY BUNNIES & BLOSSOMS SWEETENED ORGANIC CORN & OAT CEREAL
1052803,branded_food,"JOLLY RANCHER CEREAL, JOLLY RANCHER"
1052807,branded_food,"OATS 'N HONEY CRUNCH SWEETENED MULTIGRAIN CEREAL WITH WHOLE GRAIN OATS, OATS 'N HONEY CRUNCH"
1053211,branded_food,"FROSTED CINNAMON VANILLA OAT CEREAL WITH MARSHMALLOWS, CINNAMON VANILLA"
1053213,branded_food,"FROSTED CINNAMON VANILLA OAT CEREAL WITH MARSHMALLOWS, CINNAMON VANILLA"
1053407,branded_food,"CHOCOLATEY CEREAL BAR WITH MARSHMALLOWS TREATS, CHOCOLATEY CEREAL BAR WITH MARSHMALLOWS"
1053429,branded_food,"CHOCOLATEY CEREAL WITH MARSHMALLOWS, CHOCOLATEY"
1053439,branded_food,"STRAWBERRY FLAVOR FROSTED CEREAL WITH MARSHMALLOWS, STRAWBERRY"
1053483,branded_food,"FRUITY FLAVORED SWEETENED CORN CEREAL WITH MARSHMALLOWS, FRUITY"
1053557,branded_food,"BERRY FLAVOR FROSTED CEREAL WITH MARSHMALLOWS, BERRY"
1053631,branded_food,"HONEY TOASTED OAT CEREAL, HONEY TOASTED"
1053635,branded_food,"MAPLE BROWN SUGAR FLAKES & CLUSTERS CEREAL, MAPLE BROWN SUGAR"
1053649,branded_food,"CINNAMON CRUMBLE NATURALLY SWEETENED MULTIGRAIN CLUSTER CEREAL, CINNAMON CRUMBLE"
1053651,branded_food,"TOASTED BERRY CRUMBLE WITH CRANBERRIES & WILD BLUEBERRIES NATURALLY SWEETENED MULTIGRAIN CLUSTER CEREAL, TOASTED BERRY CRUMBLE"
1053743,branded_food,"BERRY BERRY LIGHTLY SWEETENED CORN CEREAL, BERRY BERRY"
1054013,branded_food,"COOKIES 'N' CREME FILLED SWEETENED WHEAT CEREAL, COOKIES 'N' CREME"
1054015,branded_food,"CINNAMON ROLL CREME FILLED SWEETENED WHEAT CEREAL, CINNAMON"
1054021,branded_food,"MINT CHOCOLATE SWEETENED CORN AND WHEAT CEREAL, MINT CHOCOLATE"
1054435,branded_food,"NATURALLY SWEETENED FIBER TWIGS, SOY PROTEIN GRAHAMS AND HONEY PUFF CEREAL"
1054439,branded_food,"HONEY ALMOND FLAX NATURALLY SWEETENED MULTIGRAIN CLUSTER CEREAL, HONEY ALMOND FLAX"
1054441,branded_food,"STRAWBERRY FIELDS CEREAL, STRAWBERRY"
1054637,branded_food,"SWEETENED WHOLE GRAIN OAT CEREAL WITH REAL CINNAMON, REAL CINNAMON"
1054655,branded_food,"HONEY NUT SWEETENED WHOLE GRAIN OAT CEREAL WITH REAL HONEY & NATURAL ALMOND FLAVOR, HONEY NUT"
1054657,branded_food,"CINNAMON SWEETENED RICE CEREAL, CINNAMON"
1054671,branded_food,"CINNAMON CRUMBLE NATURALLY SWEETENED MULTIGRAIN CLUSTER CEREAL, CINNAMON CRUMBLE"
1054673,branded_food,"TOASTED BERRY CRUMBLE WITH CRANBERRIES & WILD BLUEBERRIES NATURALLY SWEETENED MULTIGRAIN CLUSTER CEREAL, TOASTED BERRY CRUMBLE"
1054681,branded_food,NATURALLY SWEETENED MULTIGRAIN CLUSTER CEREAL
1055477,branded_food,"CHOCOLATE TOASTED RICE & BEAN CEREAL, CHOCOLATE"
1055491,branded_food,"PEANUT BUTTER CEREAL, PEANUT BUTTER"
1055707,branded_food,"SCHNUCKS, CORN SQUARES TOASTED CORN CEREAL"
1055735,branded_food,"MINI FROSTED SPOONERS CEREAL, MINI FROSTED SPOONERS"
1055737,branded_food,"MINI SPOONERS FROSTED CEREAL, MINI SPOONERS FROSTED"
1055739,branded_food,"S'MORES CEREAL, S'MORES"
1055743,branded_food,"TOASTED CINNAMON SQUARES SWEETENED WHOLE GRAIN WHEAT AND RICE CEREAL WITH CINNAMON, TOASTED CINNAMON SQUARES"
1055745,branded_food,"CORN BURSTS CEREAL, CORN BURSTS"
1055747,branded_food,"SWEETENED CHOCOLATE FLAVORED RICE CEREAL WITH REAL COCOA, SWEETENED CHOCOLATE"
1055749,branded_food,"ORIGINAL ENRICHED CREAMY HOT WHEAT CEREAL, ORIGINAL"
1055995,branded_food,"ORIGINAL SPROUTED FLOURLESS FLAKE CEREAL, ORIGINAL"
1056645,branded_food,"HONEY GRAHAM TOASTERS CEREAL, HONEY GRAHAM TOASTERS"
1056649,branded_food,"COCOA DYNO- BITES CEREAL, COCOA DYNO- BITES"
1056737,branded_food,"CHOCOLATE COMET CRISPIES TOASTED RICE & BEAN CEREAL, CHOCOLATE"
1056739,branded_food,"TOASTED RICE & BEAN CEREAL, TOASTED RICE & BEAN"
1056971,branded_food,"TOOTIE FRUITIES FLAVORED CEREAL, TOOTIE FRUITIES"
1057077,branded_food,"MIXED FRUIT FRUIT & GRAIN LOW FAT CEREAL BARS, MIXED FRUIT"
1057231,branded_food,"TOASTED OATS CEREAL, TOASTED OATS"
1057619,branded_food,"CORN FLAKES CEREAL, CORN FLAKES"
1057823,branded_food,"CORN FLAKES ORGANIC CEREAL, CORN FLAKES"
1057873,branded_food,"FROSTED WHOLE GRAIN OAT CEREAL WITH MARSHMALLOWS, MARSHMALLOWS"
1058023,branded_food,"CINNA-APPLE WALNUT WITH REAL APPLES INSTANT HOT CEREAL PACKETS, CINNA-APPLE WALNUT"
1058367,branded_food,"CRISPY COCOA RICE SWEETENED RICE CEREAL WITH REAL COCOA, CRISPY COCOA RICE"
1058511,branded_food,"CINNAMON TOASTERS CEREAL, CINNAMON"
1058553,branded_food,"APPLE ZINGS CEREAL, APPLE ZINGS"
1058657,branded_food,"S'MORES CEREAL, S'MORES"
1058753,branded_food,"HONEY ROASTED CEREAL, HONEY ROASTED"
1058755,branded_food,"DOUBLE CHOCOLATE BROWNIE CRUNCH CEREAL, DOUBLE CHOCOLATE"
1058817,branded_food,"TOASTED OATS CEREAL, TOASTED OATS"
1058831,branded_food,"FROSTED CEREAL, FROSTED"
1059345,branded_food,"SWEETENED CHOCOLATE FLAVORED RICE CEREAL WITH REAL COCOA, CHOCOLATE"
1059533,branded_food,"FROSTED SHREDDED WHEAT CEREAL, FROSTED"
1059567,branded_food,"ORIGINAL FROSTED SWEETENED WHOLE GRAIN CEREAL SHREDDED WHEAT, ORIGINAL FROSTED"
1059587,branded_food,"CINNAMON MULTIGRAIN CEREAL, CINNAMON"
1059713,branded_food,"HONEY ROASTED CEREAL, HONEY ROASTED"
1059715,branded_food,"CINNAMON LION HEARTS TOASTED RICE & BEAN CEREAL, CINNAMON"
1059823,branded_food,"ORIGINAL CEREAL, ORIGINAL"
1059931,branded_food,"CRUNCHY PECAN CEREAL, CRUNCHY PECAN"
1060125,branded_food,"MACROS FRUITY CEREAL BAR, MACROS FRUITY CEREAL"
1060189,branded_food,"FRUITY CEREAL CARB WISE PROTEIN POWDER, FRUITY CEREAL"
1060241,branded_food,"CINNAMON POWER O'S TOASTED RICE & BEAN CEREAL, CINNAMON"
1061103,branded_food,"TOASTED OATS WHOLE GRAIN OAT CEREAL, TOASTED OATS"
1061335,branded_food,CEREAL
1061537,branded_food,"OATS & HONEY GRANOLA WITH ALMONDS CEREALS, OATS & HONEY GRANOLA WITH ALMONDS"
1062251,branded_food,"BANANA OATMEAL & CHOCOLATE SOFT BAKED BREAKFAST CEREAL BISCUIT, BANANA OATMEAL & CHOCOLATE"
1062253,branded_food,"CRANBERRY ORANGE SOFT BAKED BREAKFAST CEREAL BISCUITS, CRANBERRY ORANGE"
1062513,branded_food,"CREAMY! RICE HOT CEREAL, CREAMY! RICE HOT"
1062977,branded_food,"MEGA STUF CEREAL, MEGA STUF"
1063247,branded_food,"SWEETENED MULTI-GRAIN CEREAL, SWEETENED"
1063343,branded_food,"STRAWBERRY FRUIT & GRAIN SOFT BAKED CEREAL BARS, STRAWBERRY"
1063353,branded_food,"MIXED BERRY FRUIT & GRAIN SOFT BAKED CEREAL BARS, MIXED BERRY"
1063357,branded_food,"RED BERRIES CRISPY WHOLE GRAIN CEREAL WITH REAL STRAWBERRIES, RASPBERRIES AND CHERRIES, RED BERRIES"
1063361,branded_food,"BLUEBERRY FRUIT & GRAIN SOFT BAKED CEREAL BARS, BLUEBERRY"
1063369,branded_food,"NATURAL FRUIT FLAVORS SWEETENED MULTI-GRAIN CEREAL, NATURAL FRUIT"
1063375,branded_food,"CORN CEREAL, CORN"
1063387,branded_food,"BLUEBERRY FROSTED SHREDDED WHEAT SWEETENED WHOLE GRAIN CEREAL, BLUEBERRY"
1063391,branded_food,"CHOCOLATE CRISPY WHOLE GRAIN CEREAL WITH CHOCOLATE CURLS, CHOCOLATE"
1063393,branded_food,"SWEETNED PUFFED WHEAT CEREAL, SWEETNED"
1063401,branded_food,"CHOCOLATE SQUARES WITH HAZELNUT COCOA CREME FILLING CEREAL, CHOCOLATE"
1064349,branded_food,"FROSTED SWEETENED FLAKES OF CORN CEREAL, FROSTED"
1064379,branded_food,"CINNAMON CRUNCHIES CEREAL WITH REAL CINNAMON & SUGAR, CINNAMON"
1065339,branded_food,"MAPLE PECAN GRANOLA CEREAL CLUSTERS, MAPLE PECAN"
1066091,branded_food,"CINNAMON MULTIGRAIN CEREAL, CINNAMON"
1066359,branded_food,"COCOA DYNO- BITES CEREAL, COCOA DYNO- BITES"
1066363,branded_food,"APPLE ZINGS CEREAL, APPLE ZINGS"
1066517,branded_food,"STRAWBERRY BANANA CEREAL YOGURT SMOOTHIE WITH PROBIOTICS, STRAWBERRY BANANA CEREAL"
1066583,branded_food,"CHOCOLATE HAZELNUT GRANOLA CEREAL, CHOCOLATE HAZELNUT"
1066585,branded_food,"VANILLA ALMOND GRANOLA CEREAL, VANILLA ALMOND"
1066587,branded_food,"MAPLE PECAN GRANOLA CEREAL, MAPLE PECAN"
1066589,branded_food,"VANILLA ALMOND GRANOLA CEREAL, VANILLA ALMOND"
1066617,branded_food,"MAPLE BROWN SUGAR HEALTHY & DELICIOUS HOT CEREAL, MAPLE BROWN SUGAR"
1067119,branded_food,"CHOCOLATE CHIP KOOKIES & MILK SWEETENED CORN CEREAL KOOKIES, CHOCOLATE CHIP KOOKIES & MILK"
1067703,branded_food,"MIXED BERRY WITH ALMONDS INSTANT TO-GO HOT CEREAL, MIXED BERRY WITH ALMONDS"
1067741,branded_food,"CHAI SPICE FLAVORED ORGANIC MULTIGRAIN HOT CEREAL WITH FLAX & QUINOA, CHAI SPICE"
1067825,branded_food,"MAPLE BROWN SUGAR MULTIGRAIN SQUAREFULS CEREAL, MAPLE BROWN SUGAR"
1067827,branded_food,"SIMPLY PURE OATS, CHIA, QUINOA & AMARANTH SUPER OATS UNSWEETENED HOT CEREAL BLEND, SIMPLY PURE"
1067829,branded_food,"NUTS & SEEDS ALMONDS, WALNUTS, PUMPKIN SEEDS & FLAXSEEDS SUPER OATS UNSWEETENED HOT CEREAL BLEND, NUTS & SEEDS"
1067831,branded_food,"QUINOA & OAT ORGANIC GLUTEN FREE INSTANT HOT CEREAL, QUINOA & OAT"
1067851,branded_food,"HONEY OAT BLENDERS CEREAL, HONEY OAT BLENDERS"
1067989,branded_food,"MALLOW OATS SWEETENED WHOLE GRAIN OAT CEREAL WITH MARSHMALLOW PIECES, MALLOW OATS"
1067991,branded_food,"COCOA DYNO-BITES CEREAL, COCOA DYNO-BITES"
1067993,branded_food,ORGANIC WHOLE GRAIN 6 GRAIN HOT CEREAL WITH FLAXSEED
1067995,branded_food,ORGANIC CREAMY OAT BRAN HIGH FIBER BREAKFAST CEREAL
1068139,branded_food,"MAPLE MORNING ANCIENT GRAINS KISSED WITH WARM NATURAL MAPLE FLAVOR GLUTEN-FREE ORGANIC HOT CEREAL, MAPLE MORNING"
1068141,branded_food,"COCOA CRUNCH SWEETENED CEREAL, COCOA CRUNCH"
1068355,branded_food,"NATURAL BANANA PROTEEN CRUNCH SWEETENED CEREAL, NATURAL BANANA"
1068375,branded_food,QUINOA HOT CEREAL FLAKES
1068377,branded_food,"BROWN RICE CRISPS CEREAL, BROWN RICE CRISPS"
1068579,branded_food,"BERRY COLOSSAL CRUNCH CEREAL WITH MARSHMALLOWS, BERRY COLOSSAL CRUNCH"
1068581,branded_food,"BERRY COLOSSAL CRUNCH CEREAL WITH MARSHMALLOWS, BERRY COLOSSAL CRUNCH"
1068583,branded_food,"FROSTED MINI SPOONERS CEREAL, FROSTED MINI SPOONERS"
1068585,branded_food,"FRUITY DYNO-BITES CEREAL WITH MARSHMALLOWS, FRUITY DYNO-BITES WITH MARSHMALLOWS"
1068587,branded_food,"FRUITY DYNO-BITES CEREAL, FRUITY DYNO-BITES"
1068589,branded_food,"FROSTED MINI SPOONERS CEREAL, FROSTED MINI SPOONERS"
1068591,branded_food,"FROSTED MINI SPOONERS CEREAL, FROSTED MINI SPOONERS"
1068593,branded_food,"HONEY & ALMONDS OAT BLENDERS CEREAL, HONEY & ALMONDS OAT BLENDERS"
1068595,branded_food,"HONEY GRAHAM TOASTERS CEREAL, HONEY GRAHAM TOASTERS"
1068597,branded_food,"HONEY OAT BLENDERS CEREAL, HONEY OAT BLENDERS"
1068599,branded_food,"HONEY OAT BLENDERS CEREAL, HONEY OAT BLENDERS"
1068603,branded_food,"TOOTIE FRUITIES CEREAL, TOOTIE FRUITIES"
1068605,branded_food,"HONEY GRAHAM TOASTERS CEREAL, HONEY GRAHAM TOASTERS"
1068607,branded_food,"MAPLE & BROWN SUGAR OATS, BARLEY, WHEAT, QUINOA & RYE ORGANIC INSTANT MULTIGRAIN HOT CEREAL WITH FLAX, MAPLE & BROWN SUGAR OATS, BARLEY, WHEAT, QUINOA & RYE"
1068609,branded_food,"BARE OATS, BARLEY, WHEAT, QUINOA & RYE CATS, BARLEY. BARE, QUINOA & RYE ORGANIC INSTANT MULTIGRAIN HOT CEREAL WITH FLAX, BARE OATS, BARLEY, WHEAT, QUINOA & RYE"
1068615,branded_food,"FROSTED MINI SPOONERS CEREAL, FROSTED MINI SPOONERS"
1068617,branded_food,"FROSTED MINI SPOONERS CEREAL, FROSTED MINI SPOONERS"
1068619,branded_food,"HONEY ALMOND OAT BLENDERS CEREAL, HONEY ALMOND OAT BLENDERS"
1068621,branded_food,"HONEY NUT SCOOTERS CEREAL, HONEY NUT SCOOTERS"
1068623,branded_food,CEREAL
1068625,branded_food,"CEREAL WITH REAL STRAWBERRIES, REAL STRAWBERRIES"
1068629,branded_food,"FRUIT FLAVORS SWEETENED RICE CEREAL WITH MARSHMALLOWS, FRUIT WITH MARSHMALLOWS"
1068631,branded_food,"HONEY OAT BLENDERS CEREAL, HONEY OAT BLENDERS"
1068633,branded_food,"CHOCOLATE FLAVOR QUICK COOKING HOT WHEAT CEREAL, CHOCOLATE"
1068635,branded_food,"HONEY ROASTED CEREAL, HONEY ROASTED"
1069725,branded_food,"CINNAMON SUGAR INSTANT TO-GO HOT CEREAL, CINNAMON SUGAR"
1070055,branded_food,"WHOLE GRAIN ORGANIC CEREAL, WHOLE GRAIN"
1070167,branded_food,"BEAM DRAGONFRUIT MAQUI BERRY ORGANIC DETOXIFYING HOT CEREAL, BEAM"
1070485,branded_food,"TOOTIE FRUITIES CEREAL, TOOTIE FRUITIES"
1070673,branded_food,"STRAWBERRY FRUIT & GRAIN LOW FAT CEREAL BARS, STRAWBERRY"
1070953,branded_food,"CORN FLAKES CEREAL, CORN FLAKES"
1070961,branded_food,"FRUIT FLAVOR MARSHMALLOW CEREAL BARS TREATS, FRUIT"
1071099,branded_food,OAT BRAN HOT CEREAL
1071537,branded_food,CEREAL
1071551,branded_food,"CEREAL WITH ALMONDS, ALMONDS"
1071801,branded_food,"FRUITY DYNO-BITES CEREAL, FRUITY DYNO-BITES"
1071847,branded_food,"HONEY NUT O'S SWEETENED TOASTED OAT CEREAL, HONEY NUT O'S"
1072049,branded_food,"MIXED BERRY INSTANT HOT CEREAL, MIXED BERRY"
1072079,branded_food,"ORIGINAL ENRICHED CREAMY HOT WHEAT FARINA CEREAL, ORIGINAL"
1072229,branded_food,"MULTIGRAIN RYE, BARLEY, OATS, WHEAT HOT CEREAL, MULTIGRAIN"
1072405,branded_food,"CHOCOLATEY STRAWBERRY CRUNCHY RICE & WHEAT FLAKES WITH CHOCOLATEY PIECES & STRAWBERRIES CEREAL, CHOCOLATEY STRAWBERRY"
1072745,branded_food,"CHOCOLATE MARSHMALLOW MATEYS CEREAL, CHOCOLATE MARSHMALLOW MATEYS"
1072747,branded_food,"FROSTED FLAKES CEREAL, FROSTED FLAKES"
1072749,branded_food,"MARSHMALLOW MATEYS FROSTED WHOLE GRAIN OAT CEREAL WITH MARSHMALLOWS, MARSHMALLOW MATEYS"
1072751,branded_food,"FROSTED FLAKES CEREAL, FROSTED FLAKES"
1072819,branded_food,"FRUITY DYNO-BITES CEREAL, FRUITY DYNO-BITES"
1072889,branded_food,"FROSTED FLAKES CEREAL, FROSTED FLAKES"
1072927,branded_food,"CINNAMON TOASTERS CEREAL, CINNAMON TOASTERS"
1072949,branded_food,"CINNAMON TOASTERS CEREAL, CINNAMON TOASTERS"
1073287,branded_food,"BERRY COLOSSAL CRUNCH CEREAL WITH MARSHMALLOWS, BERRY COLOSSAL CRUNCH"
1073301,branded_food,"TOOTIE FRUITIES CEREAL WITH MARSHMALLOWS, TOOTIE FRUITIES WITH MARSHMALLOWS"
1073303,branded_food,"DOUBLE CHOCOLATE BROWNIE CRUNCH CEREAL, DOUBLE CHOCOLATE BROWNIE CRUNCH"
1073403,branded_food,"FROSTED MINI SPOONERS CEREAL, FROSTED MINI SPOONERS"
1073477,branded_food,"BLUEBERRY WHEATFULS LIGHTLY SWEETENED WHOLE WHEAT CEREAL, BLUEBERRY WHEATFULS"
1073525,branded_food,"TOASTED WHEATFULS WHOLE GRAIN WHEAT CEREAL, TOASTED WHEATFULS"
1073801,branded_food,ORGANIC HIGH FIBER OAT BRAN HOT CEREAL
1073837,branded_food,"CHOCOLATE STRAWBERRY FROSTED CEREAL, CHOCOLATE STRAWBERRY"
1073899,branded_food,"STRAWBERRY FROSTED CEREAL, STRAWBERRY"
1073985,branded_food,"HONEY & NUT SWEETENED TOASTED OATS CEREAL WITH HONEY AND NATURAL ALMOND FLAVOR, HONEY & NUT"
1074063,branded_food,"ORIGINAL FROSTED CEREAL, ORIGINAL"
1074101,branded_food,"CHOCOLATE FLAVORED SWEETENED RICE CEREAL WITH REAL COCOA, CHOCOLATE"
1074103,branded_food,"BANANA PUDDING CEREAL, BANANA PUDDING"
1074225,branded_food,WHOLE GRAIN KAMUT HOT CEREAL
1074443,branded_food,"FRUIT FLAVOR SWEETENED RICE CEREAL, FRUIT"
1074553,branded_food,CEREAL
1074579,branded_food,"FROSTED FLAKES SWEETENED FLAKES OF CORN CEREAL, FROSTED FLAKES"
1074791,branded_food,"FRUITY DYNO-BITES CEREAL, FRUITY DYNO-BITES"
1074813,branded_food,"CHOCOLATE & ALMOND COCOA DUSTED MULTI-GRAIN FLAKES WITH SLICED ALMONDS CEREAL, CHOCOLATE & ALMOND"
1074815,branded_food,"ORIGINAL WHOLE GRAIN CEREAL, ORIGINAL"
1074817,branded_food,"VANILLA & ALMOND CRUNCHY WHEAT & RICE FLAKES WITH ALMONDS & VANILLA CEREAL, VANILLA & ALMOND"
1074823,branded_food,"SAFARI COCOA CRUNCH SWEETENED CORN PUFF CEREAL WITH REAL COCOA, SAFARI COCOA CRUNCH"
1074915,branded_food,"MEGA STUF CEREAL, MEGA STUF"
1074921,branded_food,"DOUBLE CHOCOLATE CEREAL WITH CHOCOLATE FLAVORED CENTER, DOUBLE CHOCOLATE"
1074929,branded_food,"FRUIT FLAVOR SWEETENED MULTI-GRAIN CEREAL, FRUIT"
1075027,branded_food,"ORIGINAL ANTIOXIDANTS LIGHTLY SWEETENED, TOASTED MULTI-GRAIN FLAKES AND CRUNCHY OAT CLUSTERS CEREAL, ORIGINAL ANTIOXIDANTS"
1075029,branded_food,"FRUIT & YOGURT CRUNCHY WHEAT & RICE FLAKES WITH OAT & FRUIT CLUSTERS & YOGURT-COATED CLUSTERS CEREAL, FRUIT & YOGURT"
1075031,branded_food,CEREAL
1075043,branded_food,"CEREAL WITH BANANAS, BANANAS"
1075093,branded_food,"CHOCOLATEY, SWEETENED RICE CEREAL, CHOCOLATEY"
1075131,branded_food,"FRUITY CEREAL MACROS BARS, FRUITY"
1075175,branded_food,"TOASTED OATS WHOLE GRAIN OAT CEREAL, TOASTED OATS"
1075181,branded_food,"HONEY BUN CEREAL, HONEY BUN"
1075241,branded_food,"PUMPKIN SPICE CRUNCHY WHEAT & RICE FLAKES WITH NUTMEG, ALLSPICE, GINGER & CINNAMON CLUSTERS CEREAL, PUMPKIN SPICE"
1075347,branded_food,"PUMPKIN SPICE WHOLE GRAIN CEREAL, PUMPKIN SPICE"
1075569,branded_food,"ORIGINAL CEREAL, ORIGINAL"
1075573,branded_food,CEREAL
1075765,branded_food,"SWEETENED CEREAL WITH APPLE & CINNAMON HOOPS, SWEETENED CEREAL WITH APPLE & CINNAMON"
1075835,branded_food,"RAISIN CLUSTER CRUNCH CEREAL, RAISIN CLUSTER CRUNCH"
1075847,branded_food,"MIXED BERRY FRUIT & GRAIN CEREAL BARS, MIXED BERRY"
1075849,branded_food,"HONEY WHEAT PUFFS SWEETENED PUFFED WHEAT CEREAL, HONEY WHEAT"
1075879,branded_food,"BLUEBERRY WAFFLE CEREAL, BLUEBERRY"
1075919,branded_food,"TASTEEOS, PEANUT BUTTER SWEETENED MULTI-GRAIN CEREAL MADE WITH REAL PEANUT BUTTER, PEANUT BUTTER"
1076197,branded_food,"TOASTED OATS WHOLE GRAIN OAT CEREAL, TOASTED OATS"
1076309,branded_food,"HONEY OAT CRUNCHY WHEAT, RICE & CORN FLAKES WITH OATS & HONEY CEREAL, HONEY OAT"
1076341,branded_food,"MAPLE FLAVORED HOMESTYLE WAFFLE CEREAL, MAPLE FLAVORED HOMESTYLE"
1076409,branded_food,"CINNAMON CRUNCH SQUARES CRISPY SWEETENED WHOLE WHEAT & RICE CEREAL, CINNAMON CRUNCH"
1076465,branded_food,"CEREAL WITH REAL STRAWBERRIES, REAL STRAWBERRIES"
1076651,branded_food,"ORIGINAL CEREAL, ORIGINAL"
1076805,branded_food,"CARAMEL CRUNCH JUMBO SNAX CEREAL, CARAMEL CRUNCH"
1076807,branded_food,JUMBO SNAX CEREAL
1076809,branded_food,JUMBO SNAX CEREAL
1076811,branded_food,"FRUIT FLAVOR JUMBO SNAX CEREAL, FRUIT"
1077015,branded_food,JUMBO SNAX CEREAL
1077017,branded_food,"FRUIT FLAVOR JUMBO SNAX CEREAL, FRUIT"
1077443,branded_food,"COCOA DYNO-BITES CEREAL WITH MARSHMALLOWS, COCOA DYNO-BITES"
1077845,branded_food,"CARAMEL CRUNCH JUMBO SNAX CEREAL, CARAMEL CRUNCH"
1077911,branded_food,"COCOA DYNO-BITES CEREAL, COCOA DYNO-BITES"
1078235,branded_food,"APPLE CINNAMON FRUIT & GRAIN SOFT BAKED CEREAL BARS, APPLE CINNAMON"
1078277,branded_food,"SCARECROW CRUNCH TRAIL MIX WITH PEANUTS, PEANUT BUTTER CANDIES, MILK CHOCOLATE-COVERED CEREAL SQUARES, WHITE CHOCOLATE OAT CEREAL & MILK CHOCOLATE MARSHMALLOW BITS, SCARECROW CRUNCH"
1079283,branded_food,"FRUIT FLAVOR SWEETENED RICE CEREAL, FRUIT"
1079441,branded_food,FROSTED FLAKES + FROOT LOOPS MASHUPS SWEETENED CEREAL OF CORN
1079443,branded_food,"TROPICAL PINEAPPLE, BANANA, ORANGE & MANGO SWEETENED MULTI-GRAIN CEREAL, TROPICAL PINEAPPLE, BANANA, ORANGE & MANGO"
1079641,branded_food,"JUMBO SNAX CEREAL, JUMBO SNAX"
1079643,branded_food,JUMBO SNAX CEREAL
1079807,branded_food,"JUMBO SNAX CEREAL, JUMBO SNAX"
1079813,branded_food,"FRUIT FLAVORS JUMBO SNAX CEREAL, FRUIT"
1080653,branded_food,"SWEETENED NATURALLY CHOCOLATE FLAVORED COCOA RICE CEREAL, CHOCOLATE"
1080719,branded_food,"FROSTED FLAKES + FROOT LOOPS MASHUP SWEETENED CEREAL, FROSTED FLAKES + FROOT LOOPS"
1080723,branded_food,"CARAMEL CRUNCH JUMBO SNAX CEREAL, CARAMEL CRUNCH"
1080725,branded_food,JUMBO SNAX CEREAL
1081459,branded_food,"COCO FLAVORED CORN CEREAL BITES, COCO"
1081937,branded_food,"PECAN CEREAL YOGURT SMOOTHIE WITH PROBIOTICS, PECAN CEREAL"
1082115,branded_food,"PECAN & CEREAL YOGURT SMOOTHIE, PECAN & CEREAL"
1082259,branded_food,"CRACKLING FRUIT CRISPS SWEETENED RICE CEREAL, CRACKLING FRUIT CRISPS"
1082465,branded_food,"ORGANIC FROSTED FLAKES CEREAL, FROSTED FLAKES"
1082467,branded_food,"CHOCOLATE HAZELNUT PILLOWS CEREAL, CHOCOLATE HAZELNUT PILLOWS"
1082469,branded_food,"CORN FLAKES ORGANIC CEREAL, CORN FLAKES"
1082471,branded_food,"HONEY O RINGS ORGANIC CEREAL, HONEY O RINGS"
1082477,branded_food,"MULTIGRAIN FLAKES ORGANIC CEREAL, MULTIGRAIN FLAKES"
1082479,branded_food,"RAISIN BRAN ORGANIC CEREAL, RAISIN BRAN"
1082481,branded_food,ORGANIC RICE CRISPIES CEREAL
1082483,branded_food,"HONEY NUT O RINGS ORGANIC CEREAL, HONEY NUT O RINGS"
1083289,branded_food,"FROSTED FLAKES SWEETENED FLAKES OF CORN CEREAL, FROSTED FLAKES"
1850213,branded_food,"SWEETENED PUFFED WHEAT CEREAL, HONEY"
1083801,branded_food,"COCOA HOT CEREAL, COCOA"
1083805,branded_food,"COCOA DYNO-BITES GLUTEN FREE CEREAL, COCOA DYNO-BITES"
1083807,branded_food,"CHOCOLATE FLAVORED RICE CEREAL WITH REAL COCOA, CHOCOLATE"
1083809,branded_food,"FRUIT FLAVOR SWEETENED RICE CEREAL, FRUIT"
1083811,branded_food,"GOLDEN PUFFS CEREAL, GOLDEN PUFFS"
1850224,branded_food,"SWEETENED MULTI-GRAIN CEREAL WITH APPLE + CINNAMON!, APPLE + CINNAMON!"
1084905,branded_food,"FROSTED MINI SPOONERS CEREAL, FROSTED MINI SPOONERS"
1084907,branded_food,"COCOA DYNO-BITES CEREAL, COCOA DYNO-BITES"
1084919,branded_food,"TOASTY SWEET CINNAMON SQUARES CRISPY, SWEETENED WHEAT & RICE CEREAL, TOASTY SWEET CINNAMON SQUARES"
1087413,branded_food,"CRANBERRY VANILLA TRAIL MIX CEREAL, CRANBERRY VANILLA"
1087415,branded_food,"FRUIT FLAVORS SWEETENED RICE CEREAL WITH MARSHMALLOWS, FRUIT WITH MARSHMALLOWS"
1088007,branded_food,"OAT BRAN HIGH FIBER HOT CEREAL, OAT BRAN"
1088023,branded_food,"FRUITY CEREAL CRISPY BITES, FRUITY CEREAL"
1088071,branded_food,"CHOCOLATE FLAVOR WITH REAL COCOA MARSHMALLOW CEREAL BARS TREATS, CHOCOLATE"
1088343,branded_food,"BRAN FLAKES ENRICHED BRAN FLAKES CEREAL, BRAN FLAKES"
1088893,branded_food,"TOASTED OATS TOASTED WHOLE GRAIN OAT CEREAL, TOASTED OATS"
1089103,branded_food,"CORN FLAKES CEREAL, CORN FLAKES"
1089411,branded_food,"ORIGINAL MULTI-GRAIN TOUCH OF CINNAMON LIGHTLY SWEETENED WHEAT, RICE AND SOY FLAKES PROTEIN CEREAL, ORIGINAL MULTI-GRAIN TOUCH OF CINNAMON"
1089541,branded_food,"DATE & ALMOND MULTIGRAIN HOT CEREAL, DATE & ALMOND"
1089975,branded_food,"ORIGINAL WHOLE GRAIN CEREAL, ORIGINAL"
1090193,branded_food,"SHREDDED WHEAT BITE SIZE WHOLE GRAIN WHEAT CEREAL, SHREDDED WHEAT"
1090593,branded_food,"CINNAMON CEREAL IN A CUP, CINNAMON"
1090965,branded_food,"BLUEBERRY WAFFLE CEREAL, BLUEBERRY"
1091093,branded_food,"GRANOLA CEREAL WITH RAISINS A BLEND OF WHOLE GRAIN ROLLED OATS AND WHEAT, RAISINS AND ALMONDS, SWEETENED WITH BROWN SUGAR AND HONEY, GRANOLA"
1091095,branded_food,"RAISIN BRAN HEARTY WHEAT & BRAN FLAKES WITH RAISINS CEREAL, RAISIN BRAN"
1091097,branded_food,"OATS & MORE, TOASTED MULTI-GRAIN CEREAL WITH HONEY OAT CLUSTERS WITH REAL STRAWBERRIES, REAL STRAWBERRIES"
1091099,branded_food,"OATS & MORE, TOASTED MULTI-GRAIN CEREAL WITH HONEY OAT CLUSTERS WITH HONEY, HONEY"
1091137,branded_food,CEREAL
1091289,branded_food,"MAPLE FLAVORED HOMESTYLE WAFFLE CEREAL, MAPLE"
1091889,branded_food,"BOSTON COMMON COW CHOW CORN CEREAL REDUCED FAT ICE CREAM WITH PIECES OF CHOCOLATY SUGAR CONES, PEANUT BUTTER SWIRL, AND CHOCOLATE COOKIE CRUMBLE SWIRL, BOSTON COMMON COW CHOW"
1091931,branded_food,JUMBO SNAX CEREAL
1092725,branded_food,"CARAMEL CRUNCH JUMBO SNAX CEREAL, CARAMEL CRUNCH"
1092901,branded_food,"FRUIT FLAVOR JUMBO SNAX CEREAL, FRUIT"
1092903,branded_food,JUMBO SNAX CEREAL
1093295,branded_food,"SPELT FLAKES ORGANIC WHOLE GRAIN ROASTED & ROLLED HOT OR COLD CEREAL, SPELT FLAKES"
1094737,branded_food,"MAPLE ALMOND CRUNCH GRAIN FREE HOT CEREAL, MAPLE ALMOND CRUNCH"
1095393,branded_food,"HONEY ALMOND CEREAL, HONEY ALMOND"
1095505,branded_food,"CARAMEL MACCHIATO CEREAL, CARAMEL MACCHIATO"
1095507,branded_food,"MOCHA LATTE CEREAL, MOCHA LATTE"
1095545,branded_food,"TOASTED RICE CEREAL, TOASTED"
1095575,branded_food,"CRANBERRY ALMOND CEREAL, CRANBERRY ALMOND"
1095577,branded_food,"APPLE CINNAMON CEREAL, APPLE CINNAMON"
1095581,branded_food,"DARK CHOCOLATE ALMOND CEREAL, DARK CHOCOLATE ALMOND"
1095853,branded_food,"JUNGLE BERRY CRUNCH SWEETENED CORN AND OAT CEREAL, JUNGLE BERRY CRUNCH"
1095915,branded_food,"ORIGINAL WHOLE GRAIN CEREAL IN A CUP, ORIGINAL"
1096611,branded_food,"SWEETENED CEREAL WITH APPLE & CINNAMON, APPLE & CINNAMON"
1096631,branded_food,"RED BERRIES CRUNCHY WHEAT & RICE FLAKES WITH REAL STRAWBERRIES CEREAL, RED BERRIES"
1096633,branded_food,"CHOCOLATE CRISPY SHELL OUTSIDE, SMOOTH CHOCOLATE INSIDE CEREAL IN A CUP, CHOCOLATE"
1096643,branded_food,"FRUIT & YOGURT CRUNCHY WHEAT & RICE FLAKES WITH OAT & FRUIT CLUSTERS & YOGURT-COATED CLUSTERS CEREAL, FRUIT & YOGURT"
1096649,branded_food,"FRUIT FLAVOR SWEETENED MULTI-GRAIN CEREAL, FRUIT"
1096767,branded_food,"CRACKLING SWEETENED RICE CEREAL WITH REAL COCOA, CRACKLING SWEETENED"
1096919,branded_food,"FRUIT FLAVOR JUMBO SNAX CEREAL, FRUIT"
1096921,branded_food,JUMBO SNAX CEREAL
1097081,branded_food,CEREAL
1097083,branded_food,"ORIGINAL ANTIOXIDANTS LIGHTLY SWEETENED, TOASTED MULTI-GRAIN FLAKES AND CRUNCHY OAT CLUSTERS CEREAL, ORIGINAL ANTIOXIDANTS"
1097157,branded_food,"WHOLE GRAIN WHEAT AND BRAN CEREAL, WHOLE GRAIN"
1850294,branded_food,"YOCRUNCH, CEREAL BOWL, 1% MILKFAT YOGURT WITH KELLOGG'S FROSTED FLAKES, VANILLA, VANILLA"
1850338,branded_food,"POST, GREAT GRAINS, WHOLE GRAIN CEREAL DIGESTIVE BLEND, VANILLA GRAHAM, VANILLA GRAHAM"
1850350,branded_food,"SWEETENED RICE CEREAL, SWEETENED RICE CEREAL"
1850456,branded_food,"PEACE CEREAL, HONEY FLAX GRANOLA"
1850736,branded_food,"MONTANA'S HOT CEREAL, ROASTED RANCH OATS"
1851054,branded_food,"LIGHTLY SWEETENED CORN & WHOLE WHEAT FLAKE CEREAL WITH GRANOLA AND ALMOND SLICES, HONEY & OAT CLUSTERS WITH ALMONDS"
1851055,branded_food,"SWEETENED CORN FLAKE CEREAL, SUGAR FROSTED FLAKES"
1851099,branded_food,"MAGIC STARS SWEETENED OAT CEREAL WITH MARSHMALLOWS, MAGIC STARS"
1851100,branded_food,"LEAN WAY CRUNCH LIGHTLY SWEETENED MULTIGRAIN CLUSTERS HIGH FIBER CEREAL, LEAN WAY CRUNCH"
1851181,branded_food,"WHOLE WHEAT AND RICE CEREAL, BLUEBERRY "
1851272,branded_food,"CRISPY WHEAT & RICE FLAKES CEREAL, VANILLA ALMOND"
1851273,branded_food,"WHEAT BRAN FLAX FLAKES CEREAL, HONEY"
1851277,branded_food,"POST, HONEY BUNCHES OF OATS, FRUIT BLENDS CEREAL, BANANA BLUEBERRY, BANANA BLUEBERRY"
1851321,branded_food,"MULTIGRAIN HOT CEREAL, MAPLE & BROWN SUGAR"
1851349,branded_food,"SWEETENED MULTI-GRAIN CEREAL, BERRY"
1851415,branded_food,"ORGANIC SUPERFOOD OAT-BASED CEREAL, COCONUT MAPLE VANILLA"
1851416,branded_food,"SUPERFOOD CEREAL, ESPRESSO MACA MULBERRY"
1851437,branded_food,SHREDDED WHEAT WHOLE GRAIN WHEAT CEREAL
1851438,branded_food,"TOASTED MULTI-GRAIN CEREAL, HONEY OATS & FLAKES WITH STRAWBERRIES"
1851565,branded_food,"SWEETENED OAT CEREAL, HONEY & ALMONDS"
1851566,branded_food,"EARTHLY CHOICE, CHIA GOODNESS, SUPERFOOD CEREAL, CHOCOLATE ALMOND, CHOCOLATE ALMOND"
1851718,branded_food,"ROUNDY'S, HONEY NUT TASTEEOS, SWEETENED TOASTED OAT CEREAL, ALMOND, ALMOND"
1851729,branded_food,"ROUNDY'S, RAISIN BRAN CEREAL"
1851730,branded_food,"ROUNDY'S, FIBER ACTIVE, BRAN CEREAL"
1851731,branded_food,"ROUNDY'S, TASTEEOS, SWEETENED TOASTED OAT CEREAL, TASTEEOS, APPLE, CINNAMON, APPLE, CINNAMON"
1851732,branded_food,"ROUNDY'S, TOASTED RICE CEREAL"
1851733,branded_food,"ROUNDY'S, BRAN FLAKES WHOLE GRAIN WHEAT CEREAL"
1851870,branded_food,"ROUNDY'S, FROSTED SHREDDED WHEAT CEREAL"
1851871,branded_food,"CRANBERRY ALMOND FLAVORED A BLENDED CEREAL WITH CRANBERRIES, SLICED ALMONDS, OAT CLUSTERS, BRAN FLAKES, HONEY FROSTED CORN FLAKES AND CORN FLAKES CRUNCH CEREAL, CRANBERRY ALMOND"
1851877,branded_food,"SWEETENED CORN & OAT CEREAL WITH MARSHMALLOWS, SWEETENED CORN & OAT CEREAL WITH MARSHMALLOWS"
1851905,branded_food,"ROUNDY'S, TASTEEOS, TOASTED OAT CEREAL"
1851906,branded_food,"ROUNDY'S, ESSENTIALLY YOU, FRUIT & YOGURT CEREAL, CRISPY RICE & WHEAT FLAKES WITH OAT & FRUIT CLUSTERS & YOGURT-COATED CLUSTERS"
1851907,branded_food,"ROUNDY'S, CORN FLAKES, GOLDEN FLAKES OF CORN CEREAL"
1851908,branded_food,"ROUNDY'S, TASTEEOS, TOASTED CORN & OAT CEREAL, CHOCOLATE, CHOCOLATE"
1851912,branded_food,"SWEETENED WHEATFULS LIGHTLY SWEETENED WHOLE GRAIN WHEAT CEREAL, SWEETENED WHEATFULS"
1852233,branded_food,WHOLE GRAIN STEEL CUT OATS CEREAL
1852537,branded_food,RAISIN BRAN TOASTED WHOLE WHEAT BERRY FLAKES & RAISINS CEREAL
1852538,branded_food,"WHOLE GRAIN TOASTED OAT CEREAL, HONEY NUT"
1852660,branded_food,FROSTED CEREAL
1852671,branded_food,CRISP RICE AND WHEAT FLAKES WITH STRAWBERRY CEREAL
1852672,branded_food,"ROUNDY'S, RAISIN BRAN CEREAL"
1852712,branded_food,"PEACE CEREAL, ORGANIC FLAKES & CLUSTERS, COCONUT CHIA ALMOND, COCONUT CHIA ALMOND"
1852713,branded_food,"PEACE CEREAL, ORGANIC FLAKES & CLUSTERS, BLUEBERRY WALNUT, BLUEBERRY WALNUT"
1852714,branded_food,"PEACE CEREAL, ORGANIC CLUSTERS & FLAKES, BAOBAB COCONUT, BAOBAB COCONUT"
1852715,branded_food,"PEACE CEREAL, LOW FAT CLUSTERS & FLAKES, WILD BERRY, WILD BERRY"
1852716,branded_food,"PEACE CEREAL, CLUSTERS & FLAKES, MAPLE PECAN, MAPLE PECAN"
1852717,branded_food,"PEACE CEREAL, HEARTY RAISIN BRAN CLUSTERS & FLAKES"
1852720,branded_food,"MAPLE BROWN SUGAR MULTIGRAIN SQUAREFULS CEREAL, MAPLE BROWN SUGAR"
1852755,branded_food,"ANCIENT HARVEST, QUINOA HOT CEREAL FLAKES"
1853034,branded_food,"HONEY NUT SPINS SWEETENED TOASTED OAT CEREAL, HONEY NUT SPINS"
1853035,branded_food,"FAMILY GOURMET, TOASTED OATS CEREAL, HONEY NUT, HONEY NUT"
1853036,branded_food,"CORN & OAT CEREAL, BERRY"
1853037,branded_food,"CINNI - MINI CRUNCH CEREAL, CINNAMON"
1853133,branded_food,"LINO, CHOCOLINO, INSTANT CEREAL FLAKES WITH SWEET CHOCOLATE"
1853561,branded_food,"CORN FLAKES CEREAL, CORN FLAKES"
1853562,branded_food,"CRISP RICE TOASTED RICE CEREAL, CRISP RICE"
1853563,branded_food,"POPPIN' PEBBLES, SWEETENED RICE CEREAL WITH POPPIN' PIECES, BURSTIN' BERRY, BURSTIN' BERRY"
1853602,branded_food,"ESSENTIAL EVERYDAY, CRUNCHY OAT SQUARES CEREAL, CINNAMON, CINNAMON"
1853603,branded_food,"ESSENTIAL EVERYDAY, LOW FAT GRANOLA WHOLE GRAIN CEREAL WITH ALMONDS"
1853644,branded_food,"CRISP CEREAL, WILD BERRY"
1853649,branded_food,"TOASTED MULTI-GRAIN CEREAL WITH HONEY OAT CLUSTERS, HONEY & OAT CLUSTERS"
1853653,branded_food,"CEREAL, CORN FLAKES"
1853654,branded_food,"BERRY CRUNCH BERRY FLAVORED SWEETENED CORN & OAT CEREAL, BERRY CRUNCH"
1854093,branded_food,"FRUIT SPINS SWEETENED MULTIGRAIN CEREAL, FRUIT SPINS"
1854187,branded_food,"GLUTENFREEDA, GRANOLA CEREAL / SNACK, CRANBERRY CASHEW HONEY, CRANBERRY CASHEW HONEY"
1854190,branded_food,"DORSET CEREALS, SUPER CRANBERRY, CHERRY & ALMOND MUESLI TOASTED CEREAL"
1854191,branded_food,"DORSET CEREAL, SIMPLY DELICIOUS MUESLI"
1854429,branded_food,SWEETENED WHOLE WHEAT AND RICE CEREAL WITH CINNAMON
1854879,branded_food,5 GRAIN ROLLED HOT CEREAL
1854880,branded_food,"OLD COUNTRY STYLE MUESLI HOT OR COLD CEREAL, OLD COUNTRY STYLE"
1854881,branded_food,GLUTEN FREE MIGHTY TASTY HOT CEREAL
1854906,branded_food,"SWEETENED CORN PUFF CEREAL WITH REAL COCOA, SWEETENED CORN PUFF CEREAL WITH REAL COCOA"
1855390,branded_food,"MAGIC TREASURES TOASTED WHOLE GRAIN OAT WITH MARSHMALLOWS CEREAL, MAGIC TREASURES WITH MARSHMALLOWS"
1855405,branded_food,"SWEETENED CORN CEREAL, FROSTED FLAKES"
1855408,branded_food,"TOASTED MULTI-GRAIN FLAKES WITH ALMONDS & HONEY OAT CLUSTERS CEREAL, HONEY & OAT CLUSTERS WITH ALMONDS"
1855410,branded_food,"CRISPY TOASTED RICE CEREAL, CRISPY RICE"
1855411,branded_food,"MALLOW OATS SWEETENED WHOLE GRAIN OAT CEREAL WITH MARSHMALLOW PIECES, MALLOW OATS"
1855412,branded_food,"ENRICHED BRAN FLAKES CEREAL, BRAN FLAKES"
1855415,branded_food,"SUPERFOOD CEREAL, ACAI BLUEBERRY, ACAI BLUEBERRY"
1855426,branded_food,"POST, MINI CHURROS CEREAL, SWEETENED WHEAT CEREAL, CINNAMON, CINNAMON"
1855431,branded_food,"HONEY GRAHAM, COCOA CORN PUFF AND MARSHMALLOW CEREAL, HONEY GRAHAM, COCOA CORN PUFF AND MARSHMALLOW CEREAL"
1855435,branded_food,"FAMILIA, SWISS BALANCE, SWISS MUESLI CEREAL, BLUEBERRIES & QUINOA, BLUEBERRIES & QUINOA"
1855437,branded_food,"TOASTED WHEATFULS WHOLE GRAIN WHEAT CEREAL, TOASTED WHEATFULS"
1855438,branded_food,"TOASTED CEREAL, HONEY"
1855439,branded_food,"PEACE CEREAL, LOW FAT CLUSTERS & FLAKES, MANGO PEACH PASSION, MANGO PEACH PASSION"
1855440,branded_food,"PEACE CEREAL, CLUSTERS & FLAKES, CEREAL, WALNUT SPICE, WALNUT SPICE"
1855441,branded_food,"PEACE CEREAL, CLUSTERS & FLAKES, RASPBERRY GINGER, RASPBERRY GINGER"
1855442,branded_food,"PEACE CEREAL, GRANOLA, FRENCH VANILLA, FRENCH VANILLA"
1855443,branded_food,"COCOA CRUNCHIES, SWEETENED CORN CEREAL"
1855444,branded_food,"SCHNUCKS, FRUIT RINGS, SWEETENED MULTI-GRAIN CEREAL, ORANGE, LEMON, CHERRY, LIME & BERRY, ORANGE, LEMON, CHERRY, LIME & BERRY"
1855445,branded_food,"CEREAL, BERRY COLOSSAL CRUNCH"
1855455,branded_food,ANCIENT GRAIN HOT CEREAL
1855462,branded_food,"OVEN TOASTED FLAKES OF CORN CEREAL, OVEN TOASTED FLAKES OF CORN CEREAL"
1855464,branded_food,"OATS CEREAL, HONEY NUT"
1855465,branded_food,"SWEETENED CORN & OAT CEREAL, SWEETENED CORN & OAT CEREAL"
1855467,branded_food,ORGANIC TOASTED OATS CEREAL
1855468,branded_food,SWISS CRUNCH + MUESLI ROASTED CEREAL CLUSTERS WITH STRAWBERRIES AND RASPBERRIES
1855472,branded_food,"SWEETENED RICE CEREAL WITH COCOA & MARSHMALLOWS, SWEETENED RICE CEREAL WITH COCOA & MARSHMALLOWS"
1855473,branded_food,"PEACE CEREAL, SUPERGRAINS CEREAL, MAPLE BUCKWHEAT HEMP"
1855474,branded_food,"PEACE CEREAL, CRISPY RICE & FLAKES, CRISPY RICE AND OAT CLUSTERS, WHEAT-RICE FLAKES WITH POMEGRANATE AND REAL BLUEBERRIES, BLUEBERRY POMEGRANATE, BLUEBERRY POMEGRANATE"
1855475,branded_food,"MIGHTY FLAKES BEANS CEREAL, STRAWBERRIES"
1855476,branded_food,"WHOLE GRAIN CEREAL, HONEY RICE TWICE, HONEY RICE TWICE"
1855477,branded_food,"BRAN FLAKES ORGANIC COARSELY GROUND WHOLE WHEAT & BRAN CEREAL LIGHTLY SWEETENED WITH ORGANIC CANE SUGAR, BRAN FLAKES"
1855478,branded_food,"365 EVERYDAY VALUE, LITTLE CUBBIES CEREAL, OAT & CORN, MARSHMALLOW BITES, OAT & CORN, MARSHMALLOW BITES"
1855706,branded_food,"SUPERFOOD CEREAL, BANANA CHIA"
1855977,branded_food,"FOODHOLD, OATS & O'S, CHOCOLATE, NATURALLY FLAVORED WHOLE GRAIN CORN AND OAT CEREAL , CHOCOLATE"
1855979,branded_food,"FOODHOLD, CRISPERS, CORN & RICE CEREAL BLENDED INTO CRUNCHY BITE-SIZED PIECES"
1855980,branded_food,"FOODHOLD, FRUIT SWIRLS, SWEETENED MULTIGRAIN CEREAL NATURAL FRUIT FLAVOR WITH OTHER NATURAL FLAVORS"
1855983,branded_food,"FOODHOLD, FRUIT SWIRLS, SWEETENED MULTIGRAIN CEREAL NATURAL FRUIT FLAVOR WITH OTHER NATURAL FLAVORS"
1856232,branded_food,"AHOLD, GRANOLA CEREAL, OATS, HONEY & RAISINS, OATS, HONEY & RAISINS"
1856780,branded_food,"TRADER JOE'S, MUESLI CEREAL, BLUEBURRY, BLUEBURRY"
1857025,branded_food,"ORIGINAL WHEAT BERRY FLAKES TOASTED WHOLE WHEAT BERRY FLAKES & FLAXSEED CEREAL, ORIGINAL WHEAT BERRY FLAKES"
1857096,branded_food,"KOLLN, WHOLE GRAIN INSTANT OATMEAL CEREAL"
1857185,branded_food,"EARNEST EATS, HOT & FIT CEREAL, BLUEBERRY CHIA, BLUEBERRY CHIA"
1857407,branded_food,"ORGANIC ANCIENT GRAINS HOT CEREAL, BANANA & BROWN SUGAR"
1858031,branded_food,"SHOPRITE, SCRUNCHY, TOASTED OATS SWEETENED OAT CEREAL, APPLE CINNAMON, APPLE CINNAMON"
1858128,branded_food,"IGA, SWEETENED MULTI-GRAIN APPLE WHIRLS CEREAL, APPLE AND CINNAMON, APPLE AND CINNAMON"
1858322,branded_food,SWEETENED PUFFED WHEAT CEREAL
1858393,branded_food,"NATURE'S PROMISE, ORGANIC, CINNAMON SQUARES, CRUNCHY CINNAMON CEREAL, CINNAMON"
1858919,branded_food,"GIANT, NATURE'S PROMISE, FRUIT, NUT & SEED MUESLI CEREAL"
1858923,branded_food,MIXED BERRY MUESLI CEREAL
1859219,branded_food,"CEREAL, BLUEBERRY PECAN"
1859499,branded_food,"YOCRUNCH, CEREAL BOWL, LOWFAT YOGURT, VANILLA WITH KELLOGG'S FROOT LOOPS, VANILLA WITH KELLOGG'S FROOT LOOPS"
1859535,branded_food,"SWEETENED RICE CEREAL WITH REAL COCOA, SWEETENED RICE CEREAL WITH REAL COCOA"
1859537,branded_food,"SWEETENED CORN & OAT CEREAL, SWEETENED CORN & OAT CEREAL"
1859553,branded_food,"FROSTED WHOLE GRAIN OAT CEREAL WITH MARSHMALLOWS, FROSTED WHOLE GRAIN OAT CEREAL WITH MARSHMALLOWS"
1859948,branded_food,"ESSENTIALLY YOU VANILLA ALMOND CEREAL, VANILLA ALMOND"
1860060,branded_food,"ESSENTIAL EVERYDAY, APPLE CRUNCHIES, SWEETENED MULTI-GRAIN CEREAL, APPLE, CINNAMON, APPLE, CINNAMON"
1860061,branded_food,"SWEETENED RICE CEREAL, REAL COCOA"
1860062,branded_food,"APPLE CINNAMON SWEETENED TOASTED OAT CEREAL, APPLE CINNAMON"
1860063,branded_food,"ESSENTIAL EVERYDAY, CORN CEREAL, HONEY & NATURAL ALMOND, HONEY & NATURAL ALMOND"
1860064,branded_food,"CRUNCHY WHEAT SQUARES WHOLE GRAIN CEREAL, CRUNCHY WHEAT SQUARES"
1860674,branded_food,QUINOA HOT CEREAL FLAKES
1860677,branded_food,"GRANOLA CEREAL, WHITE RAISINS"
1860767,branded_food,"MIGHTY FLAKES CEREAL, CRANBERRY ALMOND"
1860782,branded_food,LIGHTLY FROSTED WHOLE WHEAT CEREAL
1860783,branded_food,"FROSTED FLAKES, FROSTED CORN CEREAL"
1860785,branded_food,HONEY AND OAT CRUNCH CEREAL
1861118,branded_food,"HONEY ALMOND FLAX WHOLE GRAIN CLUSTERS CEREAL, HONEY ALMOND FLAX"
1861127,branded_food,"HONEY NUT TOASTED OATS SWEETENED WHOLE GRAIN OAT CEREAL, HONEY NUT TOASTED OATS"
1861299,branded_food,"FRUIT & GRAIN CEREAL BARS, STRAWBERRY"
1861304,branded_food,"CEREAL BARS, MIXED BERRY"
1861525,branded_food,"MULTI-GRAIN MORNING O'S CEREAL, MULTI-GRAIN"
1861826,branded_food,"FAMILY GOURMET, SQUARES CEREAL, BUNCH O' CINNAMON, BUNCH O' CINNAMON"
1861913,branded_food,WHOLE GRAIN CRUNCH CEREAL
1861930,branded_food,"ORGANIC CEREAL, TOASTED O'S"
1861931,branded_food,"WHOLE GRAIN CINNAMON CRUNCH ORGANIC CEREAL, CINNAMON"
1861932,branded_food,"ORGANIC CEREAL, HONEY NUT O'S"
1861945,branded_food,"TOASTED O'S TOASTED OAT CEREAL, TOASTED O'S"
1861946,branded_food,"ALMOND CRUNCHY HONEY OATS NATURAL HONEY FLAVORED MULTIGRAIN CEREAL WITH GRANOLA AND ALMONDS, ALMOND CRUNCHY HONEY OATS"
1861947,branded_food,"TOASTED OATS SWEETENED CEREAL, HONEY NUT"
1861951,branded_food,"TOASTED CORN CEREAL, TOASTED CORN"
1862482,branded_food,"SWEETENED WHOLE WHEAT AND RICE CEREAL WITH CINNAMON, CINNI-MINI CRUNCH"
1862523,branded_food,PECAN FLAKE & GRANOLA CEREAL
1862529,branded_food,"FRUIT & GRAIN CEREAL BARS, APPLE & CINNAMON"
1862632,branded_food,"FRUIT & GRAIN CEREAL BAR, APPLE CINNAMON"
1862668,branded_food,"TOASTED OATS CEREAL, MIXED BERRY"
1862885,branded_food,"WHOLE WHEAT CEREAL, MULTI-BRAN FLAKES"
1862956,branded_food,"CRUNCHEE CEREAL BARS, CHOCOLATE"
1863429,branded_food,"SWEETENED FRUIT FLAVORED MULTIGRAIN CEREAL, FRUIT"
1863590,branded_food,"CEREAL BARS, FRUIT & GRAIN STRAWBERRY"
1863591,branded_food,"CEREAL BARS, FRUIT & GRAIN APPLE PIE"
1863592,branded_food,"FRUIT & GRAIN CEREAL BARS, RASPBERRY"
1863593,branded_food,"CEREAL BARS, FRUIT & GRAIN BLUEBERRY"
1863596,branded_food,"FRUIT & GRAIN CEREAL BARS, MIXED BERRY"
1863965,branded_food,"SWEETENED CORN & OAT CEREAL, BERRY"
1863966,branded_food,"SWEETENED RICE CEREAL WITH REAL COCOA, COCOA"
1864007,branded_food,"SWEETENED CORN & OAT CEREAL, BERRY BUNCH CRUNCH"
1864008,branded_food,SWEETENED CORN & OAT CEREAL
1864009,branded_food,"SWEETENED CORN & OAT CEREAL, SWEETENED CORN & OAT CEREAL"
1864010,branded_food,"BERRY COLOSSAL CRUNCH CEREAL, BERRY COLOSSAL CRUNCH"
1864011,branded_food,"SWEETENED CORN PUFF CEREAL WITH REAL PEANUT BUTTER, PEANUT BUTTER"
1864012,branded_food,SWEETENED CORN & OAT CEREAL
1864013,branded_food,SWEETENED CORN PUFF CEREAL WITH REAL PEANUT BUTTER
1864014,branded_food,"S'MORES CEREAL, S'MORES"
1864015,branded_food,"OAT BLENDERS LIGHTLY SWEETENED CORN & WHOLE WHEAT FLAKE CEREAL WITH GRANOLA & SLICED ALMONDS, HONEY & ALMONDS"
1864016,branded_food,SWEETENED CORN & OAT CEREAL
1864017,branded_food,"WHOLE GRAIN OAT CEREAL WITH MARSHMALLOW PIECES, SWEETENED"
1864018,branded_food,MALLOW OATS SWEETENED WHOLE GRAIN OAT CEREAL WITH MARSHMALLOW PIECES
1864019,branded_food,SWEETENED PUFFED WHEAT CEREAL
1864020,branded_food,"CEREAL, GOLDEN PUFFS"
1864021,branded_food,"CEREAL, APPLE ZINGS"
1864022,branded_food,SWEETENED CORN & OAT CEREAL
1864023,branded_food,SWEETENED CORN PUFF CEREAL WITH REAL COCOA
1864024,branded_food,COCOA CORN PUFF CEREAL WITH MARSHMALLOWS
1864025,branded_food,CEREAL
1864027,branded_food,SWEETENED RICE CEREAL WITH MARSHMALLOWS
1864028,branded_food,CEREAL
1864029,branded_food,LIGHTLY SWEETENED WHOLE GRAIN WHEAT CEREAL
1864030,branded_food,"LIGHTLY SWEETENED WHOLE GRAIN WHEAT CEREAL, MAPLE & BROWN SUGAR"
1864031,branded_food,LIGHTLY SWEETENED WHOLE GRAIN WHEAT CEREAL
1864032,branded_food,"LIGHTLY SWEETENED WHOLE GRAIN WHEAT CEREAL, BLUEBERRY"
1864033,branded_food,"HONEY GRAHAM TOASTERS CEREAL, HONEY"
1864034,branded_food,"HONEY GRAHAM SQUARES & COCOA CORN PUFF CEREAL WITH MARSHMALLOWS, S'MORES"
1864036,branded_food,SWEETENED WHOLE WHEAT & RICE CEREAL WITH CINNAMON
1864037,branded_food,"CRISPY RICE CEREAL, CRISPY RICE"
1864038,branded_food,CEREAL
1864039,branded_food,"MINI SPOONERS FROSTED CEREAL, MINI SPOONERS FROSTED"
1864040,branded_food,"FROSTED MINI SPOONERS CEREAL, FROSTED MINI SPOONERS"
1864041,branded_food,"OAT BLENDERS LIGHTLY SWEETENED CORN & WHOLE WHEAT FLAKE CEREAL WITH GRANOLA & SLICED ALMONDS, HONEY & ALMONDS"
1864042,branded_food,"SWEETENED WHOLE GRAIN OAT CEREAL WITH REAL HONEY, SWEETENED WHOLE GRAIN OAT CEREAL WITH REAL HONEY"
1864043,branded_food,"LIGHTLY SWEETENED CORN & WHOLE WHEAT FLAKE CEREAL WITH GRANOLA, LIGHTLY SWEETENED CORN & WHOLE WHEAT FLAKE CEREAL WITH GRANOLA"
1864044,branded_food,"SWEETENED CORN PUFF CEREAL WITH REAL COCOA, SWEETENED CORN PUFF CEREAL WITH REAL COCOA"
1864045,branded_food,"SWEETENED WHOLE WHEAT & RICE CEREAL WITH CINNAMON, SWEETENED WHOLE WHEAT & RICE CEREAL WITH CINNAMON"
1864046,branded_food,"SWEETENED WHEATFULS LIGHTLY SWEETENED WHOLE GRAIN WHEAT CEREAL, SWEETENED WHEAT-FULS"
1864048,branded_food,SWEETENED PUFFED WHEAT CEREAL
1864049,branded_food,"WHOLE GRAIN WHEAT & BRAN CEREAL WITH RAISINS, CINNAMON, AND STEEL CUT OAT CLUSTERS"
1864050,branded_food,GOLDEN PUFFS CEREAL
1864051,branded_food,LIGHTLY SWEETENED TOASTED WHOLE GRAIN OAT CEREAL
1864054,branded_food,"CEREAL, APPLE ZINGS"
1864055,branded_food,"SWEETENED CORN & OAT CEREAL, BERRY BUNCH CRUNCH"
1864056,branded_food,"SWEETENED CORN & OAT CEREAL, SWEETENED CORN & OAT CEREAL"
1864057,branded_food,"CEREAL, CHOCOLATEY COLOSSAL CRUNCH"
1864058,branded_food,"SWEETENED RICE CEREAL WITH REAL COCOA, SWEETENED RICE CEREAL WITH REAL COCOA"
1864059,branded_food,"SWEETENED RICE CEREAL WITH REAL COCOA, COCOA DYNO-BITES"
1864061,branded_food,"CEREAL, CINNAMON TOASTER"
1864062,branded_food,SWEETENED CORN PUFF CEREAL WITH REAL COCOA
1864063,branded_food,CEREAL
1864064,branded_food,"SWEETENED CORN PUFF CEREAL, REAL COCOA"
1864065,branded_food,"INSTANT MULTIGRAIN HOT CEREAL WITH FLAX, CINNAMON PLUM"
1864066,branded_food,"SWEETENED RICE CEREAL, MARSHMALLOWS"
1864067,branded_food,SWEETENED RICE CEREAL
1864068,branded_food,SWEETENED RICE CEREAL
1864069,branded_food,"SWEETENED RICE CEREAL, SWEETENED RICE CEREAL"
1864070,branded_food,CEREAL
1864071,branded_food,"SWEETENED MULTIGRAIN CEREAL, SWEETENED MULTIGRAIN CEREAL"
1864072,branded_food,LIGHTLY SWEETENED WHOLE GRAIN WHEAT CEREAL
1864073,branded_food,"FROSTED MINI SPOONERS CEREAL, FROSTED MINI SPOONERS"
1864074,branded_food,"LIGHTLY SWEETENED WHOLE GRAIN WHEAT CEREAL, MAPLE & BROWN SUGAR"
1864075,branded_food,"CEREAL, LIGHTLY SWEETENED"
1864076,branded_food,"LIGHTLY SWEETENED WHOLE GRAIN WHEAT CEREAL, BLUEBERRY"
1864077,branded_food,"S'MORES CEREAL, S'MORES"
1864078,branded_food,"SWEETENED WHOLE GRAIN OAT CEREAL, HONEY NUT"
1864079,branded_food,"COCOA HOT CEREAL, COCOA"
1864080,branded_food,SWEETENED CORN & OAT CEREAL
1864081,branded_food,"SWEETENED CORN & OAT CEREAL, HONEY"
1864083,branded_food,NATURALLY FLAVORED SWEETENED CORN PUFF CEREAL WITH REAL COCOA
1864084,branded_food,"CORN PUFF CEREAL, SAFARI COCOA CRUNCH"
1864085,branded_food,"SWEETENED WHOLE WHEAT AND RICE CEREAL WITH CINNAMON, CINNAMON"
1864086,branded_food,"OAT CLUSTER CRUNCH BLUE-POM CORN & WHEAT FLAKE CEREAL WITH FLAVORED BLUEBERRY & POMEGRANATE WHOLE GRAIN OAT CLUSTERS & REAL BLUEBERRIES, OAT CLUSTER CRUNCH"
1864087,branded_food,SWEETENED WHOLE GRAIN WHEAT & CORN CEREAL
1864088,branded_food,"SWEETENED WHOLE GRAIN OAT CEREAL, HONEY NUT TOASTY O'S"
1864092,branded_food,"BARE OATS, BARLEY, WHEAT, QUINOA & RYE CATS, BARLEY. BARE, QUINOA & RYE ORGANIC INSTANT MULTIGRAIN HOT CEREAL WITH FLAX, BARE OATS, BARLEY, WHEAT, QUINOA & RYE"
1864093,branded_food,CEREAL
1864094,branded_food,SWEETENED FLAKES OF CORN CEREAL
1864095,branded_food,SWEETENED PUFFED WHEAT CEREAL
1864096,branded_food,SWEETENED POPPED-UP CORN CEREAL
1864097,branded_food,SWEETENED POPPED-UP CORN CEREAL
1864204,branded_food,"BERRY COLOSSAL CRUNCH CEREAL, BERRY COLOSSAL CRUNCH"
1864205,branded_food,COLOSSAL CRUNCH SWEETENED CORN & OAT CEREAL
1864207,branded_food,"SWEETENED CORN & OAT CEREAL, SWEETENED CORN & OAT CEREAL"
1864208,branded_food,"SWEETENED RICE CEREAL WITH REAL COCOA, SWEETENED RICE CEREAL WITH REAL COCOA"
1864209,branded_food,"SWEETENED CORN & OAT CEREAL, CHOCOLATEY"
1864210,branded_food,SWEETENED RICE CEREAL WITH REAL COCOA
1864211,branded_food,"SWEETENED RICE CEREAL WITH REAL COCOA, COCOA"
1864212,branded_food,SWEETENED WHOLE WHEAT & RICE CEREAL
1864213,branded_food,"SWEETENED MULTI-GRAIN CEREAL, SWEETENED MULTI-GRAIN CEREAL"
1864214,branded_food,SWEETENED RICE CEREAL
1864215,branded_food,LIGHTLY SWEETENED WHOLE GRAIN WHEAT CEREAL
1864216,branded_food,CEREAL SNACKERS
1864217,branded_food,"CEREAL, STRAWBERRY CREAM"
1864218,branded_food,"LIGHTLY SWEETENED WHOLE GRAIN WHEAT CEREAL, STRAWBERRY CREAM"
1864220,branded_food,"LIGHTLY SWEETENED WHOLE GRAIN WHEAT CEREAL, BLUEBERRY"
1864221,branded_food,"LIGHTLY SWEETENED WHOLE GRAIN WHEAT CEREAL, BLUEBERRY"
1864222,branded_food,"LIGHTLY SWEETENED WHOLE GRAIN WHEAT CEREAL, BLUEBERRY"
1864223,branded_food,CEREAL
1864224,branded_food,"CEREAL, HONEY GRAHAM"
1864225,branded_food,"LIGHTLY SWEETENED CORN & WHOLE WHEAT FLAKE CEREAL WITH GRANOLA & SLICED ALMONDS, LIGHTLY SWEETENED CORN & WHOLE WHEAT FLAKE CEREAL WITH GRANOLA & SLICED ALMONDS"
1864226,branded_food,"SWEETENED WHOLE GRAIN OAT CEREAL WITH REAL HONEY, SWEETENED WHOLE GRAIN OAT CEREAL WITH REAL HONEY"
1864227,branded_food,"ORIGINAL QUICK COOKING HOT WHEAT CEREAL, ORIGINAL"
1864228,branded_food,"ORIGINAL QUICK COOKING HOT WHEAT CEREAL, ORIGINAL"
1864229,branded_food,"CEREAL, CHOCOLATE"
1864231,branded_food,"SWEETENED CHOCOLATE FLAVORED RICE CEREAL WITH REAL COCOA, SWEETENED CHOCOLATE"
1864232,branded_food,"SWEETENED RICE CEREAL, COCOA"
1864233,branded_food,"SWEETENED RICE CEREAL, FRUITY"
1864234,branded_food,"SWEETENED PUFFED WHEAT CEREAL, SWEETENED PUFFED WHEAT"
1864235,branded_food,"BIG REAL HONEY SWEETENED CORN & OAT CEREAL, BIG REAL HONEY"
1864236,branded_food,"CEREAL, CRUNCHY HONEY ROASTED"
1864237,branded_food,"CEREAL WITH ALMONDS, ALMONDS"
1864240,branded_food,"WHOLE GRAIN WHEAT AND BRAN CEREAL, WHOLE GRAIN WHEAT AND BRAN"
1864241,branded_food,"WHOLE GRAIN CEREAL, HONEY, CHOCOLATEY ALMOND CRUNCH"
1864242,branded_food,"CHOCOLATEY ALMOND CRUNCH WHOLE GRAIN CEREAL, HONEY"
1864243,branded_food,"CEREAL, RAISINS, DATES & PECANS"
1864244,branded_food,"ALMOND CRUNCH CEREAL, CHERRY"
1864245,branded_food,"CEREAL, ALMOND CRUNCHO'S"
1864246,branded_food,"CRUNCH! CEREAL, HONEY CRUNCHO'S"
1864247,branded_food,"CEREAL, APPLES & CINNAMON BUNCHES"
1864248,branded_food,"CEREAL, STRAWBERRIES"
1864249,branded_food,"ORIGINAL 100% WHOLE GRAIN SHREDDED WHEAT CEREAL, ORIGINAL"
1864250,branded_food,"CEREAL, CRUNCHY HONEY ROASTED"
1864251,branded_food,CEREAL WITH NUTTY PECAN BUNCHES
1864252,branded_food,"WHEAT 'N BRAN CEREAL, WHEAT 'N BRAN"
1864256,branded_food,"SWEETENED WHOLE GRAIN OAT CEREAL WITH REAL HONEY, HONEY NUT"
1864257,branded_food,"CEREAL SNACKERS, CINNAMON TOASTERS"
1864260,branded_food,"SWEETENED MULTI-GRAIN CEREAL, SWEETENED MULTI-GRAIN CEREAL"
1864263,branded_food,"SWEETENED RICE CEREAL, REAL COCOA"
1864264,branded_food,"PUFFED WHEAT CEREAL, SWEETENED"
1864265,branded_food,"CEREAL, SWEETENED CORN & OAT"
1864266,branded_food,"WHEAT CEREAL, SWEETENED PUFFED"
1864280,branded_food,"SWEETENED RICE CEREAL WITH MARSHMALLOWS AND REAL COCOA, COCOA"
1864281,branded_food,"HONEY BUNCHES OF OATS, CEREAL, CHOCOLATE, CHOCOLATE"
1864282,branded_food,"CREAMY HOT WHEAT CEREAL, CREAMY HOT WHEAT"
1864284,branded_food,SWEETENED FLAKES OF CORN CEREAL
1864285,branded_food,"LIGHTLY SWEETENED TOASTED WHOLE GRAIN OAT CEREAL, LIGHTLY SWEETENED TOASTED WHOLE GRAIN OAT CEREAL"
1864286,branded_food,"SWEETENED POPPED-UP CORN CEREAL, SWEETENED POPPED-UP CORN CEREAL"
1864287,branded_food,CEREAL
1864288,branded_food,QUICK COOKING FARINA CEREAL
1864292,branded_food,"WHOLE GRAIN WHEAT & BRAN CEREAL WITH RAISINS, WHOLE GRAIN WHEAT & BRAN CEREAL WITH RAISINS"
1864293,branded_food,"GOLDEN PUFFS CEREAL, GOLDEN PUFFS"
1864294,branded_food,SWEETENED PUFFED WHEAT CEREAL
1865237,branded_food,"LIGHTLY SWEETENED WHOLE GRAIN WHEAT CEREAL, LIGHTLY SWEETENED WHOLE GRAIN WHEAT CEREAL"
1865257,branded_food,"TOASTED CEREAL, STRAWBERRY"
1865259,branded_food,"CEREAL, ORIGINAL POWER O'S"
1865260,branded_food,MIGHTY FLAKES FROSTED CRUNCHY CEREAL
1865795,branded_food,"MAPLE BROWN SUGAR HOT CEREAL, MAPLE BROWN SUGAR"
1866150,branded_food,"SUPER OATS CHIA & QUINOA HOT CEREAL PACKETS, BROWN SUGAR"
1866152,branded_food,"SUPERFOOD HOT CEREAL, CRANBERRY"
1866153,branded_food,"SUPERFOOD HOT CEREAL, HEMP PEACH"
1866155,branded_food,"BRAN, WHOLE GRAIN WHEAT & WHOLE GRAIN CORN CRUNCHY O'S CEREAL, BRAN, WHOLE GRAIN WHEAT & WHOLE GRAIN CORN"
1867165,branded_food,"HEALTH VALLEY ORGANIC, MULTIGRAIN CEREAL BARS, APPLE COBBLER, APPLE COBBLER"
1867171,branded_food,"BLUEBIRD GRAIN FARMS, OLD WORLD CEREAL BLEND, A RUSTIC HOT CEREAL BLEND OF FARRA , HEIRLOOM RYE AND FLAX"
1867291,branded_food,"SUSTAINED ENERGY CEREAL, BLUEBERRY DATE"
1867745,branded_food,"MOUNTAIN MUESLI, CEREAL, CHERRY ALMOND, CHERRY ALMOND"
1868268,branded_food,"INSTANT HOT CEREAL, MULTIGRAIN WITH FLAX"
1868322,branded_food,"FROSTED FLAKES SWEETENED FLAKES OF CORN CEREAL, FROSTED FLAKES"
1868324,branded_food,"TOASTED OATS WHOLE GRAIN OAT CEREAL, TOASTED OATS"
1868327,branded_food,"KROGER, SHREDDED WHEAT CEREAL, CHOCOLATE FROSTED, CHOCOLATE FROSTED"
1868330,branded_food,"KROGER, CRUNCHY SWEETENED WHEAT AND RICE FLAKES CEREAL WITH OAT CLUSTERS, RAISIN, RAISIN"
1868372,branded_food,"MULTI-GRAIN TOASTED CEREAL, PEANUT BUTTER"
1868373,branded_food,"CHOCOLATY SWEETENED RICE CEREAL, COCOA CRISPY RICE"
1868435,branded_food,"SUPERFOOD CEREAL, CACAO CRUNCH"
1868461,branded_food,"FREEDOM FOODS, TROPICO'S CEREAL"
1868679,branded_food,"TOASTED RICE CEREAL, TOASTED RICE"
1868684,branded_food,"HONEY & OAT CLUSTERS FLAVORED LIGHTLY SWEETENED CORN & WHOLE WHEAT FLAKE CEREAL WITH GRANOLA, HONEY & OAT CLUSTERS"
1868766,branded_food,"WHEAT & RICE CEREAL, TOASTED CINNAMON SQUARES"
1868949,branded_food,"KROGER, SWEETENED CORN & OAT PUFFS CEREAL, CRISP BERRY CRUNCH, CRISP BERRY CRUNCH"
1869201,branded_food,"HOLY CRAP, LIMITED EDITION BREAKFAST CEREAL, DARK CHOCOLATE, DARK CHOCOLATE"
1869223,branded_food,DRAGONS BLEND BREAKFAST CEREAL
1869502,branded_food,"FRUIT & GRAIN CEREAL BARS, BLUEBERRY"
1869508,branded_food,"FRUIT & GRAIN CEREAL BARS, APPLE CINNAMON"
1869510,branded_food,"FRUIT & GRAIN CEREAL BARS, STRAWBERRY"
1869514,branded_food,"FRUIT & GRAIN CEREAL BARS, MIXED BERRY"
1869519,branded_food,"FRUIT & GRAIN CEREAL BARS, RASPBERRY"
1869578,branded_food,"SPARTAN, COCO KRUNCH SWEETENED RICE CEREAL MADE WITH REAL COCOA"
1869579,branded_food,"SPARTAN, SWEETENED CRUNCHY CORN CEREAL, COCOA CRUNCHIES, COCOA CRUNCHIES"
1869651,branded_food,"SPARTAN, SWEETENED CORN & OAT CEREAL, BERRY CRUNCH, BERRY CRUNCH"
1869652,branded_food,"SPARTAN, OVEN TOASTED CORN SQUARES CEREAL"
1869791,branded_food,"WHOLE GRAIN CEREAL, CINNAMON HEAVEN"
1869796,branded_food,"CEREAL, HONEY CRUNCH"
1869800,branded_food,"GLUTEN FREE WHOLE GRAIN CEREAL, COCOA SENSATION"
1869916,branded_food,"TOASTED OATS WHOLE GRAIN OAT CEREAL, TOASTED OATS"
1869920,branded_food,"TOASTED OATS WHOLE GRAIN OAT CEREAL, TOASTED OATS"
1870208,branded_food,"ORGANIC GRANOLA CEREAL, CHOCOLATE BANANA"
1870661,branded_food,"SWEETENED WHOLE WHEAT AND RICE CEREAL, CINNAMON PUFFS"
1870999,branded_food,"YUMMY WHOLE GRAIN & VEGETABLE CEREAL, BERRY BLAST"
1871032,branded_food,"BACK TO NATURE, ANCIENT GRAINS RISIN' RAISIN BLEND CEREAL"
1871133,branded_food,"CHUAO CHOCOLATIER, CEREAL SMOOCH BAR, CINNAMON, CINNAMON"
1871665,branded_food,"ORGANIC MULTIGRAIN CEREAL BAR, STRAWBERRY COBBLER"
1871666,branded_food,"HOT & FIT CEREAL, EARNEST EATS, MAYAN BLEND, COCOA + CASHEWS + PEPITAS, COCOA + CASHEWS + PEPITAS"
1872663,branded_food,"INSTANT HOT CEREAL, MAPLE BROWN SUGAR"
1872831,branded_food,"AHOLD, INSTANT CREAM FARINA, HOT WHEAT CEREAL, ORIGINAL, ORIGINAL"
1875388,branded_food,"YOGURT SMOOTHIE, PECAN CEREAL"
1875399,branded_food,"LALA, YOGURT SMOOTHIE, PECAN CEREAL, PECAN CEREAL"
1876752,branded_food,"CEREAL NUGGETS, PEANUT BUTTER & CHOCOLATE"
1880521,branded_food,"BAUDUCCO, BREAKFAST COOKIE, MILK & CEREALS, MILK & CEREALS"
1139934,branded_food,"HONEY NUT TOASTED OATS SWEETENED OAT CEREAL WITH REAL HONEY AND NATURAL ALMOND FLAVOR, HONEY NUT TOASTED OATS"
1139949,branded_food,"HONEY OAT CLUSTERS MULTI-GRAIN CEREAL, HONEY"
1139951,branded_food,"RAISIN BRAN CEREAL, RAISIN BRAN"
1140057,branded_food,"ORIGINAL MULTIGRAIN SPOONFULS CEREAL, ORIGINAL"
1140115,branded_food,"CINNAMON OAT CRUNCH SWEETENED MULTIGRAIN CEREAL, CINNAMON OAT CRUNCH"
1140116,branded_food,"SWEETENED FROSTED FLAKES OF CORN CEREAL, FROSTED FLAKES"
1140117,branded_food,"HONEY NUT'S SWEETENED TOASTED OAT CEREAL, HONEY NUT'S"
1140159,branded_food,"COCO ROOS CEREAL, COCO ROOS"
1140665,branded_food,"BERRY CRUNCH SWEETENED NATURALLY AND ARTIFICIALLY BERRY FLAVORED CORN AND OAT CEREAL, BERRY"
1140986,branded_food,"NATURAL HONEY FLAVORED MULTIGRAIN CEREAL WITH GRANOLA AND ALMONDS, ALMOND CRUNCHY HONEY OATS"
1141107,branded_food,"LIFE, MULTIGRAIN CEREAL, CINNAMON, CINNAMON"
1141128,branded_food,"OATS & HONEY CEREAL WITH RAISINS & ALMONDS, OATS & HONEY"
1141451,branded_food,CEREAL
1141470,branded_food,"CINNAMON MULTIGRAIN CEREAL, CINNAMON"
1141505,branded_food,"FROSTED SHREDDED WHEAT BITE SIZE SWEETENED WHOLE GRAIN WHEAT CEREAL, FROSTED SHREDDED WHEAT"
1141700,branded_food,"CRISPY HEXAGONS CRISPY CORN & RICE CEREAL, CRISPY HEXAGONS"
1141779,branded_food,"HONEY NUT OAT SWEETENED TOASTED OAT CEREAL, HONEY NUT OAT"
1141891,branded_food,"HONEY NUT SWEETENED ORGANIC WHOLE GRAIN OAT CEREAL WITH REAL ORGANIC HONEY, HONEY NUT"
1142044,branded_food,"FIBER ACTIVE, TOASTED CORN & WHEAT CEREAL, TOASTED CORN & WHEAT"
1142329,branded_food,"NATURAL HONEY FLAVORED MULTIGRAIN CEREAL WITH GRANOLA AND ALMONDS, ALMOND CRUNCHY HONEY OATS"
1142474,branded_food,"FROSTED FLAKES ORGANIC CEREAL, FROSTED FLAKES"
1142475,branded_food,"CHOCOLATE HAZELNUT PILLOWS ORGANIC CEREAL, CHOCOLATE HAZELNUT PILLOWS"
1142477,branded_food,"RICE CRISPIES ORGANIC CEREAL, RICE CRISPIES"
1142896,branded_food,"HONEY ROASTED CEREAL, HONEY ROASTED"
1142897,branded_food,"CHOCOLATE FLAVORED SPOOKY MARSHMALLOWS CEREAL, CHOCOLATE"
1142902,branded_food,"VANILLA LOWFAT YOGURT AND CEREAL, VANILLA"
1143138,branded_food,"HONEY ALMOND CEREAL, HONEY ALMOND"
1143139,branded_food,"CRANBERRY ALMOND SUPER GRAIN FLAKES CEREAL, CRANBERRY ALMOND"
1143140,branded_food,"DARK CHOCOLATE ALMOND CEREAL, DARK CHOCOLATE ALMOND"
1143464,branded_food,"COCOA HONEY CRUNCH WITH BUCKWHEAT COCOA COATED MULTIGRAIN FLAKES AND LIGHTLY SWEETENED CORN FLAKES CEREAL, COCOA HONEY CRUNCH WITH BUCKWHEAT"
1143860,branded_food,CEREAL
1143905,branded_food,"RED & BLUE FROSTED ROLLS CEREAL, RED & BLUE FROSTED ROLLS"
1143958,branded_food,"RAISIN BRAN CEREAL, RAISIN BRAN"
1143960,branded_food,"CRISPY RICE SQUARES TOASTED RICE CEREAL, CRISPY RICE SQUARES"
1144465,branded_food,"CINNAMON FLAVORED CEREAL WITH MARSHMALLOWS, CINNAMON WITH MARSHMALLOWS"
1144490,branded_food,"STRAWBERRY BIRTHDAY CAKE SWEETENED MULTIGRAIN CEREAL, STRAWBERRY BIRTHDAY CAKE"
1144679,branded_food,"STRAWBERRY FRUIT & GRAIN CEREAL BARS, STRAWBERRY"
1144680,branded_food,"APPLE CINNAMON FRUIT & GRAIN CEREAL BARS, APPLE CINNAMON FRUIT & GRAIN"
1144819,branded_food,"COLOSSAL CRUNCH CEREAL, COLOSSAL CRUNCH"
1145005,branded_food,"CEREAL WITH CRANBERRIES, CRANBERRIES"
1145278,branded_food,"WHOLE GRAIN WHEAT CEREAL, WHOLE GRAIN"
1145279,branded_food,"SWEETENED WHOLE GRAIN WHEAT CEREAL, SWEETENED WHOLE GRAIN"
1145572,branded_food,Cheerios Cereal
1145573,branded_food,Cheerios Cereal
1145574,branded_food,Cheerios Cereal
1145620,branded_food,Cheerios Cereal 2 Pack
1145671,branded_food,Cinnamon Toast Crunch Cereal
1145672,branded_food,Honey Nut Cheerios Cereal
1145673,branded_food,Lucky Charms Cereal
1145674,branded_food,Cheerios Cereal
1145675,branded_food,Reese's Puffs Cereal
1145706,branded_food,Cocoa Puffs Cereal
1145718,branded_food,Reese's Puffs Cereal
1145739,branded_food,Cheerios Cereal
1145740,branded_food,Reese's Puffs Cereal
1145742,branded_food,Reese's Puffs Cereal
1145749,branded_food,Cinnamon Chex Cereal
1145755,branded_food,Honey Nut Cheerios Cereal
1145756,branded_food,Honey Nut Cheerios Cereal
1145757,branded_food,Honey Nut Cheerios Cereal
1145758,branded_food,Apple Cinnamon Cheerios Cereal
1145760,branded_food,Very Berry Cheerios Cereal
1145762,branded_food,Cinnamon Toast Crunch Cereal
1145764,branded_food,Cinnamon Toast Crunch Cereal
1145806,branded_food,Cinnamon Toast Crunch Cereal
1145877,branded_food,Cinnamon Chex Cereal
1146247,branded_food,Blueberry Cheerios Cereal
1146249,branded_food,Chocolate Lucky Charms Cereal
1146251,branded_food,Cookie Crisp Cereal
1146252,branded_food,Chocolate Lucky Charms Cereal
1146253,branded_food,Cookie Crisp Cereal
1146258,branded_food,Cookie Crisp Cereal
1146267,branded_food,Peanut Butter Chex Cereal
1146279,branded_food,French Toast Crunch Cereal
1146283,branded_food,Pnut Butter Chex Cereal
1146780,branded_food,Golden Grahams Cereal
1146783,branded_food,Trix and Cocoa Puffs Cereal
1146785,branded_food,Cocoa Puffs Cereal
1146786,branded_food,Lucky Charms Cereal
1146788,branded_food,Multi Grain Cheerios Cereal
1146789,branded_food,Wheaties Cereal
1146791,branded_food,Total Cereal
1146793,branded_food,Corn Chex Cereal
1146794,branded_food,Cheerios Cereal 3 Pk
1146795,branded_food,Lucky Charms Cereal
1146796,branded_food,Kid Cereal 3 Pack
1146797,branded_food,Multi Grain Cheerios Cereal
1146798,branded_food,Frosted Cheerios Cereal
1146799,branded_food,Berry Berry Kix Cereal
1146800,branded_food,Lucky Charms Cereal
1146804,branded_food,Multi Grain Cheerios Cereal
1146807,branded_food,Golden Grahams Cereal
1146809,branded_food,Corn Chex Cereal
1146817,branded_food,Kix Cereal
1146818,branded_food,Cocoa Puffs Cereal
1146819,branded_food,Golden Grahams Cereal
1146820,branded_food,Cocoa Puffs Cereal
1146822,branded_food,Cocoa Puffs Cereal
1146823,branded_food,Golden Grahams Cereal
1146824,branded_food,Fruity Lucky Charms Cereal
1146825,branded_food,Rice Chex Cereal
1146837,branded_food,Honey Nut Chex Cereal
1146838,branded_food,Honey Nut Chex Cereal 2 Pack
1146839,branded_food,Honey Nut Chex Cereal
1146840,branded_food,Lucky Charms Cereal
1146841,branded_food,Kix Cereal
1146842,branded_food,Trix Cereal
1146843,branded_food,Rice Chex Cereal
1146846,branded_food,Cocoa Puffs Cereal
1146847,branded_food,Honey Kix Cereal
1146848,branded_food,Fruity Lucky Charms Cereal
1146912,branded_food,"POST, CEREAL, APPLE, APPLE"
1147111,branded_food,"ORIGINAL WHEAT BERRY FLAKES TOASTED WHOLE WHEAT BERRY FLAKES & FLAXSEED CEREAL, ORIGINAL WHEAT BERRY FLAKES"
1147341,branded_food,"FROSTED MINI SPOONERS CEREAL, FROSTED"
1147342,branded_food,"SWEETENED RICE CEREAL, COCOA"
1147935,branded_food,"SWEETENED CORN & OAT CEREAL, BERRY CRUNCH"
1148069,branded_food,"AMBROSIAL, ORGANIC MUESLI CEREAL, GOJI BERRY PUMPKIN, GOJI BERRY PUMPKIN"
1148086,branded_food,"MULTIGRAIN CLUSTER & FLAKE CEREAL, BLUEBERRY POMEGRANATE"
1148087,branded_food,"CRISPY RICE & WHEAT FLAKES CEREAL, CHOCOLATEY CHUNKS"
1148088,branded_food,"GRANOLA CEREAL, VANILLA ALMOND"
1148161,branded_food,"MRS. FRESHLEY'S, DELICIOUS DEALS, FRUIT&GRAIN LOW FAT CEREAL BARS, STRAWBERRY, STRAWBERRY"
1148187,branded_food,"MARKET PANTRY, WHOLE GRAIN CEREAL, TOASTED OATS, TOASTED OATS"
1148598,branded_food,"ALL BERRIES SWEETENED CORN & OAT CEREAL, ALL BERRIES"
1148599,branded_food,"CINNAMON ROLL SWEETENED CORN & OAT CEREAL, CINNAMON ROLL"
1148603,branded_food,"FRUIT FLAVOR SWEETENED MULTI-GRAIN CEREAL, FRUIT"
1148604,branded_food,"RED BERRIES CRUNCHY RICE & WHEAT FLAKES WITH REAL STRAWBERRIES CEREAL, RED BERRIES"
1148611,branded_food,"FRUIT FLAVOR SWEETENED MULTI-GRAIN CEREAL, FRUIT"
1148624,branded_food,"BROWN SUGAR FLAVOR OATMEAL SQUARES CRUNCHY OAT CEREAL, BROWN SUGAR"
1148632,branded_food,"CRUNCH BERRIES TREATS CEREAL BARS, CRUNCH BERRIES"
1148665,branded_food,"STRAWBERRY FLAVORED CEREAL BARS, STRAWBERRY"
1148666,branded_food,"APPLE CINNAMON CEREAL BARS, APPLE CINNAMON"
1148667,branded_food,"CHOCOLATEY PRETZEL FLAVORED CEREAL BARS, CHOCOLATEY PRETZEL"
1148668,branded_food,"RED BERRIES FLAVORED CEREAL BARS, RED BERRIES"
1148749,branded_food,"PEANUT BUTTER TREATS CEREAL BARS, PEANUT BUTTER"
1148751,branded_food,"CHOCOLATEY DELIGHT FLAVORED CRUNCHY RICE & WHEAT FLAKES WITH CHOCOLATEY PIECES CEREAL, CHOCOLATEY DELIGHT"
1148757,branded_food,"RED BERRIES CRUNCHY RICE & WHEAT FLAKES WITH REAL STRAWBERRIES CEREAL, RED BERRIES"
1148815,branded_food,"FRUIT FLAVOR SWEETENED MULTI-GRAIN CEREAL, FRUIT"
1148858,branded_food,"PUMPKIN SPICE FLAVORED MULTIGRAIN CEREAL, PUMPKIN SPICE"
1148859,branded_food,"CHRISTMAS CRUNCH SWEETENED CORN & OAT CEREAL, CHRISTMAS CRUNCH"
1148865,branded_food,"HALLOWEEN CRUNCH SWEETENED CORN & OAT CEREAL, HALLOWEEN CRUNCH"
1148941,branded_food,"ORGANIC CEREAL, CINNAMON CRUNCH"
1148957,branded_food,"RUDOLPH'S MIX WITH CHOCOLATE-COVERED CEREAL, GRAHAM BITES, M&M'S MILK CHOCOLATE CANDIES & PEANUT BUTTER CUPS INDULGENT TRAIL MIX, RUDOLPH'S MIX"
1149119,branded_food,"SPRINKLED DONUT SWEETENED CORN & OAT CEREAL, SPRINKLED DONUT"
1149123,branded_food,"CHOCOLATEY SWEETENED CORN & OAT CEREAL, CHOCOLATEY"
1149125,branded_food,"CARAMEL POPCORN SWEETENED CORN & OAT CEREAL, CARAMEL POPCORN"
1149166,branded_food,"MULTIGRAIN HOT CEREAL, MULTIGRAIN"
1149183,branded_food,"FRUIT FLAVOR SWEETENED MULTI-GRAIN CEREAL, FRUIT"
1149190,branded_food,"CHOCOLATEY PRETZEL FLAVORED CEREAL BARS, CHOCOLATEY PRETZEL"
1149236,branded_food,"FROSTED MINI-WHEATS, LITTLE BITES, LIGHTLY SWEETENED WHOLE GRAIN CEREAL, CHOCOLATE, CHOCOLATE"
1149239,branded_food,"OATS & HONEY CRUNCHY WHEAT, RICE & CORN FLAKES WITH OATS & HONEY CEREAL, OATS & HONEY"
1149273,branded_food,CEREAL
1149308,branded_food,"BLUEBERRY FLAVORED CEREAL BARS, BLUEBERRY"
1149309,branded_food,"MIXED BERRY FLAVORED CEREAL BARS, MIXED BERRY"
1149310,branded_food,"APPLE CINNAMON CEREAL BARS, APPLE CINNAMON"
1149320,branded_food,"VANILLA CRISP FLAVORED CEREAL BARS, VANILLA CRISP"
1149321,branded_food,"CHOCOLATEY STRAWBERRY FLAVORED CEREAL BARS, CHOCOLATEY STRAWBERRY"
1149322,branded_food,"RASPBERRY CHEESECAKE FLAVORED CEREAL BARS, RASPBERRY CHEESECAKE"
1149325,branded_food,"BLUEBERRY FLAVORED CEREAL BARS, BLUEBERRY"
1149326,branded_food,"BLUEBERRY FLAVORED CEREAL BARS, BLUEBERRY"
1149327,branded_food,"STRAWBERRY FLAVORED CEREAL BARS, STRAWBERRY"
1149333,branded_food,"RED BERRIES FLAVORED CEREAL BARS, RED BERRIES"
1149645,branded_food,"ORIGINAL SWEETENED CORN & OAT CEREAL, ORIGINAL"
1149671,branded_food,"ORIGINAL PERKY'S CRUNCHY RICE CEREAL, ORIGINAL"
1149672,branded_food,"ORIGINAL PERKY'S CRUNCHY FLAX CEREAL, ORIGINAL"
1149673,branded_food,"PERKY'S CRUNCHY FLAX CEREAL WITH CHIA, CHIA"
1149877,branded_food,"BERRY CRUNCH SWEETENED CORN & OAT CEREAL, BERRY CRUNCH"
1149899,branded_food,"TOUCHDOWN CRUNCH SWEETENED CORN & OAT CEREAL, TOUCHDOWN CRUNCH"
1150074,branded_food,"NATURE'S PROMISE, MUESLI CEREAL, PEANUT BUTTER APPLE, PEANUT BUTTER APPLE"
1150128,branded_food,"S'MORES CEREAL, S'MORES"
1150132,branded_food,"FROSTED FLAKES SWEETENED FLAKES OF CORN CEREAL, FROSTED FLAKES"
1150227,branded_food,"CINNI-MINI CRUNCH A SWEETENED WHOLE WHEAT & RICE CEREAL WITH CINNAMON, CINNI-MINI CRUNCH"
1150238,branded_food,"WHOLE GRAIN CEREAL WITH REAL HONEY GRAHAM SQUARES, REAL HONEY"
1150299,branded_food,"BERRIES & PEACHES CEREAL, BERRIES & PEACHES"
1150321,branded_food,"PUMPKIN SPICE FLAVORED MULTIGRAIN CEREAL, PUMPKIN SPICE"
1150322,branded_food,"ORIGINAL SWEETENED CORN & OAT CEREAL, ORIGINAL"
1150332,branded_food,"FRUIT FLAVOR SWEETENED MULTI-GRAIN CEREAL IN A CUP, FRUIT"
1150343,branded_food,"CINNAMON PECAN CRUNCHY RICE & WHEAT FLAKES WITH PECANS & CINNAMON CEREAL, CINNAMON PECAN"
1150376,branded_food,"SPRINKLED DONUT SWEETENED CORN & OAT CEREAL, SPRINKLED DONUT"
1150378,branded_food,"GINGERBREAD SPICE FLAVORED MULTIGRAIN CEREAL, GINGERBREAD SPICE"
1150411,branded_food,"SWEETENED MULTI-GRAIN CEREAL WITH FRUITY SHAPED MARSHMALLOWS, FRUITY SHAPED MARSHMALLOWS"
1150412,branded_food,"BLUEBERRY BANANA & VANILLA FLAVOR CHILLED OAT CEREAL WITH FLAXSEED & QUINOA OVERNIGHT OATS, BLUEBERRY BANANA & VANILLA"
1150413,branded_food,"RAISIN WALNUT HONEY FLAVOR CHILLED OAT CEREAL WITH QUINOA & FLAXSEED OVERNIGHT OATS, RAISIN WALNUT HONEY"
1150425,branded_food,"HALLOWEEN CRUNCH SWEETENED CORN & OAT CEREAL, HALLOWEEN CRUNCH"
1150427,branded_food,"CRUNCH BERRIES SWEETENED CORN & OAT CEREAL, CRUNCH BERRIES"
1150429,branded_food,"VANILLA FLAVORED MULTIGRAIN CEREAL, VANILLA"
1150433,branded_food,"HOMERUN CRUNCH SWEETENED CORN & OAT CEREAL, HOMERUN CRUNCH"
1150434,branded_food,"BLUEBERRY PANCAKE SWEETENED CORN & OAT CEREAL, BLUEBERRY PANCAKE"
1150435,branded_food,"CINNAMON MULTIGRAIN CEREAL, CINNAMON"
1150436,branded_food,"TOUCHDOWN CRUNCH SWEETENED CORN & OAT CEREAL, TOUCHDOWN CRUNCH"
1150493,branded_food,"ORCHARD PEACH PECAN PERFECTION FLAVOR CHILLED OAT CEREAL WITH QUINOA & FLAXSEED OVERNIGHT OATS, ORCHARD PEACH PECAN PERFECTION"
1150510,branded_food,"CHERRY ALMOND & VANILLA FLAVOR CHILLED OAT CEREAL WITH QUINOA & FLAXSEED OVERNIGHT OATS, CHERRY ALMOND & VANILLA"
1150545,branded_food,"BLUEBERRY PANCAKE SWEETENED CORN & OAT CEREAL, BLUEBERRY PANCAKE"
1150555,branded_food,"VANILLA FLAVORED MULTIGRAIN CEREAL, VANILLA"
1150586,branded_food,"CEREAL, PURPLE BAM!"
1150612,branded_food,"HONEY CRUNCH & OATS RUNG FLAVORED FROSTED CORN AND WHEAT FLAKES CEREAL WITH GRANOLA CLUSTERS, HONEY CRUNCH & OATS"
1150623,branded_food,"SWEETENED MULTIGRAIN CEREAL WITH NATURAL FRUIT FLAVORS, NATURAL FRUIT"
1150675,branded_food,"GOLDEN CEREAL, GOLDEN"
1150795,branded_food,"WHEAT SQUARES TOASTED WHEAT CEREAL, WHEAT SQUARES"
1150824,branded_food,"SWEETENED FROSTED FLAKES OF CORN CEREAL, FROSTED FLAKES"
1150833,branded_food,"WHOLE GRAIN WHEAT AND BRAN CEREAL WITH RAISINS BRAN, RAISIN"
1150846,branded_food,"SWEETENED COCOA CRISPY RICE CEREAL MADE WITH REAL COCOA, COCOA CRISPY RICE"
1150871,branded_food,"SHREDDED WHEAT BITE SIZED CEREAL, SHREDDED WHEAT"
1151048,branded_food,"STRAWBERRY FLAVORED MULTIGRAIN CEREAL, STRAWBERRY"
1151052,branded_food,"PEANUT BUTTER XL SWEETENED CORN & OAT CEREAL, PEANUT BUTTER"
1151061,branded_food,"BLUEBERRY WITH LEMON CLUSTERS FLAVORED MULTI-GRAIN FLAKES WITH BLUEBERRY OAT CLUSTERS AND LEMON FLAVORED CLUSTERS CEREAL, BLUEBERRY WITH LEMON CLUSTERS"
1151062,branded_food,"CHOCOLATE & ALMOND FLAVORED COCOA DUSTED MULTI-GRAIN FLAKES WITH SLICED ALMONDS CEREAL, CHOCOLATE & ALMOND"
1151099,branded_food,"ALL BERRIES SWEETENED CORN & OAT CEREAL, ALL BERRIES"
1151100,branded_food,"BLUEBERRY & ALMOND ORGANIC MULTIGRAIN HOT CEREAL, BLUEBERRY & ALMOND"
1151112,branded_food,"ORIGINAL SWEETENED CORN & OAT CEREAL, ORIGINAL"
1151114,branded_food,"FREEDOM CRUNCH SWEETENED CORN & OAT CEREAL, FREEDOM CRUNCH"
1151116,branded_food,"FRUIT FLAVOR SWEETENED MULTI-GRAIN CEREAL, FRUIT"
1151117,branded_food,REDUCED SUGAR SWEETENED MULTI-GRAIN CEREAL
1151123,branded_food,"STRAWBERRY SHORTCAKE SWEETENED CORN & OAT CEREAL, STRAWBERRY SHORTCAKE"
1151124,branded_food,"CRUNCH BERRIES SWEETENED CORN & OAT CEREAL, CRUNCH BERRIES"
1151168,branded_food,"TOASTED COCONUT & ALMOND FLAVOR CHILLED OAT CEREAL WITH QUINOA & FLAXSEED OVERNIGHT OATS, TOASTED COCONUT & ALMOND"
1151192,branded_food,"FRUIT FLAVOR SWEETENED MULTI-GRAIN CEREAL, FRUIT"
1151193,branded_food,"FRUIT FLAVOR SWEETENED MULTI-GRAIN CEREAL, FRUIT"
1151231,branded_food,"CHOCOLATEY BERRY SWEETENED CORN & OAT CEREAL, CHOCOLATEY BERRY"
1151233,branded_food,"CHOCOLATEY BERRY SWEETENED CORN & OAT CEREAL, CHOCOLATEY BERRY"
1151244,branded_food,"PEANUT BUTTER SWEETENED CORN & OAT CEREAL, PEANUT BUTTER"
1151249,branded_food,"STRAWBERRY FLAVORED MULTIGRAIN CEREAL, STRAWBERRY"
1151254,branded_food,"BROWN SUGAR FLAVOR OATMEAL SQUARES CRUNCHY OAT CEREAL, BROWN SUGAR"
1151259,branded_food,"HALLOWEEN CRUNCH SWEETENED CORN & OAT CEREAL, HALLOWEEN CRUNCH"
1151288,branded_food,"SWEETENED MULTI-GRAIN CEREAL WITH SPOOKY MARSHMALLOWS, SPOOKY MARSHMALLOWS"
1151308,branded_food,SWEETENED CORN CEREAL
1151310,branded_food,"VANILLA ALMOND FLAVORED CEREAL, VANILLA ALMOND"
1151318,branded_food,"WILD BERRY FLAVORED SWEETENED MULTI-GRAIN CEREAL, WILD BERRY"
1151352,branded_food,"STRAWBERRY BIRTHDAY CAKE FLAVORED SWEETENED MULTIGRAIN CEREAL, STRAWBERRY BIRTHDAY CAKE"
1151355,branded_food,"CRUNCH BERRIES XL SWEETENED CORN & OAT CEREAL, CRUNCH BERRIES"
1151358,branded_food,"CRUNCH BERRIES XL SWEETENED CORN & OAT CEREAL, CRUNCH BERRIES"
1151361,branded_food,"PEANUT BUTTER XL SWEETENED CORN & OAT CEREAL, PEANUT BUTTER"
1151364,branded_food,"UNSWEETENED WITH CHIA SEEDS CHILLED OAT CEREAL WITH FLAXSEED & QUINOA OVERNIGHT OATS, UNSWEETENED WITH CHIA SEEDS"
1151371,branded_food,"BLUEBERRY PANCAKE SWEETENED CORN & OAT CEREAL, BLUEBERRY PANCAKE"
1151386,branded_food,"FRUITY ROLLS SWEETENED MULTI-GRAIN CEREAL WITH NATURAL FRUIT, FRUIT"
1151395,branded_food,"DOUBLE CRUNCH BLEND OF CORN & RICE CEREAL, DOUBLE CRUNCH"
1151423,branded_food,"PUMPKIN SPICE FLAVORED CEREAL, PUMPKIN SPICE"
1151459,branded_food,"ORIGINAL SWEETENED CORN & OAT CEREAL, ORIGINAL"
1151489,branded_food,"ALL BERRIES SWEETENED CORN & OAT CEREAL, ALL BERRIES"
1151490,branded_food,"CRUNCH BERRIES SWEETENED CORN & OAT CEREAL, CRUNCH BERRIES"
1151493,branded_food,"COTTON CANDY SWEETENED CORN & OAT CEREAL, COTTON CANDY"
1151494,branded_food,"SOCCER CRUNCH SWEETENED CORN & OAT CEREAL, SOCCER CRUNCH"
1151521,branded_food,"COTTON CANDY SWEETENED CORN & OAT CEREAL, COTTON CANDY"
1151553,branded_food,"ORIGINAL SWEETENED CORN & OAT CEREAL, ORIGINAL"
1151661,branded_food,"RAISIN CLUSTER CRUNCH CEREAL, RAISIN CLUSTER CRUNCH"
1151671,branded_food,"BLUEBERRY FLAVORED WAFFLE CEREAL, BLUEBERRY"
1151700,branded_food,"BANANA FLAVORED CRUNCHY WHEAT & RICE FLAKES WITH REAL BANANAS CEREAL, BANANA"
1151756,branded_food,"SWEETENED CEREAL WITH APPLE, CINNAMON & MARSHMALLOWS, APPLE, CINNAMON & MARSHMALLOWS"
1151782,branded_food,"BANANA FLAVORED CRUNCHY WHEAT & RICE FLAKES WITH REAL BANANAS CEREAL, BANANA"
1151783,branded_food,"MAPLE FLAVORED HOMESTYLE WAFFLE CEREAL, MAPLE"
1151814,branded_food,"HALLOWEEN CRUNCH SWEETENED CORN & OAT CEREAL, HALLOWEEN CRUNCH"
1151821,branded_food,"RED, WHITE & BLUE BERRIES SWEETENED CORN & OAT CEREAL, RED, WHITE & BLUE BERRIES"
1151880,branded_food,"CRANBERRY ORANGE FLAVOUR SOFT BAKED BREAKFAST CEREAL BISCUIT, CRANBERRY ORANGE"
1151881,branded_food,"CRANBERRY ORANGE FLAVOUR SOFT BAKED BREAKFAST CEREAL BISCUITS, CRANBERRY ORANGE"
1151893,branded_food,"CARAMEL CEREAL, CARAMEL"
1151894,branded_food,"CARAMEL CRUNCH FLAVORED JUMBO SNAX CEREAL, CARAMEL CRUNCH"
1151929,branded_food,"SWEETENED CEREAL WITH APPLE & CINNAMON, APPLE & CINNAMON"
1151938,branded_food,"FRUIT FLAVOR SWEETENED MULTI-GRAIN CEREAL, FRUIT"
1151941,branded_food,"CARAMEL CRUNCH FLAVORED JUMBO SNAX CEREAL, CARAMEL CRUNCH"
1151975,branded_food,"TROPICAL PINEAPPLE, BANANA, ORANGE & MANGO FLAVORED SWEETENED MULTI-GRAIN CEREAL, TROPICAL"
1151986,branded_food,"CARAMEL CRUNCH FLAVORED JUMBO SNAX CEREAL, CARAMEL CRUNCH"
1152053,branded_food,"FRUIT FLAVOR SWEETENED MULTI-GRAIN CEREAL, FRUIT"
1152161,branded_food,"HONEY ALMOND TOASTED COCONUT GLUTEN FREE CEREAL WITH OATS, SORGHUM QUINOA, AMARNATH, HONEY ALMOND"
1152162,branded_food,"CRANBERRY ALMOND CEREAL, CRANBERRY ALMOND"
1152176,branded_food,"STRAWBERRY BIRTHDAY CAKE FLAVORED SWEETENED MULTIGRAIN CEREAL, STRAWBERRY BIRTHDAY CAKE"
1152331,branded_food,"SUGAR COOKIE CEREAL WITH MARSHMALLOWS, MARSHMALLOWS"
1152375,branded_food,CEREAL 'N CANDY
1152427,branded_food,"MAPLE & BROWN SUGAR FROSTED SHREDDED WHEAT WHOLE GRAIN CEREAL, MAPLE & BROWN SUGAR"
1152622,branded_food,SWEETENED CORN CEREAL
1152673,branded_food,"SUGAR COOKIE CEREAL WITH MARSHMALLOWS, SUGAR COOKIE WITH MARSHMALLOWS"
1153055,branded_food,"COCOA GRAIN FREE CEREAL, COCOA"
1153569,branded_food,"MULTIGRAIN TOASTED OATS SWEETENED CORN, WHEAT, OAT, BARLEY & RICE CEREAL, MULTIGRAIN TOASTED OATS"
1153570,branded_food,CRISPY CORN SQUARES TOASTED CORN CEREAL
1153797,branded_food,"BLUEBERRY FLAX INSTANT HOT CEREAL, BLUEBERRY FLAX"
1153802,branded_food,"APPLE SNAPS SWEETENED MULTIGRAIN CEREAL WITH APPLE & CINNAMON, APPLE SNAPS"
1153803,branded_food,"SWEETENED CORN FROSTED FLAKES CEREAL, SWEETENED CORN FLAKES"
1153805,branded_food,"OAT CRISPS SWEETENED MULTIGRAIN CEREAL, OAT CRISPS"
1153806,branded_food,"FRUITY RICE CRISPS SWEETENED TOASTED RICE CEREAL, FRUITY RICE CRISPS"
1153807,branded_food,"CINNAMON OAT CRISPS SWEETENED MULTIGRAIN CEREAL WITH A TOUCH OF CINNAMON, CINNAMON OAT CRISPS"
1153821,branded_food,"CINNAMON ROLL GRAIN FREE INSTANT HOT CEREAL, CINNAMON ROLL"
1154044,branded_food,"BERRY GRAIN FREE CEREAL, BERRY"
1154045,branded_food,"CINNAMON GRAIN FREE CEREAL, CINNAMON"
1154444,branded_food,RICE SQUARES TOASTED CEREAL
1154655,branded_food,"SPRINKLED DONUT SWEETENED CORN & OAT CEREAL, SPRINKLED DONUT"
1154773,branded_food,"FRUITY CEREAL CRUNCH FLAVORED MEAL REPLACEMENT BARS, FRUITY CEREAL CRUNCH"
1155104,branded_food,Honey Nut Cheerios Cereal
1155106,branded_food,Cinnamon Toast Crunch Cereal
1155411,branded_food,"BLUEBERRY CINNAMON FLAX PLANT-POWERED PROTEIN, CARBOHYDRATES & FIBER, WITH REAL WILD BLUEBERRIES ORGANIC CEREAL, BLUEBERRY CINNAMON"
1155531,branded_food,"MULTIBRAN FLAKES FLAX PLUS CEREAL, MULTIBRAN FLAKES"
1155532,branded_food,"CRUNCHY CINNAMON A DELICIOUS MEDLEY OF CORN, QUINOA, FLAX, BUCKWHEAT & AMARANTH ORGANIC CEREAL, CRUNCHY CINNAMON"
1155533,branded_food,"CRUNCHY MAPLE ORGANIC A DELICIOUS MEDLEY OF CORN, RICE, QUINOA, FLAX, BUCKWHEAT & AMARANTH CEREAL, CRUNCHY MAPLE"
1155534,branded_food,"CRUNCHY HONEY A DELICIOUS MEDLEY OF CORN, QUINOA, FLAX, BUCKWHEAT & AMARANTH ORGANIC CEREAL, CRUNCHY HONEY"
1155734,branded_food,"SWEETENED CORN & OAT CEREAL, SWEETENED CORN & OAT CEREAL"
1155937,branded_food,"HERITAGE FLAKES CEREAL, HERITAGE FLAKES"
1155939,branded_food,"CRUNCHY VANILLA ORGANIC A DELICIOUS MEDLEY OF CORN, RICE, QUINOA, FLAX, BUCKWHEAT & AMARANTH CEREAL, CRUNCHY VANILLA"
1156080,branded_food,"RIP'S BIG BOWL BANANA WALNUT CEREAL, RIP'S BIG BOWL BANANA WALNUT"
1156255,branded_food,"FRUIT FLAVOR SWEETENED RICE CEREAL, FRUIT"
1156430,branded_food,"RED BERRY CRUNCH A DELICIOUS & EXCELLENT SOURCE OF ALA OMEGA-3 ORGANIC CEREAL, RED BERRY CRUNCH"
1157218,branded_food,"APPLE CINNAMON CRUNCH FLAVORED CRUNCHY RICE & WHEAT FLAKES WITH APPLE CINNAMON CLUSTERS CEREAL, APPLE CINNAMON CRUNCH"
1157223,branded_food,CEREAL
1157224,branded_food,CEREAL
1157225,branded_food,CEREAL
1157242,branded_food,"RAISIN TOUCH OF FRUIT IN THE MIDDLE LIGHTLY SWEETENED WHOLE GRAIN CEREAL, RAISIN"
1157316,branded_food,"CINNAMON CEREAL, CINNAMON"
1157324,branded_food,"STRAWBERRY FLAVORED CEREAL WITH PRINCESS MARSHMALLOWS, STRAWBERRY WITH PRINCESS MARSHMALLOWS"
1157348,branded_food,"CHOCOLATE CRISPY MULTI-GRAIN OUTSIDE, SMOOTH CHOCOLATE INSIDE CEREAL, CHOCOLATE"
1157371,branded_food,"SWEETENED CEREAL WITH MARSHMALLOWS, MARSHMALLOWS"
1157375,branded_food,CEREAL
1157450,branded_food,"MILK CHOCOLATE WITH CRISPED CEREALS BAR, MILK CHOCOLATE WITH CRISPED CEREALS"
1157455,branded_food,"CINNAMON BROWN SUGAR CRUNCH FLAVORED WHEAT, SOY AND RICE PROTEIN CEREAL, CINNAMON BROWN SUGAR CRUNCH"
1157849,branded_food,"RAISIN APPLE ANCIENT GRAINS GRANOLA MIX OF TOASTED OATS, BARELY, WHEAT, SPELT, RYE & FRUIT CEREAL, RAISIN APPLE"
1157867,branded_food,"ORIGINAL LOW FAT GRANOLA MULTI-GRAIN CEREAL, ORIGINAL"
1157899,branded_food,"CHOCOLATE CRISPY MULTI-GRAIN OUTSIDE, SMOOTH CHOCOLATE INSIDE CEREAL, CHOCOLATE"
1157901,branded_food,CEREAL
1157941,branded_food,"CRANBERRY ALMOND WITH PUMPKIN SEEDS ANCIENT GRAINS GRANOLA CEREAL, CRANBERRY ALMOND WITH PUMPKIN SEEDS"
1157977,branded_food,REDUCED SUGAR CEREAL
1157979,branded_food,"RED BERRIES FLAVORED CEREAL BARS, RED BERRIES"
1157981,branded_food,"KELLOGG'S, FROSTED FLAKES, FROSTED CORN FLAKE CEREAL"
1157986,branded_food,"CHOCOLATE CRISPY MULTI-GRAIN OUTSIDE, SMOOTH CHOCOLATE INSIDE CEREAL IN A CUP, CHOCOLATE"
1158006,branded_food,"CHOCOLATE CRISPY MULTI-GRAIN OUTSIDE, SMOOTH CHOCOLATE INSIDE CEREAL, CHOCOLATE"
1158008,branded_food,"WHOLE GRAIN BROWN RICE GLUTEN FREE TOASTED BROWN RICE CEREAL, WHOLE GRAIN BROWN RICE"
1158009,branded_food,"MULTI-GRAIN LIGHTLY SWEETENED FLAKES MADE FROM A HEARTY BLEND OF WHEAT, RICE AND CORN CEREAL, MULTI-GRAIN"
1158010,branded_food,"CHOCOLATEY STRAWBERRY FLAVORED CRUNCHY RICE & WHEAT FLAKES WITH CHOCOLATEY PIECES & STRAWBERRIES CEREAL, CHOCOLATEY STRAWBERRY"
1158040,branded_food,"SWEETENED CEREAL WITH MARSHMALLOWS, MARSHMALLOWS"
1158041,branded_food,CEREAL
1158051,branded_food,"VANILLA FLAVORED CEREAL, VANILLA"
1158110,branded_food,"ORIGINAL MULTIGRAIN CEREAL, ORIGINAL"
1158151,branded_food,"ORIGINAL CEREAL, ORIGINAL"
1158199,branded_food,"CHOCOLATEY STRAWBERRY FLAVORED CRUNCHY RICE & WHEAT FLAKES WITH CHOCOLATEY PIECES & STRAWBERRIES CEREAL, CHOCOLATEY STRAWBERRY"
1158214,branded_food,"SWEETENED CEREAL WITH APPLE & CINNAMON, APPLE & CINNAMON"
1158258,branded_food,"TOUCH OF HONEY ANCIENT GRAINS BLEND CEREAL, TOUCH OF HONEY"
1158266,branded_food,"CHOCOLATEY STRAWBERRY FLAVORED CRUNCHY RICE & WHEAT FLAKES WITH CHOCOLATEY PIECES & STRAWBERRIES CEREAL, CHOCOLATEY STRAWBERRY"
1158275,branded_food,"RED BERRIES FLAVORED CEREAL BARS, RED BERRIES"
1158278,branded_food,"CHOCOLATEY PRETZEL FLAVORED CEREAL BARS, CHOCOLATEY PRETZEL"
1158284,branded_food,"PROTEIN LIGHTLY SWEETENED WHEAT, RICE & SOY FLAKES CEREAL, PROTEIN"
1158309,branded_food,"CINNAMON PECAN CRUNCHY RICE & WHEAT FLAKES WITH PECANS & CINNAMON CEREAL, CINNAMON PECAN"
1158324,branded_food,"FRUIT & YOGURT CRUNCHY RICE & WHEAT FLAKES WITH OAT & FRUIT CLUSTERS & YOGURT-COATED CLUSTERS CEREAL, FRUIT & YOGURT"
1158930,branded_food,SWEETENED CORN CEREAL IN A CUP
1158967,branded_food,"ORIGINAL LIGHTLY SWEETENED WHOLE GRAIN CEREAL, ORIGINAL"
1158968,branded_food,"FRUIT FLAVOR SWEETENED MULTI-GRAIN CEREAL, FRUIT"
1158969,branded_food,CEREAL
1158978,branded_food,"CEREAL WITH MARSHMALLOWS, MARSHMALLOWS"
1159083,branded_food,"MILK CHOCOLATE WITH CHOPPED HAZELNUTS AND CRISPED CEREALS BAR, MILK CHOCOLATE WITH CHOPPED HAZELNUTS AND CRISPED CEREALS"
1159388,branded_food,"BROWN SUGAR CINNAMON FLAVORED CRUNCHY SWEETENED THREE GRAIN CEREAL, BROWN SUGAR CINNAMON"
1159491,branded_food,"TOY STORY 4, CARNIVAL BERRY FLAVORED CEREAL, CARNIVAL BERRY"
1159492,branded_food,"VANILLA ALMOND FLAVORED CEREAL, VANILLA ALMOND"
1159493,branded_food,"BUDS A WHEAT BRAN FIBER CEREAL, BUDS"
1159507,branded_food,"ORIGINAL MULTI-GRAIN TOUCH OF CINNAMON LIGHTLY SWEETENED WHEAT, RICE AND SOY FLAKES CEREAL, ORIGINAL MULTI-GRAIN TOUCH OF CINNAMON"
1159543,branded_food,"VANILLA & ALMOND FLAVORED CRUNCHY WHEAT & RICE FLAKES WITH ALMONDS & VANILLA CEREAL, VANILLA & ALMOND"
1159544,branded_food,"CINNAMON BROWN SUGAR CRUNCH FLAVORED WHEAT, SOY & RICE PROTEIN CEREAL, CINNAMON BROWN SUGAR CRUNCH"
1159554,branded_food,"HONEY ALMOND ANCIENT GRAINS BLEND OF WHOLE GRAIN WHEAT, RICE, SOY, ANCIENT GRAINS, SORGHUM & BLACK RICE FLAKES WITH HONEY & ALMOND PROTEIN CEREAL, HONEY ALMOND ANCIENT GRAINS"
1159577,branded_food,"CINNAMON PECAN CRUNCHY RICE & WHEAT FLAKES WITH PECANS & CINNAMON CEREAL, CINNAMON PECAN"
1159578,branded_food,"WHEAT BRAN FLAKES NATURAL WHEAT BRAN HIGH FIBER CEREAL, WHEAT BRAN FLAKES"
1159590,branded_food,"FROSTED STRAWBERRY FLAVORED CEREAL, FROSTED STRAWBERRY"
1159592,branded_food,"WHOLE OATS, WHOLE GRAIN WHEAT, ALMONDS WITH RAISINS LOW FAT GRANOLA MULTI-GRAIN CEREAL, WHOLE OATS, WHOLE GRAIN WHEAT, ALMONDS WITH RAISINS"
1159605,branded_food,"ORIGINAL WHOLE GRAIN CEREAL, ORIGINAL"
1159624,branded_food,"CINNAMON ALMOND CEREAL, CINNAMON ALMOND"
1159634,branded_food,"MULTIGRAIN OATS & HONEY FLAVORED CRUNCHY WHEAT, RICE & CORN FLAKES WITH OATS & HONEY CEREAL, MULTIGRAIN OATS & HONEY"
1159636,branded_food,"VANILLA ALMOND FLAVORED CRUNCHY RICE & WHEAT FLAKES WITH ALMONDS & VANILLA CEREAL, VANILLA ALMOND"
1159637,branded_food,"CHOCOLATEY DELIGHT FLAVORED CRUNCHY WHEAT & RICE FLAKES WITH CHOCOLATEY PIECES CEREAL, CHOCOLATEY DELIGHT"
1159638,branded_food,"FRUIT & YOGURT FLAVORED CRUNCHY RICE & WHEAT FLAKES WITH OAT & FRUIT CLUSTERS AND YOGURT-COATED CLUSTERS CEREAL, FRUIT & YOGURT"
1159639,branded_food,"STRAWBERRY FLAVORED CEREAL BARS, STRAWBERRY"
1159645,branded_food,"RED BERRIES CRUNCHY RICE AND WHEAT FLAKES WITH STRAWBERRIES CEREAL, RED BERRIES"
1159681,branded_food,"DOUBLE CHOCOLATE CRISPY SHELL OUTSIDE, SMOOTH CHOCOLATE INSIDE CEREAL, DOUBLE CHOCOLATE"
1159682,branded_food,"CHOCOLATE CRISPY SHELL OUTSIDE, SMOOTH CHOCOLATE INSIDE CEREAL, CHOCOLATE"
1159735,branded_food,"SWEETENED CEREAL WITH APPLE, CINNAMON AND SPOOKY MARSHMALLOWS, APPLE, CINNAMON AND SPOOKY MARSHMALLOWS"
1159764,branded_food,"CHOCOLATEY DELIGHT FLAVORED CRUNCHY WHEAT & RICE FLAKES WITH CHOCOLATEY PIECES CEREAL, CHOCOLATEY DELIGHT"
1159767,branded_food,"S'MORES FLAVORED CEREAL TREAT BARS, S'MORES"
1159768,branded_food,"ORIGINAL WHOLE GRAIN CEREAL, ORIGINAL"
1159771,branded_food,"BLUEBERRY WITH LEMON CLUSTERS FLAVORED MULTI-GRAIN FLAKES WITH BLUEBERRY OAT CLUSTERS AND LEMON FLAVORED CLUSTERS CEREAL, BLUEBERRY WITH LEMON CLUSTERS"
1159772,branded_food,"STRAWBERRY FLAVORED WHOLE GRAIN CEREAL, STRAWBERRY"
1159776,branded_food,"FRUIT & YOGURT FLAVORED CRUNCHY WHEAT & RICE FLAKES WITH OAT & FRUIT CLUSTERS & YOGURT-COATED CLUSTERS CEREAL, FRUIT & YOGURT"
1159780,branded_food,"SWEETENED MULTI-GRAIN CEREAL WITH MARSHMALLOWS, MARSHMALLOWS"
1159781,branded_food,"RED BERRIES CRUNCHY WHEAT & RICE FLAKES WITH REAL STRAWBERRIES CEREAL, RED BERRIES"
1159785,branded_food,"CEREAL WITH BANANAS, BANANAS"
1159794,branded_food,"PUMPKIN SPICE FLAVORED CEREAL, PUMPKIN SPICE"
1159836,branded_food,CEREAL
1159837,branded_food,"TOY STORY 4, CARNIVAL BERRY FLAVORED CEREAL, CARNIVAL BERRY"
1159838,branded_food,"HONEY ALMOND ANCIENT GRAINS BLEND OF WHOLE GRAIN WHEAT, RICE, SOY, ANCIENT GRAINS, SORGHUM & BLACK RICE FLAKES WITH HONEY & ALMOND PROTEIN CEREAL, HONEY ALMOND ANCIENT GRAINS"
1159842,branded_food,"SWEETENED TOASTED RICE CEREAL WITH MARSHMALLOWS, MARSHMALLOWS"
1159844,branded_food,"APPLE CINNAMON CRUNCH FLAVORED CRUNCHY WHEAT & RICE FLAKES WITH APPLE CINNAMON CLUSTERS CEREAL, APPLE CINNAMON CRUNCH"
1159960,branded_food,"SWEETENED MULTI-GRAIN CEREAL WITH SPOOKY MARSHMALLOWS, SPOOKY MARSHMALLOWS"
1159969,branded_food,"TASTEEOS, HONEY NUT FLAVORED SWEETENED TOASTED OAT CEREAL WITH REAL HONEY & NATURAL ALMOND FLAVOR, HONEY NUT"
1159982,branded_food,"SWEETENED CEREAL WITH APPLE, CINNAMON & MARSHMALLOWS, APPLE, CINNAMON & MARSHMALLOWS"
1159992,branded_food,"PUMPKIN SPICE FLAVORED CRUNCHY WHEAT & RICE FLAKES WITH NUTMEG, ALLSPICE, GINGER & CINNAMON CLUSTERS CEREAL, PUMPKIN SPICE"
1160035,branded_food,"BERRY FIN-TASTIC WITH MARSHMALLOWS FLAVORED CEREAL, BERRY FIN-TASTIC WITH MARSHMALLOWS"
1160046,branded_food,"RED BERRIES CRUNCHY WHEAT & RICE FLAKES WITH REAL STRAWBERRIES CEREAL, RED BERRIES"
1160047,branded_food,"HONEY ALMOND ANCIENT GRAINS BLEND OF WHOLE GRAIN WHEAT, RICE, SOY, ANCIENT GRAINS, SORGHUM & BLACK RICE FLAKES WITH HONEY & ALMOND PROTEIN CEREAL, HONEY ALMOND ANCIENT GRAINS"
1160061,branded_food,"CHOCOLATE FLAVORED CEREAL WITH SPOOOKY MARSHMALLOWS, CHOCOLATE WITH SPOOOKY MARSHMALLOWS"
1160084,branded_food,"CHOCOLATE FLAVORED CEREAL WITH MARSHMALLOWS, CHOCOLATE WITH MARSHMALLOWS"
1160108,branded_food,"PECAN CEREAL YOGURT SMOOTHIE, PECAN CEREAL"
1160131,branded_food,"ORIGINAL WHOLE GRAIN CEREAL, ORIGINAL"
1160146,branded_food,"FANTASTIC FRUIT FLAVORED WITH GLITTERY SPARKLES CEREAL, FANTASTIC FRUIT"
1160171,branded_food,CEREAL
1160224,branded_food,"BLUEBERRY FLAVORED WAFFLE CEREAL, BLUEBERRY"
1160259,branded_food,"CHOCOLATEY STRAWBERRY CRUNCHY WHEAT AND RICE FLAKES WITH CHOCOLATEY PIECES & REAL STRAWBERRIES CEREAL, CHOCOLATEY STRAWBERRY"
1160291,branded_food,"FANTASTIC FRUIT FLAVORED WITH GLITTERY SPARKLES CEREAL, FANTASTIC FRUIT"
1160295,branded_food,"MIXED BERRY FLAVORED FILLED WHOLE GRAIN CEREAL, MIXED BERRY"
1160315,branded_food,"FROSTED COOKIES & CREME FLAVORED CEREAL, FROSTED COOKIES & CREME"
1160331,branded_food,"HONEY OAT FLAVORED CRUNCHY WHEAT, RICE & CORN FLAKES WITH OATS & HONEY CEREAL, HONEY OAT"
1160337,branded_food,"STRAWBERRY BANANA CEREAL, STRAWBERRY BANANA"
1160369,branded_food,CEREAL
1160388,branded_food,"SUGAR COOKIE CEREAL FLAVORED WITH MARSHMALLOWS, SUGAR COOKIE WITH MARSHMALLOWS"
1160419,branded_food,"CHOCOLATE FLAVORED CEREAL WITH SPOOKY MARSHMALLOWS, CHOCOLATE WITH SPOOKY MARSHMALLOWS"
1160437,branded_food,"CINNAMON FLAVORED CEREAL WITH MARSHMALLOWS, CINNAMON WITH MARSHMALLOWS"
1160524,branded_food,"CARAMEL FLAVORED CEREAL, CARAMEL"
1160551,branded_food,"FRUIT FLAVOR JUMBO SNAX CEREAL, FRUIT"
1160552,branded_food,JUMBO SNAX CEREAL
1160556,branded_food,"VANILLA FLAVORED CEREAL WITH MARSHMALLOWS, VANILLA WITH MARSHMALLOWS"
1160721,branded_food,SWEETENED CEREAL MASHUPS
1160728,branded_food,JUMBO SNAX CEREAL
1160729,branded_food,"FRUIT FLAVOR JUMBO SNAX CEREAL, FRUIT"
1160739,branded_food,SWEETENED CEREAL MASHUPS
1160776,branded_food,"TOASTED RICE CEREAL WITH HOLIDAY COLORS, HOLIDAY COLORS"
1160787,branded_food,"FRUIT & YOGURT FLAVORED CRUNCHY WHEAT & RICE FLAKES WITH OAT & FRUIT CLUSTERS & YOGURT-COATED CLUSTERS CEREAL, FRUIT & YOGURT"
1160801,branded_food,CEREAL
1160905,branded_food,"SUGAR COOKIE CEREAL FLAVORED WITH MARSHMALLOWS, SUGAR COOKIE WITH MARSHMALLOWS"
1161100,branded_food,"FRUITY FLAVORED WHEY PROTEIN CEREAL, FRUITY"
1161244,branded_food,"TOASTED OATS CEREAL WHOLE GRAIN OAT CEREAL, TOASTED OATS"
1161412,branded_food,"VANILLA CANDY CANE COOKIE WITH MARSHMALLOWS FLAVORED CEREAL, VANILLA CANDY CANE COOKIE WITH MARSHMALLOWS"
1161634,branded_food,"FRUITY CEREAL FLAVORED 100% WHEY ISOLATE PROTEIN POWDER, FRUITY CEREAL"
1161730,branded_food,"CHOCOLATEY CEREAL FLAVOR MACROS BARS, CHOCOLATEY CEREAL"
1161842,branded_food,"CHRISTMAS CRUNCH SWEETENED CORN & OAT CEREAL, CHRISTMAS CRUNCH"
1162035,branded_food,"COOKIES & CREME FLAVORED SWEETENDED RICE CEREAL, COOKIES & CREME"
1162105,branded_food,"GRAHAM CRACKER KETO FRIENDLY CEREAL, GRAHAM CRACKER"
1162405,branded_food,"COCOA COCONUT SUPERFLAKES ORGANIC CEREAL, COCOA COCONUT"
1162675,branded_food,CEREAL
1162753,branded_food,"CINNAMON CRUNCH CRISPY SWEETENED WHOLE WHEAT & RICE CEREAL SQUARES, CINNAMON CRISPY"
1162930,branded_food,SWEETENED CORN AND OAT CEREAL
1163348,branded_food,"MAPLE CLUSTER CRUNCH MAPLE FLAVORED MULTIGRAIN FLAKES, GRANOLA CLUSTERS & ALMOND CEREAL, MAPLE CLUSTER CRUNCH"
1163361,branded_food,"CRANBERRY CLUSTER CRUNCH MULTIGRAIN FLAKES WITH CRANBERRY, GRANOLA & ALMOND CEREAL, CRANBERRY CLUSTER CRUNCH"
1164385,branded_food,GMILLS APPLE CINN CHEERIOS SWEETENED WHL GRN OAT CEREAL FAMILY SZ
1164386,branded_food,GMILLS CINN TST CRNCH SWEETENED WHL WHT RICE CEREAL GNT SZ
1164387,branded_food,GMILLS HNY NUT CHEERIOS SWEETENED WHL GRN OAT CEREAL GNT SZ
1164388,branded_food,"Cheerios Cereal, Family Size"
1164389,branded_food,Cheerios Cereal
1164390,branded_food,Cheerios Cereal
1164391,branded_food,GMILLS HNY NUT CHEERIOS SWEETENED WHL GRN OAT CEREAL
1164392,branded_food,GMILLS FRTY CHEERIOS SWEETENED WHL GRN OAT CEREAL
1164393,branded_food,GMILLS CINN TST CRNCH SWEETENED WHL WHT RICE CEREAL
1164394,branded_food,GMILLS HNY NUT CHEERIOS SWEETENED WHL GRN OAT CEREAL
1164395,branded_food,Cheerios Cereal
1164396,branded_food,GMILLS APPLE CINN CHEERIOS SWEETENED WHL GRN OAT CEREAL
1164517,branded_food,GMILLS VERY BRY CHEERIOS SWEETENED WHL GRN OAT CEREAL
1164528,branded_food,GMILLS HNY NUT CHRS MEDLEY CRNCH SWEETENED OAT WHEAT CEREAL
1164538,branded_food,Cheerios Cereal 2 Pack
1164544,branded_food,Reese's Peanut Butter Puffs Cereal
1164615,branded_food,GMILLS GIRL SCOUTS WHL GRN CORN CEREAL THIN MINTS
1164648,branded_food,Cinnamon Toast Crunch Cereal
1164649,branded_food,Honey Nut Cheerios Cereal
1164650,branded_food,Lucky Charms Cereal
1164651,branded_food,Cheerios Cereal
1164653,branded_food,Reese's Puffs Cereal
1164654,branded_food,GMILLS CHOC CHEERIOS WHL GRN OAT CEREAL FAMILY SZ
1164672,branded_food,GMILLS REESES PUFFS SWT CRNCHY CORN PUFFS CEREAL
1164752,branded_food,Cocoa Puffs Cereal
1164788,branded_food,GMILLS FRTY CHEERIOS SWEETENED WHL GRN OAT CEREAL FAMILY SZ
1164789,branded_food,GMILLS VERY BRY CHEERIOS SWEETENED WHL GRN OAT CEREAL FAMILY SZ
1164796,branded_food,Reese's Puffs Cereal
1164820,branded_food,GMILLS CINN TST CRNCH SHREDS SHRD SWTND WHL GRN WHEAT CEREAL
1164844,branded_food,Cheerios Cereal
1164845,branded_food,Reese's Puffs Cereal
1164847,branded_food,GMILLS CHEERIOS SWEETENED WHL GRN OAT CEREAL PEACH
1164848,branded_food,GMILLS CHEERIOS SWEETENED WHL GRN OAT CEREAL PEACH FAMILY SZ
1164850,branded_food,Reese's Puffs Cereal
1164873,branded_food,Cinnamon Chex Cereal
1164883,branded_food,Honey Nut Cheerios Cereal
1164884,branded_food,Honey Nut Cheerios Cereal
1164885,branded_food,Honey Nut Cheerios Cereal
1164886,branded_food,Honey Nut Cheerios Cereal
1164888,branded_food,Apple Cinnamon Cheerios Cereal
1164892,branded_food,Very Berry Cheerios Cereal
1164894,branded_food,Cinnamon Toast Crunch Cereal
1164896,branded_food,Cinnamon Toast Crunch Cereal
1164897,branded_food,Cinnamon Toast Crunch Cereal
1164969,branded_food,Cinnamon Toast Crunch Cereal
1164970,branded_food,GMILLS CHEERIOS SWEETENED WHL GRN OAT CEREAL CHOC PNT BTR FAMILY SZ
1164979,branded_food,GMILLS CHOC TST CRNCH SWEETENED WHEAT CEREAL FAMILY SZ
1165138,branded_food,GMILLS CINN TST CRNCH SWEETENED WHL WHT RICE CEREAL
1165139,branded_food,GMILLS LCKY CHRMS TSTD OAT W MRSHMLWS CEREAL
1165149,branded_food,Cinnamon Chex Cereal
1165156,branded_food,GMILLS HNY NUT CHEERIOS SWEETENED WHL GRN OAT CEREAL
1165157,branded_food,GMILLS CHOC CHEERIOS WHL GRN OAT CEREAL
1165158,branded_food,GMILLS FRSTD CHEERIOS FRSTD WHL GRN OAT CEREAL
1165159,branded_food,GMILLS COOKIE CRISP SWEETENED CEREAL
1165160,branded_food,GMILLS CINN TST CRNCH SWEETENED WHL WHT RICE CEREAL
1165161,branded_food,GMILLS LCKY CHRMS TSTD OAT W MRSHMLWS CEREAL
1165509,branded_food,Quaker Corn Bran Crunch Toasted Corn Cereal 10.5 Ounce Paper Box
1165574,branded_food,Quaker Oatmeal Squares with a hint of Cinnamon Crunchy Oat Cereal 21 Ounce Box
1165608,branded_food,Quaker Life Cinnamon Multigrain Cereal 2.29 Ounce Cup
1165820,branded_food,Quaker Puffed Wheat Regular Cereal 5.2 Ounce Paper Box
1166018,branded_food,Cap'n Crunch Sweetened Corn & Oat Cereal 14 Ounce Paper Box
1166250,branded_food,Cap'N Crunch Berries Sweetened Corn & Oat Cereal 1.30 Ounce Plastic Cup
1166302,branded_food,Cap'N Crunch Sweetened Corn & Oat Cereal 1.51 Ounce Plastic Cup
1166337,branded_food,Cap'N Crunch'S Sprinkled Donut Crunch Naturally & Artificially Flavored Sweetened Corn & Oat Cereal 17.3 Ounce Box
1166405,branded_food,Cap'n Crunch's Oops! All Berries Sweetened Corn & Oat Cereal 11.5 Ounce Box
1166432,branded_food,Cap'N Crunch's Crunch Berries Sweetened Corn & Oat Cereal 22.4 Ounce Paper Box
1166496,branded_food,Cap'n Crunch's Peanut Butter Crunch Sweetened Corn & Oat Cereal 12.5 Ounce Paper Box
1166598,branded_food,Cap'n Crunch's Crunch Berries Sweetened Corn & Oat Cereal 26 Ounce Box
1166664,branded_food,Cap'n Crunch Sweetened Corn & Oat Cereal 24 Ounce Box
1166742,branded_food,Mother's Bumpers Peanut Butter Crunchy Corn Cereal 12.3 Ounce Box
1166783,branded_food,Quaker Simply Granola Oats/Honey/Almond Cereal 28 Ounce Paper Box
1166803,branded_food,Quaker Life Cinnamon Multigrain Cereal 21.6 Ounce Box
1166845,branded_food,Quaker Life Original Multigrain Cereal 2.29 Ounce Cup
1166940,branded_food,Cap'N Crunch's Peanut Butter Crunch Sweetened Corn & Oat Cereal 20.6 Ounce Paper Box
1167001,branded_food,Cap'n Crunch's Peanut Butter Crunch Sweetened Corn & Oat Cereal 17.1 Ounce Paper Box
1167048,branded_food,Quaker Life Maple Brown Sugar Multigrain Cereal 13 Ounce Paper Box
1167072,branded_food,Quaker Life Maple & Brown Sugar MultiGrain Cereal21.6 Ounce Box
1167189,branded_food,Quaker Life Cinnamon Cereal 18 Ounce Paper Box
1167372,branded_food,Quaker Life Maple & Brown Sugar Multigrain Cereal 18 Ounce Box
1167436,branded_food,Cap'n Crunch Crunch Berries Sweetened Corn & Oat Cereal 18.7 Ounce Paper Box
1167861,branded_food,Quaker Life Original Multigrain Cereal 21.6 Ounce Paper Box
1167897,branded_food,Cap'n Crunch's Crunch Berries Sweetened Corn & Oat Cereal 13 Ounce Paper Box
1167939,branded_food,Cap'n Crunch's Crunch Berries Sweetened Corn & Oat Cereal (2-20 Ounce) 40 Ounce 2 Pack Bag
1167948,branded_food,Cap'N Crunch's OOPS! All Berries Naturally & Artificially Flavored Sweetened Corn & Oat Cereal 21.3 Ounce Box
1168161,branded_food,Cap'N Crunch's Oops!All Berries Corn&Oat Cereal 15.4 Ounce Box
1168180,branded_food,Cap'n Crunch Sweetened Corn & Oat Cereal  28 Ounce Paper Box
1168237,branded_food,Quaker Oat Bran Hot Cereal 16 Ounce Box
1168271,branded_food,Cap'n Crunch's Cinnamon Roll Crunch Flavored Sweetened Corn & Oat Cereal 10.3Oz Paper Box
1168319,branded_food,Quaker Life Cinnamon Cereal 13 Ounce Box
1168494,branded_food,Cap'n Crunch Sweetened Corn & Oat Cereal 20 Ounce Paper Box
1168503,branded_food,Quaker Corn Crunch Toasted Corn & Oat Cereal 15 Ounce Paper Box
1168684,branded_food,Mothers Oatbran Cereal 16 Ounce Paper Box
1169455,branded_food,Reese's Puffs Bunnies Cereal
1169796,branded_food,Reese's Puffs Bunnies Cereal
1169985,branded_food,General Mills Mermaid Cereal
1169993,branded_food,Blueberry Cheerios Cereal
1169994,branded_food,Blueberry Cheerios Cereal
1169996,branded_food,Chocolate Lucky Charms Cereal
1170001,branded_food,Cookie Crisp Cereal
1170003,branded_food,Chocolate Lucky Charms Cereal
1170005,branded_food,Cookie Crisp Cereal
1170011,branded_food,General Mills Mermaid Cereal
1170015,branded_food,Cookie Crisp Cereal
1170021,branded_food,Trix Cereal
1170024,branded_food,French Toast Crunch Cereal
1170038,branded_food,Peanut Butter Chex Cereal
1170073,branded_food,French Toast Crunch Cereal
1170081,branded_food,Pnut Butter Chex Cereal
1170094,branded_food,Blueberry Cheerios Cereal
1170098,branded_food,General Mills Mermaid Cereal
1170102,branded_food,Trix Cereal
1170761,branded_food,Golden Grahams Cereal
1170764,branded_food,Trix and Cocoa Puffs Cereal
1170768,branded_food,Cocoa Puffs Cereal
1170769,branded_food,Lucky Charms Cereal
1170771,branded_food,Multi Grain Cheerios Cereal
1170772,branded_food,Wheaties Cereal
1170774,branded_food,Total Cereal
1170777,branded_food,Corn Chex Cereal
1170778,branded_food,Cheerios Cereal 3 Pk
1170779,branded_food,Lucky Charms Cereal
1170780,branded_food,Kid Cereal 3 Pack
1170781,branded_food,Multi Grain Cheerios Cereal
1170782,branded_food,Frosted Cheerios Cereal
1170783,branded_food,Berry Berry Kix Cereal
1170784,branded_food,Lucky Charms Cereal
1170788,branded_food,Multi Grain Cheerios Cereal
1170792,branded_food,Golden Grahams Cereal
1170794,branded_food,Corn Chex Cereal
1170803,branded_food,Kix Cereal
1170804,branded_food,Cocoa Puffs Cereal
1170805,branded_food,Golden Grahams Cereal
1170806,branded_food,Cocoa Puffs Cereal
1170808,branded_food,Cocoa Puffs Cereal
1170809,branded_food,Golden Grahams Cereal
1170810,branded_food,Fruity Lucky Charms Cereal
1170811,branded_food,Rice Chex Cereal
1170827,branded_food,Honey Nut Chex Cereal
1170828,branded_food,Honey Nut Chex Cereal 2 Pack
1170829,branded_food,Honey Nut Chex Cereal
1170830,branded_food,Lucky Charms Cereal
1170831,branded_food,Kix Cereal
1170832,branded_food,Trix Cereal
1170833,branded_food,Rice Chex Cereal
1170835,branded_food,Cocoa Puffs Cereal
1170836,branded_food,Honey Kix Cereal
1170837,branded_food,Fruity Lucky Charms Cereal
1170952,branded_food,LOWFAT GRANOLA CEREAL WITH ALMOND
1171282,branded_food,EXTRA RAISIN BRAIN CEREAL
1171283,branded_food,CORN FLAKES CEREAL
1171292,branded_food,"WHITE ROSE, CEREAL TOASTED OATS"
1171293,branded_food,"WHITE ROSE, FROSTED FLAKES SWEETENED CEREAL"
1171297,branded_food,FLAKES & CLUSTERS CEREAL
1171344,branded_food,"H-E-B, RAISIN BRAN CEREAL"
1171390,branded_food,"HARRIS TEETER, SHREDDED WHEAT CEREAL"
1171402,branded_food,TOASTED OATS CEREAL
1171611,branded_food,"CLOVER VALLEY, SWEETENED MULTI-GRAIN CEREAL, FRUITY HOOPS"
1171681,branded_food,FROSTED OAT CEREAL BITES WITH MARSHMALLOWS
1171704,branded_food,"BITE SITE FROSTED SHREDDED WHEAT, CEREAL"
1171707,branded_food,COCOA BITES SWEETENED RICE CEREAL WITH REAL COCOA
1171784,branded_food,TOASTED OATS CEREAL
1171785,branded_food,TOASTED CRISPY RICE CEREAL
1171786,branded_food,FROSTED FLAKES SWEETENED CORN CEREAL
1171835,branded_food,FROSTED SHREDDED LIGHTLY SWEETENED WHOLE WHEAT CEREAL
1171906,branded_food,"HARRIS TEETER, HIGH FIBER CEREAL"
1171940,branded_food,"HARRIS TEETER, TOASTED MULTIGRAIN CEREAL WITH HONEY OAT CLUSTERS"
1172006,branded_food,"WEIS, CRUNCHY PUFFED WHEAT CEREAL"
1172007,branded_food,"WEIS, WHEAT BRAN FLAKES, WHOLE GRAIN WHEAT CEREAL WITH BRAN"
1172008,branded_food,"WEIS, CHOCOLATE TOASTED CORN & OATS CEREAL"
1172009,branded_food,"WEIS, COCOA CRUNCHIES, SWEETENED CORN CEREAL"
1172010,branded_food,"WEIS QUALITY, TOASTED RICE CEREAL"
1172012,branded_food,"CRISPY HEXAGONS CRISPY CORN & RICE CEREAL, CRISPY HEXAGONS"
1172013,branded_food,"TOASTED OATS TOASTED WHOLE GRAIN OAT CEREAL, TOASTED OATS"
1172015,branded_food,"ARROWHEAD MILLS, ORGANIC PUFFED KAMUT CEREAL"
1172016,branded_food,"ARROWHEAD MILLS, WHOLE GRAIN PUFFED MILLET CEREAL"
1172018,branded_food,"POST, HONEY BUNCHES OF OATS, FRUIT BLENDS CEREAL, PEACH FLAKES, RASPBERRY GRANOLA CLUSTERS"
1172031,branded_food,"WEIS, FROSTED FLAKES SWEETENED CORN CEREAL"
1172032,branded_food,"WEIS, TASTED CRISP RICE CEREAL"
1172033,branded_food,"FROSTED FRUITO'S, SWEETENED MULTI-GRAIN CEREAL WITH NATURAL FRUIT FLAVORS"
1172034,branded_food,"WEIS, MARSHMALLOW TREASURES, FROSTED WHOLE GRAIN OAT CEREAL WITH MARSHMALLOWS"
1172035,branded_food,"WEIS, KOO-KIES!, SWEETENED CORN CEREAL, WITH NATURAL AND ARTIFICIAL FLAVORS"
1172036,branded_food,"WEIS, APPLE DAPPLES, SWEETENED MULTI-GRAIN CEREAL"
1172037,branded_food,PB COCOA SPHERES SWEETENED CRUNCHY CORN CEREAL
1172038,branded_food,"STRAWBERRY CREAM FROSTED SHREDDED WHEAT LIGHTLY SWEETENED WHOLE GRAIN WHEAT CEREAL, STRAWBERRY CREAM FROSTED SHREDDED WHEAT"
1172039,branded_food,"WEIS, SHREDDED WHEAT, BITE SIZE, 100% NATURAL WHOLE GRAIN CEREAL"
1172040,branded_food,HONEY GRAHAM CEREAL
1172041,branded_food,"WEIS, BITE SIZE OVEN TOASTED CORN BISCUIT CEREAL"
1172126,branded_food,FRUIT & GRAIN CEREAL BARS
1172141,branded_food,"SMART SELECTIONS, LOW FAT GRANOLA CEREAL WITH RAISINS"
1172143,branded_food,"NATURE'S CRUNCH, RAISIN BRAN CEREAL"
1172214,branded_food,"KIGGINS, TOASTED CORN FLAKES CEREAL"
1172217,branded_food,OATS & MORE WITH HONEY CEREAL
1172218,branded_food,OATS & MORE WITH ALMONDS CEREAL
1172223,branded_food,TOASTED RICE CEREAL
1172259,branded_food,FROSTED WHOLE GRAIN OAT CEREAL WITH LUNAR MARSHMALLOWS
1172261,branded_food,"KIGGINS, YUKON GOLD, SWEETENED POPPED-CORN CEREAL"
1172262,branded_food,SWEETENED CORN & OAT CEREAL
1172263,branded_food,"SAVE-A-LOT, CRUNCH CEREAL, CHOCOLATE CHIP"
1172270,branded_food,SWEETENED PUFFED WHEAT CEREAL
1172282,branded_food,"COCOA DIAMONDS, SWEETENED RICE CEREAL"
1172283,branded_food,"APPLE BOBBERS, SWEETENED MULTI-GRAIN CEREAL, APPLE + CINNAMON"
1172317,branded_food,"GREAT VALUE, CORN FLAKES CEREAL"
1172431,branded_food,"YOCRUNCH, CEREAL BOWL, 1% MILKFAT YOGURT WITH KELLOGG'S FROSTED FLAKES, VANILLA"
1172513,branded_food,"POST, GREAT GRAINS, WHOLE GRAIN CEREAL DIGESTIVE BLEND, VANILLA GRAHAM"
1172531,branded_food,"SWEETENED RICE CEREAL, SWEETENED RICE CEREAL"
1172563,branded_food,"GREAT VALUE, MULTI-GRAIN FLAKES CEREAL"
1172584,branded_food,"GREAT VALUE, AWAKE, CRUNCHY RICE & WHEAT FLAKES WITH STRAWBERRIES CEREAL, STRAWBERRY"
1172655,branded_food,"NATURE'S PLACE, ORGANIC PEANUT BUTTER DOTS CEREAL"
1172709,branded_food,"MAPLE BROWN SUGAR WALNUT INSTANT TO-GO HOT CEREAL, MAPLE BROWN SUGAR WALNUT"
1172713,branded_food,"CINNA-APPLE WALNUT INSTANT HOT CEREAL, CINNA-APPLE WALNUT"
1172715,branded_food,"MIXED BERRY WITH ALMONDS INSTANT TO-GO HOT CEREAL, MIXED BERRY WITH ALMONDS"
1172767,branded_food,"PEACE CEREAL, HONEY FLAX GRANOLA"
1173222,branded_food,MONTANA'S HOT CEREAL
1173550,branded_food,RAISIN BRAN CEREAL
1173844,branded_food,LIGHTLY SWEETENED CORN & WHOLE WHEAT FLAKE CEREAL WITH GRANOLA AND ALMOND SLICES
1173845,branded_food,SWEETENED CORN FLAKE CEREAL
1173902,branded_food,TOASTED CORN CEREAL
1173944,branded_food,"WESTERN FAMILY, 100% NATURAL OATMEAL, 100% WHOLE GRAIN CEREAL"
1173952,branded_food,"HARRIS TEETER, MAGIC STARS, SWEETENED OAT CEREAL WITH MARSHMALLOWS CEREAL"
1173953,branded_food,"HARRIS TEETER, LEANWAY CRUNCH, HIGH FIBER CEREAL"
1173959,branded_food,"HARRIS TEETER, FRUITY FLAVORS CEREAL"
1174134,branded_food,WHOLE WHEAT AND RICE CEREAL
1174135,branded_food,"WEIS QUALITY, CINNI-MINI CRUNCH, SWEETENED WHEAT AND RICE CEREAL WITH CINNAMON"
1174136,branded_food,"WEIS QUALITY, CONFETTI CRISP, NATURALLY FLAVORED SWEETENED RICE CEREAL"
1174137,branded_food,"WEIS QUALITY, CRISP CRUNCH & BERRY BITS, SWEETENED CORN & OAT CEREAL"
1174138,branded_food,CRISP CRUNCH SWEETENED MULTI-GRAIN CEREAL
1174382,branded_food,"KEY FOOD, RAISIN BRAN CEREAL"
1174383,branded_food,"KEY FOOD, CRISP RICE CEREAL"
1174386,branded_food,"KEY FOOD, FROSTED SHREDDED WHEAT BITE SIZE CEREAL"
1174387,branded_food,"KEY FOOD, BUNCH O' CINNAMON SQUARES CEREAL"
1174388,branded_food,"KEY FOOD, TOASTED OATS CEREAL"
1174389,branded_food,"KEY FOOD, HONEY NUT TOASTED OATS CEREAL"
1174390,branded_food,CRISPY WHEAT & RICE FLAKES CEREAL
1174391,branded_food,WHEAT BRAN FLAX FLAKES CEREAL
1174401,branded_food,"POST, CEREAL, APPLE, APPLE"
1174402,branded_food,"POST, HONEY BUNCHES OF OATS, FRUIT BLENDS CEREAL, BANANA BLUEBERRY"
1174471,branded_food,"CHAI SPICE FLAVORED ORGANIC MULTIGRAIN HOT CEREAL WITH FLAX & QUINOA, CHAI SPICE"
1174476,branded_food,MULTIGRAIN HOT CEREAL
1174535,branded_food,SWEETENED MULTI-GRAIN CEREAL
1174595,branded_food,ORGANIC WHOLE GRAIN HOT CEREAL WITH FLAXSEED
1174596,branded_food,"CEREAL, FIBER TWIGS, GRAHAMS & HONEY PUFFS, FIBER TWIGS, GRAHAMS & HONEY PUFFS"
1174597,branded_food,"CEREAL, MULTIGRAIN CLUSTERS, WITH HONEY ALMOND FLAX"
1174598,branded_food,MULTIGRAIN CLUSTERS CEREAL
1174615,branded_food,"SCRUNCHY, SWEETENED CORN CEREAL, COCOA TREATS, COCOA TREATS"
1174616,branded_food,"OAT CLUSTERS WITH ALMONDS, MULTI-GRAIN CEREAL, HONEY, HONEY"
1174617,branded_food,"SHOPRITE, CRISPY RICE SQUARES CEREAL"
1174618,branded_food,"HONEY NUT TOASTED OATS SWEETENED OAT CEREAL WITH REAL HONEY AND NATURAL ALMOND FLAVOR, HONEY NUT TOASTED OATS"
1174619,branded_food,"SCRUNCHY, FRUITY FLOATS, SWEETENED MULTI-GRAIN CEREAL, ORANGE, LEMON, CHERRY, LIME & BERRY, ORANGE, LEMON, CHERRY, LIME & BERRY"
1174620,branded_food,"TOASTED CORN CEREAL WITH HONEY & NATURAL ALMOND, CRISPY HONEY NUT, CRISPY HONEY NUT"
1174621,branded_food,"SCRUNCHY, SWEETENED CEREAL, MINI COOKIE BITES, MINI COOKIE BITES"
1174659,branded_food,ORGANIC SUPERFOOD OAT-BASED CEREAL
1174660,branded_food,SUPERFOOD CEREAL
1174691,branded_food,"CINNI-MINI CRUNCH, SWEETENED WHEAT AND RICE CEREAL"
1174697,branded_food,SHREDDED WHEAT WHOLE GRAIN WHEAT CEREAL
1174698,branded_food,"TOASTED MULTI-GRAIN CEREAL, HONEY OATS & FLAKES WITH STRAWBERRIES"
1175001,branded_food,"EARTHLY CHOICE, CHIA GOODNESS, SUPERFOOD CEREAL, CHOCOLATE ALMOND"
1175739,branded_food,"CINNAMON MORNING OAT CRUNCH CEREAL, CINNAMON"
1175743,branded_food,"HONEY & OATS TOASTED MULTI-GRAIN CEREAL WITH HONEY OAT CLUSTERS, HONEY & OATS"
1175747,branded_food,"OATS & HONEY WITH STRAWBERRIES TOASTED MULTIGRAIN CEREAL WITH HONEY OAT CLUSTERS, OATS & HONEY WITH STRAWBERRIES"
1175748,branded_food,"FRUIT FRENZY SWEETENED MULTI-GRAIN CEREAL, FRUIT FRENZY"
1175749,branded_food,"HONEY & OATS WITH ALMONDS TOASTED MULTI-GRAIN CEREAL WITH ALMONDS & HONEY OAT CLUSTERS, HONEY & OATS WITH ALMONDS"
1175750,branded_food,"APPLE LOONS SWEETENED MULTI-GRAIN CEREAL, APPLE LOONS"
1175751,branded_food,"FROSTED FLAKES SWEETENED CORN CEREAL, FROSTED FLAKES"
1175752,branded_food,"FOOD CLUB, RICE SQUARES TOASTED RICE CEREAL"
1175756,branded_food,"SWEETENED CORN & OAT CEREAL WITH MARSHMALLOWS, SWEETENED CORN & OAT CEREAL WITH MARSHMALLOWS"
1175865,branded_food,"SWEETENED WHEATFULS LIGHTLY SWEETENED WHOLE GRAIN WHEAT CEREAL, SWEETENED WHEATFULS"
1175874,branded_food,"FULL CIRCLE, GO RIGHT MEDLEY, HIGH FIBER MULTIGRAIN CEREAL"
1175932,branded_food,"FOOD CLUB, RAISIN BRAN CEREAL"
1175933,branded_food,"FOOD CLUB, TOASTED OATS, TOASTED WHOLE GRAIN OAT CEREAL, ORIGINAL"
1175934,branded_food,"CORN FLAKES TOASTED FLAKES OF CORN CEREAL, CORN FLAKES"
1176453,branded_food,"CINNAMON CRUNCH SNACKIMALS CEREAL, CINNAMON CRUNCH"
1176454,branded_food,"PEANUT BUTTER & CHOCOLATE CEREAL, PEANUT BUTTER & CHOCOLATE"
1176458,branded_food,"SHOPRITE, RAISIN BRAN CEREAL"
1176460,branded_food,WHOLE GRAIN STEEL CUT OATS CEREAL
1176851,branded_food,"RAISIN BRAN CEREAL, RAISIN BRAN"
1176885,branded_food,"HONEY NUT TOASTED OATS SWEETENED TOASTED OAT CEREAL WITH REAL HONEY AND NATURAL ALMOND FLAVOR, HONEY NUT TOASTED OATS"
1176930,branded_food,"DUNKSTERS SWEET & CRUNCHY CORN CEREAL, DUNKSTERS"
1177079,branded_food,"WEETABIX, CRISPY FLAKES CEREAL"
1177080,branded_food,WHOLE GRAIN TOASTED OAT CEREAL
1177081,branded_food,"SHOPRITE, TOASTED WHOLE GRAIN OAT CEREAL"
1177294,branded_food,"SHOPRITE, NATURAL WHEAT & BARLEY NUGGETS CRUNCHY CEREAL"
1177295,branded_food,"HONEY OAT CLUSTERS MULTI-GRAIN CEREAL, HONEY"
1177297,branded_food,"RAISIN BRAN CEREAL, RAISIN BRAN"
1177298,branded_food,"SHOPRITE, CRISP CORN & RICE CEREAL"
1177299,branded_food,"SHOPRITE, CORN SQUARES, CRISPY TOASTED CORN CEREAL"
1177300,branded_food,CORN FLAKES CEREAL
1177301,branded_food,"SHOPRITE, CORN FLAKES CEREAL"
1177306,branded_food,"SHOPRITE, TOASTED WHOLE GRAIN OAT CEREAL"
1177344,branded_food,"WEIS QUALITY, CRUNCHY PUFFED RICE CEREAL"
1177365,branded_food,"WEIS QUALITY, SIMPLE LIVING, WHOLE GRAIN OAT CEREAL WITH CINNAMON, CINNAMON, CINNAMON"
1177366,branded_food,"WHEAT FLAKES CRISPY WHOLE WHEAT CEREAL, WHEAT FLAKES"
1177367,branded_food,"APPLE CINNAMON TOASTED OATS SWEETENED TOASTED OAT CEREAL, APPLE CINNAMON TOASTED OATS"
1177370,branded_food,SHREDDED WHEAT CEREAL
1177371,branded_food,"WEIS QUALITY, OATS & MORE, TOASTED MULTI-GRAIN CEREAL WITH HONEY OAT CLUSTER"
1177424,branded_food,"ARROWHEAD MILLS, PUFFED WHEAT CEREAL"
1177425,branded_food,NATURAL PUFFED RICE CEREAL
1177488,branded_food,"PEACE CEREAL, ORGANIC FLAKES & CLUSTERS, COCONUT CHIA ALMOND"
1177489,branded_food,"PEACE CEREAL, ORGANIC FLAKES & CLUSTERS, BLUEBERRY WALNUT"
1177490,branded_food,"PEACE CEREAL, ORGANIC CLUSTERS & FLAKES, BAOBAB COCONUT"
1177491,branded_food,"PEACE CEREAL, LOW FAT CLUSTERS & FLAKES, WILD BERRY"
1177492,branded_food,"PEACE CEREAL, CLUSTERS & FLAKES, MAPLE PECAN"
1177493,branded_food,"PEACE CEREAL, HEARTY RAISIN BRAN CLUSTERS & FLAKES"
1177495,branded_food,"ARROWHEAD MILLS, SHREDDED WHEAT, BITE SIZE CEREAL"
1177499,branded_food,"HEALTH VALLEY, RICE CRUNCH-EMS CEREAL"
1177500,branded_food,"MAPLE BROWN SUGAR MULTIGRAIN SQUAREFULS CEREAL, MAPLE BROWN SUGAR"
1177501,branded_food,"ORGANIC ORIGINAL HONEST O'S CEREAL, ORIGINAL"
1177504,branded_food,"CREAM OF THE WEST, ROASTED 7-GRAIN HOT CEREAL"
1177506,branded_food,"SIMPLY PURE OATS, CHIA, QUINOA & AMARANTH SUPER OATS UNSWEETENED HOT CEREAL BLEND, SIMPLY PURE"
1177507,branded_food,"NUTS & SEEDS ALMONDS, WALNUTS, PUMPKIN SEEDS & FLAXSEEDS SUPER OATS UNSWEETENED HOT CEREAL BLEND, NUTS & SEEDS"
1177508,branded_food,"QUINOA & OAT ORGANIC GLUTEN FREE INSTANT HOT CEREAL, QUINOA & OAT"
1177578,branded_food,"RALSTON FOODS, TASTEEOS, TOASTED WHOLE GRAIN OAT CEREAL"
1177613,branded_food,"HODGSON MILL, BUCKWHEAT CREAMY HOT CEREAL"
1178225,branded_food,"GREAT VALUE, HONEY NUT SPINS, SWEETENED TOASTED OAT CEREAL"
1178226,branded_food,"FAMILY GOURMET, TOASTED OATS CEREAL, HONEY NUT"
1178227,branded_food,"RALEY'S, HONEY NUT TOASTED OATS, A SWEETENED TOASTED OAT CEREAL WITH THE FLAVOR OF HONEY & NUTS"
1178228,branded_food,"ESSENTIAL EVERYDAY, HONEY OATS & FLAKES, WITH ALMONDS, TOASTED MULTI-GRAIN CEREAL, WITH ALMONDS & HONEY OAT CLUSTERS"
1178229,branded_food,"KROGER, CRUNCHY WHEAT FLAKES CEREAL WITH RAISINS"
1178230,branded_food,"GREAT VALUE, RAISIN BRAN CEREAL"
1178231,branded_food,CORN & OAT CEREAL
1178232,branded_food,CINNI - MINI CRUNCH CEREAL
1178237,branded_food,"SHOPRITE, OAT BRAN HOT CEREAL"
1178500,branded_food,"LINO, CHOCOLINO, INSTANT CEREAL FLAKES WITH SWEET CHOCOLATE"
1178937,branded_food,CORN FLAKES CEREAL
1178938,branded_food,"SPRINGFIELD, CRISPY TOASTED RICE CEREAL"
1178939,branded_food,"HONEY OAT BLENDERS CEREAL, HONEY OAT BLENDERS"
1178943,branded_food,"MAPLE BROWN SUGAR INSTANT HOT CEREAL, MAPLE BROWN SUGAR"
1179004,branded_food,"TOASTED OAT CEREAL, HONEY NUT"
1179005,branded_food,"DIERBERGS, CRISPY HONEY OATS & FLAKES CEREAL"
1179006,branded_food,"GREAT VALUE, CRUNCHY HONEY OATS WITH ALMONDS CEREAL"
1179007,branded_food,"GREAT VALUE, RAISIN BRAN CEREAL, EXTRA RAISIN"
1179009,branded_food,"GREAT VALUE, APPLE BLASTS, SWEETENED MULTI-GRAIN CEREAL"
1179011,branded_food,"ESSENTIAL EVERYDAY, CRUNCHY RICE SQUARES, OVEN TOASTED RICE CEREAL"
1179013,branded_food,RAISIN BRAN CEREAL
1179014,branded_food,"GREAT VALUE, BRAN FLAKES CEREAL"
1179015,branded_food,"GREAT VALUE, STRAWBERRY AWAKE CEREAL"
1179016,branded_food,"ESSENTIAL EVERYDAY, LOW FAT GRANOLA, WHOLE GRAIN CEREAL WITH RAISINS & ALMONDS"
1179017,branded_food,"ESSENTIAL EVERYDAY, CRUNCHY OAT SQUARES CEREAL, CINNAMON"
1179018,branded_food,"ESSENTIAL EVERYDAY, LOW FAT GRANOLA WHOLE GRAIN CEREAL WITH ALMONDS"
1179019,branded_food,"HONEY NUT SWEETENED TOASTED OAT CEREAL WITH REAL HONEY AND NATURAL ALMOND FLAVOR, HONEY NUT TOASTED OATS"
1179021,branded_food,A SWEETENED CORN CEREAL MADE WITH REAL COCOA
1179022,branded_food,"TOASTED MULTI-GRAIN CEREAL WITH HONEY OAT CLUSTERS & SLICED STRAWBERRIES, HONEY & OATS WITH STRAWBERRIES"
1179023,branded_food,SWEETENED CRUNCHY RICE & WHEAT FLAKE CEREAL WITH FRUIT & YOGURT CLUSTERS
1179048,branded_food,"OATS & HONEY BLEND CORN AND WHOLE WHEAT FLAKE CEREAL, OATS & HONEY BLEND"
1179070,branded_food,"ARROWHEAD MILLS, NATURAL PUFFED CORN CEREAL"
1179097,branded_food,CRISP CEREAL
1179105,branded_food,TOASTED MULTI-GRAIN CEREAL WITH HONEY OAT CLUSTERS
1179106,branded_food,TOASTED FLAKES OF CORN CEREAL
1179114,branded_food,CEREAL
1179115,branded_food,AWAKE CEREAL
1179116,branded_food,SWEETENED CORN & OAT CEREAL
1179314,branded_food,BROWN RICE FARINA HOT CEREAL
1179322,branded_food,"TOASTED OATS ANTIOXIDANTS WHOLE GRAIN CEREAL, TOASTED OATS"
1179403,branded_food,"HARRIS TEETER, SMART WAY HONEY TOASTED O'S WHOLE GRAIN CEREAL"
1179792,branded_food,"PINEAPPLE & CEREAL PROBIOTIC LOWFAT YOGURT, PINEAPPLE & CEREAL"
1179824,branded_food,"GREAT VALUE, SUGAR FROSTED FLAKES CEREAL"
1179825,branded_food,"GREAT VALUE, TOASTED WHEAT CEREAL"
1179826,branded_food,"GREAT VALUE, TOASTED CORN CEREAL"
1179827,branded_food,"GREAT VALUE, FRUIT SPINS, SWEETENED MULTIGRAIN CEREAL, SWEETENED MULTIGRAIN"
1179828,branded_food,"GREAT VALUE, FRUITY CEREAL, PUFFS"
1179829,branded_food,"GREAT VALUE, CEREAL, TOASTED WHOLE-GRAIN OATS"
1179831,branded_food,"GREAT VALUE, TOASTED RICE CEREAL"
1179832,branded_food,AWAKE CEREAL
1179833,branded_food,"GREAT VALUE, CRISP RICE CEREAL"
1179834,branded_food,"GREAT VALUE, CRUNCHY RAISIN BRAN CEREAL"
1180077,branded_food,"GLUTENFREEDA, GRANOLA CEREAL / SNACK, CRANBERRY CASHEW HONEY"
1180080,branded_food,"EUROPEAN STYLE MUESLI GLUTEN FREE HOT OR COLD CEREAL, EUROPEAN STYLE MUESLI"
1180081,branded_food,"HEALTH VALLEY ORGANIC, BAKED MULTIGRAIN CEREAL"
1180084,branded_food,"BENEFIT NUTRITION, PROTEIN PLUS, SOY PROTEIN & MULTIGRAIN CEREAL"
1180088,branded_food,"CRANBERRY CEREAL, CRANBERRY"
1180566,branded_food,"NATURE'S PLACE, ORGANIC RAISIN BRAN CEREAL"
1180616,branded_food,SWEETENED WHOLE WHEAT AND RICE CEREAL WITH CINNAMON
1180968,branded_food,"FROSTED FLAKES SWEETENED FLAKES OF CORN CEREAL, FROSTED FLAKES"
1181496,branded_food,CREAMY BUCKWHEAT HOT CEREAL
1181499,branded_food,5 GRAIN ROLLED HOT CEREAL
1181500,branded_food,OLD COUNTRY STYLE MUESLI HOT OR COLD CEREAL
1181501,branded_food,7 GRAIN HOT CEREAL
1181502,branded_food,GLUTEN FREE MIGHTY TASTY HOT CEREAL
1181503,branded_food,WHOLE GRAIN HOT CEREAL
1181504,branded_food,CREAMY WHEAT HOT CEREAL
1181534,branded_food,HIGH FIBER HOT CEREAL OAT BRAN
1181538,branded_food,"BOB'S RED MILL, BROWN RICE FARINA CREAMY RICE HOT CEREAL"
1181591,branded_food,SWEETENED CORN PUFF CEREAL WITH REAL COCOA
1182218,branded_food,"INCAPARINA, CORN & SOY HOT CEREAL MIX"
1182722,branded_food,TOASTED WHOLE GRAIN OAT WITH MARSHMALLOWS CEREAL
1182756,branded_food,SWEETENED CORN CEREAL
1182757,branded_food,"CRISPY-O'S, FROSTED CEREAL"
1182758,branded_food,"ESSENTIAL EVERYDAY, BITE SIZE FROSTED LIGHTLY SWEETENED WHOLE GRAIN SHREDDED WHEAT CEREAL"
1182762,branded_food,CORN FLAKES CEREAL
1182763,branded_food,TOASTED MULTI-GRAIN FLAKES WITH ALMONDS & HONEY OAT CLUSTERS CEREAL
1182765,branded_food,"HONEY NUT O'S ORGANIC CEREAL, HONEY NUT O'S"
1182766,branded_food,"OPEN NATURE, CRANBERRY ALMOND CRAZE CEREAL"
1182769,branded_food,"PECANS & MAPLE SYRUP FLAKES & CLUSTERS CEREAL, PECANS & MAPLE SYRUP"
1182770,branded_food,"BLUEBERRY WHEATFULS LIGHTLY SWEETENED WHOLE WHEAT CEREAL, BLUEBERRY WHEATFULS"
1182771,branded_food,"HEALTH VALLEY ORGANIC, OAT BRAN FLAKES BAKED MULTIGRAIN CEREAL"
1182772,branded_food,CRISPY TOASTED RICE CEREAL
1182773,branded_food,FRUIT FLAVORED MULTI-GRAIN SWEETENED CEREAL
1182775,branded_food,"MALLOW OATS SWEETENED WHOLE GRAIN OAT CEREAL WITH MARSHMALLOW PIECES, MALLOW OATS"
1182776,branded_food,ENRICHED BRAN FLAKES CEREAL
1182777,branded_food,"HONEY CRUNCH 'N OATS ORGANIC CEREAL A BLEND OF CORN FLAKES, WHEAT FLAKES, AND GRANOLA WITH OATS AND HONEY, HONEY CRUNCH 'N OATS"
1182778,branded_food,"ALMOND VANILLA FLAKES & CLUSTERS CEREAL, ALMOND VANILLA"
1182779,branded_food,"SUPERFOOD CEREAL, ACAI BLUEBERRY"
1182781,branded_food,ORGANIC WHEAT SQUARES CEREAL
1182806,branded_food,"COCOA DYNO-BITES CEREAL, COCOA DYNO-BITES"
1182807,branded_food,"POST, MINI CHURROS CEREAL, SWEETENED WHEAT CEREAL, CINNAMON"
1182819,branded_food,"SWEETENED MULTIGRAIN CEREAL, SWEETENED MULTIGRAIN CEREAL"
1182820,branded_food,"HONEY GRAHAM, COCOA CORN PUFF AND MARSHMALLOW CEREAL, HONEY GRAHAM, COCOA CORN PUFF AND MARSHMALLOW CEREAL"
1182828,branded_food,"CHOCOLATE TOASTED RICE & BEAN CEREAL, CHOCOLATE"
1182829,branded_food,"FAMILIA, SWISS BALANCE, SWISS MUESLI CEREAL, BLUEBERRIES & QUINOA"
1182831,branded_food,"TOASTED WHEATFULS WHOLE GRAIN WHEAT CEREAL, TOASTED WHEATFULS"
1182832,branded_food,"PEACE CEREAL, LOW FAT CLUSTERS & FLAKES, MANGO PEACH PASSION"
1182833,branded_food,"PEACE CEREAL, CLUSTERS & FLAKES, CEREAL, WALNUT SPICE"
1182834,branded_food,"HIGH FIBER MEDLEY CEREAL, ORIGINAL"
1182835,branded_food,"PEACE CEREAL, CLUSTERS & FLAKES, RASPBERRY GINGER"
1182837,branded_food,"PEACE CEREAL, GRANOLA, FRENCH VANILLA"
1182839,branded_food,"SCHNUCKS, FRUIT RINGS, SWEETENED MULTI-GRAIN CEREAL, ORANGE, LEMON, CHERRY, LIME & BERRY"
1182840,branded_food,CEREAL
1182841,branded_food,"HOSPITALITY, PUFFED WHEAT CEREAL"
1182842,branded_food,"HOSPITALITY, PUFFED RICE CEREAL"
1182843,branded_food,CRISP CRUNCH SWEETENED MULTI-GRAIN CEREAL
1182896,branded_food,ANCIENT GRAIN HOT CEREAL
1182897,branded_food,"EARNEST EATS, ASIA BLEND SUPERFOOD HOT CEREAL"
1182918,branded_food,"OLD WESSEX LTD., INSTANT OATMEAL, 100% WHOLE GRAIN, HIGH FIBER CEREAL"
1182919,branded_food,"OVEN TOASTED FLAKES OF CORN CEREAL, OVEN TOASTED FLAKES OF CORN CEREAL"
1182921,branded_food,8 GRAIN HOT CEREAL
1182922,branded_food,"OLD WESSEX LTD., CREAMY OAT BRAN, HIGH FIBER BREAKFAST CEREAL"
1182924,branded_food,"OLD WESSEX LTD., ALL NATURAL 5 GRAIN CEREAL"
1182925,branded_food,ORGANIC WHOLE GRAIN 6 GRAIN HOT CEREAL WITH FLAXSEED
1182926,branded_food,OATS CEREAL
1182927,branded_food,FROSTED FLAKES SWEETENED CEREAL
1182929,branded_food,ORGANIC FROSTED CORN FLAKES CEREAL
1182930,branded_food,SWEETENED CORN & OAT CEREAL
1182933,branded_food,"HOSPITALITY, MAGIC STARS & MARSHMALLOWS SWEETENED CEREAL"
1182934,branded_food,ORGANIC TOASTED OATS CEREAL
1182940,branded_food,"OLD WESSEX LTD., IRISH-STYLE OATMEAL HIGH FIBER CEREAL"
1182942,branded_food,"OLD WESSEX LTD., IRISH-STYLE OATMEAL, 100% WHOLE GRAIN, HIGH FIBER CEREAL"
1182943,branded_food,"OLD WESSEX LTD., SCOTTISH-STYLE PORRIDGE OATS CEREAL"
1182944,branded_food,ORGANIC CREAMY OAT BRAN HIGH FIBER BREAKFAST CEREAL
1182945,branded_food,"BOB'S RED MILL, WHOLE GRAIN WHEAT FARINA HOT CEREAL"
1182958,branded_food,"SWEETENED RICE CEREAL WITH COCOA & MARSHMALLOWS, SWEETENED RICE CEREAL WITH COCOA & MARSHMALLOWS"
1182969,branded_food,"365 EVERYDAY VALUE, WHOLE GRAIN WHEAT SQUARES CEREAL"
1182970,branded_food,"PEACE CEREAL, SUPERGRAINS CEREAL, MAPLE BUCKWHEAT HEMP"
1182972,branded_food,"PEACE CEREAL, CRISPY RICE & FLAKES, CRISPY RICE AND OAT CLUSTERS, WHEAT-RICE FLAKES WITH POMEGRANATE AND REAL BLUEBERRIES, BLUEBERRY POMEGRANATE"
1182973,branded_food,"WHOLE GRAIN CEREAL, HONEY RICE TWICE"
1182980,branded_food,"365 EVERYDAY VALUE, ORGANIC BRAN FLAKES CEREAL"
1182982,branded_food,"365 EVERYDAY VALUE, ORGANIC RAISIN BRAN CEREAL"
1182986,branded_food,"ORGANIC PEANUT BUTTER & COCOA BALLS SWEETENED ORGANIC CORN & WHOLE GRAIN OAT CEREAL WITH ORGANIC COCOA & THE DELICIOUS GOODNESS OF REAL ORGANIC PEANUT BUTTER BALLS, PEANUT BUTTER & COCOA"
1182987,branded_food,"MORNING O'S HONEY NUT FLAVORED SWEETENED ORGANIC WHOLE GRAIN OAT CEREAL WITH REAL ORGANIC HONEY, MORNING O'S HONEY NUT"
1182989,branded_food,"365 EVERYDAY VALUE, LITTLE CUBBIES CEREAL, OAT & CORN, MARSHMALLOW BITES"
1182990,branded_food,"ORGANIC SWEETENED CRISPY RICE FLOUR CEREAL WITH ORGANIC COCOA & NATURAL CHOCOLATE FLAVOR, COCOA & CHOCOLATE"
1182991,branded_food,MORNING O'S ORGANIC WHOLE GRAIN OAT CEREAL
1182994,branded_food,WHEAT WAFFLES CEREAL
1182995,branded_food,"365 EVERYDAY VALUE, ORGANIC CRUNCHY CINNAMON SQUARES CEREAL"
1183216,branded_food,"NATURE'S PATH, ORGANIC WHOLE GRAIN BROWN CRISPY RICE CEREAL"
1183217,branded_food,ORGANIC PUMPKIN RAISIN CRUNCH CEREAL
1183218,branded_food,ORGANIC MULTIBRAN FLAKES CEREAL
1183219,branded_food,CRUNCHY MAPLE CEREAL
1183220,branded_food,CEREAL
1183221,branded_food,"NATURE'S PATH, HERITAGE BITES, ORGANIC ANCIENT GRAINS CEREAL"
1183222,branded_food,"NATURE'S PATH, FRUIT JUICE SWEETENED MILLET RICE CEREAL WITH OATBRAN"
1183223,branded_food,"NATURE'S PATH, MULTIGRAIN OATBRAN CEREAL"
1183224,branded_food,"NATURE'S PATH, OATY BITES, OATS, BROWN RICE AND CORN CEREAL"
1183225,branded_food,ENVIROKIDZ CORN PUFFS CEREAL
1183226,branded_food,KOALA CRISP CEREAL
1183227,branded_food,PANDA PUFFS CEREAL
1183228,branded_food,ORGANIC CORN FLAKES CEREAL
1183229,branded_food,CEREAL
1183230,branded_food,CEREAL
1183232,branded_food,"NATURE'S PATH, MESA SUNRISE, CEREAL"
1183233,branded_food,"NATURE'S PATH, OPTIMUM SLIM CEREAL, VANILLA"
1183234,branded_food,CORN PUFFS CEREAL
1183235,branded_food,CEREAL
1183236,branded_food,"NATURE'S PATH, ORGANIC KAMUT PUFFS CEREAL"
1183237,branded_food,"NATURE'S PATH, GRANOLA CEREAL WITH COCONUT & HEMP, VANILLA CRANBERRY"
1183244,branded_food,"CHIA, BUCKWHEAT & HEMP CEREAL"
1183245,branded_food,"CHIA, BUCKWHEAT & HEMP CEREAL"
1183246,branded_food,"CHIA, BUCKWHEAT & HEMP CEREAL"
1183463,branded_food,SUPERFOOD CEREAL
1184121,branded_food,"FOODHOLD, OATS & O'S, CHOCOLATE, NATURALLY FLAVORED WHOLE GRAIN CORN AND OAT CEREAL "
1184123,branded_food,"FOODHOLD, CRISPERS, CORN & RICE CEREAL BLENDED INTO CRUNCHY BITE-SIZED PIECES"
1184124,branded_food,"FOODHOLD, FRUIT SWIRLS, SWEETENED MULTIGRAIN CEREAL NATURAL FRUIT FLAVOR WITH OTHER NATURAL FLAVORS"
1184127,branded_food,"FOODHOLD, FRUIT SWIRLS, SWEETENED MULTIGRAIN CEREAL NATURAL FRUIT FLAVOR WITH OTHER NATURAL FLAVORS"
1184611,branded_food,"FRUIT & GRAIN CEREAL BARS, BLUEBERRY"
1184615,branded_food,"LOW FAT CEREAL BARS, APPLE CINNAMON"
1184691,branded_food,"AHOLD, GRANOLA CEREAL, OATS, HONEY & RAISINS"
1184775,branded_food,"PEANUT BUTTER CEREAL, PEANUT BUTTER"
1184849,branded_food,"ORIGINAL SPROUTED CRUNCHY CEREAL, ORIGINAL"
1184850,branded_food,"CINNAMON RAISIN SPROUTED CRUNCHY CEREAL, CINNAMON RAISIN"
1184851,branded_food,"ALMOND SPROUTED CRUNCHY CEREAL, ALMOND"
1184852,branded_food,"GOLDEN FLAX SPROUTED CRUNCHY CEREAL, GOLDEN FLAX"
1185678,branded_food,"ORIGINAL FLAVOR INSTANT HOT CEREAL, ORIGINAL"
1185925,branded_food,CORN CEREAL
1185940,branded_food,"MEIJER, CORN FLAKES CEREAL"
1185941,branded_food,"MEIJER, FIBER COMPLETE, WHOLE GRAIN WHEAT & BARLEY CEREAL"
1185958,branded_food,"MEIJER, MULTIGRAIN SQUARES CEREAL"
1185959,branded_food,"MEIJER, BITE SIZE FROSTED SHREDDED WHEAT CEREAL"
1185960,branded_food,"MEIJER, BITE SIZE FROSTED SHREDDED WHEAT CEREAL, BLUEBERRY"
1186003,branded_food,"HONEY RICE CEREAL, HONEY RICE"
1186579,branded_food,MULTIGRAIN CEREAL
1186580,branded_food,"PEANUT BUTTER CEREAL, PEANUT BUTTER"
1186581,branded_food,"ORIGINAL WHEAT BERRY FLAKES TOASTED WHOLE WHEAT BERRY FLAKES & FLAXSEED CEREAL, ORIGINAL WHEAT BERRY FLAKES"
1186709,branded_food,"HODGSON MILL, MULTI GRAIN WITH QUINOA & FLAX HOT CEREAL"
1187082,branded_food,"MEIJER, RICE SQUARES OVEN TOASTED RICE CEREAL"
1187129,branded_food,"MEIJER, FROSTED FLAKES CORN CEREAL"
1187132,branded_food,SWEETENED MULTI-GRAIN CEREAL
1187144,branded_food,CRACKLING SWEETENED RICE CEREAL
1187445,branded_food,CRAZY CRUNCH SWEETENED CORN & OAT CEREAL
1187587,branded_food,"MAPLE MORNING ANCIENT GRAINS KISSED WITH WARM NATURAL MAPLE FLAVOR GLUTEN-FREE ORGANIC HOT CEREAL, MAPLE MORNING"
1187647,branded_food,"COCOA CRUNCH SWEETENED CEREAL, COCOA CRUNCH"
1187673,branded_food,ORGANIC ANCIENT GRAINS HOT CEREAL
1189217,branded_food,FROSTED FLAKES OF CORN CEREAL
1189218,branded_food,"SHOPRITE, SCRUNCHY, TOASTED RICE CEREAL"
1189219,branded_food,COCOA PEANUT BUTTER TREATS SWEETENED CORN CEREAL
1189220,branded_food,"COCOA CRISPY RICE, SWEETENED RICE CEREAL"
1189222,branded_food,"SHOPRITE, SCRUNCHY, TOASTED OATS SWEETENED OAT CEREAL, APPLE CINNAMON"
1189223,branded_food,"SHOPRITE, SCRUNCHY, MARSHMALLOW DREAMS SWEETENED OAT CEREAL WITH MARSHMALLOWS"
1189226,branded_food,"SHOPRITE, SCRUNCHY, CRISPY COLORS SWEETENED RICE CEREAL"
1189386,branded_food,"IGA, SWEETENED MULTI-GRAIN APPLE WHIRLS CEREAL, APPLE AND CINNAMON"
1189415,branded_food,"BRAN FLAKES CEREAL, BRAN FLAKES"
1189495,branded_food,"SWEETENED WHOLE GRAIN OAT CEREAL WITH MARSHMALLOW PIECES, MALLOW OATS"
1189496,branded_food,"MEIJER, LIGHTLY SWEETENED CORN & WHOLE WHEAT FLAKE CEREAL WITH GRANOLA, OAT, HONEY & ALMONDS"
1189510,branded_food,CEREAL
1189572,branded_food,"MEIJER, WHOLE GRAIN OAT CEREAL, TOASTED OATS"
1189573,branded_food,"MEIJER, SWEETENED RICE CEREAL"
1189576,branded_food,"FROSTED OAT CEREAL WITH MARSHMALLOWS, MARSHMALLOWS"
1189577,branded_food,SWEETENED WHOLE WHEAT AND RICE CEREAL 
1189657,branded_food,"ORIGINAL CEREAL, ORIGINAL"
1189658,branded_food,"ORIGINAL MULTIGRAIN SPOONFULS CEREAL, ORIGINAL"
1189808,branded_food,"MEIJER, CRISP RICE CEREAL"
1189809,branded_food,"MEIJER, FROSTED FLAKES CORN CEREAL"
1189884,branded_food,SWEETENED PUFFED WHEAT CEREAL
1190044,branded_food,"NATURE'S PROMISE, ORGANIC, CINNAMON SQUARES, CRUNCHY CINNAMON CEREAL"
1190766,branded_food,HOT CEREAL ORGANIC SUPERFOOD
1190937,branded_food,"GIANT, NATURE'S PROMISE, FRUIT, NUT & SEED MUESLI CEREAL"
1190942,branded_food,MIXED BERRY MUESLI CEREAL
1191508,branded_food,CEREAL
1191949,branded_food,"KIGGINS, WHOLE GRAIN SHREDDED WHEAT CEREAL"
1192081,branded_food,"GREAT VALUE, WHOLE GRAIN OAT CEREAL"
1192082,branded_food,"GREAT VALUE, CRUNCHY NUGGETS, WHOLE GRAIN WHEAT & BARLEY CEREAL"
1192158,branded_food,"YOCRUNCH, CEREAL BOWL, LOWFAT YOGURT, VANILLA WITH KELLOGG'S FROOT LOOPS"
1192211,branded_food,CEREAL
1192232,branded_food,"SWEETENED RICE CEREAL WITH REAL COCOA, SWEETENED RICE CEREAL WITH REAL COCOA"
1192234,branded_food,"OAT CRUNCH SWEETENED MULTIGRAIN CEREAL, OAT CRUNCH"
1192236,branded_food,"SWEETENED CORN & OAT CEREAL, SWEETENED CORN & OAT CEREAL"
1192269,branded_food,"FROSTED WHOLE GRAIN OAT CEREAL WITH MARSHMALLOWS, FROSTED WHOLE GRAIN OAT CEREAL WITH MARSHMALLOWS"
1193245,branded_food,"HONEY GRAHAM, CEREAL "
1193307,branded_food,ESSENTIALLY YOU VANILLA ALMOND CEREAL
1193332,branded_food,"BUNCH O' CINNAMON SQUARES , NATURAL FLAVOR CEREAL "
1193521,branded_food,"ESSENTIAL EVERYDAY, APPLE CRUNCHIES, SWEETENED MULTI-GRAIN CEREAL, APPLE, CINNAMON"
1193522,branded_food,SWEETENED RICE CEREAL
1193524,branded_food,"ESSENTIAL EVERYDAY, COCOA COMETS, COCOA COMETS SWEETENED CORN CEREAL MADE WITH REAL COCOA"
1193525,branded_food,FROSTED WHOLE GRAIN OAT CEREAL WITH MARSHMALLOWS
1193526,branded_food,MULTI GRAIN TOASTED CEREAL
1193527,branded_food,APPLE CINNAMON SWEETENED TOASTED OAT CEREAL
1193528,branded_food,"ESSENTIAL EVERYDAY, CORN CEREAL, HONEY & NATURAL ALMOND"
1193529,branded_food,CRUNCHY WHEAT SQUARES WHOLE GRAIN CEREAL
1193531,branded_food,FROSTED FRUIT-O'S SWEETENED MULTI-GRAIN CEREAL WITH NATURAL FRUIT FLAVORS
1194098,branded_food,"NATURAL BANANA PROTEEN CRUNCH SWEETENED CEREAL, NATURAL BANANA"
1194582,branded_food,"BANANAS & CREAM INSTANT HOT CEREAL, BANANAS & CREAM"
1194617,branded_food,"STRAWBERRY COBBLER CEREAL BARS, STRAWBERRY COBBLER"
1194690,branded_food,APPLES & MORE MUESLI COLD OR HOT CEREAL
1194731,branded_food,SHREDDED WHEAT CEREAL
1194732,branded_food,QUINOA HOT CEREAL FLAKES
1194736,branded_food,"BROWN RICE CRISPS CEREAL, BROWN RICE CRISPS"
1194739,branded_food,"ORIGINAL CEREAL, ORIGINAL"
1194741,branded_food,"SPARTAN, CEREAL, CRANBERRY ALMOND, CRANBERRY ALMOND"
1194742,branded_food,ORGANIC TOASTED OATS CEREAL
1194744,branded_food,"BLUEBERRY MORNING CEREAL, BLUEBERRY MORNING"
1194745,branded_food,"CINNAMON PUFFINS CEREAL, CINNAMON"
1194750,branded_food,"HONEY & OATS CORN FLAKES, WHEAT FLAKES AND GRANOLA MEDLEY CEREAL, HONEY & OATS"
1194782,branded_food,"VANILLA ALMOND MORNING OAT CRUNCH CEREAL, VANILLA ALMOND"
1195680,branded_food,"HONEY ALMOND FLAX CEREAL, HONEY ALMOND FLAX"
1196013,branded_food,FRUIT & GRAIN CEREAL BARS
1196024,branded_food,CEREAL BARS
1196511,branded_food,"MULTI-GRAIN MORNING O'S CEREAL, MULTI-GRAIN"
1196545,branded_food,"HONEY NUT TOASTY O'S SWEETENED WHOLE GRAIN OAT CEREAL WITH REAL HONEY, HONEY NUT TOASTY O'S"
1196574,branded_food,"OATS & MORE WITH ALMONDS, TOASTED MULTI-GRAIN CEREAL WITH ALMONDS & HONEY OAT CLUSTERS"
1196580,branded_food,"SWEETENED WHEATFULS LIGHTLY SWEETENED WHOLE GRAIN WHEAT CEREAL, SWEETENED WHEATFULS"
1196857,branded_food,FRUIT & GRAIN CEREAL BARS
1197156,branded_food,"FAMILY GOURMET, SQUARES CEREAL, BUNCH O' CINNAMON"
1197194,branded_food,APPLE CINNAMON CEREAL BARS
1197349,branded_food,ORGANIC CEREAL
1197350,branded_food,ORGANIC CEREAL WHOLE GRAIN GOLDEN RICE CRISPS
1197351,branded_food,WHOLE GRAIN CINNAMON CRUNCH ORGANIC CEREAL
1197352,branded_food,WHOLE GRAIN WHEAT SQUARES ORGANIC CEREAL
1197354,branded_food,WHOLE GRAIN BRAN PLUS ORGANIC CEREAL
1197356,branded_food,ORGANIC CEREAL
1197373,branded_food,"HONEY CEREAL, HONEY"
1197375,branded_food,"TOASTED RICE CRISPS CEREAL, TOASTED RICE"
1197377,branded_food,"CINNAMON OAT CRUNCH SWEETENED MULTIGRAIN CEREAL, CINNAMON OAT CRUNCH"
1197378,branded_food,RAISIN BRAN CEREAL
1197380,branded_food,CRUNCHY RAISIN BRAN CEREAL
1197381,branded_food,TOASTED OAT CEREAL
1197382,branded_food,CRUNCHY HONEY OATS CEREAL
1197383,branded_food,NATURAL HONEY FLAVORED MULTIGRAIN CEREAL WITH GRANOLA AND ALMONDS
1197384,branded_food,"HOSPITALITY, TOASTED OATS CEREAL"
1197385,branded_food,TOASTED OATS SWEETENED CEREAL
1197388,branded_food,"SWEETENED FROSTED FLAKES OF CORN CEREAL, FROSTED FLAKES"
1197391,branded_food,TOASTED WHEAT CEREAL
1197393,branded_food,CORN FLAKES CEREAL
1197394,branded_food,"FROSTED SHREDDED WHEAT LIGHTLY SWEETENED WHOLE GRAIN CEREAL, FROSTED"
1197395,branded_food,TOASTED CORN CEREAL
1197396,branded_food,"SWEETENED MULTIGRAIN CEREAL, SWEETENED MULTIGRAIN"
1197398,branded_food,"HONEY NUT'S SWEETENED TOASTED OAT CEREAL, HONEY NUT'S"
1197898,branded_food,"BLUEBERRY COBBLER CEREAL BARS, BLUEBERRY COBBLER"
1197912,branded_food,CEREAL BARS
1198570,branded_food,PECAN FLAKE & GRANOLA CEREAL
1198576,branded_food,FRUIT & GRAIN CEREAL BARS
1198763,branded_food,FRUIT & GRAIN CEREAL BAR
1198828,branded_food,TOASTED OATS CEREAL
1198829,branded_food,"SWEETENED MULTI-GRAIN CEREAL, APPLE"
1198830,branded_food,RAISIN BRAN CEREAL
1198832,branded_food,"SWEETENED TOASTED OAT CEREAL WITH THE FLAVOR OF APPLE & CINNAMON, APPLE CINNAMON"
1198833,branded_food,"FIBER BRAN TOASTED CORN AND WHEAT CEREAL, FIBER BRAN"
1198836,branded_food,"CRISP TOASTED RICE CEREAL, CRISP RICE"
1198839,branded_food,"SWEETENED CEREAL, SWEETENED"
1198840,branded_food,"CHOCOLATE TOASTED CORN AND OAT CEREAL MADE WITH REAL COCOA, CHOCOLATE"
1198861,branded_food,CEREAL
1198862,branded_food,"BITE SIZE FROSTED SHREDDED WHEAT LIGHTLY SWEETENED WHOLE GRAIN CEREAL, FROSTED SHREDDED WHEAT"
1198863,branded_food,"SCHNUCKS, CORN SQUARES TOASTED CORN CEREAL"
1198864,branded_food,TWIN GRAIN CRISP CRISPY CORN & RICE CEREAL
1199120,branded_food,"SCHNUCKS, OAT WISE CEREAL"
1199122,branded_food,"SCHNUCKS, HONEY & OATS WITH ALMONDS, TOASTED MULTI-GRAIN CEREAL"
1199124,branded_food,"WHEAT SQUARES GOLDEN BROWN SQUARES OF TOASTED WHOLE GRAIN WHEAT CEREAL, WHEAT SQUARES"
1199125,branded_food,"CINNAMON FROSTED WHOLE GRAIN SHREDDED WHEAT CEREAL WITH ONYX SORGHUM, CINNAMON FROSTED"
1199128,branded_food,"TOASTED CINNAMON SQUARES SWEETENED WHOLE WHEAT AND RICE CEREAL WITH CINNAMON, TOASTED CINNAMON SQUARES"
1199129,branded_food,"HONEY & OATS TOASTED MULTI-GRAIN CEREAL WITH HONEY OAT CLUSTERS, HONEY & OATS"
1199134,branded_food,"TOASTED RICE & WHEAT FLAKES CEREAL WITH BITS OF STRAWBERRY, STRAWBERRY"
1199270,branded_food,CRUNCHEE CEREAL BARS
1200589,branded_food,"MEIJER, BOUNTIFUL MORNING, FRUIT & NUT CEREAL, GRANOLA, RAISINS & ALMONDS"
1200590,branded_food,"MEIJER, CORN FLAX CEREAL"
1200880,branded_food,CEREAL BARS
1200882,branded_food,CEREAL BARS
1200883,branded_food,FRUIT & GRAIN CEREAL BARS
1200886,branded_food,CEREAL BARS
1200890,branded_food,FRUIT & GRAIN CEREAL BARS
1201588,branded_food,"SWEETENED CORN & OAT CEREAL, SWEETENED CORN & OAT CEREAL"
1201589,branded_food,SWEETENED RICE CEREAL WITH REAL COCOA
1201590,branded_food,COCOA DYNO-BITES CEREAL
1201673,branded_food,"APPLE ZINGS CEREAL, APPLE ZINGS"
1201674,branded_food,"BERRY COLOSSAL CRUNCH CEREAL WITH MARSHMALLOWS, BERRY COLOSSAL CRUNCH"
1201675,branded_food,"SWEETENED CORN & OAT CEREAL, BERRY BUNCH CRUNCH"
1201676,branded_food,"BERRY COLOSSAL CRUNCH CEREAL WITH MARSHMALLOWS, BERRY COLOSSAL CRUNCH"
1201677,branded_food,SWEETENED CORN & OAT CEREAL
1201678,branded_food,"SWEETENED CORN & OAT CEREAL, SWEETENED CORN & OAT CEREAL"
1201679,branded_food,"BERRY COLOSSAL CRUNCH CEREAL, BERRY COLOSSAL CRUNCH"
1201680,branded_food,"BERRY COLOSSAL CRUNCH CEREAL, BERRY COLOSSAL CRUNCH"
1201681,branded_food,"SWEETENED CORN PUFF CEREAL WITH REAL PEANUT BUTTER, PEANUT BUTTER"
1201682,branded_food,SWEETENED CORN & OAT CEREAL
1201683,branded_food,SWEETENED CORN PUFF CEREAL WITH REAL PEANUT BUTTER
1201684,branded_food,CEREAL
1201685,branded_food,"COCOA DYNO-BITES CEREAL, COCOA DYNO-BITES"
1201686,branded_food,"COCOA DYNO-BITES CEREAL, COCOA DYNO-BITES"
1201687,branded_food,"COCOA DYNO-BITES CEREAL, COCOA DYNO-BITES"
1201688,branded_food,"CINNAMON TOASTERS CEREAL, CINNAMON TOASTERS"
1201689,branded_food,"S'MORES CEREAL, S'MORES"
1201690,branded_food,"FROSTED MINI SPOONERS CEREAL, FROSTED MINI SPOONERS"
1201691,branded_food,"HONEY & ALMONDS FLAVORED CEREAL, HONEY & ALMONDS"
1201692,branded_food,OAT BLENDERS LIGHTLY SWEETENED CORN & WHOLE WHEAT FLAKE CEREAL WITH GRANOLA & SLICED ALMONDS
1201693,branded_food,SWEETENED CORN & OAT CEREAL
1201694,branded_food,"WHOLE GRAIN OAT CEREAL WITH MARSHMALLOW PIECES, SWEETENED"
1201695,branded_food,CEREAL
1201696,branded_food,SWEETENED PUFFED WHEAT CEREAL
1201697,branded_food,CEREAL
1201698,branded_food,CEREAL
1201699,branded_food,SWEETENED CORN & OAT CEREAL
1201700,branded_food,"BERRY COLOSSAL CRUNCH CEREAL, BERRY COLOSSAL CRUNCH"
1201701,branded_food,"COCOA DYNO-BITES CEREAL, COCOA DYNO-BITES"
1201702,branded_food,"COCO ROOS CEREAL, COCO ROOS"
1201703,branded_food,SWEETENED CORN PUFF CEREAL WITH REAL COCOA
1201704,branded_food,CEREAL
1201706,branded_food,"TOOTIE FRUITIES FLAVORED CEREAL, TOOTIE FRUITIES"
1201707,branded_food,"TOOTIE FRUITIES CEREAL, TOOTIE FRUITIES"
1201708,branded_food,SWEETENED RICE CEREAL WITH MARSHMALLOWS
1201709,branded_food,"SWEETENED RICE CEREAL, MARSHMALLOWS"
1201710,branded_food,CEREAL
1201711,branded_food,"FRUITY DYNO-BITES CEREAL WITH MARSHMALLOWS, FRUITY DYNO-BITES WITH MARSHMALLOWS"
1201712,branded_food,LIGHTLY SWEETENED WHOLE GRAIN WHEAT CEREAL
1201713,branded_food,"STRAWBERRY CREAM CEREAL, STRAWBERRY CREAM"
1201714,branded_food,LIGHTLY SWEETENED WHOLE GRAIN WHEAT CEREAL
1201715,branded_food,"FROSTED CEREAL, FROSTED"
1201716,branded_food,LIGHTLY SWEETENED WHOLE GRAIN WHEAT CEREAL
1201717,branded_food,LIGHTLY SWEETENED WHOLE GRAIN WHEAT CEREAL
1201718,branded_food,"HONEY GRAHAM SQUARES & COCOA CORN PUFF CEREAL WITH MARSHMALLOWS, S'MORES"
1201719,branded_food,"BLUEBERRY CEREAL, BLUEBERRY"
1201720,branded_food,"HONEY NUT SCOOTERS CEREAL, HONEY NUT SCOOTERS"
1201721,branded_food,"HONEY NUT SCOOTERS CEREAL, HONEY NUT SCOOTERS"
1201722,branded_food,"CEREAL, HONEY NUT"
1201723,branded_food,"PEANUT BUTTER CUPS CEREAL, PEANUT BUTTER CUPS"
1201724,branded_food,"FROSTED FLAKES CEREAL, FROSTED FLAKES"
1201725,branded_food,"CINNAMON TOASTERS CEREAL, CINNAMON TOASTERS"
1201726,branded_food,"CINNAMON TOASTERS CEREAL, CINNAMON TOASTERS"
1201727,branded_food,"CRISPY RICE CEREAL, CRISPY RICE"
1201728,branded_food,"COCO ROOS CEREAL, COCO ROOS"
1201729,branded_food,SWEETENED WHOLE WHEAT & RICE CEREAL WITH CINNAMON
1201730,branded_food,CRISPY RICE CEREAL
1201731,branded_food,"CRISPY RICE CEREAL, CRISPY RICE"
1201732,branded_food,"TOOTIE FRUITIES CEREAL, TOOTIE FRUITIES"
1201733,branded_food,"TOOTIE FRUITIES CEREAL, TOOTIE FRUITIES"
1201734,branded_food,"FRUITY DYNO-BITES CEREAL, FRUITY DYNO-BITES"
1201735,branded_food,"TOOTIE FRUITIES CEREAL, TOOTIE FRUITIES"
1201736,branded_food,CEREAL
1201737,branded_food,CEREAL
1201738,branded_food,CEREAL
1201739,branded_food,GLUTEN FREE CEREAL
1201740,branded_food,"FRUITY DYNO-BITES CEREAL, FRUITY DYNO-BITES"
1201741,branded_food,"FROSTED MINI SPOONERS CEREAL, FROSTED MINI SPOONERS"
1201742,branded_food,"MINI SPOONERS FROSTED CEREAL, MINI SPOONERS FROSTED"
1201743,branded_food,"FROSTED MINI SPOONERS CEREAL, FROSTED MINI SPOONERS"
1201744,branded_food,"FROSTED MINI SPOONERS CEREAL, FROSTED MINI SPOONERS"
1201745,branded_food,"S'MORES CEREAL, S'MORES"
1201746,branded_food,"HONEY & ALMONDS OAT BLENDERS CEREAL, HONEY & ALMONDS OAT BLENDERS"
1201747,branded_food,"HONEY GRAHAM TOASTERS CEREAL, HONEY GRAHAM TOASTERS"
1201748,branded_food,OAT BLENDERS LIGHTLY SWEETENED CORN & WHOLE WHEAT FLAKE CEREAL WITH GRANOLA & SLICED ALMONDS
1201749,branded_food,"SWEETENED WHOLE GRAIN OAT CEREAL WITH REAL HONEY, SWEETENED WHOLE GRAIN OAT CEREAL WITH REAL HONEY"
1201750,branded_food,"HONEY BUZZERS CEREAL, HONEY BUZZERS"
1201751,branded_food,"HONEY BUZZERS CEREAL, HONEY BUZZERS"
1201752,branded_food,"LIGHTLY SWEETENED CORN & WHOLE WHEAT FLAKE CEREAL WITH GRANOLA, LIGHTLY SWEETENED CORN & WHOLE WHEAT FLAKE CEREAL WITH GRANOLA"
1201753,branded_food,"HONEY OAT BLENDERS CEREAL, HONEY OAT BLENDERS"
1201754,branded_food,"HONEY OAT BLENDERS CEREAL, HONEY OAT BLENDERS"
1201755,branded_food,"RAISIN BRAN CEREAL, RAISIN BRAN"
1201756,branded_food,"PEANUT BUTTER CUPS CEREAL, PEANUT BUTTER CUPS"
1201758,branded_food,SWEETENED PUFFED WHEAT CEREAL
1201759,branded_food,"WHOLE GRAIN WHEAT & BRAN CEREAL WITH RAISINS, CINNAMON, AND STEEL CUT OAT CLUSTERS"
1201760,branded_food,CEREAL
1201761,branded_food,"GOLDEN PUFFS CEREAL, GOLDEN PUFFS"
1201762,branded_food,GOLDEN PUFFS CEREAL
1201763,branded_food,"LIGHTLY SWEETENED TOASTED WHOLE GRAIN OAT CEREAL, LIGHTLY SWEETENED TOASTED WHOLE GRAIN OAT CEREAL"
1201764,branded_food,LIGHTLY SWEETENED TOASTED WHOLE GRAIN OAT CEREAL
1201768,branded_food,"APPLE ZINGS CEREAL, APPLE ZINGS"
1201769,branded_food,CEREAL
1201770,branded_food,"APPLE ZINGS CEREAL, APPLE ZINGS"
1201772,branded_food,SWEETENED CORN & OAT CEREAL
1201773,branded_food,"BERRY COLOSSAL CRUNCH CEREAL, BERRY COLOSSAL CRUNCH"
1201774,branded_food,"SWEETENED CORN & OAT CEREAL, SWEETENED CORN & OAT CEREAL"
1201775,branded_food,"BERRY COLOSSAL CRUNCH CEREAL, BERRY COLOSSAL CRUNCH"
1201776,branded_food,"BERRY COLOSSAL CRUNCH CEREAL, BERRY COLOSSAL CRUNCH"
1201777,branded_food,"BERRY COLOSSAL CRUNCH CEREAL, BERRY COLOSSAL CRUNCH"
1201778,branded_food,"CEREAL, CHOCOLATEY COLOSSAL CRUNCH"
1201779,branded_food,"SWEETENED NATURALLY & ARTIFICIALLY CHOCOLATE FLAVORED RICE CEREAL WITH REAL COCOA, CHOCOLATE, CHOCOLATE"
1201780,branded_food,"SWEETENED CORN & OAT CEREAL WITH REAL COCOA, SWEETENED CORN & OAT CEREAL WITH REAL COCOA"
1201781,branded_food,"SWEETENED RICE CEREAL WITH REAL COCOA, SWEETENED RICE CEREAL WITH REAL COCOA"
1201782,branded_food,"CINNAMON TOASTERS CEREAL, CINNAMON TOASTERS"
1201783,branded_food,"SWEETENED RICE CEREAL WITH REAL COCOA, COCOA DYNO-BITES"
1201785,branded_food,CEREAL
1201786,branded_food,"CINNAMON TOASTERS CEREAL, CINNAMON TOASTERS"
1201787,branded_food,SWEETENED CORN PUFF CEREAL WITH REAL COCOA
1201788,branded_food,"COCO ROOS CEREAL, COCO ROOS"
1201789,branded_food,CEREAL
1201790,branded_food,"COCO ROOS CEREAL, COCO ROOS"
1201791,branded_food,"SWEETENED CORN PUFF CEREAL, REAL COCOA"
1201792,branded_food,INSTANT MULTIGRAIN HOT CEREAL WITH FLAX
1201795,branded_food,"SWEETENED RICE CEREAL, MARSHMALLOWS"
1201796,branded_food,CEREAL
1201797,branded_food,"TOOTIE FRUITIES CEREAL, TOOTIE FRUITIES"
1201798,branded_food,"FRUITY DYNO-BITES CEREAL, FRUITY DYNO-BITES"
1201799,branded_food,SWEETENED RICE CEREAL
1201800,branded_food,"FRUITY DYNO-BITES CEREAL, FRUITY"
1201801,branded_food,"SWEETENED RICE CEREAL, SWEETENED RICE CEREAL"
1201802,branded_food,CEREAL
1201803,branded_food,"SWEETENED MULTIGRAIN CEREAL, SWEETENED MULTIGRAIN CEREAL"
1201804,branded_food,LIGHTLY SWEETENED WHOLE GRAIN WHEAT CEREAL
1201805,branded_food,"FROSTED MINI SPOONERS CEREAL, FROSTED MINI SPOONERS"
1201806,branded_food,"LIGHTLY SWEETENED WHOLE GRAIN WHEAT CEREAL, MAPLE & BROWN SUGAR"
1201807,branded_food,CEREAL
1201808,branded_food,"CEREAL, STRAWBERRY CREAM"
1201809,branded_food,LIGHTLY SWEETENED WHOLE GRAIN WHEAT CEREAL
1201810,branded_food,"MADAGASCAR, S'MORES JUNGLE PARTY HONEY GRAHAM, COCOA PUFF AND MARSHMALLOW CEREAL, S'MORES JUNGLE PARTY"
1201811,branded_food,"S'MORES CEREAL, S'MORES"
1201813,branded_food,"HONEY GRAHAM TOASTERS CEREAL, HONEY GRAHAM TOASTERS"
1201814,branded_food,"HONEY NUT SCOOTERS CEREAL, HONEY NUT SCOOTERS"
1201815,branded_food,"HONEY GRAHAM TOASTERS CEREAL, HONEY GRAHAM TOASTERS"
1201816,branded_food,SWEETENED WHOLE GRAIN OAT CEREAL
1201817,branded_food,"HONEY BUZZERS CEREAL, HONEY BUZZERS"
1201818,branded_food,"COCOA HOT CEREAL, COCOA"
1201819,branded_food,SWEETENED CORN & OAT CEREAL
1201820,branded_food,"SWEETENED CORN & OAT CEREAL, HONEY"
1201821,branded_food,"MAPLE & BROWN SUGAR OATS, BARLEY, WHEAT, QUINOA & RYE ORGANIC INSTANT MULTIGRAIN HOT CEREAL WITH FLAX, MAPLE & BROWN SUGAR OATS, BARLEY, WHEAT, QUINOA & RYE"
1201826,branded_food,NATURALLY FLAVORED SWEETENED CORN PUFF CEREAL WITH REAL COCOA
1201827,branded_food,SWEETENED WHOLE WHEAT AND RICE CEREAL WITH CINNAMON
1201828,branded_food,"TOASTED CINNAMON SQUARES SWEETENED WHOLE GRAIN WHEAT AND RICE CEREAL WITH CINNAMON, TOASTED CINNAMON SQUARES"
1201829,branded_food,OAT CLUSTER CRUNCH CEREAL
1201831,branded_food,SWEETENED WHOLE GRAIN WHEAT & CORN CEREAL
1201832,branded_food,"SWEETENED WHOLE GRAIN OAT CEREAL, HONEY NUT TOASTY O'S"
1201836,branded_food,"BARE OATS, BARLEY, WHEAT, QUINOA & RYE CATS, BARLEY. BARE, QUINOA & RYE ORGANIC INSTANT MULTIGRAIN HOT CEREAL WITH FLAX, BARE OATS, BARLEY, WHEAT, QUINOA & RYE"
1201837,branded_food,"RAISIN BRAN CEREAL, RAISIN BRAN"
1201839,branded_food,"RAISIN BRAN CEREAL, RAISIN BRAN"
1201840,branded_food,CEREAL
1201841,branded_food,RAISIN BRAN CEREAL
1201842,branded_food,CEREAL
1201843,branded_food,SWEETENED FLAKES OF CORN CEREAL
1201844,branded_food,SWEETENED PUFFED WHEAT CEREAL
1201845,branded_food,SWEETENED POPPED-UP CORN CEREAL
1201846,branded_food,SWEETENED POPPED-UP CORN CEREAL
1201847,branded_food,"CORN BURSTS CEREAL, CORN BURSTS"
1201996,branded_food,"BERRY COLOSSAL CRUNCH CEREAL, BERRY COLOSSAL CRUNCH"
1201997,branded_food,CEREAL
1201998,branded_food,"BERRY COLOSSAL CRUNCH CEREAL, BERRY"
1201999,branded_food,COLOSSAL CRUNCH SWEETENED CORN & OAT CEREAL
1202001,branded_food,"SWEETENED CORN & OAT CEREAL, SWEETENED CORN & OAT CEREAL"
1202002,branded_food,"COCOA DYNO-BITES GLUTEN FREE CEREAL, COCOA DYNO-BITES"
1202003,branded_food,"SWEETENED RICE CEREAL WITH REAL COCOA, SWEETENED RICE CEREAL WITH REAL COCOA"
1202004,branded_food,SWEETENED CORN & OAT CEREAL
1202005,branded_food,"CINNAMON TOASTERS CEREAL, CINNAMON TOASTERS"
1202006,branded_food,SWEETENED RICE CEREAL WITH REAL COCOA
1202007,branded_food,SWEETENED RICE CEREAL WITH REAL COCOA
1202008,branded_food,SWEETENED WHOLE WHEAT & RICE CEREAL
1202009,branded_food,"COCO ROOS CEREAL, COCO ROOS"
1202010,branded_food,"SWEETENED CHOCOLATE FLAVORED CORN PUFF CEREAL WITH REAL COCOA, SWEETENED CHOCOLATE"
1202011,branded_food,"TOOTIE FRUITIES CEREAL, TOOTIE FRUITIES"
1202012,branded_food,"SWEETENED MULTI-GRAIN CEREAL, SWEETENED MULTI-GRAIN CEREAL"
1202013,branded_food,"SWEETENED MULTI-GRAIN CEREAL, SWEETENED MULTI-GRAIN CEREAL"
1202014,branded_food,SWEETENED RICE CEREAL
1202015,branded_food,"FRUITY CEREAL, FRUITY"
1202016,branded_food,CEREAL
1202017,branded_food,CEREAL
1202018,branded_food,"FROSTED MINI SPOONERS CEREAL, FROSTED MINI SPOONERS"
1202019,branded_food,"FROSTED MINI SPOONERS CEREAL, FROSTED"
1202020,branded_food,"FROSTED MINI SPOONERS CEREAL, FROSTED MINI SPOONERS"
1202021,branded_food,LIGHTLY SWEETENED WHOLE GRAIN WHEAT CEREAL
1202022,branded_food,"CEREAL, STRAWBERRY CREAM"
1202023,branded_food,"LIGHTLY SWEETENED WHOLE GRAIN WHEAT CEREAL, STRAWBERRY CREAM"
1202025,branded_food,LIGHTLY SWEETENED WHOLE GRAIN WHEAT CEREAL
1202026,branded_food,LIGHTLY SWEETENED WHOLE GRAIN WHEAT CEREAL
1202027,branded_food,"LIGHTLY SWEETENED WHOLE GRAIN WHEAT CEREAL, BLUEBERRY"
1202028,branded_food,CEREAL
1202029,branded_food,CEREAL
1202030,branded_food,"HONEY ALMOND OAT BLENDERS CEREAL, HONEY ALMOND OAT BLENDERS"
1202031,branded_food,"HONEY ALMOND FLAVORED CEREAL, HONEY ALMOND"
1202032,branded_food,"LIGHTLY SWEETENED CORN & WHOLE WHEAT FLAKE CEREAL WITH GRANOLA & SLICED ALMONDS, LIGHTLY SWEETENED CORN & WHOLE WHEAT FLAKE CEREAL WITH GRANOLA & SLICED ALMONDS"
1202033,branded_food,"HONEY NUT SCOOTERS CEREAL, HONEY NUT SCOOTERS"
1202034,branded_food,"SWEETENED WHOLE GRAIN OAT CEREAL WITH REAL HONEY, SWEETENED WHOLE GRAIN OAT CEREAL WITH REAL HONEY"
1202035,branded_food,"HONEY OAT BLENDERS CEREAL, HONEY OAT BLENDERS"
1202036,branded_food,"HONEY BUZZERS CEREAL, HONEY BUZZERS"
1202037,branded_food,LIGHT SWEETENED CORN & WHOLE WHEAT FLAKE CEREAL WITH GRANOLA WITH HONEY
1202038,branded_food,"ORIGINAL ENRICHED CREAMY HOT WHEAT CEREAL, ORIGINAL"
1202039,branded_food,"ORIGINAL QUICK COOKING HOT WHEAT CEREAL, ORIGINAL"
1202040,branded_food,"CEREAL, ORIGINAL"
1202041,branded_food,"ORIGINAL QUICK COOKING HOT WHEAT CEREAL, ORIGINAL"
1202042,branded_food,"CEREAL, CHOCOLATE"
1202043,branded_food,CEREAL
1202044,branded_food,SWEETENED RICE CEREAL WITH REAL COCOA
1202045,branded_food,"CHOCOLATE FLAVORED SWEETENED RICE CEREAL WITH REAL COCOA, CHOCOLATE"
1202046,branded_food,"SWEETENED RICE CEREAL, COCOA"
1202047,branded_food,SWEETENED RICE CEREAL
1202048,branded_food,SWEETENED RICE CEREAL
1202049,branded_food,"CHOCOLATE FLAVORED RICE CEREAL WITH REAL COCOA, CHOCOLATE"
1202050,branded_food,"FRUIT FLAVOR SWEETENED RICE CEREAL, FRUIT"
1202051,branded_food,SWEETENED RICE CEREAL
1202052,branded_food,SWEETENED RICE CEREAL
1202053,branded_food,"FRUIT FLAVOR SWEETENED RICE CEREAL, FRUIT"
1202054,branded_food,"FRUIT FLAVOR SWEETENED RICE CEREAL, FRUIT"
1202055,branded_food,SWEETENED RICE CEREAL
1202056,branded_food,"SWEETENED PUFFED WHEAT CEREAL, SWEETENED PUFFED WHEAT"
1202057,branded_food,"BIG REAL HONEY SWEETENED CORN & OAT CEREAL, BIG REAL HONEY, SWEETENED"
1202058,branded_food,CEREAL
1202059,branded_food,"CEREAL WITH ALMONDS, ALMONDS"
1202060,branded_food,PEBBLES SWEETENED RICE CEREAL
1202062,branded_food,"CEREAL WITH ALMONDS, ALMONDS"
1202063,branded_food,"WHOLE GRAIN WHEAT AND BRAN CEREAL, WHOLE GRAIN WHEAT AND BRAN"
1202064,branded_food,ORGANIC WHOLE GRAIN WHEAT & BRAN CEREAL
1202066,branded_food,"RAISINS, DATES & PECANS CEREAL, RAISINS, DATES & PECANS"
1202067,branded_food,WHOLE GRAIN CEREAL
1202068,branded_food,CHOCOLATEY ALMOND CRUNCH WHOLE GRAIN CEREAL
1202069,branded_food,"BANANA NUT CRUNCH FLAVORED CEREAL, BANANA NUT CRUNCH"
1202070,branded_food,"CRANBERRY ALMOND CRUNCH FLAVORED CEREAL, CRANBERRY ALMOND CRUNCH"
1202071,branded_food,"HONEY CRUNCH WHOLE GRAIN CEREAL, HONEY CRUNCH"
1202072,branded_food,WHOLE GRAIN CEREAL
1202073,branded_food,"WHOLE GRAIN WHEAT & BRAN CEREAL, WHOLE GRAIN WHEAT & BRAN"
1202074,branded_food,"CEREAL, RAISINS, DATES & PECANS"
1202075,branded_food,WHOLE GRAIN WHEAT & BRAN CEREAL
1202079,branded_food,ALMOND CRUNCH CEREAL
1202080,branded_food,CEREAL
1202081,branded_food,"ALMOND CRUNCH CEREAL, ALMOND CRUNCH"
1202082,branded_food,CRUNCH! CEREAL
1202083,branded_food,CEREAL
1202084,branded_food,"CEREAL WITH VANILLA BUNCHES, VANILLA"
1202085,branded_food,"CEREAL WITH REAL STRAWBERRIES, REAL STRAWBERRIES"
1202086,branded_food,CEREAL
1202087,branded_food,"CINNAMON BUNCHES WITH GRANOLA BUNCHES CEREAL, CINNAMON BUNCHES"
1202088,branded_food,"ORIGINAL 100% WHOLE GRAIN SHREDDED WHEAT CEREAL, ORIGINAL"
1202089,branded_food,CEREAL
1202090,branded_food,CEREAL
1202091,branded_food,CEREAL WITH NUTTY PECAN BUNCHES
1202092,branded_food,"WHEAT 'N BRAN CEREAL, WHEAT 'N BRAN"
1202094,branded_food,"SWEETENED WHOLE GRAIN OAT CEREAL WITH REAL HONEY, HONEY NUT"
1202095,branded_food,"CEREAL SNACKERS, CINNAMON TOASTERS"
1202097,branded_food,"SWEETENED MULTI-GRAIN CEREAL, SWEETENED MULTI-GRAIN CEREAL"
1202101,branded_food,SWEETENED RICE CEREAL WITH REAL COCOA
1202102,branded_food,SWEETENED RICE CEREAL
1202103,branded_food,"SWEETENED RICE CEREAL, REAL COCOA"
1202104,branded_food,PUFFED WHEAT CEREAL
1202105,branded_food,CEREAL
1202106,branded_food,WHEAT CEREAL
1202107,branded_food,SWEETENED RICE CEREAL NATURAL AND ARTIFICIAL FLAVORS
1202108,branded_food,SWEETENED RICE CEREAL
1202111,branded_food,NUTRITIOUS SWEETENED CORN & OAT CEREAL
1202113,branded_food,NUTRITIOUS SWEETENED CORN & OAT CEREAL
1202116,branded_food,OLD FASHIONED OATS CEREALS
1202126,branded_food,SWEETENED RICE CEREAL WITH REAL COCOA
1202132,branded_food,CEREAL
1202133,branded_food,SWEETENED RICE CEREAL WITH MARSHMALLOWS AND REAL COCOA
1202134,branded_food,"CRISPY RICE CEREAL, CRISPY RICE"
1202135,branded_food,"FRUIT FLAVORS SWEETENED RICE CEREAL WITH MARSHMALLOWS, FRUIT WITH MARSHMALLOWS"
1202136,branded_food,"HONEY OAT BLENDERS CEREAL, HONEY OAT BLENDERS"
1202137,branded_food,"CHOCOLATE FLAVOR QUICK COOKING HOT WHEAT CEREAL, CHOCOLATE"
1202138,branded_food,"CHOCOLATE QUICK COOKING HOT WHEAT CEREAL, CHOCOLATE"
1202139,branded_food,"MAPLE & BROWN SUGAR QUICK COOKING HOT WHEAT CEREAL, MAPLE & BROWN SUGAR"
1202140,branded_food,"ORIGINAL ENRICHED CREAMY HOT WHEAT CEREAL, ORIGINAL"
1202141,branded_food,"MAPLE & BROWN SUGAR CEREAL, MAPLE & BROWN SUGAR"
1202142,branded_food,CEREAL WITH SWEET CINNAMON BUNCHES
1202143,branded_food,"CEREAL WITH ALMONDS, ALMONDS"
1202144,branded_food,"HONEY ROASTED CEREAL, HONEY ROASTED"
1202145,branded_food,"HONEY BUNCHES OF OATS, CEREAL, CHOCOLATE"
1202146,branded_food,"CEREAL WITH ALMONDS, ALMONDS"
1202147,branded_food,"HONEY ROASTED CEREAL, HONEY ROASTED"
1202148,branded_food,"CREAMY HOT WHEAT CEREAL, CREAMY HOT WHEAT"
1202149,branded_food,GOLDEN PUFFS CEREAL
1202150,branded_food,SWEETENED FLAKES OF CORN CEREAL
1202151,branded_food,"LIGHTLY SWEETENED TOASTED WHOLE GRAIN OAT CEREAL, LIGHTLY SWEETENED TOASTED WHOLE GRAIN OAT CEREAL"
1202152,branded_food,"SWEETENED POPPED-UP CORN CEREAL, SWEETENED POPPED-UP CORN CEREAL"
1202153,branded_food,CEREAL
1202154,branded_food,"NUTRITIOUS SWEETENED CORN & OAT CEREAL, STRAWBERRY"
1202155,branded_food,CEREAL
1202157,branded_food,QUICK COOKING FARINA CEREAL
1202161,branded_food,"WHOLE GRAIN WHEAT & BRAN CEREAL WITH RAISINS, WHOLE GRAIN WHEAT & BRAN CEREAL WITH RAISINS"
1202162,branded_food,"GOLDEN PUFFS CEREAL, GOLDEN PUFFS"
1202163,branded_food,"GOLDEN PUFFS CEREAL, GOLDEN PUFFS"
1202164,branded_food,SWEETENED PUFFED WHEAT CEREAL
1202165,branded_food,"GOLDEN PUFFS CEREAL, GOLDEN PUFFS"
1202486,branded_food,"KROGER, FROSTED FLAKES, SWEETENED CORN CEREAL"
1203047,branded_food,"WHOLE FARRO, CEREAL GRAIN"
1204206,branded_food,"LIGHTLY SWEETENED WHOLE GRAIN WHEAT CEREAL, LIGHTLY SWEETENED WHOLE GRAIN WHEAT CEREAL"
1204271,branded_food,"ARROWHEAD MILLS, OAT BRAN HOT CEREAL"
1204277,branded_food,ORGANIC OATMEAL INSTANT HOT CEREAL
1205644,branded_food,WHOLE GRAIN HOT CEREAL
1206343,branded_food,"WOLFF'S, CREAM OF BUCKWHEAT, 100% ALL NATURAL CEREAL"
1206367,branded_food,SUPERFOOD HOT CEREAL
1206368,branded_food,SUPERFOOD HOT CEREAL
1206376,branded_food,"BENEFIT NUTRITION, SIMPLY FIBER, ALL NATURAL CRUNCHY O'S CEREAL"
1208623,branded_food,BITE SIZE LIGHTLY SWEETENED WHOLE GRAIN FROSTED SHREDDED WHEAT CEREAL
1208640,branded_food,FROSTED WHOLE GRAIN OAT CEREAL WITH MARSHMALLOWS
1208831,branded_food,"HEALTH VALLEY ORGANIC, MULTIGRAIN CEREAL BARS, APPLE COBBLER"
1208840,branded_food,"BLUEBIRD GRAIN FARMS, OLD WORLD CEREAL BLEND, A RUSTIC HOT CEREAL BLEND OF FARRA , HEIRLOOM RYE AND FLAX"
1209158,branded_food,SUSTAINED ENERGY CEREAL
1210202,branded_food,"MOUNTAIN MUESLI, CEREAL, CHERRY ALMOND"
1210788,branded_food,FROSTED COCOA SWEETENED CORN CEREAL
1210789,branded_food,"RAISIN BRAN CRUNCHY WHEAT FLAKES CEREAL WITH RAISINS, RAISIN BRAN"
1210798,branded_food,"FROSTED FLAKES SWEETENED CORN CEREAL, FROSTED FLAKES"
1210809,branded_food,"BERRY CRUNCH SWEETENED MULTI-GRAIN CEREAL, BERRY CRUNCH"
1210813,branded_food,"HONEY NUT SWEETENED TOASTED OAT CEREAL WITH REAL HONEY AND NATURAL ALMOND FLAVOR, HONEY NUT"
1210821,branded_food,"COCOA CRISP SWEETENED RICE CEREAL, COCOA"
1210833,branded_food,PUFFED RICE CEREAL
1210845,branded_food,SILLY STARS SWEETENED OAT CEREAL WITH REAL MARSHMALLOWS
1211082,branded_food,"POCONO, CREAM OF BUCKWHEAT, 100% ORGANIC CEREAL"
1211100,branded_food,CEREAL BARS
1211223,branded_food,"365 EVERYDAY VALUE, WHOLE FOODS MARKET, APPLE CEREAL BARS, APPLE"
1211406,branded_food,INSTANT HOT CEREAL
1211532,branded_food,CEREAL BARS
1211541,branded_food,"SIMPLE TRUTH ORGANIC, FROSTED FLAKES CEREAL, SWEETENED ORGANIC FLAKES OF CORN"
1211543,branded_food,"SIMPLE TRUE ORGANIC, CEREAL TOASTED OATS"
1211544,branded_food,"KROGER, SHREDDED WHEAT CEREAL, CHOCOLATE FROSTED"
1211548,branded_food,"KROGER, CRUNCHY SWEETENED WHEAT AND RICE FLAKES CEREAL WITH OAT CLUSTERS, RAISIN"
1211648,branded_food,FROSTED SHREDDED WHEAT BITE SIZE CEREAL
1211656,branded_food,MULTI-GRAIN TOASTED CEREAL
1211657,branded_food,"KROGER, RICE BITZ TOASTED RICE CEREAL"
1211660,branded_food,CHOCOLATY SWEETENED RICE CEREAL
1211663,branded_food,CRISPY RICE CEREAL
1211685,branded_food,"ALMOND SPROUTED FLOURLESS FLAKE CEREAL, ALMOND"
1211686,branded_food,"FLAX + CHIA SPROUTED FLOURLESS FLAKE CEREAL, FLAX + CHIA"
1211687,branded_food,"RAISIN SPROUTED FLOURLESS FLAKE CEREAL, RAISIN"
1211688,branded_food,"ORIGINAL SPROUTED FLOURLESS FLAKE CEREAL, ORIGINAL"
1211736,branded_food,SUPERFOOD CEREAL
1211790,branded_food,"FREEDOM FOODS, TROPICO'S CEREAL"
1211898,branded_food,CRUNCHY WHEAT & BRAN FLAKES CEREAL WITH RAISINS
1212051,branded_food,"OATS & HONEY BLEND CORN AND WHOLE WHEAT FLAKE CEREAL WITH NATURALLY HONEY FLAVORED CLUSTERS, OATS & HONEY BLEND"
1212163,branded_food,TOASTED RICE CEREAL
1212168,branded_food,HONEY & OAT CLUSTERS CEREAL
1212298,branded_food,"HONEY GRAHAMS SWEETENED WHOLE GRAIN WHEAT AND CORN CEREAL, HONEY GRAHAMS"
1212316,branded_food,WHEAT & RICE CEREAL
1212444,branded_food,"MARKET PANTRY, CINNAMON OAT BITES, SWEETENED OAT CEREAL"
1213240,branded_food,"KROGER, SWEETENED CORN & OAT PUFFS CEREAL, CRISP BERRY CRUNCH"
1213469,branded_food,"GRANOLA, RAISINS & ALMONDS CEREAL"
1214402,branded_food,"TOASTED OATS CEREAL, TOASTED OATS"
1214410,branded_food,"NATURALLY FLAVORED SWEETENED RICE CEREAL WITH REAL COCOA, CRISPY COCOA RICE"
1214418,branded_food,"HONEY NUT TOASTED OATS CEREAL, HONEY NUT"
1214453,branded_food,"APPLE COBBLER CEREAL BARS, APPLE COBBLER"
1214604,branded_food,SWEETENED MULTIGRAIN CEREAL
1214605,branded_food,SWEETENED MULTIGRAIN CEREAL
1215097,branded_food,"GRANOLA, FRUIT & GRAINS CEREAL"
1215276,branded_food,WHOLE GRAIN CEREAL
1215284,branded_food,CEREAL
1215289,branded_food,"GLUTEN FREE WHOLE GRAIN CEREAL, COCOA SENSATION"
1215467,branded_food,FROSTED WHOLE GRAIN OAT CEREAL WITH MARSHMALLOWS
1215468,branded_food,TOASTED WHOLE GRAIN WHEAT AND BRAN CEREAL WITH RAISINS
1215577,branded_food,TOASTED OATS CEREAL
1215586,branded_food,SWEETENED CORN AND OAT CEREAL
1215588,branded_food,SWEETENED CORN AND OAT CEREAL
1215589,branded_food,TOASTED OATS WHOLE GRAIN OAT CEREAL
1216203,branded_food,TOASTED OATS CEREAL
1216244,branded_food,ORGANIC GRANOLA CEREAL
1216865,branded_food,"MEIJER, BASICS, CEREAL BARS, STRAWBERRY"
1216867,branded_food,"MEIJER, CEREAL BARS, APPLE CINNAMON"
1217294,branded_food,SWEETENED CORN CEREAL
1217309,branded_food,SWEETENED WHOLE WHEAT AND RICE CEREAL
1218231,branded_food,YUMMY WHOLE GRAIN & VEGETABLE CEREAL
1218234,branded_food,YUMMY WHOLE GRAIN & VEGETABLE CEREAL
1218308,branded_food,"FULL CIRCLE, GO RIGHT, CRUNCHY FIBER TWIGS, SOY PROTEIN GRAHAMS AND HONEY PUFFS CEREAL"
1218309,branded_food,"BACK TO NATURE, ANCIENT GRAINS RISIN' RAISIN BLEND CEREAL"
1218324,branded_food,"PB BLASTS GOLDEN, LIGHTLY TOASTED CEREAL MADE WITH REAL ORGANIC PEANUT BUTTER, PB BLASTS"
1218346,branded_food,"RAISIN BRAN CEREAL, RAISIN BRAN"
1218347,branded_food,"FROSTED FLAKES CEREAL, FROSTED FLAKES"
1218384,branded_food,GRANOLA CEREAL WITH FRUIT
1218473,branded_food,"CHUAO CHOCOLATIER, CEREAL SMOOCH BAR, CINNAMON"
1218562,branded_food,CEREAL
1218759,branded_food,CORN FLAKES CRISP CORN CEREAL
1219789,branded_food,ORGANIC MULTIGRAIN CEREAL BAR
1219790,branded_food,"HOT & FIT CEREAL, EARNEST EATS, MAYAN BLEND, COCOA + CASHEWS + PEPITAS"
1221164,branded_food,"LOTTE, CEREAL CHOCO"
1221915,branded_food,SWEETENED TOASTED OAT CEREAL
1221938,branded_food,LIGHTLY SWEETENED WHOLE GRAIN WHEAT CEREAL
1221940,branded_food,LIGHTLY SWEETENED WHOLE GRAIN WHEAT CEREAL
1221941,branded_food,LIGHTLY SWEETENED WHOLE GRAIN CEREAL
1221959,branded_food,INSTANT HOT CEREAL
1221991,branded_food,"CINNAMON SUGAR INSTANT TO-GO HOT CEREAL, CINNAMON SUGAR"
1222073,branded_food,"MIXED BERRY INSTANT TO-GO HOT CEREAL, MIXED BERRY"
1222119,branded_food,"CREAM OF WHEAT, INSTANT WHOLE GRAIN HOT CEREAL"
1222293,branded_food,INSTANT HOT CEREAL
1222349,branded_food,"CINNAMON SUGAR FLAVORED INSTANT HOT CEREAL, CINNAMON SUGAR"
1222509,branded_food,"AHOLD, INSTANT CREAM FARINA, HOT WHEAT CEREAL, ORIGINAL"
1222898,branded_food,SWEETENED RICE CEREAL
1222900,branded_food,"COCOA CRISPS SWEETENED NATURALLY AND ARTIFICIALLY CHOCOLATE FLAVORED RICE CEREAL WITH REAL COCOA, COCOA CRISPS"
1222905,branded_food,SWEETENED MULTI-GRAIN CEREAL
1222906,branded_food,"SWEETENED MULTI-GRAIN CEREAL, APPLE SNAPS"
1223019,branded_food,SWEETENED CORN CEREAL
1223537,branded_food,SWEETENED FLAKES OF CORN CEREAL
1223539,branded_food,WHOLE GRAIN OAT CEREAL
1223540,branded_food,WHEAT SQUARES OVEN TOASTED WHOLE GRAIN WHEAT CEREAL
1223541,branded_food,COSMIC STARS FROSTED OAT CEREAL WITH MARSHMALLOWS
1223542,branded_food,OVEN TOASTED RICE CEREAL
1225833,branded_food,"LIVING WELL, MULTI-GRAIN CEREAL"
1228461,branded_food,"LALA, YOGURT SMOOTHIE, PECAN CEREAL"
1231233,branded_food,CEREAL NUGGETS
1242291,branded_food,"WHEAT AND BRAN FLAKES CEREAL, WHEAT AND BRAN"
1243099,branded_food,"ORGANIC CORN FLAKES CEREAL LIGHTLY SWEETENED WITH ORGANIC CANE SUGAR, CORN"
1243172,branded_food,"ORIGINAL RIP'S BIG BOWL CEREAL, ORIGINAL"
1243173,branded_food,"RIP'S BIG BOWL BANANA WALNUT CEREAL, RIP'S BIG BOWL BANANA WALNUT"
1243301,branded_food,"RAINBOW MORNING O'S LIGHTLY SWEETENED CEREAL WITH WHOLE GRAIN GOODNESS, RAINBOW MORNING O'S WHOLE GRAIN"
1243463,branded_food,"MULTIGRAIN & CHIA TRIPLE BERRY INSTANT HOT CEREAL, MULTIGRAIN & CHIA TRIPLE BERRY"
1244537,branded_food,"WILDWAY, INSTANT HOT CEREAL"
1244538,branded_food,"WILDWAY, CINNAMON ROLL INSTANT HOT CEREAL"
1244714,branded_food,"MORNING GLORY, CEREAL AND TRAIL MIX"
1244884,branded_food,"CRISPY CINNAMON CRUNCH CEREAL, CRISPY CINNAMON CRUNCH"
1245275,branded_food,"FIVE WHOLE GRAIN CEREAL, NATURAL STRAWBERRY"
1245574,branded_food,"KROGER, LIVING WELL, MULTI-GRAIN CEREAL, CINNAMON, CINNAMON"
1245579,branded_food,"KROGER, CRUNCHY WHEAT FLAKES CEREAL, RAISIN BRAN"
1245588,branded_food,"KROGER, NUTTY NUGGETS, CRUNCHY WHEAT & BARLEY CEREAL"
1245590,branded_food,"KROGER, HONEY NUT BITZ TOASTED CORN CEREAL"
1245640,branded_food,"FOODTOWN, RAISIN BRAN CEREAL"
1245642,branded_food,"FOODTOWN, MAGIC STARS, SWEETENED OAT CEREAL, MARSHMALLOWS"
1245656,branded_food,"SHURFINE, BRAN CRUNCHY WHEAT FLAKES CEREAL, RAISIN"
1245660,branded_food,"SHURFINE, WHOLE GRAIN OAT CEREAL, CINNAMON"
1245661,branded_food,"SHURFINE, PUFFED RICE CEREAL"
1245663,branded_food,"SHURFINE, HONEY & OATS MULTI-GRAIN CEREAL"
1245664,branded_food,"SHURFINE, RICE SQUARES CEREAL"
1245672,branded_food,"SHURFINE, TOASTED OATS CEREAL"
1245687,branded_food,"BRAN FLAKES CEREAL, BRAN FLAKES"
1245688,branded_food,"HONEY NUT TOASTED OATS, SWEETENED TOASTED OAT CEREAL WITH HONEY AND ALMONDS"
1245689,branded_food,"FROSTED FRUIT SWEETENED MULTI-GRAIN CEREAL, FROSTED FRUIT"
1245691,branded_food,"VALU TIME, SILLY STARS SWEETENED OAT CEREAL WITH COLORED MARSHMALLOW BITS"
1245693,branded_food,FROSTED SHREDDED WHEAT 100% WHOLE WHEAT CEREAL
1245694,branded_food,"BERRY CRUNCH SWEETENED CORN AND OAT CEREAL, BERRY CRUNCH"
1245698,branded_food,"HONEY NUT TOASTED OATS CEREAL, HONEY NUT"
1245699,branded_food,"FROSTED FRUIT SWEETENED MULTI-GRAIN CEREAL, FROSTED FRUIT"
1245704,branded_food,SILLY STARS SWEETENED OAT CEREAL WITH REAL MARSHMALLOWS
1245707,branded_food,"CRISP RICE TOASTED RICE CEREAL, CRISP RICE"
1245708,branded_food,"CORN FLAKES CEREAL, CORN FLAKES"
1245710,branded_food,"HONEY NUT SWEETENED TOASTED OAT CEREAL WITH REAL HONEY AND NATURAL ALMOND FLAVOR, HONEY NUT"
1245711,branded_food,"FROSTED FLAKES SWEETENED CORN CEREAL, FROSTED FLAKES"
1245712,branded_food,"RAISIN BRAN CRUNCHY WHEAT FLAKES CEREAL WITH RAISINS, RAISIN BRAN"
1245988,branded_food,KARIOT NOUGAT CREME FILLED CEREAL
1246002,branded_food,"THE GRANOLA GODDESS, GRANOLA CEREAL, ORIGINAL"
1246014,branded_food,"GRANVITA, PUFFITOS, WHOLE GRAIN PUFFED WHEAT CEREAL, HONEY, HONEY"
1246043,branded_food,"WESTERN FAMILY, HIGH FIBRE CEREAL, RAISINBRAN"
1246045,branded_food,"WESTERN FAMILY, HEALTHY MORNINGS, CRUNCHY RICE CEREAL AND WHEAT FLAKES, ALMONDS & VANILLA"
1246280,branded_food,"EXTRA RAISINS WHEAT BRAN CEREAL WITH RAISINS, EXTRA RAISINS"
1246291,branded_food,"CORN FLAKES CEREAL, CORN FLAKES"
1246292,branded_food,"BRAN FLAKES WHOLE GRAIN WHEAT & WHEAT BRAN CEREAL, BRAN FLAKES"
1246730,branded_food,ORIGINAL LIGHTLY SWEETENED MULTIGRAIN CEREAL
1246731,branded_food,SILLY CIRCLES SWEETENED MULTI-GRAIN CEREAL
1246732,branded_food,OVEN TOASTED RICE CEREAL
1246737,branded_food,"100% WHOLE GRAIN OAT CEREAL QUICK ONE MINUTE OATMEAL, WHOLE GRAIN"
1246738,branded_food,SWEETENED CORN AND OAT CEREAL
1246742,branded_food,"SAFEWAY KITCHENS, SILLY CIRCLES SWEETENED MULTI-GRAIN CEREAL"
1246745,branded_food,WHEAT & BRAN CEREAL WITH RAISINS
1246757,branded_food,"OATS & MORE, TOASTED MULTI-GRAIN CEREAL, HONEY OAT CLUSTERS, HONEY OAT CLUSTERS"
1246758,branded_food,"ESSENTIALLY YOU WHOLE GRAIN CEREAL, VANILLA ALMOND, VANILLA ALMOND"
1246760,branded_food,SWEETENED COCOA RICE CEREAL NUGGETS
1246772,branded_food,"INSTANT OATMEAL CEREAL, MAPLE & BROWN SUGAR, MAPLE & BROWN SUGAR"
1246775,branded_food,"SWEETENED OAT CEREAL WITH MARSHMALLOWS, MARSHMALLOWS"
1246784,branded_food,RICE SQUARES TOASTED RICE CEREAL
1247286,branded_food,"GIANT EAGLE, SWEETENED CORN CEREAL, FROSTED FLAKES"
1247467,branded_food,SWEETENED CORN & OAT CEREAL
1247470,branded_food,FRUIT WHIRLS NATURALLY FLAVORED SWEETENED CEREAL
1247717,branded_food,"FOOD LION, LIGHTLY SWEETENED WHOLE GRAIN WHEAT CEREAL, BITE-SIZED STRAWBERRY FROSTED"
1247722,branded_food,"FOOD LION, TASTEEOS CEREAL"
1247731,branded_food,"FOOD LION, TASTEEOS CEREAL, HONEY NUT"
1247737,branded_food,"TASTEEOS, TOASTED WHOLE GRAIN OAT CEREAL"
1247738,branded_food,"FOOD LION, SIMPLE LIVING, OAT CEREAL"
1247741,branded_food,"FOOD LION, BRAN CEREAL, RAISIN"
1247817,branded_food,"FOOD CLUB, ESSENTIAL CHOICE, OAT CEREAL"
1247822,branded_food,SQUARES TOASTED CORN CEREAL
1247824,branded_food,"ORIGINAL TOASTED OATS TOASTED WHOLE GRAIN OAT CEREAL, ORIGINAL TOASTED OATS"
1247829,branded_food,"FOOD CLUB, ESSENTIAL CHOICE, OAT CEREAL, CINNAMON"
1247830,branded_food,"RICE SQUARES TOASTED RICE CEREAL, RICE SQUARES"
1247834,branded_food,"CORN SQUARES TOASTED CORN CEREAL, CORN SQUARES"
1248037,branded_food,WHOLEGRAIN HOT CEREAL
1248043,branded_food,SPICE N' NICE HOT CEREAL WITH CINNAMON & RAISINS
1248047,branded_food,"BOB'S RED MILL, GRAINS & NUTS HOT CEREAL"
1248050,branded_food,"BOB'S RED MILL, CREAMY RYE FLAKES HOT CEREAL"
1248059,branded_food,"MUESLI, WHOLE GRAIN HOT OR COLD CEREAL, OLD COUNTRY STYLE"
1248060,branded_food,"BOB'S RED MILL, ROLLED SPELT HOT CEREAL WHOLE GRAIN"
1248130,branded_food,TOASTED WHOLE GRAIN OATS CEREAL
1248135,branded_food,"PRICE RITE, CEREAL, RAISIN BRAN"
1248145,branded_food,"SWEETENED CORN & OAT CEREAL CRISPY CRUNCH BERRY TREATS, SWEETENED CORN & OAT CEREAL"
1248147,branded_food,"PRICE RITE, TOASTED OATS CEREAL"
1248156,branded_food,"HANNAFORD, OAT BRAN HOT CEREAL"
1248161,branded_food,"HANNAFORD, PUFFED WHEAT CEREAL"
1248178,branded_food,"HANNAFORD, PUFFED RICE CEREAL"
1248185,branded_food,WHEAT FLAKES CEREAL
1248191,branded_food,"HANNAFORD, CRISPY HEXAGONS CORN & RICE CEREAL"
1248275,branded_food,OAT CEREAL
1248283,branded_food,"HANNAFORD, SIMPLE LIVING, OAT CEREAL"
1248291,branded_food,"HANNAFORD, TOASTED CORN CEREAL"
1248293,branded_food,"HANNAFORD, MULTIGRAIN TASTEEOS, LIGHTLY SWEETENED MULTIGRAIN CEREAL"
1248295,branded_food,FROSTED SHREDDED WHEAT CEREAL
1248300,branded_food,"HANNAFORD, WHOLE GRAIN WHEAT CEREAL, STRAWBERRY FROSTED"
1248305,branded_food,"HANNAFORD, TASTEEOS, SWEETENED TOASTED OAT CEREAL WITH HONEY AND NATURAL ALMOND FLAVOR, HONEY NUT"
1248320,branded_food,"HANNAFORD, TASTEEOS OAT CEREAL, HONEY NUT"
1248328,branded_food,"HANNAFORD, RAISIN BRAN CEREAL"
1248335,branded_food,TOASTED WHOLE GRAIN OATS CEREAL
1248338,branded_food,CEREAL
1248339,branded_food,CRISPY TOASTED RICE CEREAL
1248391,branded_food,"CRUNCHY OAT SQUARES, OAT CEREAL"
1248395,branded_food,CRUNCHY CORN SQUARES OVEN TOASTED CORN CEREAL
1248401,branded_food,TOASTED OATS CEREAL
1248403,branded_food,CRUNCHY WHEAT & BARLEY CEREAL
1248407,branded_food,TOASTED RICE CEREAL
1248434,branded_food,"PUBLIX, OAT CRUNCH CEREAL, ORIGINAL"
1248445,branded_food,"WEIS, BRAN CRUNCHY WHEAT FLAKES CEREAL, RAISIN"
1248502,branded_food,CRISPY RICE & WHEAT FLAKES CEREAL WITH STRAWBERRIES
1248528,branded_food,"PRICE CHOPPER, CRISP CRUNCH SWEETEND CORN & OATS CEREAL, BERRY TREATS"
1248606,branded_food,"MARSHMALLOW MATEYS CEREAL, MARSHMALLOW MATEYS"
1248609,branded_food,"CORN BURSTS CEREAL, CORN BURSTS"
1248625,branded_food,"HONEY GRAHAM TOASTERS CEREAL, HONEY GRAHAM TOASTERS"
1248630,branded_food,"BERRY FLAVORED COLOSSAL CRUNCH CEREAL, BERRY"
1248633,branded_food,"FROSTED MINI SPOONERS CEREAL, FROSTED MINI SPOONERS"
1248639,branded_food,"HONEY NUT SCOOTERS CEREAL, HONEY NUT SCOOTERS"
1248671,branded_food,"FRUITY DYNO-BITES CEREAL, FRUITY DYNO-BITES"
1248673,branded_food,"TOOTIE FRUITIES FLAVORED CEREAL, TOOTIE FRUITIES"
1248689,branded_food,FROSTED LIGHTLY SWEETENED WHOLE GRAIN WHEAT CEREAL
1248690,branded_food,"SWEETENED RICE CEREAL WITH REAL COCOA, SWEETENED RICE CEREAL WITH REAL COCOA"
1248692,branded_food,"SWEETENED PUFFED WHEAT CEREAL, SWEETENED PUFFED WHEAT CEREAL"
1248696,branded_food,"COCOA DYNO-BITES CEREAL, COCOA DYNO-BITES"
1248702,branded_food,"TOASTED WHEATFULS WHOLE GRAIN WHEAT CEREAL, TOASTED WHEATFULS"
1248704,branded_food,COCOA CORN PUFF CEREAL WITH MARSHMALLOWS
1248706,branded_food,"CLOVER VALLEY, WHOLE GRAIN WHEAT CEREAL, RAISIN BRAN"
1248940,branded_food,CEREAL
1248941,branded_food,CEREAL
1248943,branded_food,"RALEY'S, ORGANIC TOASTED OATS CEREAL"
1248945,branded_food,"RALEY'S, ORGANIC HONEY TOASTED OATS CEREAL"
1248950,branded_food,ORGANIC COCOA CRISPY RICE CEREAL
1248961,branded_food,TOASTED OATS CEREAL
1249200,branded_food,COCOA CRUNCH CORN PUFF CEREAL
1249201,branded_food,"MARKET BASKET, SWEETENED POPPED-UP CORN CEREAL"
1249202,branded_food,SHREDDED WHEAT CEREAL
1249204,branded_food,CORN FLAKES CEREAL
1249380,branded_food,"KIGGINS, COCOA DIAMONDS, SWEETENED RICE CEREAL"
1249540,branded_food,WHOLE GRAIN GRANOLA CEREAL
1249578,branded_food,ORGANIC TOASTED OATS CEREAL
1249582,branded_food,ORGANIC HONEY NUT TOASTED OATS CEREAL
1249584,branded_food,ORGANIC PEANUT BUTTER DOT CEREAL
1249585,branded_food,ORGANIC CINNAMON TOAST SQUARES CEREAL
1249587,branded_food,"ORGANIC CEREAL, RAISIN BRAN, RAISIN BRAN"
1249669,branded_food,"OUR FAMILY, HEARTY WHEAT & BRAN FLAKES CEREAL, RAISIN"
1249671,branded_food,"OUR FAMILY, 4 CORNER CRUNCH, MULTI-GRAIN CEREAL, CINNAMON"
1249672,branded_food,"CORN BISCUITS TOASTED CORN CEREAL, CORN BISCUITS"
1249673,branded_food,"OUR FAMILY, RAISIN BRAN CEREAL"
1249676,branded_food,"OUR FAMILY, 4 CORNER CRUNCH, MULTI-GRAIN CEREAL, ORIGINAL"
1249679,branded_food,"OUR FAMILY, SWEETENED CORN & OAT CEREAL, MIGHTY BERRY CURNCH"
1249681,branded_food,"CRISPY RICE TOASTED RICE CEREAL, CRISPY RICE"
1249683,branded_food,"RICE BISCUITS TOASTED RICE CEREAL, RICE BISCUITS"
1249692,branded_food,"OUR FAMILY, MULTIGRAIN HOT CEREAL, SUMMER BERRY"
1249695,branded_food,PEACH ALMOND MULTIGRAIN HOT CEREAL
1249808,branded_food,"PUMPKIN CEREAL, PUMPKIN"
1249809,branded_food,CEREAL
1249907,branded_food,"CRUNCHY, BITE-SIZE, TOASTED RICE CEREAL"
1249908,branded_food,TOASTED WHOLE GRAIN OAT CEREAL
1249913,branded_food,"TOASTY SWEET CINNAMON SQUARES CRISPY, SWEETENED WHEAT & RICE CEREAL, TOASTY SWEET CINNAMON SQUARES"
1249939,branded_food,"BERRIES BUNCH O'KRUNCH, SWEETENED CORN & OAT CEREAL, SWEETENED"
1249940,branded_food,"FROSTED FRUIT ROLLS SWEETENED, MULTIGRAIN, FRUIT-FLAVORED CEREAL, FROSTED FRUIT ROLLS"
1250102,branded_food,"HARRIS TEETER, LIVEWISE CEREAL BITE SIZE WHOLE GRAIN OAT CEREAL"
1250225,branded_food,RICE CEREAL MIDDLE EAST DESSERT MIX
1250310,branded_food,"RAISIN BRAN WHEAT & WHEAT BRAN CEREAL WITH SWEET & PLUMP SUGAR-COATED RAISINS, RAISIN BRAN"
1250320,branded_food,"EXCEPTIONAL VALUE, HONEY NUT TOASTED OATS, SWEETENED CEREAL"
1250355,branded_food,"PEACE CEREAL, QUINOA CHIA CRUNCH"
1250356,branded_food,"PEACE CEREAL, ORGANIC RAISIN BRAN"
1250357,branded_food,"PEACE CEREAL, GRANOLA, FRENCH VANILLA"
1250372,branded_food,"MARSHMALLOW TREASURES, FROSTED WHOLE GRAIN OAT CEREAL WITH MARSHMALLOWS, MARSHMALLOW"
1250443,branded_food,"BALANCED LIVING, CINNAMON MULTIGRAIN CEREAL, CINNAMON"
1250457,branded_food,"TOASTED RICE OVEN TOASTED RICE CEREAL, TOASTED RICE"
1250459,branded_food,"TOASTED CORN OVEN TOASTED CORN CEREAL, TOASTED CORN"
1250675,branded_food,"SMART & SIMPLE, BUNCH O'KRUNCH BERRIES CEREAL"
1250710,branded_food,"WEGMANS, WHEAT PUFFS CEREAL, HONEY"
1250713,branded_food,"WEGMANS, SQUARES WHOLE WHEAT & RICE CEREAL, CINNAMON"
1250721,branded_food,"WEGMANS, RAISIN BRAN CEREAL"
1250723,branded_food,"WEGMANS, CEREAL"
1250724,branded_food,OAT CRISPS CEREAL
1250728,branded_food,"WEGMANS, SHREDDED WHEAT WHOLE GRAIN WHEAT CEREAL"
1250743,branded_food,CRISPY RICE CEREAL
1250748,branded_food,"WEGMANS, ORGANIC HEMP & GREENS SUPERFOOD CEREAL"
1250750,branded_food,"WEGMANS, RICE SQUARES CEREAL"
1250760,branded_food,CORN SQUARES CEREAL
1250761,branded_food,ORGANIC CACAO CRUNCH SUPERFOOD CEREAL
1250774,branded_food,"WEGMANS, SWEETENED WHOLE WHEAT & RICE SQUARES CEREAL, CINNAMON"
1250933,branded_food,ANCIENT GRAINS SWISS GRANOLA CEREAL WITH MAPLE & PECAN
1250957,branded_food,"GREAT VALUE, AWAKE, SWEETENED CEREAL, VANILLA ALMOND"
1250960,branded_food,"SWEETENED NATURALLY APPLE FLAVORED MULTIGRAIN CEREAL, APPLE"
1250962,branded_food,"BERRY CRUNCH SWEETENED NATURALLY AND ARTIFICIALLY BERRY FLAVORED CORN AND OAT CEREAL, BERRY"
1250963,branded_food,"CINNAMON CRUNCH SWEETENED WHEAT AND RICE CEREAL, CINNAMON CRUNCH"
1250966,branded_food,MAGIC TREASURES TOASTED WHOLE GRAIN OAT CEREAL
1250968,branded_food,"GREAT VALUE, TOASTED RICE CEREAL"
1251144,branded_food,GRANOLA CEREAL WITH RAISINS
1251194,branded_food,BRAN CEREAL
1251371,branded_food,ANCIENT GRAINS ORGANIC HOT CEREAL
1251372,branded_food,ORGANIC HOT CEREAL
1251430,branded_food,"BROOKSHIRE'S, SWEETENED HONEY PUFFED WHEAT CEREAL"
1251433,branded_food,HONEY NUT TOASTED OATS CEREAL
1251434,branded_food,WHEAT BRAN CEREAL LOADED WITH RAISINS
1251436,branded_food,"BROOKSHIRE'S, RICE CEREAL"
1251644,branded_food,"SWEETENED CORN & OAT CEREAL, BERRY CRUNCH"
1251650,branded_food,"MARKET ESSENTIALS, CORN & WHOLE WHEAT FLAKE CEREAL WITH GRANOLA, HONEY & OAT"
1251736,branded_food,SHREDDED WHEAT CEREAL
1251774,branded_food,BREAKFAST BLENDABLES MULTIGRAIN HOT CEREAL KIT
1251780,branded_food,MULTIGRAIN HOT CEREAL KIT
1252270,branded_food,PROTEIN CEREAL
1252278,branded_food,WHOLE WHEAT FLAKE & GRANOLA CEREAL
1252279,branded_food,FLAKE & GRANOLA CEREAL
1252280,branded_food,FLAKE & GRANOLA CEREAL
1252462,branded_food,"MEIJER, SWIRL CRUNCH SWEETEND WHOLE WHEAT AND RICE CEREAL, CINNAMON"
1252465,branded_food,"SWEETENED MULTI-GRAIN CEREAL, APPLE CRUNCHIES"
1252482,branded_food,"PEANUT BUTTER & COCOA DOTS ORGANIC CORN, WHOLE OAT & RICE FLOUR CEREAL, PEANUT BUTTER & COCOA DOTS"
1252486,branded_food,"WILD HARVEST, GRANOLA CEREAL, CHOCOLATE CHERRY NUT"
1252489,branded_food,ORGANIC MULTIGRAIN WITH FLAX INSTANT HOT CEREAL
1252536,branded_food,NUTTY NUGGETS CRUNCHY WHEAT AND BARLEY CEREAL
1252544,branded_food,"SUNNY SELECT, RAISIN BRAN CEREAL"
1252684,branded_food,RAISIN BRAN CEREAL
1252875,branded_food,"LOWES FOODS, WHEAT AND BRAN CEREAL WITH RAISINS"
1252878,branded_food,CORN FLAKES CEREALES
1252956,branded_food,RAISIN BRAN CEREAL
1252978,branded_food,"FRENCH VANILLA PROTEIN CEREAL, FRENCH VANILLA"
1252989,branded_food,ORGANIC GRANOLA CEREAL
1252993,branded_food,LOW-FAT GRANOLA CEREAL
1253002,branded_food,CRUNCHY GRANOLA CEREAL
1257063,branded_food,"ESSENTIAL EVERYDAY, MEUSLI, MULTI GRAIN CEREAL WITH RAISINS, DATES & ALMONDS"
1258165,branded_food,"KEEN ONE QUINOA, SUPER CEREAL, APPLE BERRY"
1258299,branded_food,"SWEETENED RICE CEREAL WITH CINNAMON, CINNAMON"
1258300,branded_food,CEREAL
1258301,branded_food,"HONEY ROASTED CEREAL, HONEY"
1258302,branded_food,SWEETENED CORN AND OAT CEREAL 
1258303,branded_food,"FRENCH TOASTERS CEREAL, FRENCH TOASTERS"
1258304,branded_food,CEREAL
1258305,branded_food,"CEREAL WITH ALMONDS, ALMONDS"
1258307,branded_food,"HONEY ROASTED CEREAL, HONEY ROASTED"
1258308,branded_food,"PECAN & MAPLE BROWN SUGAR CEREAL, PECAN & MAPLE BROWN SUGAR"
1258309,branded_food,"COOKIES & CREAM CEREAL, COOKIES & CREAM"
1258581,branded_food,TRADITIONAL CORN FLAKES CEREAL
1258662,branded_food,OATS & GRAIN CEREAL
1258664,branded_food,OATS & GRAIN CEREAL
1258665,branded_food,OATS & GRAIN CEREAL
1258668,branded_food,ORGANIC CINNAMON SQUARES CEREAL
1258676,branded_food,A DELICIOUS TOASTED CEREAL
1258677,branded_food,MIGHTY BEAN FLAKES CEREAL
1258680,branded_food,SUPER OATS CEREAL
1258681,branded_food,CEREAL
1258682,branded_food,"CHOCOLATE COMET CRISPIES TOASTED RICE & BEAN CEREAL, CHOCOLATE"
1258684,branded_food,BATS & BOOS DELICIOUS AND SPOOKY CEREAL
1258685,branded_food,"TOASTED RICE & BEAN CEREAL, TOASTED RICE & BEAN"
1258714,branded_food,ORGANIC CEREAL
1258715,branded_food,ORGANIC STONEGROUND FLAKES CEREAL
1258716,branded_food,"BACK TO THE ROOTS, ORGANIC STONEGROUND FLAKES CEREAL, PURPLE CORN"
1258732,branded_food,ALL ROUND GOODNESS ALLERGEN FREE CEREAL
1258733,branded_food,"ALL AROUND GOODNESS CEREAL, MAPLE SYRUP"
1258734,branded_food,FRUITY RAINBOW ROCKS CEREAL
1258739,branded_food,ORIGINAL ANCIENT GRAIN GRANOLA + PUFFS CEREAL
1258740,branded_food,"ANCIENT GRAIN GRANOLA + PUFFS CEREAL., PUMPKIN CINNAMON"
1258741,branded_food,ORIGINAL ANCIENT GRAIN GRANOLA + PUFFS CEREAL
1258757,branded_food,"BREAKFAST MULTIGRAIN CEREAL, APPLE CINNAMON"
1258772,branded_food,NATURAL CORN CEREAL WITH SUGAR AND CINNAMON
1258773,branded_food,CORN CEREAL
1258774,branded_food,NATURAL CORN CEREAL PINOLE
1258796,branded_food,SUPERFOOD CEREAL
1258797,branded_food,SUPERFOOD CEREAL
1258798,branded_food,SUPERFOOD CEREAL
1258826,branded_food,SWEETENED RICE CEREAL
1258827,branded_food,CEREAL
1258864,branded_food,SPARK DETOXIFYING HOT CEREAL
1258865,branded_food,"BEAM DRAGONFRUIT MAQUI BERRY ORGANIC DETOXIFYING HOT CEREAL, BEAM"
1258866,branded_food,DETOXIFYING HOT CEREAL
1258867,branded_food,DETOXIFYING HOT CEREAL
1258880,branded_food,FROSTED FLAKES CEREAL
1258881,branded_food,ARROZ INFLADO CON SABOR A CHOCOLATE CEREAL
1263638,branded_food,"FOOD LION, FRUIT & GRAIN CEREAL BAR, BLUEBERRY"
1264415,branded_food,"FRUIT & GRAIN CEREAL BARS, STRAWBERRY"
1264842,branded_food,CEREAL BAR
1266490,branded_food,FRUIT & GRAIN CEREAL BAR
1266491,branded_food,"LOW FAT FRUIT & GRAIN CEREAL BAR, STRAWBERRY"
1266492,branded_food,FRUIT & GRAIN CEREAL BAR
1269607,branded_food,"CINNABON INSTANT HOT CEREAL, CINNABON"
1270469,branded_food,"LALA, YOGURT SMOOTHIE, PECAN CEREAL"
1270528,branded_food,"STRAWBERRY BANANA CEREAL YOGURT SMOOTHIE, STRAWBERRY BANANA CEREAL"
1270532,branded_food,"PECAN CEREAL YOGURT SMOOTHIE, PECAN CEREAL"
1270534,branded_food,"LALA, YOGURT SMOOTHIE, VANILLA, ALMOND CEREAL"
1270906,branded_food,"AMBROSIAL, ORGANIC MUESLI CEREAL, GOJI BERRY PUMPKIN, GOJI BERRY PUMPKIN"
1271346,branded_food,"WILDWAY, INSTANT HOT CEREAL, TOASTED COCONUT, TOASTED COCONUT"
1271519,branded_food,"LALA, YOGURT SMOOTHIE, PECAN CEREAL"
1271525,branded_food,"PECAN CEREAL YOGURT SMOOTHIE, PECAN CEREAL"
1271527,branded_food,"LALA, YOGURT SMOOTHIE, STRAWBERRY, BANANA CEREAL"
1271533,branded_food,HONEY GRAHAM CEREAL
1271534,branded_food,SWIRL CRUNCH CEREAL
1271535,branded_food,"SWIRL CRUNCH CEREAL, CINNAMON"
1271613,branded_food,"DANONE, DAIRY DRINK, STRAWBERRY BANANA CEREAL"
1271616,branded_food,NUT AND CEREAL DAIRY DRINK
1272252,branded_food,FRUIT RINGS MULTI-GRAIN CEREAL
1272289,branded_food,CRISPY RICE & WHEAT FLAKES CEREAL
1272349,branded_food,LIGHTLY TOASTED RICE & WHEAT FLAKES CEREAL
1272497,branded_food,"MULTIGRAIN CLUSTER & FLAKE CEREAL, BLUEBERRY POMEGRANATE"
1272498,branded_food,CHERRY ALMOND MULTIGRAIN CLUSTER & FLAKE CEREAL
1272546,branded_food,CRISP CRUNCH MULTIGRAIN CEREAL
1272547,branded_food,GRANOLA CEREAL
1272558,branded_food,"HOKUS POKUS SWEETENED TOASTED OAT CEREAL WITH MARSHMALLOWS, HOKUS POKUS"
1272559,branded_food,"HONEY NUT TOASTED OATS SWEETENED TOASTED OAT CEREAL WITH HONEY & ALMONDS, HONEY NUT TOASTED OATS"
1272562,branded_food,"FRUIT FRENZY SWEETENED MULTI-GRAIN CEREAL, FRUIT FRENZY"
1272564,branded_food,"COCO LOCO A SWEETENED CORN CEREAL MADE WITH REAL COCOA, COCO LOCO"
1272567,branded_food,"VERY BERRY CRUNCH SWEETENED CORN AND OAT CEREAL, VERY BERRY CRUNCH"
1272573,branded_food,"CORN FLAKES TOASTED CORN FLAKES CEREAL, CORN FLAKES"
1272576,branded_food,"CINN-AMAZING CRUNCH SWEETENED WHEAT & RICE CEREAL, CINN-AMAZING CRUNCH"
1272579,branded_food,"MULTIGRAIN MEDLEY, SWEETENED TOASTED MULTIGRAIN CEREAL"
1272582,branded_food,"TOASTED RICE & WHEAT FLAKES CEREAL WITH STRAWBERRIES, STRAWBERRIES"
1272583,branded_food,"CINN-AMAZING CRUNCH SWEETENED WHEAT & RICE CEREAL, SWEETENED"
1272584,branded_food,"CRISPY RICE & WHEAT FLAKES CEREAL, CHOCOLATEY CHUNKS"
1272586,branded_food,ENRICHED FARINA HOT WHEAT CEREAL
1272619,branded_food,COCOA RAGEOUS SWEETENED RICE CEREAL WITH REAL COCOA
1272624,branded_food,PEANUT BUTTERY FILLED SQUARES CEREAL
1272648,branded_food,GRANOLA CEREAL
1272649,branded_food,FRUIT & NUT GRANOLA CEREAL
1272650,branded_food,GRANOLA CEREAL
1272651,branded_food,"GRANOLA CEREAL, VANILLA ALMOND"
1272737,branded_food,SWEETENED MULTI-GRAIN CEREAL
1272755,branded_food,SWEETENED WHOLE GRAIN OAT CEREAL WITH REAL HONEY
1272783,branded_food,CRISPY RICE & WHEAT FLAKES CEREAL
1272785,branded_food,"SWEETENED PUFFED WHEAT CEREAL, SWEETENED PUFFED WHEAT CEREAL"
1272786,branded_food,"SWEETENED MULTI-GRAIN CEREAL, SWEETENED MULTI-GRAIN CEREAL"
1272787,branded_food,"FRUIT FLAVOR SWEETENED RICE CEREAL, FRUIT"
1272788,branded_food,SWEETENED WHOLE GRAIN OAT CEREAL WITH REAL HONEY
1272789,branded_food,SWEETENED FLAKES OF CORN CEREAL
1272790,branded_food,"TOOTIE FRUITIES CEREAL, TOOTIE FRUITIES"
1272791,branded_food,CEREAL
1272839,branded_food,CEREAL
1272884,branded_food,HONEY NUT O'S CEREAL
1272890,branded_food,MULTI GRAIN LIGHTLY SWEETENED CEREAL
1272937,branded_food,"BUNCH O' SQUARES, SWEETENED WHEAT & RICE CEREAL"
1272943,branded_food,FROSTED SHREDDED WHEAT CEREAL
1272956,branded_food,SWEETENED RICE CEREAL FRUITY DIAMONDS
1272988,branded_food,FROSTED FLAKES PRESWEETENED CORN CEREAL
1272989,branded_food,MULTIGRAIN HOT CEREAL
1273196,branded_food,INSTANT MAPLE BUCKWHEAT HOT CEREAL
1273220,branded_food,SWEETENED OAT CEREAL WITH MARSHMALLOWS
1273227,branded_food,"WHEAT FLAKES WHOLE GRAIN WHEAT CEREAL, WHEAT FLAKES"
1273236,branded_food,"OAT SQUARES CRUNCHY OAT CEREAL WITH A SPRINKLE OF BROWN SUGAR, OAT SQUARES"
1273238,branded_food,TOASTED CRISPY RICE CEREAL
1273252,branded_food,TOASTED OAT CEREAL
1273362,branded_food,FALL HARVEST CEREAL
1273371,branded_food,CEREAL WITH ALMONDS
1273524,branded_food,SHREDDED WHOLE WHEAT CEREAL
1273530,branded_food,CORN FLAKES CEREAL
1274802,branded_food,SUPREME CEREAL GRANOLA
1274814,branded_food,SUPREME CEREAL GRANOLA
1275045,branded_food,ORGANIC MULTIGRAIN FLAKE CEREAL
1275321,branded_food,SWEETENED RICE CEREAL
1275363,branded_food,"SUPERFOOD HOT CEREAL, BLUEBERRY CHAI"
1275455,branded_food,WHOLE WHEAT CEREAL BISCUITS
1275634,branded_food,RICE CEREAL MOGHLY MIDDLE EAST DESSERT MIX
1278014,branded_food,"FRUIT & GRAIN CEREAL BARS, STRAWBERRY"
1281824,branded_food,"FRUIT & GRAIN CEREAL BARS, BLUEBERRY"
1283489,branded_food,"MIXED FRUIT FRUIT & GRAIN LOW FAT CEREAL BARS, MIXED FRUIT"
1283565,branded_food,"BLUEBERRY FRUIT & GRAIN LOW FAT CEREAL BARS, BLUEBERRY"
1283685,branded_food,"STRAWBERRY FRUIT & GRAIN LOW FAT CEREAL BARS, STRAWBERRY"
1283732,branded_food,"MRS. FRESHLEY'S, DELICIOUS DEALS, FRUIT&GRAIN LOW FAT CEREAL BARS, STRAWBERRY, STRAWBERRY"
1283944,branded_food,WHOLE GRAIN WHEAT AND BARLEY CEREAL
1284638,branded_food,OVEN TOASTED CRISP RICE CEREAL
1284639,branded_food,SWEETENED RICE CEREAL
1284640,branded_food,"SWEETENED RICE CEREAL, SUPER COCOA MUNCH"
1284642,branded_food,"SWEETENED CORN CEREAL, COCOA CRUNCH"
1284964,branded_food,INSTANT OATMEAL CEREAL
1286755,branded_food,CEREAL
1286799,branded_food,TOASTED OATS MUESLI CEREAL
1286826,branded_food,ORGANIC TOASTED COCONUT MUESLI CEREAL
1287231,branded_food,MINION MARSHMALLOWS CEREAL
1288587,branded_food,"HONEY OATS & FLAKES CEREAL, HONEY OATS & FLAKES"
1288588,branded_food,"TOASTED OATS CEREAL, TOASTED OATS"
1288591,branded_food,"RICE SQUARES OVEN TOASTED RICE CEREAL, RICE SQUARES"
1288876,branded_food,CRUNCHY WHEAT & BARLEY CEREAL
1289250,branded_food,"BERRY CRISP CRUNCH SWEETENED CORN & OAT CEREAL, BERRY"
1289267,branded_food,FROSTED BITE-SIZE SHREDDED WHEAT CEREAL
1289671,branded_food,MARSHMALLOW MINI'S WHOLE GRAIN OAT CEREAL
1289672,branded_food,CRUNCH' TASTIC CEREAL
1289851,branded_food,WHEAT BRAN FLAKES CEREAL
1289852,branded_food,OVEN TOASTED CRISP RICE CEREAL
1290141,branded_food,HONEY OAT CEREAL MONSTER BARS
1291220,branded_food,ORGANIC BOWLS HOT CEREAL STEEL-CUT OATS
1291438,branded_food,"BARBARA'S, PUFFINS, CEREAL, CINNAMON, CINNAMON"
1291475,branded_food,"CORN FLAKES CEREAL, CORN FLAKES"
1291762,branded_food,"FRUIT FLAVOR MARSHMALLOW CEREAL BARS TREATS, FRUIT"
1291978,branded_food,"TROPICAL, DRINKABLE LOWFAT YOGURT, PECAN CEREAL"
1292280,branded_food,"MEIJER, BOUNTIFUL MORNING, 100% NATURAL GRANOLA CEREAL"
1292312,branded_food,"VANILLA BLAST ORGANIC CEREAL, VANILLA BLAST"
1292415,branded_food,WHEAT SQUARES WHOLE GRAIN CEREAL
1292933,branded_food,TOASTED OAT SWEETENED WHOLE GRAIN OAT CEREAL
1293077,branded_food,90 CALORIE CEREAL BARS
1293156,branded_food,CEREAL BARS
1294777,branded_food,FLAKES CEREAL
1295265,branded_food,WHOLE GRAIN RAISIN BRAN ORGANIC CEREAL
1295690,branded_food,FRUIT & GRAIN CEREAL BAR
1295790,branded_food,CEREAL BARS
1295939,branded_food,CRUNCHEE CEREAL BARS
1296466,branded_food,100% WHOLE GRAIN BIG BISCUIT CEREAL
1297212,branded_food,"YOGURT SMOOTHIE, STRAWBERRY BANANA CEREAL"
1297480,branded_food,OAT BRAN HOT CEREAL
1298078,branded_food,"TOASTED OATS WHOLE GRAIN OAT CEREAL, TOASTED OATS"
1298184,branded_food,"STRAWBERRY FRUIT & GRAIN CEREAL BARS, STRAWBERRY"
1298185,branded_food,"MIXED BERRY FRUIT & GRAIN CEREAL BARS, MIXED BERRY"
1298680,branded_food,GRANOLA CEREAL WITH CRUNCHY OAT CLUSTERS WITHOUT ADDED SUGAR
1298682,branded_food,"NICE!, FRUIT & GRAIN CEREAL BARS, STRAWBERRY"
1300396,branded_food,FROSTED WHOLE GRAIN OAT CEREAL
1302970,branded_food,"CAP'N CRUNCH, SWEETENED CORN & OAT CEREAL, PEANUT BUTTER CRUNCH"
1302971,branded_food,"KELLOGG'S, TOASTED RICE CEREAL, RICE KRISPIES"
1302972,branded_food,"KELLOGG'S, FROSTED FLAKES, CORN CEREAL"
1302974,branded_food,"GENERAL MILLS, CHEERIOS, MULTI GRAIN LIGHTLY SWEETENED CEREAL"
1303983,branded_food,"LIGHTLY SWEETENED ORGANIC WHOLE GRAIN BROWN RICE CEREAL CRISPS, BROWN RICE CRISPS"
1304296,branded_food,"CRISPY SWEETENED CORN CEREAL, CINNAMON & SYRUP"
1304398,branded_food,"CRUNCH BERRIES SWEETENED CORN & OAT CEREAL, CRUNCH BERRIES"
1304410,branded_food,"ALL BERRIES SWEETENED CORN & OAT CEREAL, ALL BERRIES"
1304411,branded_food,"CINNAMON ROLL SWEETENED CORN & OAT CEREAL, CINNAMON ROLL"
1304448,branded_food,TASTEEOS SWEETENED TOASTED OAT CEREAL
1304460,branded_food,"HONEY SMACKS, SWEETENED PUFFED WHEAT CEREAL"
1304461,branded_food,"FRUIT FLAVOR SWEETENED MULTI-GRAIN CEREAL, FRUIT"
1304462,branded_food,CEREAL
1304464,branded_food,"RED BERRIES CRUNCHY RICE & WHEAT FLAKES WITH REAL STRAWBERRIES CEREAL, RED BERRIES"
1304466,branded_food,CEREAL
1304469,branded_food,"APPLE CINNAMON CRUNCH FLAVORED CRUNCHY RICE & WHEAT FLAKES WITH APPLE CINNAMON CLUSTERS CEREAL, APPLE CINNAMON CRUNCH"
1304480,branded_food,CEREAL
1304481,branded_food,"FRUIT FLAVOR SWEETENED MULTI-GRAIN CEREAL, FRUIT"
1304482,branded_food,TOASTED RICE CEREAL
1304483,branded_food,SWEETENED CEREAL WITH APPLE & CINNAMON
1304484,branded_food,CEREAL
1304486,branded_food,CEREAL
1304487,branded_food,"SWEETENED CEREAL, APPLE & CINNAMON"
1304495,branded_food,CEREAL
1304499,branded_food,WHOLE GRAIN ROLLED HOT CEREAL
1304517,branded_food,"LIGHTLY TOASTED RICE & WHEAT CEREAL, STRAWBERRY"
1304555,branded_food,"CORN FLAKES CEREAL, CORN FLAKES"
1304564,branded_food,"LALA, YOGURT SMOOTHIE, PRUNE CEREAL"
1304592,branded_food,"GENERAL MILLS, CEREAL, CINNAMON TOAST CRUNCH"
1304595,branded_food,"KELLOGG'S, APPLE JACKS, CEREAL WITH APPLE & CINNANON"
1304596,branded_food,"ORIGINAL MULTIGRAIN CEREAL, ORIGINAL"
1304660,branded_food,GRAHAM CRACKER CEREAL
1304661,branded_food,"CINNAMON SWIRL BITES SWEETENED WHOLE WHEAT & RICE CEREAL WITH CINNAMON, CINNAMON SWIRL"
1304678,branded_food,"SWEETENED CORN CEREAL, CHOCO CHIPPERS"
1304699,branded_food,"ARROWHEAD MILLS, ORGANIC RICE & SHINE HOT CEREAL"
1304703,branded_food,"BALANCED LIVING, ORIGINAL MULTIGRAIN CEREAL, ORIGINAL"
1304704,branded_food,"FIBER NUTS, WHOLE GRAIN WHEAT & BARLEY CEREAL, WHOLE GRAIN"
1304737,branded_food,GRANOLA CEREAL
1304805,branded_food,"GIANT, OVEN-TOASTED OAT SQUARES CEREAL, CINNAMON"
1304851,branded_food,RAISIN BRAN CEREAL
1305075,branded_food,"RAISIN TOUCH OF FRUIT IN THE MIDDLE LIGHTLY SWEETENED WHOLE GRAIN CEREAL, RAISIN"
1305077,branded_food,"SWEETENED THREE-GRAIN CEREAL WITH APPLE & CINNAMON, APPLE & CINNAMON"
1305093,branded_food,"BROWN SUGAR FLAVOR OATMEAL SQUARES CRUNCHY OAT CEREAL, BROWN SUGAR"
1305350,branded_food,"CEREAL WITH ALMONDS, ALMONDS"
1305405,branded_food,GRAB 'N GO MUESLI CEREAL
1305406,branded_food,GRAB 'N GO MUESLI CEREAL
1305467,branded_food,"CEREAL BARS, CHOCOLATEY DRIZZLE"
1305499,branded_food,"CRUNCH BERRIES TREATS CEREAL BARS, CRUNCH BERRIES"
1305907,branded_food,FRUIT & GRAIN CEREAL BAR
1306217,branded_food,"STRAWBERRY FLAVORED CEREAL BARS, STRAWBERRY"
1306219,branded_food,"APPLE CINNAMON CEREAL BARS, APPLE CINNAMON"
1306223,branded_food,"CHOCOLATEY PRETZEL FLAVORED CEREAL BARS, CHOCOLATEY PRETZEL"
1306225,branded_food,"RED BERRIES FLAVORED CEREAL BARS, RED BERRIES"
1306458,branded_food,"BLUEBERRY CEREAL BARS, BLUEBERRY"
1306463,branded_food,"APPLE CINNAMON CEREAL BARS, APPLE CINNAMON"
1306465,branded_food,"MIXED BERRY CEREAL BARS, MIXED BERRY"
1306620,branded_food,"CEREAL BARS, STRAWBERRY"
1307689,branded_food,"CINNAMON CEREAL, CINNAMON"
1307706,branded_food,"STRAWBERRY FLAVORED CEREAL WITH PRINCESS MARSHMALLOWS, STRAWBERRY WITH PRINCESS MARSHMALLOWS"
1307806,branded_food,SWEET OATS & ALMONDS MULTIGRAIN CLUSTER FLAKE CEREAL
1307830,branded_food,"HONEY PUFFED WHEAT SWEETENED PUFFED WHEAT CEREAL, HONEY PUFFED WHEAT"
1307831,branded_food,"RAISIN BRAN WHOLE GRAIN WHEAT AND WHEAT BRAN WITH RAISINS CEREAL, RAISIN BRAN"
1307832,branded_food,"FROSTED FLAKES SWEETENED CORN CEREAL, FROSTED FLAKES"
1307837,branded_food,"CRUNCHY CEREAL OATMEAL SQUARES WITH BROWN SUGAR, BROWN SUGAR"
1307841,branded_food,SWEETENED MULTIGRAIN CEREAL
1307842,branded_food,"CHOCOLATE CRISPY MULTI-GRAIN OUTSIDE, SMOOTH CHOCOLATE INSIDE CEREAL, CHOCOLATE"
1307844,branded_food,"SWEETENED THREE-GRAIN CEREAL WITH APPLE & CINNAMON, APPLE & CINNAMON"
1307847,branded_food,MULTI-GRAIN SHAPES CEREAL
1307849,branded_food,"CEREAL, PEANUT BUTTER"
1307850,branded_food,MULTI-GRAIN SHAPES CEREAL
1307852,branded_food,"CEREAL, PEANUT BUTTER"
1307853,branded_food,"SWEETENED THREE-GRAIN CEREAL WITH APPLE & CINNAMON, APPLE & CINNAMON"
1307854,branded_food,"LIGHT SWEETENED WHOLE GRAIN CEREAL, STRAWBERRY"
1307855,branded_food,"LIGHTLY SWEETENED WHOLE GRAIN CEREAL, MAPLE BROWN SUGAR"
1307856,branded_food,"FROSTED LIGHTLY SWEETENED WHOLE GRAIN CEREAL, ORIGINAL"
1307901,branded_food,CLASSIC GOURMET PREMIUM GRANOLA CEREAL
1307907,branded_food,"SWEETENED CORN & OAT CEREAL, SWEETENED CORN & OAT CEREAL"
1307921,branded_food,ALL-NATURAL TIMELESS GRAINS CEREAL
1307962,branded_food,SWEETENED MULTI-GRAIN CEREAL
1308354,branded_food,"PEANUT BUTTER TREATS CEREAL BARS, PEANUT BUTTER"
1308365,branded_food,"SWEETENED CEREAL WITH MARSHMALLOWS, MARSHMALLOWS"
1308366,branded_food,CEREAL
1308379,branded_food,"RED BERRIES CRUNCHY RICE & WHEAT FLAKES WITH REAL STRAWBERRIES CEREAL, RED BERRIES"
1308381,branded_food,"CHOCOLATEY DELIGHT FLAVORED CRUNCHY RICE & WHEAT FLAKES WITH CHOCOLATEY PIECES CEREAL, CHOCOLATEY DELIGHT"
1308405,branded_food,"RED BERRIES CRUNCHY RICE & WHEAT FLAKES WITH REAL STRAWBERRIES CEREAL, RED BERRIES"
1308406,branded_food,CEREAL
1308408,branded_food,CEREAL
1308949,branded_food,"BLUEBERRY FLAVORED FRUIT & GRAIN CEREAL BARS, BLUEBERRY"
1309545,branded_food,ORGANIC STONEGROUND FLAKES CEREAL
1309595,branded_food,"LIGHTLY SWEETENED WHOLE GRAIN CEREAL, ORIGINAL"
1309793,branded_food,"FRUIT FLAVOR SWEETENED MULTI-GRAIN CEREAL, FRUIT"
1309995,branded_food,"TOASTED OATS WHOLE GRAIN OAT CEREAL, TOASTED OATS"
1310008,branded_food,"CINNAMON BROWN SUGAR CRUNCH FLAVORED WHEAT, SOY AND RICE PROTEIN CEREAL, CINNAMON BROWN SUGAR CRUNCH"
1310422,branded_food,ORGANIC GRANOLA CEREAL
1310487,branded_food,CEREAL BARS WITH VANILLA FILLING
1310919,branded_food,FLAKE & GRANOLA CEREAL
1311433,branded_food,"SHREDDED WHEAT BITE SIZE 100% WHOLE WHEAT CEREAL, SHREDDED WHEAT"
1311705,branded_food,"PUMPKIN SPICE FLAVORED MULTIGRAIN CEREAL, PUMPKIN SPICE"
1311708,branded_food,"CHRISTMAS CRUNCH SWEETENED CORN & OAT CEREAL, CHRISTMAS CRUNCH"
1311822,branded_food,CEREAL
1311911,branded_food,"HALLOWEEN CRUNCH SWEETENED CORN & OAT CEREAL, HALLOWEEN CRUNCH"
1313173,branded_food,GRANOLA CEREAL WITH FRUIT
1315474,branded_food,TOASTED OATS CEREAL
1315651,branded_food,"MAGIC STARS, SWEETENED OAT CEREAL WITH MARSHMALLOWS, MARSHMALLOWS"
1315895,branded_food,"PECAN CEREAL YOGURT SMOOTHIE, PECAN CEREAL"
1316025,branded_food,"GRANOLA WITH RAISINS AND ALMONDS, CEREAL WITH WHOLE GRAIN OATS, WHOLE GRAIN WHEAT, PLUMP RAISINS PUFFED RICE AND ALMONDS"
1316026,branded_food,"RAISINS, DATES & PECANS MULTI GRAIN CEREAL"
1316049,branded_food,"PALEO STYLE MUESLI COLD CEREAL, PALEO STYLE"
1316877,branded_food,"CINNAMON SQUARES CRISPY, SWEETENED WHEAT & RICE CEREAL"
1316882,branded_food,"BERRY COLOSSAL CRUNCH CEREAL, BERRY COLOSSAL CRUNCH"
1316883,branded_food,"MARSHMALLOW MATEYS CEREAL, MARSHMALLOW MATEYS"
1316884,branded_food,"S'MORES CEREAL, S'MORES"
1316885,branded_food,"GOLDEN PUFFS CEREAL, GOLDEN PUFFS"
1316886,branded_food,"FRUITY DYNO-BITES CEREAL, FRUITY DYNO-BITES"
1317072,branded_food,"ORGANIC CEREAL, CINNAMON CRUNCH"
1317077,branded_food,"CORN FLAKES ORGANIC CEREAL, CORN FLAKES"
1318017,branded_food,TOASTED OATS CEREAL
1318018,branded_food,HONEY NUT SWEETENED OAT CEREAL WITH REAL HONEY & NATURAL ALMOND
1318130,branded_food,"NATURAL HONEY FLAVORED MULTIGRAIN CEREAL WITH GRANOLA AND ALMONDS, ALMOND CRUNCHY HONEY OATS"
1318132,branded_food,"TOASTED RICE CRISPS CEREAL, RICE CRISPS"
1318133,branded_food,"HONEY NUT O'S SWEETENED TOASTED OAT CEREAL, HONEY NUT O'S"
1318134,branded_food,TOASTED OAT CEREAL
1318135,branded_food,"FROSTED WHOLE GRAIN OAT CEREAL WITH MARSHMALLOWS, MARSHMALLOWS"
1318521,branded_food,"RUDOLPH'S MIX WITH CHOCOLATE-COVERED CEREAL, GRAHAM BITES, M&M'S MILK CHOCOLATE CANDIES & PEANUT BUTTER CUPS INDULGENT TRAIL MIX, RUDOLPH'S MIX"
1318668,branded_food,MULTIGRAIN SQUARES CEREAL
1318669,branded_food,MULTIGRAIN SQUARES CEREAL
1318857,branded_food,VANILLA ALMOND CEREAL NATURALLY FLAVORED
1318978,branded_food,FROSTED SHREDDED WHEAT CEREAL
1319193,branded_food,SWEETENED CORN CEREAL
1319254,branded_food,"CORN FLAKES CEREAL, CORN FLAKES"
1319506,branded_food,GOJI-CACAO SUPERFOOD CEREAL
1320125,branded_food,ORGANIC WHOLE WHEAT FARINA HOT CEREAL
1320442,branded_food,FRUIT & GRAIN CEREAL BARS
1320477,branded_food,"FRUIT & GRAIN APPLE CINNAMON CEREAL BARS, FRUIT & GRAIN APPLE CINNAMON"
1320524,branded_food,"LOW FAT BLUEBERRY FRUIT & GRAIN CEREAL BARS, BLUEBERRY"
1320607,branded_food,STRAWBERRY FRUIT & GRAIN CEREAL BAR
1320641,branded_food,"FRUIT AND GRAIN CEREAL BARS, BLUEBERRY"
1320995,branded_food,"FRUIT & GRAIN CEREAL BARS, MIXED BERRY"
1321116,branded_food,"FRUIT AND GRAIN CEREAL BARS, APPLE CINNAMON"
1321504,branded_food,YOGURT SMOOTHIE VANILLA ALMOND CEREAL
1321534,branded_food,"FRUIT & GRAIN CEREAL BARS, BLUEBERRY"
1321648,branded_food,FROSTED TOASTED OAT CEREAL WITH MARSHMALLOWS
1321820,branded_food,FRUIT & GRAIN CEREAL BARS
1322279,branded_food,"FRUIT AND GRAIN CEREAL BARS, RASPBERRY"
1323121,branded_food,FRUIT & GRAIN CEREAL BARS
1323428,branded_food,"100% WHOLE GRAIN OAT CEREAL QUICK ONE MINUTE OATMEAL, WHOLE GRAIN"
1324351,branded_food,"FRUIT & GRAIN CEREAL BARS, APPLE CINNAMON"
1324407,branded_food,"LOW FAT STRAWBERRY FRUIT & GRAIN CEREAL BARS, STRAWBERRY"
1325255,branded_food,"FRUIT & GRAIN CEREAL BARS, RASPBERRY"
1325408,branded_food,"OLD FASHIONED 100% WHOLE GRAIN CEREAL OATS, OLD FASHIONED WHOLE GRAIN"
1325633,branded_food,"APPLE CINNAMON FRUIT & GRAIN CEREAL BAR, APPLE CINNAMON"
1326223,branded_food,MULTI GRAIN CEREAL BAR WITH CHIA
1326845,branded_food,"OLD FASHIONED 100% WHOLE GRAIN CEREAL OATS, OLD FASHIONED WHOLE GRAIN"
1326865,branded_food,100% WHOLE GRAIN CEREAL QUICK OATS
1327164,branded_food,"CINNA-APPLE WALNUT WITH REAL APPLES INSTANT HOT CEREAL, CINNA-APPLE WALNUT WITH REAL APPLES"
1327214,branded_food,"MIXED BERRY INSTANT HOT CEREAL, MIXED BERRY"
1327660,branded_food,"ORIGINAL ENRICHED CREAMY HOT WHEAT FARINA CEREAL, ORIGINAL"
1328322,branded_food,BLUEBERRY FRUIT & GRAIN CEREAL BAR
1329950,branded_food,SWEETENED MULTIGRAIN CEREAL
1329951,branded_food,FROSTED WHOLE GRAIN OAT CEREAL WITH MARSHMALLOWS
1329952,branded_food,"SWEETENED MULTIGRAIN CEREAL, NATURAL FRUIT"
1329956,branded_food,SWEETENED CORN AND OAT CEREAL
1329958,branded_food,"CINNAMON SWEETENED OAT, CORN, WHEAT AND RICE CEREAL"
1329959,branded_food,FROSTED CORN PUFFS CEREAL
1329963,branded_food,"NUTTY NUGGETS CRUNCHY WHEAT & BARLEY CEREAL, WHEAT & BARLEY"
1330169,branded_food,"CEREAL, FROSTED CINNAMON ROLL, VANILLA"
1330257,branded_food,"FROSTED S'MORES BITES CEREAL, CHOCOLATE CHIPS"
1330296,branded_food,HIGH FIBER OAT BRAN HOT CEREAL
1331294,branded_food,CEREAL
1332031,branded_food,"RAISIN APPLE ANCIENT GRAINS GRANOLA MIX OF TOASTED OATS, BARELY, WHEAT, SPELT, RYE & FRUIT CEREAL, RAISIN APPLE"
1332036,branded_food,"SPRINKLED DONUT SWEETENED CORN & OAT CEREAL, SPRINKLED DONUT"
1332041,branded_food,"CHOCOLATEY SWEETENED CORN & OAT CEREAL, CHOCOLATEY"
1332045,branded_food,"CARAMEL POPCORN SWEETENED CORN & OAT CEREAL, CARAMEL POPCORN"
1332458,branded_food,"MULTIGRAIN RYE, BARLEY, OATS, WHEAT HOT CEREAL, MULTIGRAIN"
1332549,branded_food,"KELLOGG'S, KNOURISH, HOT CEREAL, CINNAMON, RAISIN PECAN, CINNAMON RAISIN PECAN"
1332553,branded_food,"ORIGINAL LOW FAT GRANOLA MULTI-GRAIN CEREAL, ORIGINAL"
1332686,branded_food,"ORIGINAL LIGHTLY SWEETENED WHOLE GRAIN CEREAL, ORIGINAL"
1332689,branded_food,"CHOCOLATE CRISPY MULTI-GRAIN OUTSIDE, SMOOTH CHOCOLATE INSIDE CEREAL, CHOCOLATE"
1332692,branded_food,"MEIJER, OAT SQUARES CEREAL"
1332694,branded_food,"KASHI, HONEY-KISSED SEVEN WHOLE GRAIN CEREAL SQUARES, HONEY SUNSHINE, HONEY SUNSHINE"
1332716,branded_food,CEREAL
1332719,branded_food,"MULTIGRAIN HOT CEREAL, MULTIGRAIN"
1332807,branded_food,"FRUIT FLAVOR SWEETENED MULTI-GRAIN CEREAL, FRUIT"
1332855,branded_food,"CHOCOLATEY PRETZEL FLAVORED CEREAL BARS, CHOCOLATEY PRETZEL"
1333008,branded_food,"CRANBERRY ALMOND WITH PUMPKIN SEEDS ANCIENT GRAINS GRANOLA CEREAL, CRANBERRY ALMOND WITH PUMPKIN SEEDS"
1333182,branded_food,"FROSTED MINI-WHEATS, LITTLE BITES, LIGHTLY SWEETENED WHOLE GRAIN CEREAL, CHOCOLATE, CHOCOLATE"
1333184,branded_food,MULTI-GRAIN SHAPES CEREAL
1333214,branded_food,"OATS & HONEY CRUNCHY WHEAT, RICE & CORN FLAKES WITH OATS & HONEY CEREAL, OATS & HONEY"
1333215,branded_food,REDUCED SUGAR CEREAL
1333227,branded_food,"RED BERRIES FLAVORED CEREAL BARS, RED BERRIES"
1333240,branded_food,"KELLOGG'S, FROSTED FLAKES, FROSTED CORN FLAKE CEREAL"
1333246,branded_food,"LIFE, MULTIGRAIN CEREAL, CINNAMON, CINNAMON"
1333254,branded_food,"CHOCOLATE CRISPY MULTI-GRAIN OUTSIDE, SMOOTH CHOCOLATE INSIDE CEREAL IN A CUP, CHOCOLATE"
1333414,branded_food,CEREAL
1333415,branded_food,SWEETENED RICE CEREAL
1333432,branded_food,SWEETENED CORN CEREAL
1333433,branded_food,"CHOCOLATE CRISPY MULTI-GRAIN OUTSIDE, SMOOTH CHOCOLATE INSIDE CEREAL, CHOCOLATE"
1333437,branded_food,"WHOLE GRAIN BROWN RICE GLUTEN FREE TOASTED BROWN RICE CEREAL, WHOLE GRAIN BROWN RICE"
1333438,branded_food,"MULTI-GRAIN LIGHTLY SWEETENED FLAKES MADE FROM A HEARTY BLEND OF WHEAT, RICE AND CORN CEREAL, MULTI-GRAIN"
1333439,branded_food,"CHOCOLATEY STRAWBERRY FLAVORED CRUNCHY RICE & WHEAT FLAKES WITH CHOCOLATEY PIECES & STRAWBERRIES CEREAL, CHOCOLATEY STRAWBERRY"
1333617,branded_food,FROSTED TOASTED OAT CEREAL WITH MARSHMALLOWS
1333622,branded_food,FRUIT FILLING CEREAL BARS
1333659,branded_food,FRUIT & GRAIN CEREAL BARS
1333684,branded_food,"CRISPY, SWEETENED WHOLE WHEAT AND RICE CEREAL, CINNAMON"
1333685,branded_food,"CRISPY, SWEETENED WHOLE WHEAT AND RICE CEREAL"
1333686,branded_food,FROSTED TOASTED OAT CEREAL WITH MARSHMALLOWS
1333693,branded_food,"CRISPY, SWEETENED WHOLE WHEAT & RICE CEREAL"
1333698,branded_food,"CEREAL, CHOCOLATE STRAWBERRY"
1333705,branded_food,"SWEETENED WHOLE GRAIN CORN AND OAT CEREAL, FRUITY"
1333761,branded_food,"CRUNCHY OUTSIDE STRAWBERRY FLAVORED FILLING INSIDE SWEETENED MULTI-GRAIN CEREAL, CRUNCHY OUTSIDE STRAWBERRY FILLING INSIDE"
1333762,branded_food,"BLUEBERRY FLAVORED CEREAL BARS, BLUEBERRY"
1333763,branded_food,"MIXED BERRY FLAVORED CEREAL BARS, MIXED BERRY"
1333764,branded_food,"APPLE CINNAMON CEREAL BARS, APPLE CINNAMON"
1333770,branded_food,"STRAWBERRY GREEK NONFAT YOGURT CEREAL BOWL, STRAWBERRY"
1333805,branded_food,"VANILLA CRISP FLAVORED CEREAL BARS, VANILLA CRISP"
1333806,branded_food,"CHOCOLATEY STRAWBERRY FLAVORED CEREAL BARS, CHOCOLATEY STRAWBERRY"
1333807,branded_food,"RASPBERRY CHEESECAKE FLAVORED CEREAL BARS, RASPBERRY CHEESECAKE"
1333812,branded_food,"BLUEBERRY FLAVORED CEREAL BARS, BLUEBERRY"
1333813,branded_food,"BLUEBERRY FLAVORED CEREAL BARS, BLUEBERRY"
1333821,branded_food,"STRAWBERRY FLAVORED CEREAL BARS, STRAWBERRY"
1333877,branded_food,"SWEETENED CEREAL WITH MARSHMALLOWS, MARSHMALLOWS"
1333883,branded_food,CEREAL
1333884,branded_food,"CEREAL, FROSTED FLAKES"
1333885,branded_food,"RED BERRIES FLAVORED CEREAL BARS, RED BERRIES"
1333886,branded_food,"VANILLA ALMOND CEREAL, VANILLA ALMOND"
1333926,branded_food,"HONEY ROASTED CEREAL, HONEY ROASTED"
1333927,branded_food,CORN CEREAL
1334051,branded_food,"VANILLA FLAVORED CEREAL, VANILLA"
1334683,branded_food,"GRAHAM CEREAL, HONEY"
1334684,branded_food,"OATS & HONEY CEREAL WITH RAISINS & ALMONDS, OATS & HONEY"
1335230,branded_food,"ORIGINAL MULTIGRAIN CEREAL, ORIGINAL"
1336127,branded_food,"ORIGINAL CEREAL, ORIGINAL"
1336238,branded_food,"PEANUT BUTTER FLAVORED CEREAL, PEANUT BUTTER"
1336244,branded_food,"CEREAL, CHOCOLATE"
1336373,branded_food,"CHOCOLATEY STRAWBERRY FLAVORED CRUNCHY RICE & WHEAT FLAKES WITH CHOCOLATEY PIECES & STRAWBERRIES CEREAL, CHOCOLATEY STRAWBERRY"
1336430,branded_food,"SWEETENED CEREAL WITH APPLE & CINNAMON, APPLE & CINNAMON"
1336441,branded_food,"7 WHOLE GRAIN HONEY PUFFS CEREAL, 7 WHOLE GRAIN HONEY"
1336599,branded_food,"TOUCH OF HONEY ANCIENT GRAINS BLEND CEREAL, TOUCH OF HONEY"
1336630,branded_food,"CHOCOLATEY STRAWBERRY FLAVORED CRUNCHY RICE & WHEAT FLAKES WITH CHOCOLATEY PIECES & STRAWBERRIES CEREAL, CHOCOLATEY STRAWBERRY"
1336663,branded_food,"CEREAL, PB&J STRAWBERRY"
1336674,branded_food,"RED BERRIES FLAVORED CEREAL BARS, RED BERRIES"
1336684,branded_food,"CHOCOLATEY PRETZEL FLAVORED CEREAL BARS, CHOCOLATEY PRETZEL"
1336697,branded_food,"PROTEIN LIGHTLY SWEETENED WHEAT, RICE & SOY FLAKES CEREAL, PROTEIN"
1336736,branded_food,"CHOCOLATEY ALMOND CEREAL, CHOCOLATEY ALMOND"
1336757,branded_food,"CINNAMON PECAN CRUNCHY RICE & WHEAT FLAKES WITH PECANS & CINNAMON CEREAL, CINNAMON PECAN"
1336763,branded_food,"KASHI, GOLEAN, CREAMY INSTANT HOT CEREAL"
1336798,branded_food,"SWEETENED CEREAL WITH APPLE, CINNAMON AND MARSHMALLOWS"
1336823,branded_food,"FRUIT & YOGURT CRUNCHY RICE & WHEAT FLAKES WITH OAT & FRUIT CLUSTERS & YOGURT-COATED CLUSTERS CEREAL, FRUIT & YOGURT"
1336831,branded_food,"ORIGINAL SWEETENED CORN & OAT CEREAL, ORIGINAL"
1337385,branded_food,FROSTED TOASTED OAT CEREAL WITH MARSHMALLOWS
1337471,branded_food,"ORIGINAL PERKY'S CRUNCHY RICE CEREAL, ORIGINAL"
1337472,branded_food,"ORIGINAL PERKY'S CRUNCHY FLAX CEREAL, ORIGINAL"
1337473,branded_food,"PERKY'S CRUNCHY FLAX CEREAL WITH CHIA, CHIA"
1337709,branded_food,"GO DIEGO GO LIGHTLY SWEETENED CORN PUFFS CEREAL, HONEY"
1337801,branded_food,"GENERAL MILLS, LIGHTLY SWEETENED OAT CEREAL, CHERRIOS + ANCIENT GRAIN, CHERRIOS + ANCIENT GRAIN"
1337802,branded_food,"GENERAL MILLS, CHEERIOS, OAT CEREAL"
1337804,branded_food,"GENERAL MILLS, CHEX, CLUSTERS CEREAL, FRUIT & OATS, FRUIT & OATS"
1337858,branded_food,"GENERAL MILLS, CHEX, SWEETENED RICE CEREAL, APPLE CINNAMON, APPLE CINNAMON"
1337859,branded_food,"GENERAL MILLS, TOAST CRUNCH, PEANUT BUTTER SWEETENED SQUARES CEREAL, PEANUT BUTTER, PEANUT BUTTER"
1338156,branded_food,HOT CEREAL
1338157,branded_food,"CRISPY, SWEETENED CORN CEREAL, FRENCH TOAST CRUNCH"
1338159,branded_food,NATURALLY FLAVORED SWEETENED CEREAL
1338168,branded_food,FROSTED TOASTED OAT CEREAL WITH MARSHMALLOWS
1338170,branded_food,"GENERAL MILLS, CHEERIOS, MULTI GRAIN CEREAL, DARK CHOCOLATE CRUNCH, DARK CHOCOLATE CRUNCH"
1338173,branded_food,"SWEETENED WHOLE MULTI GRAIN CEREAL WITH REAL PEANUT BUTTER, PEANUT BUTTER"
1338176,branded_food,"FIBER ONE, PROTEIN - SWEETENED GRANOLA CEREAL, CRANBERRY ALMOND, CRANBERRY ALMOND "
1338177,branded_food,"FIBER ONE, PROTEIN - SWEETENED GRANOLA CEREAL, MAPLE BROWN SUGAR, MAPLE BROWN SUGAR "
1338362,branded_food,TOASTED WHOLE GRAIN OAT CEREAL
1338480,branded_food,FROSTED WHOLE GRAIN OAT CEREAL
1338598,branded_food,HOT CEREAL
1338600,branded_food,FROSTED TOASTED OAT CEREAL WITH MARSHMALLOWS
1338601,branded_food,CHOCOLATEY WHOLE GRAIN CEREAL WITH MARSHMALLOWS
1339054,branded_food,NATURALLY FLAVORED SWEETENED CEREAL
1339224,branded_food,"CEREAL BARS, BLUEBERRY"
1339506,branded_food,"GENERAL MILLS, MINIONS, WHEAT & RICE CEREAL, BANANA BERRY, BANANA BERRY"
1339602,branded_food,FROSTED SHREDDED WHEAT CEREAL
1340113,branded_food,"BITE SIZE FROSTED SHREDDED WHEAT SWEETENED WHOLE GRAIN CEREAL, FROSTED SHREDDED WHEAT"
1341018,branded_food,"CREPES TO GO! CARAMEL FILLED WITH CRISPY CEREAL BALLS, CARAMEL"
1341020,branded_food,"CHOCOLATE HAZELNUT FILLED WITH CRISPY CEREAL BALLS, CHOCOLATE HAZELNUT"
1341142,branded_food,"ORGANIC SUPERFOOD HOT CEREAL, CHIA CRUNCH"
1341223,branded_food,"CINNAMON TOAST CRUNCH, TREATS, MILK'N CEREAL BARS"
1341263,branded_food,"SWEETENED RICE CEREAL, VANILLA"
1341317,branded_food,"ORIGINAL FLAVOR INSTANT HOT CEREAL, ORIGINAL"
1341451,branded_food,"GENERAL MILLS, REESE'S PUFFS, PEANUT BUTTER AND COCOA CEREAL BARS"
1341633,branded_food,"YOCRUNCH, CEREAL BOWL, LOWFAT YOGURT WITH KELLOGG'S CRAVE DOUBLE CHOCOLATE, VANILLA"
1341637,branded_food,"CEREAL, CHOCOLATE"
1341642,branded_food,"GENERAL MILLS, WHOLE GRAIN OAT CEREAL, HONEY, HONEY"
1341643,branded_food,"GENERAL MILLS, CINNAMON TOAST CRUNCH, CRISPY, SWEETENED WHOLE WHEAT & RICE CEREAL"
1341644,branded_food,LIGHTLY SWEETENED MULTI GRAIN CEREAL
1341645,branded_food,FROSTED WHOLE GRAIN OAT & CORN CEREAL
1341708,branded_food,"SPONGEBOB SQUAREPANTS CEREAL, FRUITY SPLASH"
1341751,branded_food,FRUIT & GRAIN CEREAL BARS
1341849,branded_food,LIGHTLY SWEETENED CEREAL
1341852,branded_food,TOASTED WHOLE GRAIN OAT CEREAL
1341942,branded_food,CEREAL
1341943,branded_food,"GENERAL MILLS, LUCKY CHARMS, FROSTED TOASTED OAT CEREAL WITH MARSHMALLOWS"
1341996,branded_food,SWEETENED ORGANIC CORN AND OAT CEREAL
1342008,branded_food,"OVEN TOASTED FLAKES OF CORN CEREAL, OVEN TOASTED FLAKES OF CORN CEREAL"
1342009,branded_food,"MARSHMALLOW MATEYS CEREAL, MARSHMALLOW MATEYS"
1342010,branded_food,"MARSHMALLOW MATEYS CEREAL, MARSHMALLOW MATEYS"
1342011,branded_food,"FROSTED FLAKES CEREAL, FROSTED FLAKES"
1342012,branded_food,CEREAL
1342013,branded_food,"FROSTED FLAKES CEREAL, FROSTED FLAKES"
1342014,branded_food,"MARSHMALLOW MATEYS CEREAL, MARSHMALLOW MATEYS"
1342015,branded_food,"MARSHMALLOW MATEYS CEREAL, MARSHMALLOW"
1342016,branded_food,CEREAL
1342017,branded_food,"MARSHMALLOW MATEYS CEREAL, MARSHMALLOW MATEYS"
1342018,branded_food,"CHOCOLATE MARSHMALLOW MATEYS CEREAL, CHOCOLATE MARSHMALLOW MATEYS"
1342019,branded_food,"CHOCOLATE MARSHMALLOW MATEYS CEREAL, CHOCOLATE MARSHMALLOW MATEYS"
1342020,branded_food,"CRISPY COCOA RICE SWEETENED RICE CEREAL WITH REAL COCOA, CRISPY COCOA RICE"
1342021,branded_food,"SWEETENED CORN PUFF CEREAL, REAL PEANUT BUTTER AND COCOA"
1342022,branded_food,"FROSTED FLAKES CEREAL, FROSTED FLAKES"
1342023,branded_food,"FROSTED FLAKES CEREAL, FROSTED FLAKES"
1342024,branded_food,"FROSTED FLAKES CEREAL, FROSTED FLAKES"
1342025,branded_food,CEREAL
1342029,branded_food,OVEN TOASTED FLAKES OF CORN CEREAL
1342030,branded_food,CORN FLAKES OVEN TOASTED FLAKES OF CORN CEREAL
1342031,branded_food,FROSTED SHREDDED WHEAT WITH PROTEIN CEREAL
1342032,branded_food,"SWEETENED WHOLE GRAIN OAT CEREAL WITH REAL HONEY, WHOLE GRAIN HONEY NUT TOASTED OATS"
1342033,branded_food,"THE ORIGINAL CEREAL, ORIGINAL"
1342034,branded_food,THE ORIGINAL CEREAL
1342035,branded_food,FIT CEREAL
1342036,branded_food,MARSHMALLOW MATEYS CEREAL
1342037,branded_food,"MARSHMALLOW MATEYS CEREAL, MARSHMALLOW MATEYS"
1342038,branded_food,"MARSHMALLOW MATEYS FROSTED WHOLE GRAIN OAT CEREAL WITH MARSHMALLOWS, MARSHMALLOW MATEYS"
1342040,branded_food,FROSTED WHOLE GRAIN OAT CEREAL
1342041,branded_food,"WHOLE GRAIN FROSTED SHREDDED WHEAT CEREAL, CHOCOLATE FROSTED SHREDDED WHEAT"
1342042,branded_food,"SWEETENED CORN PUFF CEREAL WITH REAL PEANUT BUTTER AND COCOA, SWEETENED CORN PUFF CEREAL WITH REAL PEANUT BUTTER AND COCOA"
1342043,branded_food,"FROSTED FLAKES CEREAL, FROSTED FLAKES"
1342045,branded_food,CEREAL
1342046,branded_food,"FROSTED FLAKES CEREAL, FROSTED FLAKES"
1342317,branded_food,HOT CEREAL
1342318,branded_food,HOT CEREAL
1342319,branded_food,"MAPLE BROWN SUGAR INSTANT HOT CEREAL, MAPLE BROWN SUGAR"
1342376,branded_food,"WHOLE GRAIN CORN & OAT CEREAL, CARAMEL"
1342380,branded_food,"CEREAL BARS, STRAWBERRY"
1342706,branded_food,"CEREAL BARS, APPLE CINNAMON"
1343695,branded_food,"HOLIDAY SPRINKLES SWEETENED CEREAL, SWEETENED CEREAL"
1343703,branded_food,GOLDEN GRAHAMS CEREAL
1343705,branded_food,"CEREAL, CARAMEL CRUNCH"
1343712,branded_food,FROSTED TOASTED OAT CEREAL WITH MIXED UP MARSHMALLOWS
1343718,branded_food,"PROTEIN CEREAL, OATS & HONEY"
1343725,branded_food,"CEREAL WITH SPOOKY-FUN MARSHMALLOWS, CHOCOLATEY"
1343750,branded_food,"ORGANIC OAT, CORN, AND RICE CEREAL, COCOA BUNNIES"
1343765,branded_food,CEREAL
1343781,branded_food,"GENERAL MILLS, CINNAMON TOAST CRUNCH, MILK 'N CEREAL BARS, CINNAMON TOAST CRUNCH, CINNAMON TOAST CRUNCH"
1343784,branded_food,FROSTED TOASTED OAT CEREAL WITH MARSHMALLOWS
1343802,branded_food,"CHOCOLATEY WHOLE GRAIN CEREAL WITH MARSHMALLOWS, CHOCOLATE WITH MIXED-UP MARSHMALLOWS"
1343806,branded_food,"ARTIFICIAL BERRY FLAVOR FROSTED CEREAL WITH MONSTER MARSHMALLOWS, BERRY"
1343809,branded_food,CEREAL
1343812,branded_food,SWEETENED CEREAL
1343836,branded_food,MULTI GRAIN CHEERIOS + ANCIENT GRAINS CEREAL
1343852,branded_food,"GENERAL MILLS, CHEERIOS, MILK 'N CEREAL BARS, HONE NUT, HONE NUT"
1343859,branded_food,RAISIN OAT CLUSTERS CEREAL
1343892,branded_food,"FROSTED CEREAL WITH SPOOKY-FUN MARSHMALLOWS, BERRY"
1343917,branded_food,LIGHTLY SWEETENED CEREAL
1343922,branded_food,"SWEETENED CORN PUFFS CEREALS, FRUIT"
1343943,branded_food,SWEETENED CORN AND RICE CEREAL
1343965,branded_food,HOT CEREAL
1343970,branded_food,"MINI SWEETENED TOAST-SHAPED CEREAL, STRAWBERRY"
1343975,branded_food,"GENERAL MILLS, FRENCH TOAST CRUNCH, CRISPY, SWEETENED CORN CEREAL, CINNAMON & SYRUP, CINNAMON & SYRUP"
1343983,branded_food,NATURALLY FLAVORED SWEETENED CEREAL
1343986,branded_food,"CEREAL, RAISIN BRAN CLUSTERS"
1343987,branded_food,"LIGHTLY SWEETENED CORN CEREAL, BERRY BERRY"
1343993,branded_food,"CEREAL, FRUITY"
1344011,branded_food,"STRAWBERRY FLAVOR FROSTED CEREAL WITH MONSTER MARSHMALLOWS, STRAWBERRY"
1344046,branded_food,"CHOCOLATEY CEREAL WITH MONSTER MARSHMALLOWS, CHOCOLATEY"
1344082,branded_food,HOT CEREAL
1344085,branded_food,"SWEETENED WHOLE GRAIN OAT CEREAL, HONEY NUT"
1344091,branded_food,LIGHTLY SWEETENED OAT & ANCIENT GRAIN CEREAL
1344096,branded_food,FROSTED TOASTED OAT CEREAL WITH MARSHMALLOWS
1344098,branded_food,"ORIGINAL BRAN CEREAL, ORIGINAL"
1344103,branded_food,"CREAM OF WHEAT, INSTANT HOT CEREAL, CINNABON, CINNABON"
1344113,branded_food,"MINI SWEETENED TOAST-SHAPED CEREAL, BLUEBERRY"
1344114,branded_food,"FROSTED CEREAL WITH SPOOKY-FUN MARSHMALLOWS, STRAWBERRY"
1344127,branded_food,CHOCOLATEY WHOLE GRAIN CEREAL WITH MARSHMALLOWS
1344138,branded_food,CEREAL
1344139,branded_food,FRUIT & OATS CEREAL
1344148,branded_food,HOT CEREAL
1344174,branded_food,CHOCOLATEY CEREAL BAR WITH SPOOKY-FUN MARSHMALLOWS
1344175,branded_food,"ORGANIC OAT, CORN, AND RICE CEREAL, BERRY"
1344386,branded_food,"SWEETENED WHOLE WHEAT & RICE CEREAL WITH CINNAMON BITES, CINNAMON"
1344387,branded_food,"CRUNCHY HONEY OATS NATURAL HONEY FLAVORED MULTIGRAIN CEREAL WITH GRANOLA, CRUNCHY HONEY OATS"
1344388,branded_food,CEREAL
1344422,branded_food,"FRUITY DYNO-BITES CEREAL, FRUITY DYNO-BITES"
1344425,branded_food,CORN SQUARES OVEN TOASTED CORN CEREAL
1344482,branded_food,"HONEY NUT HONEST O'S CEREAL, HONEY NUT"
1344487,branded_food,"CHOCOLATEY CHIP FLAVORED COOKIE BITES CEREAL, CHOCOLATEY CHIP"
1344530,branded_food,TOASTED OATS CEREAL
1344545,branded_food,"FRUITY O'S FROSTED MULTIGRAIN CEREAL WITH NATURAL FRUIT FLAVORS, FRUITY O'S"
1344573,branded_food,TOASTED MULTIGRAIN CEREAL WITH ALMONDS AND HONEY OAT CLUSTERS
1344574,branded_food,CRISPY RICE CEREAL
1344575,branded_food,TOASTED MULTIGRAIN CEREAL WITH HONEY OAT CLUSTERS
1344576,branded_food,RAISIN & BRAN KRISP CEREAL
1344577,branded_food,BRAN FLAKES CEREAL
1344578,branded_food,VANILLA ALMOND CEREAL
1344579,branded_food,RICE BISCUITS CEREAL
1344580,branded_food,CRUNCHY WHEAT & CORN CEREAL
1344581,branded_food,"RAISIN BRAN CEREAL, RAISIN BRAN"
1344582,branded_food,"CORN FLAKES CEREAL, CORN FLAKES"
1344583,branded_food,FROSTED FLAKES CEREAL
1344584,branded_food,SWEETENED WHOLE WHEAT & RICE CEREAL WITH CINNAMON
1344585,branded_food,CORN BISCUITS CEREAL
1344586,branded_food,SHREDDED WHEAT CEREAL
1344595,branded_food,"SWEETENED CEREAL WITH ISLAND MARSHMALLOWS, ISLAND MARSHMALLOWS"
1344603,branded_food,"FROSTED SHREDDED WHEAT BITE SIZE CEREAL, BLUEBERRY"
1344604,branded_food,"STRAWBERRY FROSTED SHREDDED WHEAT BITE SIZE CEREAL, STRAWBERRY"
1344621,branded_food,TOASTED CORN CEREAL POCKETS
1344623,branded_food,"CRISP RICE TOASTED RICE CEREAL, CRISP RICE"
1344632,branded_food,BITE-SIZE FROSTED SHREDDED WHEAT LIGHTLY SWEETENED WHOLE GRAIN WHEAT CEREAL
1344895,branded_food,"BERRY CRUNCH SWEETENED CORN & OAT CEREAL, BERRY CRUNCH"
1345290,branded_food,CREAMY WHEAT CEREAL
1345534,branded_food,CEREAL
1345620,branded_food,MULTI-GRAIN CEREAL
1345778,branded_food,"ANCIENT GRAIN GRANOLA + PUFFS CEREAL, CRANBERRY PECAN"
1345880,branded_food,"FROSTY FLAKES SWEETENED CORN FLAKE CEREAL, FROSTY FLAKES"
1345936,branded_food,"SWEETENED FROSTED FLAKES CEREAL, SWEETENED"
1346200,branded_food,"TOUCHDOWN CRUNCH SWEETENED CORN & OAT CEREAL, TOUCHDOWN CRUNCH"
1346489,branded_food,"KOO-KIES SWEETENED CORN CEREAL, KOO-KIES"
1346735,branded_food,SWEETENED RICE CEREAL
1346812,branded_food,"CRISPY, OVEN TOASTED RICE CEREAL"
1346878,branded_food,"PEANUT BUTTER COCO LOCO SWEET & CRUNCHY CORN CEREAL, PEANUT BUTTER COCO LOCO"
1346888,branded_food,"CORN FLAKES TOASTED FLAKES OF CORN CEREAL, CORN FLAKES"
1346905,branded_food,"FRUIT FLAVOR SWEETENED RICE CEREAL, FRUIT"
1347127,branded_food,"FROSTED FLAKES CEREAL, FROSTED FLAKES"
1347128,branded_food,SWEETENED WHOLE WHEAT & RICE CEREAL WITH CINNAMON SWIRLS
1347129,branded_food,FRUIT & GRAIN CEREAL BARS
1347137,branded_food,"FROSTED FLAKES CEREAL, FROSTED FLAKES"
1347143,branded_food,"GOLDEN PUFFS CEREAL, GOLDEN PUFFS"
1347335,branded_food,"KROGER, CORN FLAKES TOASTED CORN CEREAL"
1347346,branded_food,"OLD-FASHIONED 100% WHOLE GRAIN OAT CEREAL, OLD-FASHIONED"
1347379,branded_food,SUPERFOOD CEREAL
1347449,branded_food,"SWEETENED RICE CEREAL, SWEETENED"
1347465,branded_food,O'S CEREAL
1347545,branded_food,"CINNAMON TOASTERS CEREAL, CINNAMON TOASTERS"
1347568,branded_food,"CHOCOLATE FLAVORED SWEETENED RICE CEREAL WITH REAL COCOA, CHOCOLATE"
1347696,branded_food,WHEAT SQUARES OVEN TOASTED WHOLE GRAIN WHEAT CEREAL
1348342,branded_food,"CHOCOLATE FLAVORED SWEETENED RICE CEREAL WITH REAL COCOA, CHOCOLATE"
1348391,branded_food,"CINNAMON TOASTERS CEREAL, CINNAMON TOASTERS"
1348513,branded_food,NUTTY NUGGETS CRUNCHY WHEAT & BARLEY CEREAL
1348649,branded_food,"CINNAMON TOASTERS CEREAL, CINNAMON TOASTERS"
1348657,branded_food,FRUIT & GRAIN CEREAL BARS
1349076,branded_food,"BERRY BURST FLAVORED PROTEIN CEREAL, BERRY BURST"
1349284,branded_food,TOASTED OATS CEREAL
1349319,branded_food,FROSTED FLAKES CEREAL
1349483,branded_food,CEREAL
1350162,branded_food,"APPLE ZINGS CEREAL, APPLE ZINGS"
1351532,branded_food,WHEAT BRAN CEREAL
1351684,branded_food,FRUIT & GRAIN CEREAL BARS
1351728,branded_food,"STRAWBERRY CEREAL BARS, STRAWBERRY"
1351801,branded_food,"MULTIGRAIN MEDLEY, LIGHTLY SWEETENED MULTIGRAIN CEREAL"
1351850,branded_food,"FRUIT & YOGURT CRISPY RICE & WHEAT FLAKES CEREAL WITH OAT & FRUIT, FRUIT & YOGURT"
1351860,branded_food,FROSTED WHOLE GRAIN OAT CEREAL WITH MARSHMALLOW
1351869,branded_food,"BITE SIZE FROSTED SHREDDED WHEAT CEREAL, STRAWBERRY CREAM"
1352172,branded_food,"FRUIT AND GRAIN CEREAL BARS, STRAWBERRY"
1352337,branded_food,"MULTIGRAIN PUFFINS CEREAL, MULTIGRAIN"
1352807,branded_food,"BERRY COLOSSAL CRUNCH CEREAL, BERRY COLOSSAL CRUNCH"
1352877,branded_food,ORGANIC RAISIN BRAN CEREAL
1353078,branded_food,ORGANIC FROSTED FLAKES CEREAL
1353079,branded_food,"ORGANIC PEANUT BUTTER DOTS CEREAL, PEANUT BUTTER"
1353080,branded_food,ORGANIC TOASTED O'S CEREAL
1353250,branded_food,"TOOTIE FRUITIES CEREAL, TOOTIE FRUITIES"
1353268,branded_food,"CINNAMON OATMEAL SQUARES CRUNCHY OAT CEREAL, CINNAMON"
1353310,branded_food,"COCO ROOS CEREAL, COCO ROOS"
1353332,branded_food,CINNI-MINI CRUNCH CEREAL
1353592,branded_food,"HONEY CRUNCH, SWEETENED CORN & OAT CEREAL, HONEY"
1353695,branded_food,"ORGANIC RIP'S POWER-UP BOWL DOUBLE BERRY HOT CEREAL, BERRY"
1353782,branded_food,"ROCK'N FRUIT SWEETENED RICE CEREAL, ROCK'N FRUIT"
1353831,branded_food,"S'MORES CEREAL, S'MORES"
1353957,branded_food,"ORGANIC RIP'S POWER-UP BOWL ORIGINAL HOT CEREAL, ORIGINAL"
1354108,branded_food,"MEIJER, CRISP RICE TOASTED RICE CEREAL"
1354159,branded_food,"POST, GREAT GRAINS, WHOLE GRAIN CEREAL, HONEY,OATS & SEEDS"
1354173,branded_food,"NATURE'S PROMISE, MUESLI CEREAL, PEANUT BUTTER APPLE, PEANUT BUTTER APPLE"
1354195,branded_food,WHOLE GRAIN CEREAL
1354307,branded_food,"POST, GREAT GRAINS, PROTEIN BLEND WHOLE GRAIN CEREAL, CINNAMON HAZELNUT"
1354349,branded_food,"MALTEX, HOT WHEAT CEREAL"
1354350,branded_food,"WHEATENA, WHOLE GRAIN TOASTED WHEAT CEREAL"
1354502,branded_food,CRACKED WHEAT HOT CEREAL WHOLE GRAIN
1354689,branded_food,"BITSY'S BRAINFOOD, ORGANIC WHOLE GRAIN AND VEGETABLE CEREAL, FRUIT"
1354868,branded_food,"YOGURT WITH PECAN & CEREALS FLAVORED SMOOTHIE, YOGURT WITH PECAN & CEREALS"
1354887,branded_food,"HEALTH VALLEY, HEALTH VALLEY ORGANIC, MULTIGRAIN CEREAL BARS, BLUEBERRY COBBLER"
1355186,branded_food,CEREAL
1355338,branded_food,"WHEAT & BRAN CEREAL WITH RAISINS & CRUNCHY GRANOLA, RAISIN BRAN"
1355650,branded_food,"CINNAMON TOASTERS CEREAL, CINNAMON TOASTERS"
1355686,branded_food,"CINNAMON TOASTERS CEREAL, CINNAMON TOASTERS"
1355687,branded_food,"CINNAMON TOASTERS CEREAL, CINNAMON TOASTERS"
1356980,branded_food,"FROSTED BITE SIZE CEREAL, SHREDDED WHEAT"
1356999,branded_food,"S'MORES CEREAL, S'MORES"
1357041,branded_food,"MARSHMALLOW MATEYS CEREAL, MARSHMALLOW MATEYS"
1357042,branded_food,"HONEY GRAHAMS SWEETENED WHOLE WHEAT AND CORN CEREAL, HONEY GRAHAMS"
1357043,branded_food,"APPLE ZING CEREAL, APPLE ZING"
1357044,branded_food,"CRANBERRY VANILLA TRAIL MIX CEREAL, CRANBERRY VANILLA"
1357045,branded_food,"FROSTED SHREDDED WHEAT CEREAL, FROSTED SHREDDED WHEAT"
1357046,branded_food,"GOLDEN HONEY O'S CEREAL, GOLDEN HONEY O'S"
1357047,branded_food,"WITH ALMONDS CEREAL, ALMONDS"
1357048,branded_food,"CINNAMON TOASTERS CEREAL, CINNAMON TOASTERS"
1357049,branded_food,"DOUBLE CHOCOLATE CEREAL, DOUBLE CHOCOLATE"
1357050,branded_food,FROSTED FLAKES CEREAL
1357051,branded_food,"GOLDEN PUFFS CEREAL, GOLDEN PUFFS"
1357053,branded_food,"CRISPY CINNAMON RICE SWEETENED RICE CEREAL WITH REAL CINNAMON, CRISPY CINNAMON RICE"
1357054,branded_food,"HONEY CEREAL, HONEY"
1357055,branded_food,"CRISPY CINNAMON RICE SWEETENED RICE CEREAL WITH REAL CINNAMON, CRISPY CINNAMON RICE"
1357056,branded_food,"RAISIN BRAN WHOLE GRAIN WHEAT AND BRAN CEREAL WITH RAISINS, RAISIN BRAN"
1357057,branded_food,"TOOTIE FRUITIES CEREAL, TOOTIE FRUITIES"
1357058,branded_food,"COCONUT ALMOND CRUNCH CEREAL, COCONUT ALMOND CRUNCH"
1357059,branded_food,"MARSHMALLOW MATEYS CEREAL, CHOCOLATE"
1357060,branded_food,"RAISIN BRAN CEREAL, RAISIN BRAN"
1357061,branded_food,COOKIE BITES CEREAL
1357062,branded_food,"TOOTIE FRUITIES CEREAL, TOOTIE FRUITIES"
1357063,branded_food,"BERRY COLOSSAL CRUNCH CEREAL WITH MARSHMALLOWS, BERRY COLOSSAL CRUNCH"
1357064,branded_food,CEREAL
1357065,branded_food,"HONEY NUT SCOOTERS CEREAL, HONEY NUT SCOOTERS"
1357066,branded_food,"FRUIT FLAVORS SWEETENED RICE CEREAL WITH MARSHMALLOWS, FRUIT WITH MARSHMALLOWS"
1357067,branded_food,"COCO ROOS CEREAL, COCO ROOS"
1357068,branded_food,"HONEY OAT BLENDERS CEREAL, HONEY OAT BLENDERS"
1357070,branded_food,"CEREAL, CINNAMON DYNO-BITES"
1357263,branded_food,"ORIGINAL FROSTED BITE SIZE LIGHTLY SWEETENED SHREDDED WHOLE GRAIN WHEAT CEREAL, ORIGINAL"
1357282,branded_food,"HONEY NUT TOASTY O'S SWEETENED WHOLE GRAIN OAT CEREAL WITH REAL HONEY, HONEY NUT TOASTY O'S"
1357287,branded_food,TOASTED OATS WHOLE GRAIN OAT CEREAL
1357316,branded_food,"FROSTED FLAKES SWEETENED FLAKES OF CORN CEREAL, FROSTED FLAKES"
1357510,branded_food,"CEREAL, RAISIN BRAN"
1357511,branded_food,OAT CEREAL
1357525,branded_food,SWEETENED MULTIGRAIN CEREAL
1357526,branded_food,FROSTED WHOLE GRAIN OAT CEREAL WITH MARSHMALLOW BITS
1357826,branded_food,"FRUIT & GRAIN CEREAL BARS, STRAWBERRY"
1357827,branded_food,"FRUIT & GRAIN CEREAL BARS, APPLE CINNAMON"
1358302,branded_food,"CHOCOLATE MARSHMALLOW MATEYS CEREAL, CHOCOLATE MARSHMALLOW MATEYS"
1358303,branded_food,"APPLE ZINGS CEREAL, APPLE ZINGS"
1358304,branded_food,"S'MORES CEREAL, S'MORES"
1358305,branded_food,"HONEY ROASTED CEREAL, HONEY ROASTED"
1358306,branded_food,"TOOTIE FRUITIES CEREAL WITH MARSHMALLOWS, TOOTIE FRUITIES WITH MARSHMALLOWS"
1358307,branded_food,"DOUBLE CHOCOLATE BROWNIE CRUNCH CEREAL, DOUBLE CHOCOLATE BROWNIE CRUNCH"
1358308,branded_food,"COOKIES & CREAM CEREAL, COOKIES & CREAM"
1358394,branded_food,SWEETENED CORN & OAT CEREAL
1358405,branded_food,OVEN TOASTED CORN CEREAL
1358410,branded_food,SWEETENED OAT CEREAL WITH COLORED MARSHMALLOW BITS
1358421,branded_food,PRE-SWEETENED FROSTED CORN CEREAL
1358422,branded_food,SWEETENED OAT CEREAL WITH MARSHMALLOWS
1358423,branded_food,SWEETENED CORN AND OAT CEREAL
1358425,branded_food,SWEETENED TOASTED OATS CEREAL
1358426,branded_food,OVEN TOASTED RICE CEREAL
1358428,branded_food,CRISPY CORN & RICE CEREAL
1359334,branded_food,"FRUIT & GRAIN CEREAL BARS, BLUEBERRY"
1359336,branded_food,"APPLE CINNAMON FRUIT & GRAIN CEREAL BARS, APPLE CINNAMON"
1359340,branded_food,"STRAWBERRY FRUIT&GRAIN CEREAL BARS, STRAWBERRY"
1359380,branded_food,CEREAL
1359394,branded_food,PUFFED RICE CEREAL
1359586,branded_food,"TREASURES CEREAL, MARSHMALLOW"
1359638,branded_food,GRANOLA CEREAL
1359953,branded_food,HONEY GRAHAMS CEREAL
1360324,branded_food,BUNCH O' SQUARES CEREAL
1360511,branded_food,"CRUNCHY NUGGETS WHOLE GRAIN WHEAT AND BARLEY CEREAL, CRUNCHY NUGGETS"
1360574,branded_food,"CINNAMON SQUARES CEREAL, CINNAMON"
1360582,branded_food,"HONEY NUT TOASTED OATS CEREAL, HONEY NUT TOASTED OATS"
1360583,branded_food,"TOASTED OATS CEREAL, TOASTED OATS"
1360584,branded_food,FROSTED CORN FLAKES CEREAL
1360629,branded_food,"SWEETENED FROSTED FLAKES OF CORN CEREAL, FROSTED FLAKES"
1360630,branded_food,AWAKE CEREAL
1360631,branded_food,RICE & WHEAT FLAKES WITH ALMONDS CEREAL
1360633,branded_food,CEREAL
1360634,branded_food,CEREAL
1360635,branded_food,CORN SQUARES TOASTED CEREAL
1360951,branded_food,"FROSTED MINI SPOONERS CEREAL, FROSTED MINI SPOONERS"
1361028,branded_food,"COCOA RAGEOUS, CHOCOLATE FLAVORED SWEETENED RICE CEREAL WITH REAL COCOA, CHOCOLATE"
1361173,branded_food,GRANOLA CEREAL
1361652,branded_food,SUGAR FROSTED FLAKES CEREAL
1361655,branded_food,"CRUNCHY OATMEAL CEREAL WITH A SPRINKLE OF BROWN SUGAR, BROWN SUGAR"
1361657,branded_food,BITE SIZE SHREDDED WHEAT CEREAL
1361659,branded_food,"CINNAMON CRISPY OAT SQUARES LIVEWISE CEREAL, CINNAMON"
1361662,branded_food,TOASTED OATS CEREAL
1361666,branded_food,"RAISIN BRAN CEREAL, RAISIN BRAN"
1361717,branded_food,HONEY NUT TOASTED OATS CEREAL
1361739,branded_food,"HONEY GRAHAM CRUNCH, HONEY GRAHAM CEREAL, HONEY GRAHAM"
1361771,branded_food,CEREAL
1361809,branded_food,"CINNI-MINI CRUNCH, SWEETENED WHOLE WHEAT & RICE CEREAL WITH CINNAMON, CINNAMON"
1361922,branded_food,"S'MORES CEREAL, S'MORES"
1362027,branded_food,"CORN FLAKES CEREAL, CORN FLAKES"
1362059,branded_food,ORGANIC SWEETENED CORN CEREAL
1362071,branded_food,"HONEY OAT CRUNCH CEREAL, HONEY"
1362079,branded_food,WHOLE GRAIN WHEAT AND BARLEY NUTTY BITES CEREAL
1362140,branded_food,"CORN FLAKES TOASTED CORN CEREAL, CORN FLAKES"
1362271,branded_food,"BRAN FLAKES WHOLE GRAIN WHEAT CEREAL, BRAN FLAKES"
1362273,branded_food,CEREAL BARS
1362563,branded_food,TOASTED CINNAMON SQUARES CRISPY SWEETENED WHOLE WHEAT AND RICE CEREAL WITH CINNAMON
1362829,branded_food,CINNAMON SWEETENED WHOLE WHEAT & RICE CEREAL
1362943,branded_food,"CRISPY COCOA RICE FLAVORED SWEETENED RICE CEREAL WITH REAL COCOA, CRISPY COCOA RICE"
1362949,branded_food,"CORN FLAKES TOASTED FLAKES OF CORN CEREAL, CORN FLAKES"
1362951,branded_food,"BLUEBERRY WHEATFULS LIGHTLY SWEETENED WHOLE WHEAT CEREAL, BLUEBERRY WHEATFULS"
1362953,branded_food,"FROSTED SHREDDED WHEAT BITE SIZE LIGHTLY SWEETENED WHOLE GRAIN WHEAT CEREAL, FROSTED SHREDDED WHEAT"
1362954,branded_food,"SHREDDED WHEAT BITE SIZE WHOLE GRAIN WHEAT CEREAL, SHREDDED WHEAT"
1362963,branded_food,"SHREDDED WHEAT BITE SIZE SHREDDED WHOLE GRAIN WHEAT CEREAL, SHREDDED WHEAT"
1362964,branded_food,"FROSTED SHREDDED WHEAT BITE SIZE SWEETENED WHOLE GRAIN WHEAT CEREAL, FROSTED SHREDDED WHEAT"
1362966,branded_food,"HONEY NUT TOASTED OATS SWEETENED TOASTED OAT CEREAL WITH HONEY, HONEY NUT TOASTED OATS"
1363067,branded_food,CEREAL
1363279,branded_food,"SWEETENED PUFFED WHEAT CEREAL, GOLDEN HONEY"
1363280,branded_food,TOASTED RICE CEREAL
1363304,branded_food,SWEETENED MULTI-GRAIN CEREAL
1363308,branded_food,CEREAL
1363309,branded_food,"TOOTIE FRUITIES CEREAL, TOOTIE FRUITIES"
1363772,branded_food,"KROGER, FROSTED FLAKES SWEETENED CORN CEREAL"
1363777,branded_food,CORN FLAKES CEREAL
1363789,branded_food,TOASTED RICE CEREAL
1363790,branded_food,"ORIGINAL 100% WHOLE GRAIN INSTANT OATMEAL CEREAL, ORIGINAL"
1363793,branded_food,"KEMACH, CORN FLAKES CEREAL"
1363858,branded_food,"TOASTED OATS CEREAL, HONEY NUT"
1363871,branded_food,"EATING RIGHT, MUESLI CEREAL"
1363880,branded_food,CRANBERRY ALMOND CEREAL
1364054,branded_food,MULTIGRAIN HOT CEREAL WITH FLAX
1364225,branded_food,TOASTED FLAKES OF CORN CEREAL
1364228,branded_food,CRUNCHY RAISIN BRAN FLAKES CEREAL
1364242,branded_food,"CHOCOLATE CHIP MULTIGRAIN CEREAL BARS, CHOCOLATE CHIP"
1364277,branded_food,APPLE DAPPLES SWEETENED MULTI-GRAIN CEREAL
1364452,branded_food,MAPLE PECANS FLAKES & CLUSTERS CEREAL
1364699,branded_food,100% WHOLE GRAIN CEREAL QUICK OATS
1364801,branded_food,"CEREAL, CINNAMON"
1364810,branded_food,CRISPY RICE CEREAL
1364820,branded_food,HONEY POPS CEREAL
1364842,branded_food,"CINNI-MINI CRUNCH A SWEETENED WHOLE WHEAT & RICE CEREAL WITH CINNAMON, CINNI-MINI CRUNCH"
1364857,branded_food,SWEETENED WHOLE WHEAT & RICE CEREAL WITH CINNAMON
1364871,branded_food,TOASTED OAT CEREAL
1365165,branded_food,"RASPBERRY FRUIT & GRAIN CEREAL BARS, RASPBERRY"
1365178,branded_food,"APPLE CINNAMON FRUIT & GRAIN CEREAL BARS, APPLE CINNAMON"
1365186,branded_food,"STRAWBERRY FRUIT & GRAIN CEREAL BARS, STRAWBERRY"
1365191,branded_food,"BLUEBERRY FRUIT & GRAIN CEREAL BARS, BLUEBERRY"
1365200,branded_food,"APPLE CINNAMON FRUIT & GRAIN CEREAL BARS, APPLE CINNAMON"
1365395,branded_food,CEREAL
1365396,branded_food,CORN FLAKES CEREAL
1365397,branded_food,CEREAL
1365398,branded_food,CEREAL
1365399,branded_food,"COCOA DYNO-BITES CEREAL, COCOA DYNO-BITES"
1365401,branded_food,"TOASTED CINNAMON SQUARES SWEETENED WHOLE WHEAT AND RICE CEREAL WITH CINNAMON, TOASTED CINNAMON SQUARES"
1365402,branded_food,"TOASTED WHEATFULS WHOLE GRAIN WHEAT CEREAL, TOASTED WHEATFULS"
1365403,branded_food,SWEETENED RICE CEREAL
1365404,branded_food,"CRANBERRY ALMOND CRUNCH CEREAL, CRANBERRY"
1365405,branded_food,CEREAL
1365406,branded_food,CEREAL WITH MARSHMALLOWS!
1365628,branded_food,"RASPBERRY FRUIT & GRAIN CEREAL BARS, RASPBERRY"
1365702,branded_food,"WHOLE GRAIN WHEAT & BRAN CEREAL WITH RAISINS, RAISIN BRAN"
1365776,branded_food,FROSTED WHOLE GRAIN OAT CEREAL WITH MARSHMALLOW SHAPES
1365787,branded_food,"WHOLE GRAIN CEREAL WITH REAL HONEY GRAHAM SQUARES, REAL HONEY"
1365812,branded_food,FROSTED SHREDDED WHEAT BITE SIZE CEREAL
1365814,branded_food,FROSTED SHREDDED WHEAT CEREAL
1366064,branded_food,CORN CEREAL FROSTED FLAKES
1366124,branded_food,"CEREAL MADE WITH REAL PEANUT BUTTER, PEANUT BUTTER"
1366269,branded_food,QUICK HOT CEREAL
1366413,branded_food,"MIXED BERRY FRUIT & GRAIN CEREAL BARS, MIXED BERRY"
1366543,branded_food,MINI SQUARES CEREAL
1366949,branded_food,FROSTY FLAKES SWEETENED CORN CEREAL
1366963,branded_food,"MAPLE BROWN SUGAR FLAVORED FROSTED BITE SIZE LIGHTLY SWEETENED SHREDDED WHOLE GRAIN WHEAT CEREAL, MAPLE BROWN SUGAR"
1367277,branded_food,"CORN FLAKES CEREAL, CORN FLAKES"
1367312,branded_food,CEREAL
1367345,branded_food,CRISPY RICE CEREAL
1367938,branded_food,TOASTED RICE CEREAL
1368423,branded_food,"CRISP RICE CEREAL BAR WITH MARSHMALLOW CREME, MARSHMALLOW CREME"
1368473,branded_food,TOASTED OAT CEREAL
1368485,branded_food,SWEETENED MULTIGRAIN CEREAL
1368490,branded_food,FROSTED OAT CEREAL
1368491,branded_food,SWEETENED MULTIGRAIN CEREAL
1368500,branded_food,FROSTED FLAKES TOASTED CORN CEREAL
1368655,branded_food,FRUIT & GRAIN CEREAL BARS
1368660,branded_food,SWEETENED WHEAT AND RICE CEREAL
1368665,branded_food,FRUIT WHIRLS CEREAL
1368668,branded_food,CRISP RICE CEREAL
1368678,branded_food,"GOLDEN CORN FLAKES CEREAL, CORN FLAKES"
1368682,branded_food,"CEREAL BARS, STRAWBERRY CEREAL BARS"
1368689,branded_food,"CEREAL BARS, APPLE CINNAMON CEREAL BARS"
1368714,branded_food,SWEETENED CEREAL
1368722,branded_food,TOASTED OATS CEREAL
1368737,branded_food,BLENDED CEREAL
1368738,branded_food,CEREAL
1368758,branded_food,"LOW FAT APPLE CINNAMON FRUIT & GRAIN CEREAL BARS, APPLE CINNAMON"
1369838,branded_food,"BERRIES & PEACHES CEREAL, BERRIES & PEACHES"
1370283,branded_food,CEREAL IN A CUP
1370284,branded_food,SWEETENED CORN CEREAL IN A CUP
1370303,branded_food,"PUMPKIN SPICE FLAVORED MULTIGRAIN CEREAL, PUMPKIN SPICE"
1370304,branded_food,"ORIGINAL SWEETENED CORN & OAT CEREAL, ORIGINAL"
1370316,branded_food,ORGANIC HONEY NUT TOASTED OATS CEREAL
1370485,branded_food,CEREAL
1370607,branded_food,"FRUIT FLAVOR SWEETENED MULTI-GRAIN CEREAL, FRUIT FLAVORS"
1370926,branded_food,"CHOCOLATEY WHOLE GRAIN CEREAL WITH MARSHMALLOWS, CHOCOLATE"
1370954,branded_food,"CINNAMON PECAN CRUNCHY RICE & WHEAT FLAKES WITH PECANS & CINNAMON CEREAL, CINNAMON PECAN"
1371158,branded_food,"FROSTED CINNAMON OAT CEREAL WITH MARSHMALLOWS, CINNAMON VANILLA"
1371292,branded_food,"ORIGINAL LIGHTLY SWEETENED WHOLE GRAIN CEREAL, ORIGINAL"
1371293,branded_food,CEREAL
1371294,branded_food,"FRUIT FLAVOR SWEETENED MULTI-GRAIN CEREAL, FRUIT"
1371295,branded_food,CEREAL
1371303,branded_food,TOASTED RICE CEREAL
1371329,branded_food,"SPRINKLED DONUT SWEETENED CORN & OAT CEREAL, SPRINKLED DONUT"
1371331,branded_food,"GINGERBREAD SPICE FLAVORED MULTIGRAIN CEREAL, GINGERBREAD SPICE"
1371360,branded_food,TOASTED WHOLE GRAIN OAT CEREAL
1371394,branded_food,"CEREAL WITH MARSHMALLOWS, MARSHMALLOWS"
1371465,branded_food,SWEETENED TOASTED RICE CEREAL
1371567,branded_food,"SWEETENED MULTI-GRAIN CEREAL WITH FRUITY SHAPED MARSHMALLOWS, FRUITY SHAPED MARSHMALLOWS"
1371574,branded_food,"FROSTED CINNAMON OAT CEREAL WITH MARSHMALLOWS, CINNAMON VANILLA"
1371575,branded_food,"BLUEBERRY BANANA & VANILLA FLAVOR CHILLED OAT CEREAL WITH FLAXSEED & QUINOA OVERNIGHT OATS, BLUEBERRY BANANA & VANILLA"
1371576,branded_food,"RAISIN WALNUT HONEY FLAVOR CHILLED OAT CEREAL WITH QUINOA & FLAXSEED OVERNIGHT OATS, RAISIN WALNUT HONEY"
1371648,branded_food,"HALLOWEEN CRUNCH SWEETENED CORN & OAT CEREAL, HALLOWEEN CRUNCH"
1371650,branded_food,"CRUNCH BERRIES SWEETENED CORN & OAT CEREAL, CRUNCH BERRIES"
1371655,branded_food,"VANILLA FLAVORED MULTIGRAIN CEREAL, VANILLA"
1371660,branded_food,"HOMERUN CRUNCH SWEETENED CORN & OAT CEREAL, HOMERUN CRUNCH"
1371661,branded_food,"ORIGINAL MULTIGRAIN CEREAL, ORIGINAL"
1371662,branded_food,"BLUEBERRY PANCAKE SWEETENED CORN & OAT CEREAL, BLUEBERRY PANCAKE"
1371664,branded_food,"CINNAMON MULTIGRAIN CEREAL, CINNAMON"
1371665,branded_food,"TOUCHDOWN CRUNCH SWEETENED CORN & OAT CEREAL, TOUCHDOWN CRUNCH"
1371810,branded_food,"CINNAMON MULTIGRAIN CEREAL, CINNAMON"
1371917,branded_food,"ORCHARD PEACH PECAN PERFECTION FLAVOR CHILLED OAT CEREAL WITH QUINOA & FLAXSEED OVERNIGHT OATS, ORCHARD PEACH PECAN PERFECTION"
1372006,branded_food,"CRISPY, SWEETENED WHOLE WHEAT & RICE CEREAL, CINNAMON"
1372026,branded_food,"CEREAL WITH MONSTER MARSHMALLOWS, STRAWBERRY"
1372027,branded_food,"FROSTED CEREAL WITH MONSTER MARSHMALLOWS, BERRY"
1372093,branded_food,"SWEETENED WHOLE GRAIN OAT CEREAL, STRAWBERRY"
1372230,branded_food,"CHERRY ALMOND & VANILLA FLAVOR CHILLED OAT CEREAL WITH QUINOA & FLAXSEED OVERNIGHT OATS, CHERRY ALMOND & VANILLA"
1372306,branded_food,SWEETENED CORN CEREAL
1372435,branded_food,"BLUEBERRY PANCAKE SWEETENED CORN & OAT CEREAL, BLUEBERRY PANCAKE"
1372717,branded_food,"VANILLA FLAVORED MULTIGRAIN CEREAL, VANILLA"
1372783,branded_food,"RAISIN BRAN WHEAT BRAN CEREAL WITH RAISINS, RAISIN BRAN"
1372957,branded_food,HOT CEREAL OAT BRAN
1372958,branded_food,OAT BRAN HOT CEREAL
1372982,branded_food,ORGANIC HIGH FIBER OAT BRAN HOT CEREAL
1372985,branded_food,HIGH FIBER OAT BRAN HOT CEREAL
1373095,branded_food,RAISIN BRAN CRUNCHY WHEAT FLAKES CEREAL WITH RAISINS
1373099,branded_food,BERRY CRUNCH SWEETENED CORN AND OAT CEREAL
1373194,branded_food,"HONEY OAT CRUNCH CEREAL, HONEY OAT"
1373361,branded_food,"FRUITY CEREAL CRISPY BITES, FRUITY CEREAL"
1373364,branded_food,"FRUITY CEREAL WITH WHITE CHOCOLATY-FLAVORED DRIZZLE CRISPY BAR, FRUITY CEREAL"
1373373,branded_food,"ORIGINAL CEREAL, ORIGINAL"
1373461,branded_food,"CHOCOLATE STRAWBERRY FROSTED CEREAL, CHOCOLATE STRAWBERRY"
1373467,branded_food,"RAISIN BRAN CEREAL, RAISIN BRAN"
1373481,branded_food,"BANANA PUDDING CEREAL, BANANA PUDDING"
1373491,branded_food,"OUR STRAWBERRY BLONDE HONEY GRAHAM AND STRAWBERRY FLAVORED CEREAL WITH MARSHMALLOWS, OUR STRAWBERRY BLONDE"
1373578,branded_food,FRUITY CEREAL MILK PROTEIN POWDER
1373730,branded_food,ORGANIC STONEGROUND FROSTED FLAKES CEREAL
1373747,branded_food,"CINNAMON CEREAL FLAVORED REDUCED FAT ICE CREAM DIPPED IN A VANILLA FLAVORED COATING TOPPED WITH CINNAMON CEREAL PIECES ALL INSIDE A CINNAMON MINI CONES, CINNAMON CEREAL"
1373772,branded_food,"CEREAL, STRAWBERRY"
1373858,branded_food,"MARSHMALLOW CEREAL BARS, CHOCOLATE WITH REAL COCOA"
1374147,branded_food,"STRAWBERRY FROSTED CEREAL, STRAWBERRY"
1374283,branded_food,"FROSTED BITE SIZE SHREDDED WHEAT CEREAL, SHREDDED WHEAT"
1374291,branded_food,"CHOCOLATE FLAVOR WITH REAL COCOA MARSHMALLOW CEREAL BARS TREATS, CHOCOLATE"
1374327,branded_food,APPLE CINNAMON FRUIT & GRAIN CEREAL BARS
1374331,branded_food,FRUIT & GRAIN CEREAL BARS
1374428,branded_food,ORGANIC COCOA FLAKES CEREAL
1374448,branded_food,"FAR OUT FRUITIES SWEETENED MULTIGRAIN CEREAL, FAR OUT FRUITIES"
1374589,branded_food,GLUTEN FREE MUESLI EUROPEAN STYLE HOT OR COLD CEREAL
1375469,branded_food,"FROSTED SHREDDED WHEAT BITE SIZE SWEETENED WHOLE GRAIN WHEAT CEREAL, FROSTED SHREDDED WHEAT"
1375991,branded_food,OREO O'S CEREAL
1376386,branded_food,"CRUNCHY HONEY, OATS & ALMONDS NATURALLY FLAVORED, LIGHTLY SWEETENED CORN & WHOLE WHEAT FLAKE CEREAL WITH GRANOLA & SLICED ALMONDS"
1376589,branded_food,CINNAMON OAT BITES SWEETENED MULTIGRAIN CEREAL
1376663,branded_food,"HONEY CRUNCH & OATS RUNG FLAVORED FROSTED CORN AND WHEAT FLAKES CEREAL WITH GRANOLA CLUSTERS, HONEY CRUNCH & OATS"
1376670,branded_food,"OUR STRAWBERRY BLONDE, HONEY GRAHAM AND STRAWBERRY FLAVORED CEREAL WITH MARSHMALLOWS, OUR STRAWBERRY BLONDE"
1376729,branded_food,"HONEY & NUT SWEETENED TOASTED OATS CEREAL WITH HONEY AND NATURAL ALMOND FLAVOR, HONEY & NUT"
1376813,branded_food,"WHOLE GRAIN OAT AND WHEAT CEREAL WITH ALMONDS, OATS & HONEY"
1376855,branded_food,"OUR STRAWBERRY BLONDE HONEY GRAHAM AND STRAWBERRY FLAVORED CEREAL WITH MARSHMALLOWS, HONEY GRAHAM AND STRAWBERRY"
1376920,branded_food,"TOASTED RICE BITE SIZE TOASTED RICE CEREAL, TOASTED RICE"
1377162,branded_food,TOASTED OATS CEREAL
1377207,branded_food,FROSTED FLAKES CEREAL
1377215,branded_food,CINNAMON OAT SQUARES CEREAL
1377240,branded_food,"COCOA NUT WITH REAL ALMONDS INSTANT HOT CEREAL, COCOA NUT WITH REAL ALMONDS"
1377294,branded_food,"SWEETENED MULTIGRAIN CEREAL WITH NATURAL FRUIT FLAVORS, NATURAL FRUIT"
1377331,branded_food,"HONEY BUZZERS CEREAL, HONEY BUZZERS"
1377381,branded_food,BROWN RICE CRISPS CEREAL
1377444,branded_food,CRUNCHY WHEAT & BARLEY CEREAL
1377468,branded_food,"CRISP RICE TOASTED RICE CEREAL, CRISP RICE"
1377504,branded_food,TOASTED GRAIN CEREAL
1377509,branded_food,"BANANA WITH REAL WALNUTS INSTANT HOT CEREAL, BANANA WITH REAL WALNUTS"
1377513,branded_food,RAISIN BRAN CEREAL
1377566,branded_food,EASY LIVING OAT SQUARES CEREAL
1377636,branded_food,"MIXED BERRY FRUIT & GRAIN CEREAL BARS, MIXED BERRY"
1377725,branded_food,COCOA FLAVORED CORN & OAT CEREAL WITH MARSHMALLOWS
1377733,branded_food,ORGANIC WHOLE GRAIN OAT CEREAL
1377800,branded_food,SWEETENED CRUNCHY CORN CEREAL
1377844,branded_food,"SWEETENED PUFFED WHEAT CEREAL, SWEETENED"
1377877,branded_food,SWEETENED MULTI-GRAIN CEREAL WITH HONEY OAT CLUSTERS AND ALMONDS
1377878,branded_food,WHOLE GRAIN WHEAT CEREAL
1377879,branded_food,CHERRY FRUIT & GRAIN CEREAL BARS
1377910,branded_food,GRANOLA CEREAL OLD-FASHIONED ROLLED OATS
1377962,branded_food,SWEETENED MULTIGRAIN CEREAL
1377988,branded_food,CAKE BATTER FLAVORED CEREAL WITH CHOCOLATE FLAVORED MARSHMALLOWS
1378051,branded_food,CRANBERRY ALMOND MULTI GRAIN CEREAL
1378167,branded_food,"CHOCOLATE CRISP ORGANIC CEREAL, CHOCOLATE CRISP"
1378201,branded_food,HONEY PUFFED WHEAT SWEETENED WHEAT CEREAL WITH REAL HONEY
1378247,branded_food,CEREAL
1378279,branded_food,SWEETENED RICE CEREAL WITH REAL COCOA
1378297,branded_food,"BRAN FLAKES, WHOLE GRAIN WHEAT & BRAN CEREAL"
1378323,branded_food,"PEANUT BUTTER & CHOCOLATE FLAVORS SWEETENED RICE CEREAL, PEANUT BUTTER & CHOCOLATE"
1378334,branded_food,"FROSTED SHREDDED, SWEETENED WHEAT CEREAL"
1378404,branded_food,SWEETENED WHOLE WHEAT & RICE CEREAL WITH CINNAMON
1378423,branded_food,CEREAL APPLE & CINNAMON
1378430,branded_food,BRAN FLAKES CEREAL
1378445,branded_food,"BUNCH O' CINNAMON SQUARES SWEETENED WHEAT & RICE CEREAL, BUNCH O' CINNAMON SQUARES"
1378447,branded_food,SWEETENED CORN & OAT CEREAL
1378483,branded_food,BIRTHDAY CAKE REMIX CEREAL
1378486,branded_food,"HONEY NUT TOASTED OATS SWEETENED TOASTED OAT CEREAL WITH HONEY & ALMONDS, HONEY NUT TOASTED OATS"
1378538,branded_food,100% WHOLE WHEAT CEREAL
1378586,branded_food,"TOASTED FLAKES CEREAL HONEY OAT, HONEY OAT CLUSTERS & ALMONDS"
1378599,branded_food,"SUPERFOOD CEREAL, CACAO BANANA CRUNCH"
1378768,branded_food,OUR STRAWBERRY BLONDE HONEY GRAHAM AND STRAWBERRY FLAVORED CEREAL WITH MARSHMALLOWS
1378801,branded_food,FROSTED FLAKES SWEETENED CORN CEREAL
1378915,branded_food,PUMPKIN O'S WHOLE GRAIN CEREAL WITH PUMPKIN & CINNAMON
1378942,branded_food,PUFFED WHEAT CEREAL
1378975,branded_food,"TOASTED MULTI-GRAIN CEREAL WITH HONEY OAT CLUSTERS, HONEY OAT CLUSTERS"
1379005,branded_food,"ORIGINAL FROSTED CEREAL, ORIGINAL"
1379064,branded_food,ORGANIC WHOLE GRAIN BARLEY CEREAL
1379076,branded_food,"GOLDEN PUFFS CEREAL, GOLDEN PUFFS"
1379102,branded_food,"SHREDDED WHEAT WHOLE GRAIN CEREAL WITH ONYX SORGHUM, SHREDDED WHEAT"
1379120,branded_food,CEREAL
1379141,branded_food,CRISPY OAT SQUARES LIVEWISE CEREAL
1379157,branded_food,"BLUEBERRY FRUIT & GRAIN CEREAL BARS, BLUEBERRY"
1379168,branded_food,"SWEETENED WHEAT PUFFS PUFFED WHEAT CEREAL, SWEETENED WHEAT PUFFS"
1379171,branded_food,"NATURAL APPLE AND CINNAMON CRUNCH SWEETENED THREE-GRAIN CEREAL, APPLE CRUNCH"
1379292,branded_food,"FROSTED COCOA SWEETENED CORN CEREAL, FROSTED COCOA"
1379368,branded_food,"FROSTED FLAKES SWEETENED CORN CEREAL, FROSTED FLAKES"
1379440,branded_food,"CRISPY, SWEETENED WHOLE WHEAT & RICE CEREAL, CINNAMON"
1379460,branded_food,"CEREAL, CHOCOLATE"
1379468,branded_food,SWEETENED CORN CEREAL
1379503,branded_food,SWEETENED MULTI-GRAIN CEREAL
1379532,branded_food,"BIG REAL HONEY FLAVOR! SWEETENED CORN & OAT CEREAL, BIG REAL HONEY"
1379646,branded_food,"FROSTED WHEAT PUFFS SWEETENED PUFFED WHEAT CEREAL, FROSTED WHEAT PUFFS"
1379685,branded_food,CINNAMON OAT SQUARES CEREAL
1379699,branded_food,"CRUNCHY BRAN FLAKES, CEREAL & LOTS OF PLUMP, JUICY RAISINS, RAISIN BRAN"
1379790,branded_food,"PEANUT BUTTER & CHOCOLATE FLAVORS SWEETENED RICE CEREAL, PEANUT BUTTER & CHOCOLATE"
1379816,branded_food,TOASTED OATS CEREAL
1379832,branded_food,"CHOCOLATE FLAVORED SWEETENED RICE CEREAL WITH REAL COCOA, CHOCOLATE"
1379843,branded_food,TOASTED OAT CEREAL WITH REAL HONEY
1379920,branded_food,"APPLE LOONS SWEETENED MULTI-GRAIN CEREAL WITH REAL APPLES & CINNAMON, APPLE LOONS"
1379995,branded_food,GLUTEN FREE TROPICAL MUESLI EUROPEAN STYLE HOT OR COLD CEREAL
1379996,branded_food,"MUESLI PALEO GRAIN FREE COLD CEREAL, MUESLI PALEO"
1380094,branded_food,"GOLDEN CEREAL, GOLDEN"
1380096,branded_food,"BANANA PUDDING CEREAL, BANANA PUDDING"
1380118,branded_food,COCOA CRISPY RICE CHOCOLATY SWEETENED RICE CEREAL
1380214,branded_food,FROSTED BITE-SIZE SHREDDED WHOLE WHEAT CEREAL
1380309,branded_food,CEREAL
1380437,branded_food,"COCOA CRUNCHIES SWEETENED CORN CEREAL, COCOA CRUNCHIES"
1380514,branded_food,"CRISPRICE, TOASTED RICE CEREAL, TOASTED RICE"
1380614,branded_food,"MAPLE CINNAMON RAISIN WITH MAPLE GLAZED ALMONDS & PEANUTS, CINNAMON-FLAVORED PRETZEL BALLS, CINNAMON COOKIES, RAISINS & CEREAL SQUARES TRAIL MIX, MAPLE CINNAMON RAISIN"
1380724,branded_food,CHOCO SPOTS SWEETENED CORN CEREAL
1380790,branded_food,"OREO O'S CEREAL, OREO O'S"
1380819,branded_food,OAT BITES SWEETENED MULTIGRAIN CEREAL
1380877,branded_food,"COCOA CRISP RICE SWEETENED RICE CEREAL, SWEETENED"
1381139,branded_food,PUMPKIN SPICE TOASTED OATS CEREAL
1381232,branded_food,"HONEY & NUT TOASTED OATS SWEETENED WHOLE GRAIN OAT CEREAL WITH REAL HONEY, HONEY & NUT"
1381233,branded_food,HONEY & OAT CLUSTERS LIGHTLY SWEETENED CORN & WHOLE WHEAT FLAKE CEREAL WITH GRANOLA
1381234,branded_food,CRISPY SWEETENED WHOLE WHEAT AND RICE CEREAL WITH CINNAMON
1381320,branded_food,CORN FLAKES TOASTED CEREAL
1381427,branded_food,RAISIN GRANOLA CEREAL
1381430,branded_food,CHOCOLATE GRANOLA CEREAL
1381431,branded_food,GRANOLA CEREAL
1381505,branded_food,"MULTIGRAIN TOASTED OATS SWEETENED CORN, WHEAT, OAT, BARLEY AND RICE CEREAL, MULTIGRAIN TOASTED OATS"
1381509,branded_food,"HONEY WHEELS SWEETENED CORN & OAT CEREAL, HONEY WHEELS"
1381612,branded_food,"FROSTED SHREDDED WHEAT BITE SIZE SWEETENED WHOLE GRAIN WHEAT CEREAL, FROSTED SHREDDED WHEAT"
1381791,branded_food,"HOKUS POKUS SWEETENED OAT CEREAL WITH MARSHMALLOWS, HOKUS POKUS"
1381794,branded_food,"COCO LOCO A SWEETENED CORN CEREAL MADE WITH REAL COCOA, COCO LOCO"
1381909,branded_food,"HONEY SCOOTERS CEREAL, HONEY SCOOTERS"
1382288,branded_food,"HONEY BZZZZZ SWEETENED CORN & OAT CEREAL, HONEY BZZZZZ"
1382290,branded_food,"PB COCOA PLANETS SWEETENED CRUNCHY CORN CEREAL, PB COCOA PLANETS"
1382305,branded_food,"BRAN FLAKES ENRICHED BRAN FLAKES CEREAL, BRAN FLAKES"
1382344,branded_food,"FRUIT FRENZY SWEETENED MULTI-GRAIN CEREAL, FRUIT FRENZY"
1382385,branded_food,"CRUNCHY HONEY OATS NATURAL HONEY FLAVORED MULTIGRAIN CEREAL WITH GRANOLA, CRUNCHY HONEY OATS"
1382398,branded_food,CRUNCHY HONEY & OATS CEREAL
1382404,branded_food,SWEETENED RICE CEREAL
1382405,branded_food,COCOA CRISPY CORN PUFF CEREAL
1382717,branded_food,"SHREDDED WHEAT WHOLE GRAIN WHEAT CEREAL, SHREDDED WHEAT"
1382772,branded_food,"STRAWBERRY FRUIT & GRAIN CEREAL BARS, STRAWBERRY"
1383305,branded_food,FRUIT & GRAIN CEREAL BARS
1383431,branded_food,"FRUITY JEWELS CEREAL, FRUITY JEWELS"
1383432,branded_food,"TWIN GRAIN CRISP CRISPY CORN & RICE CEREAL, TWIN GRAIN CRISP"
1383433,branded_food,"CRISP RICE OVEN TOASTED RICE CEREAL, CRISP RICE"
1383439,branded_food,"VERY BERRY CRUNCH SWEETENED CORN AND OAT CEREAL, VERY BERRY CRUNCH"
1383465,branded_food,"COSMIC BERRY CRUNCH SWEETENED CORN & OAT CEREAL, COSMIC BERRY CRUNCH"
1383467,branded_food,"GOLDEN PUFFED WHEAT SWEETENED PUFFED WHEAT CEREAL, GOLDEN PUFFED WHEAT"
1384000,branded_food,WHEAT & BARLEY CEREAL
1384013,branded_food,WHOLE GRAIN KAMUT HOT CEREAL
1384265,branded_food,ORGANIC CREAMY WHEAT HOT CEREAL
1384421,branded_food,EUROPEAN STYLE FRUIT & SEED MUESLI HOT OR COLD CEREAL
1384992,branded_food,CEREAL
1385092,branded_food,"STRAWBERRY CREAM FLAVORED FROSTED BITE SIZE LIGHTLY SWEETENED SHREDDED WHOLE GRAIN WHEAT CEREAL, STRAWBERRY CREAM"
1385148,branded_food,"CRANBERRY ALMOND CRUNCH CEREAL, CRANBERRY ALMOND"
1385385,branded_food,FROSTED FLAKES SWEETENED FLAKES OF CORN CEREAL
1385397,branded_food,"FRUITY JEWELS SWEETENED RICE CEREAL, FRUITY JEWELS"
1385401,branded_food,"OATS & MORE, OVEN TOASTED SWEETENED MULTI-GRAIN CEREAL WITH HONEY, OVEN TOASTED HONEY"
1385453,branded_food,"FROSTED SHREDDED WHEAT CEREAL, FROSTED"
1385690,branded_food,EASY LIVING OAT SQUARES CEREAL
1385803,branded_food,CINNAMON OATS SQUARES CEREAL
1385805,branded_food,ORGANIC WHOLE GRAIN OAT CEREAL
1385839,branded_food,RAISIN BRAN CEREAL
1386117,branded_food,"FRUIT PUFFZ SWEETENED CORN CEREAL, FRUIT PUFFZ"
1386330,branded_food,"PUFFED WHEAT CEREAL, PUFFED WHEAT"
1386367,branded_food,"FARINA CREAMY WHEAT ENRICHED HOT WHEAT CEREAL, FARINA"
1386377,branded_food,"VERY BERRY CRUNCH SWEETENED CORN AND OAT CEREAL, VERY BERRY CRUNCH"
1386388,branded_food,"SWEETENED TOASTED OATS CEREAL WITH REAL HONEY & ALMOND FLAVOR, HONEY NUT"
1386935,branded_food,NUTRITIOUS CEREAL & SNACK BAR
1387162,branded_food,"RAISIN BRAN CEREAL, RAISIN BRAN"
1387163,branded_food,"WHEAT SQUARES TOASTED WHEAT CEREAL, WHEAT SQUARES"
1387442,branded_food,"MUSLI, ALL NATURAL CEREAL, BERRY & APPLE"
1387496,branded_food,PUFFED RICE CEREAL
1387502,branded_food,"BITE SIZE STRAWBERRY FROSTED SHREDDED WHEAT CEREAL, STRAWBERRY FROSTED"
1387504,branded_food,"DUNKSTERS SWEET & CRUNCHY CORN CEREAL, DUNKSTERS"
1387520,branded_food,"FROSTED SHREDDED WHEAT SWEETENED, CRUNCHY, WHOLE GRAIN WHEAT CEREAL, FROSTED SHREDDED WHEAT"
1387561,branded_food,CORN FLAKES DELICIOUSLY CRISP AND GOLDEN CEREAL
1387971,branded_food,"CRUNCHY CORN TOASTED CORN CEREAL, CRUNCHY CORN"
1388037,branded_food,CRISPY HEXAGONS CORN & RICE CEREAL
1388053,branded_food,"FRUIT & GRAIN MEDLEY DELUXE CEREAL, FRUIT & GRAIN MEDLEY"
1388090,branded_food,"MAPLE BROWN SUGAR & PECANS MULTI-GRAIN INSTANT HOT CEREAL, MAPLE BROWN SUGAR & PECANS"
1388781,branded_food,"APPLE CINNAMON MULTI-GRAIN INSTANT HOT CEREAL, APPLE CINNAMON"
1388816,branded_food,"SWEETENED FROSTED FLAKES OF CORN CEREAL, FROSTED FLAKES"
1389093,branded_food,"CRISPY RICE CEREAL, MARSHMALLOWS, CHOCOLATE FROSTING MIX, RAINBOW CONFETTI SPRINKLES CONFETTI DONUT, MARSHMALLOWS, CHOCOLATE"
1389392,branded_food,"WHOLE GRAIN WHEAT AND BRAN CEREAL WITH RAISINS BRAN, RAISIN"
1389647,branded_food,"VANILLA ALMOND & HONEY MULTI-GRAIN INSTANT HOT CEREAL, VANILLA ALMOND & HONEY"
1389764,branded_food,"CORN BURSTS CEREAL, CORNS BURSTS"
1389778,branded_food,"SWEETENED COCOA CRISPY RICE CEREAL MADE WITH REAL COCOA, COCOA CRISPY RICE"
1389954,branded_food,"SWEETENED CRUNCHY CORN CEREAL MADE WITH REAL PEANUT BUTTER & NATURALLY FLAVORED COCOA PUFFS, COCOA PEANUT BUTTER"
1390558,branded_food,"ORIGINAL TOASTED WHOLE GRAIN OATS CEREAL, ORIGINAL"
1390611,branded_food,FROSTED FLAKES OF CORN CEREAL
1390623,branded_food,"FRUIT & FROSTED O'S, SWEETENED MULTI-GRAIN CEREAL WITH NATURAL FRUIT FLAVORS, FRUIT"
1390627,branded_food,"CRISPY, SWEETENED, WHOLE WHEAT & RICE CEREAL, CRISPY, SWEETENED, WHOLE WHEAT & RICE"
1390779,branded_food,"FROSTED FLAKES OF CORN CEREAL, FROSTED FLAKES"
1390780,branded_food,"APPLE RINGS, SWEETENED MULTI-GRAIN CEREAL WITH APPLE & CINNAMON, APPLE & CINNAMON"
1391157,branded_food,"CHOCO CHIPPERS SWEETENED CORN CEREAL, CHOCO CHIPPERS"
1391481,branded_food,"FRUIT & GRAIN STRAWBERRY CEREAL BARS, STRAWBERRY"
1391486,branded_food,"SHREDDED WHEAT BITE SIZED CEREAL, SHREDDED WHEAT"
1391594,branded_food,"SWEETENED OAT CEREAL WITH MARSHMALLOWS, MARSHMALLOWS"
1391758,branded_food,"FRUIT FLAVOR SWEETENED RICE CEREAL, FRUIT"
1392142,branded_food,"CINNAMON TOASTERS CEREAL, CINNAMON"
1392158,branded_food,"APPLE ZINGS CEREAL, APPLE ZINGS"
1392212,branded_food,"STRAWBERRY FRUIT&GRAIN CEREAL BARS, STRAWBERRY"
1392231,branded_food,"BROWN SUGAR CINNAMON FLAVORED CRUNCHY SWEETENED THREE GRAIN CEREAL, BROWN SUGAR CINNAMON"
1392301,branded_food,"TOASTED OATS TOASTED WHOLE GRAIN OAT CEREAL, TOASTED OATS"
1392309,branded_food,"CRISPY HEXAGONS CRISPY CORN & RICE CEREAL, CRISPY HEXAGONS"
1392423,branded_food,"BRAN FLAKES WHEAT CEREAL, BRAN FLAKES"
1392957,branded_food,"HONEY ROASTED CEREAL, HONEY ROASTED"
1393059,branded_food,"CINNAMON LION HEARTS TOASTED RICE & BEAN CEREAL, CINNAMON"
1393064,branded_food,"BANANA PUDDING CEREAL, BANANA"
1393069,branded_food,"CHOCOLATE OS TOASTED CEREAL, CHOCOLATE"
1393070,branded_food,"CINNAMON FLAKES TOASTED CEREAL, CINNAMON FLAKES"
1393071,branded_food,"VANILLA OS TOASTED CEREAL MADE WITH GARBANZO BEANS, NAVY BEANS & RED LENTILS, VANILLA OS"
1393073,branded_food,CEREAL
1393161,branded_food,"OLD-FASHIONED 100% WHOLE GRAIN OAT CEREAL, OLD-FASHIONED"
1393185,branded_food,"SWEET & SALTY BARK MILK CHOCOLATE WITH PRETZELS & GRAHAM CEREAL PIECES, SWEET & SALTY BARK"
1393227,branded_food,"OAT CRISPS SWEETENED MULTIGRAIN CEREAL, OAT CRISPS"
1393228,branded_food,"CINNAMON OATS CRISPS CEREAL, CINNAMON"
1393328,branded_food,"HONEY NUT TOASTED OATS SWEETENED TOASTED OAT CEREAL WITH HONEY & NATURAL ALMOND FLAVOR, HONEY NUT TOASTED OATS"
1393331,branded_food,"MAGIC STARS, SWEETENED OAT CEREAL WITH REAL MARSHMALLOWS, MARSHMALLOWS"
1393338,branded_food,"APPLE CINNAMON TOASTED OATS SWEETENED TOASTED OAT CEREAL, APPLE CINNAMON TOASTED OATS"
1393405,branded_food,"COCOA CRISPY RICE SWEETENED CEREAL, COCOA CRISPY RICE"
1393406,branded_food,"CRISPY RICE TOASTED RICE CEREAL, CRISPY RICE"
1393412,branded_food,"FRUIT RINGS, NATURAL FRUIT FLAVORS SWEETENED MULTI-GRAIN CEREAL, FRUIT"
1393632,branded_food,"TOASTED WHEAT SQUARES CEREAL, TOASTED WHEAT"
1393691,branded_food,"COCOA CRISP RICE SWEETENED RICE CEREAL, COCOA CRISP RICE"
1393863,branded_food,"BLUEBERRY FRUIT & GRAIN CEREAL BARS, BLUEBERRY"
1393986,branded_food,"FROSTED SHREDDED WHEAT BITE SIZE CEREAL, FROSTED SHREDDED WHEAT"
1393988,branded_food,"FROSTED FRUIT ROLLS SWEETENED MULTI-GRAIN CEREAL WITH MARSHMALLOWS, FROSTED FRUIT ROLLS"
1393990,branded_food,"COCOA BURST SWEETENED CORN CEREAL WITH REAL COCOA, COCOA BURST"
1393991,branded_food,"HONEY NUT TOASTED OATS SWEETENED WHOLE GRAIN OAT CEREAL WITH REAL HONEY & ALMONDS, HONEY NUT TOASTED OATS"
1394140,branded_food,"CORN FLAKES CEREAL, CORN FLAKES"
1394356,branded_food,CRUNCHY OAT SQUARES CEREAL
1394417,branded_food,"CHOCOLATEY CHIP COOKIE BITES CEREAL, CHOCOLATEY CHIP"
1394663,branded_food,"PEANUT BUTTER POPPERS MULTIGRAIN CEREAL WITH ORGANIC PEANUT BUTTER COATING, PEANUT BUTTER"
1394948,branded_food,"HONEY NUT TOASTED OATS CEREAL, HONEY NUT"
1394972,branded_food,"TOASTED OATS CEREAL, TOASTED OATS"
1394988,branded_food,TOASTED OATS CEREAL
1394992,branded_food,"HONEY NUT NATURALLY FLAVORED TOASTED OATS CEREAL, HONEY NUT"
1395047,branded_food,"CRISP RICE TOASTED RICE CEREAL, CRISP RICE"
1395615,branded_food,"HONEY GRAHAMS SWEETENED WHOLE GRAIN WHEAT AND CORN CEREAL, HONEY GRAHAMS"
1395807,branded_food,"SWEETENED COCOA CRISP RICE CEREAL, SWEETENED"
1395830,branded_food,"CRISPY, OVEN-TOASTED CORN FLAKES CEREAL"
1395973,branded_food,"FRUIT FRENZY SWEETENED MULTI-GRAIN CEREAL WITH MARSHMALLOWS, FRUIT FRENZY WITH MARSHMALLOWS"
1396554,branded_food,"FROSTED BITE-SIZE STRAWBERRY SHREDDED SWEETENED WHOLE GRAIN WHEAT CEREAL, STRAWBERRY"
1396770,branded_food,"COCO ROOS CEREAL, COCO ROOS"
1396776,branded_food,"ORIGINAL CEREAL, ORIGINAL"
1396993,branded_food,"RAISIN BRAN WHOLE GRAIN WHEAT AND WHEAT BRAN CEREAL WITH RAISINS, RAISIN BRAN"
1396994,branded_food,"HONEY NUT TOASTED OATS SWEETENED WHOLE GRAIN OAT CEREAL WITH REAL HONEY, HONEY NUT TOASTED OATS"
1396995,branded_food,SHREDDED WHEAT WHOLE GRAIN WHEAT CEREAL
1397066,branded_food,"ALMOND MOCHA OVERNIGHT OATS CHILLED CEREAL, ALMOND MOCHA"
1397093,branded_food,"RAISIN BRAN CEREAL WITH CRUNCHY WHEAT FLAKES & LOADED WITH RAISINS, RAISIN BRAN"
1397096,branded_food,"HONEY NUT TOASTED OATS SWEETENED CEREAL WITH HONEY & ALMOND FLAVOR, HONEY NUT"
1397103,branded_food,"OATS & MORE, SWEETENED MULTIGRAIN CEREAL WITH REAL STRAWBERRIES, STRAWBERRIES"
1397109,branded_food,"OATS & MORE, SWEETENED MULTIGRAIN CEREAL WITH HONEY OAT CLUSTERS WITH HONEY, HONEY"
1397112,branded_food,"OAT SQUARES CRUNCHY OAT CEREAL WITH A SPRINKLE OF BROWN SUGAR, OAT SQUARES"
1397113,branded_food,"FRUITY JEWELS WHOLESOME SWEETENED RICE CEREAL, FRUITY JEWELS"
1397120,branded_food,"KOO-KIES SWEETENED CORN CEREAL, KOO-KIES"
1397227,branded_food,"PEANUT BUTTER CHOCO DOTS CEREAL, PEANUT BUTTER CHOCO DOTS"
1397362,branded_food,"S'MORES CEREAL, S'MORES"
1397480,branded_food,"TOY STORY 4, CARNIVAL BERRY FLAVORED CEREAL, CARNIVAL BERRY"
1397598,branded_food,"HONEY NUT TOASTED O'S ORGANIC SWEETENED WHOLE GRAIN TOASTED OAT CEREAL WITH REAL HONEY AND NATURAL ALMOND FLAVOR, HONEY NUT TOASTED O'S"
1397683,branded_food,"VANILLA ALMOND FLAVORED CEREAL, VANILLA ALMOND"
1397686,branded_food,"RASPBERRY CRUNCHY WHEAT & RICE FLAKES WITH REAL RASPBERRIES CEREAL, RASPBERRY"
1397687,branded_food,"ORIGINAL WHOLE GRAIN CEREAL, ORIGINAL"
1397692,branded_food,"BUDS A WHEAT BRAN FIBER CEREAL, BUDS"
1397802,branded_food,"5 GRAIN CEREAL OATS, RYE, TRITICALE, BARLEY, GOLDEN FLAX"
1397822,branded_food,"STRAWBERRY FROSTED BITE SIZE SHREDDED WHEAT SWEETENED WHOLE GRAIN WHEAT CEREAL, STRAWBERRY FROSTED"
1397852,branded_food,"TWIN GRAIN CRISP A BLEND OF CORN & RICE CEREAL, TWIN GRAIN CRISP"
1397856,branded_food,"FROSTED FLAKES SWEETENED, TOASTED FLAKES OF CORN CEREAL, FROSTED FLAKES"
1397859,branded_food,"OATS & MORE, SWEETENED MULTIGRAIN CEREAL WITH HONEY OAT CLUSTERS & ALMONDS, ALMONDS"
1397862,branded_food,"APPLE CINNAMON TOASTED OATS SWEETENED CEREAL, APPLE CINNAMON"
1397863,branded_food,BITE SIZE SHREDDED WHEAT 100% WHOLE GRAIN WHEAT CEREAL
1397865,branded_food,"MAGIC STARS, FROSTED TOASTED OAT CEREAL WITH MARSHMALLOWS, FROSTED WITH MARSHMALLOWS"
1397975,branded_food,"ORIGINAL MULTI-GRAIN TOUCH OF CINNAMON LIGHTLY SWEETENED WHEAT, RICE AND SOY FLAKES CEREAL, ORIGINAL MULTI-GRAIN TOUCH OF CINNAMON"
1398199,branded_food,"TOASTED WHOLE GRAIN OAT CEREAL, TOASTED WHOLE GRAIN"
1398324,branded_food,"COCOA TREATS SWEETENED CORN CEREAL, COCOA TREATS"
1398325,branded_food,"CRISPY RICE CEREAL, CRISPY RICE"
1398331,branded_food,RAISIN BRAN CRUNCHY WHEAT FLAKES CEREAL WITH RAISINS
1398332,branded_food,"CHOCOLATEY COCOA CRISP SWEETENED RICE CEREAL, CHOCOLATEY COCOA CRISP"
1398333,branded_food,"SWEETENED CORN FLAKES CEREAL, SWEETENED CORN"
1398334,branded_food,"BITE SIZE SHREDDED WHEAT CEREAL, SHREDDED WHEAT"
1398335,branded_food,"RAISIN BRAN CRUNCHY WHEAT FLAKES CEREAL WITH RAISINS, RAISIN BRAN"
1398336,branded_food,"BRAN FLAKES WHEAT CEREAL, BRAN FLAKES"
1398414,branded_food,"COCOA DYNO-BITES CEREAL, COCOA DYNO-BITES"
1398505,branded_food,"POWDERED MINI DONUTS CEREAL, POWDERED"
1398506,branded_food,"FRUITY DYNO-BITES CEREAL, FRUITY DYNO-BITES"
1398507,branded_food,"HONEY BUN CEREAL, HONEY BUN"
1398740,branded_food,"REAL COCOA CRISPY RICE SWEETENED RICE CEREAL, COCOA CRISPY RICE"
1398759,branded_food,"STRAWBERRY FLAVORED MULTIGRAIN CEREAL, STRAWBERRY"
1398764,branded_food,"ORGANIC MULTIGRAIN HOT CEREAL WITH BUCKWHEAT & FLAXSEED, BUCKWHEAT & FLAXSEED"
1398765,branded_food,"PEANUT BUTTER XL SWEETENED CORN & OAT CEREAL, PEANUT BUTTER"
1398833,branded_food,"BLUEBERRY WITH LEMON CLUSTERS FLAVORED MULTI-GRAIN FLAKES WITH BLUEBERRY OAT CLUSTERS AND LEMON FLAVORED CLUSTERS CEREAL, BLUEBERRY WITH LEMON CLUSTERS"
1398834,branded_food,"CHOCOLATE & ALMOND FLAVORED COCOA DUSTED MULTI-GRAIN FLAKES WITH SLICED ALMONDS CEREAL, CHOCOLATE & ALMOND"
1398836,branded_food,"CHOCOLATE WHOLE GRAIN CEREAL, CHOCOLATE"
1398840,branded_food,"RASPBERRY FLAVORED WHOLE GRAIN CEREAL, RASPBERRY"
1398846,branded_food,"ORIGINAL WHOLE GRAIN CEREAL, ORIGINAL"
1398849,branded_food,"ORIGINAL CRUNCH CEREAL, ORIGINAL"
1398850,branded_food,"VANILLA & ALMOND FLAVORED CRUNCHY WHEAT & RICE FLAKES WITH ALMONDS & VANILLA CEREAL, VANILLA & ALMOND"
1398851,branded_food,"STRAWBERRY WHOLE GRAIN CEREAL, STRAWBERRY"
1398853,branded_food,"BLUEBERRY WHOLE GRAIN CEREAL, BLUEBERRY"
1398854,branded_food,"CINNAMON BROWN SUGAR CRUNCH FLAVORED WHEAT, SOY & RICE PROTEIN CEREAL, CINNAMON BROWN SUGAR CRUNCH"
1398954,branded_food,"TOASTED RICE CRUNCHY OVEN TOASTED RICE CEREAL, TOASTED RICE"
1398955,branded_food,"CRUNCHY RAISIN BRAN SWEET CRUNCHY FLAKES WITH PLUMP RAISINS & OAT & HONEY GRANOLA CLUSTERS CEREAL, CRUNCHY RAISIN BRAN"
1398958,branded_food,"RAISINS, DATES & PECANS CEREAL, RAISINS, DATES & PECANS"
1399004,branded_food,"CRUNCHY PECAN CEREAL, CRUNCHY PECAN"
1399007,branded_food,"SAFARI COCOA CRUNCH SWEETENED CORN PUFF CEREAL WITH REAL COCOA, SAFARI COCOA CRUNCH"
1399023,branded_food,"CORN SQUARES CRUNCHY, BITE-SIZE TOASTED CORN CEREAL CEREAL, CORN SQUARES"
1399036,branded_food,"CORN FLAKES CEREAL, CORN FLAKES"
1399037,branded_food,"COCOA CRAZY SWEETENED CORN CEREAL, COCOA CRAZY"
1399061,branded_food,"HONEY ALMOND ANCIENT GRAINS BLEND OF WHOLE GRAIN WHEAT, RICE, SOY, ANCIENT GRAINS, SORGHUM & BLACK RICE FLAKES WITH HONEY & ALMOND PROTEIN CEREAL, HONEY ALMOND ANCIENT GRAINS"
1399074,branded_food,"CRANBERRY ALMOND CRUNCH CEREAL, CRANBERRY ALMOND CRUNCH"
1399289,branded_food,"ALL BERRIES SWEETENED CORN & OAT CEREAL, ALL BERRIES"
1399290,branded_food,"ORGANIC MULTIGRAIN HOT CEREAL WITH RED QUINOA, RED QUINOA"
1399292,branded_food,"DATE & ALMOND MULTIGRAIN HOT CEREAL, DATE & ALMOND"
1399294,branded_food,"BLUEBERRY & ALMOND ORGANIC MULTIGRAIN HOT CEREAL, BLUEBERRY & ALMOND"
1399490,branded_food,"MIXED BERRY LIGHTLY SWEETENED WHOLE GRAIN CEREAL, MIXED BERRY"
1399574,branded_food,"ORIGINAL SWEETENED CORN & OAT CEREAL, ORIGINAL"
1399576,branded_food,"FREEDOM CRUNCH SWEETENED CORN & OAT CEREAL, FREEDOM CRUNCH"
1399673,branded_food,CEREAL
1399678,branded_food,"CINNAMON PECAN CRUNCHY RICE & WHEAT FLAKES WITH PECANS & CINNAMON CEREAL, CINNAMON PECAN"
1399679,branded_food,TOASTED RICE CEREAL
1399680,branded_food,"RED BERRIES CRUNCHY RICE AND WHEAT FLAKES WITH STRAWBERRIES CEREAL, RED BERRIES"
1399681,branded_food,"CRUNCHY SWEETENED THREE-GRAIN CEREAL WITH APPLE & CINNAMON, APPLE & CINNAMON"
1399682,branded_food,"WHEAT BRAN FLAKES NATURAL WHEAT BRAN HIGH FIBER CEREAL, WHEAT BRAN FLAKES"
1399683,branded_food,"ROASTED NUT & HONEY CEREAL, ROASTED NUT & HONEY"
1399687,branded_food,"CRUNCHY SWEETENED THREE-GRAIN CEREAL WITH APPLE & CINNAMON, APPLE & CINNAMON"
1399689,branded_food,"CRUNCHY CINNAMON MULTI-GRAIN CEREAL, CRUNCHY CINNAMON"
1399690,branded_food,"BROWN SUGAR LIGHTLY SWEETENED WHOLE GRAIN CEREAL CRUNCH, BROWN SUGAR"
1399692,branded_food,"FRUIT FLAVOR SWEETENED MULTI-GRAIN CEREAL, FRUIT"
1399696,branded_food,CEREAL
1399702,branded_food,REDUCED SUGAR SWEETENED MULTI-GRAIN CEREAL
1399754,branded_food,"STRAWBERRY SHORTCAKE SWEETENED CORN & OAT CEREAL, STRAWBERRY SHORTCAKE"
1399755,branded_food,"ORIGINAL MULTIGRAIN CEREAL, ORIGINAL"
1399756,branded_food,"CRUNCH BERRIES SWEETENED CORN & OAT CEREAL, CRUNCH BERRIES"
1399812,branded_food,"HONEY NUT HOOPS CEREAL, HONEY NUT HOOPS"
1399818,branded_food,"FROSTED STRAWBERRY FLAVORED CEREAL, FROSTED STRAWBERRY"
1399820,branded_food,"WHOLE OATS, WHOLE GRAIN WHEAT, ALMONDS WITH RAISINS LOW FAT GRANOLA MULTI-GRAIN CEREAL, WHOLE OATS, WHOLE GRAIN WHEAT, ALMONDS WITH RAISINS"
1399869,branded_food,"CINNAMON MULTIGRAIN CEREAL, CINNAMON"
1399875,branded_food,"RAISIN DATE ALMOND MUESLI MULTIGRAIN, DRIED FRUIT, NUT AND SEED CEREAL, RAISIN DATE ALMOND"
1399964,branded_food,"REAL FRUIT CEREAL, REAL FRUIT"
1399966,branded_food,"ORIGINAL WHOLE GRAIN CEREAL, ORIGINAL"
1400088,branded_food,"TOASTED COCONUT & ALMOND FLAVOR CHILLED OAT CEREAL WITH QUINOA & FLAXSEED OVERNIGHT OATS, TOASTED COCONUT & ALMOND"
1400189,branded_food,"CHOCOLATEY CHIP COOKIE BITES CEREAL, CHOCOLATEY CHIP"
1400391,branded_food,CRISPY RICE AND WHEAT CEREAL WITH ALMONDS AND NATURAL VANILLA FLAVOR AND OTHER NATURAL FLAVORS
1400403,branded_food,"CINNAMON ALMOND CEREAL, CINNAMON ALMOND"
1400407,branded_food,"CHOCOLATEY, SWEETENED RICE CEREAL, CHOCOLATE, SWEETENED RICE"
1400411,branded_food,"CHOCOLATE LIGHTLY SWEETENED WHOLE GRAIN WHEAT CEREAL, CHOCOLATE"
1400417,branded_food,"HONEY NUT CEREAL BARS, HONEY NUT"
1400418,branded_food,"MULTIGRAIN OATS & HONEY FLAVORED CRUNCHY WHEAT, RICE & CORN FLAKES WITH OATS & HONEY CEREAL, MULTIGRAIN OATS & HONEY"
1400420,branded_food,"VANILLA ALMOND FLAVORED CRUNCHY RICE & WHEAT FLAKES WITH ALMONDS & VANILLA CEREAL, VANILLA ALMOND"
1400421,branded_food,"PROTEIN PLUS LIGHTLY SWEETENED WHEAT, SOY & RICE FLAKES CEREAL, PROTEIN PLUS"
1400423,branded_food,"CHOCOLATEY DELIGHT FLAVORED CRUNCHY WHEAT & RICE FLAKES WITH CHOCOLATEY PIECES CEREAL, CHOCOLATEY DELIGHT"
1400424,branded_food,"FRUIT & YOGURT FLAVORED CRUNCHY RICE & WHEAT FLAKES WITH OAT & FRUIT CLUSTERS AND YOGURT-COATED CLUSTERS CEREAL, FRUIT & YOGURT"
1400425,branded_food,"STRAWBERRY FLAVORED CEREAL BARS, STRAWBERRY"
1400428,branded_food,"BLUEBERRY MUFFIN LIGHTLY SWEETENED WHOLE GRAIN CEREAL, BLUEBERRY MUFFIN"
1400434,branded_food,FLAKES OF CORN CEREAL
1400439,branded_food,"FRUIT FLAVOR SWEETENED MULTI-GRAIN CEREAL, FRUIT"
1400440,branded_food,SWEETENED PUFFED WHEAT CEREAL
1400442,branded_food,"STRAWBERRY DELIGHT LIGHTLY SWEETENED WHOLE GRAIN WHEAT CEREAL, STRAWBERRY DELIGHT"
1400443,branded_food,"LIGHTLY SWEETENED WHOLE GRAIN WHEAT CEREAL, MAPLE & BROWN SUGAR"
1400447,branded_food,"RED BERRIES CRUNCHY RICE AND WHEAT FLAKES WITH STRAWBERRIES CEREAL, RED BERRIES"
1400448,branded_food,LIGHTLY SWEETENED WHOLE GRAIN WHEAT CEREAL
1400450,branded_food,"FRUIT FLAVOR SWEETENED MULTI-GRAIN CEREAL, FRUIT"
1400514,branded_food,"SNICKERDOODLE COOKIE BITES CEREAL, SNICKERDOODLE"
1400671,branded_food,"MEGA STUF OREO O'S CEREAL, OREO O'S"
1400674,branded_food,"MEGA STUF CEREAL, MEGA STUF"
1400691,branded_food,"BANANA PUDDING CEREAL, BANANA PUDDING"
1400701,branded_food,"SOUR THEN SWEET FLAVORED CEREAL, SOUR THEN SWEET"
1400827,branded_food,"DOUBLE CHOCOLATE CEREAL WITH CHOCOLATE FLAVORED CENTER, DOUBLE CHOCOLATE"
1400828,branded_food,"CHOCOLATEY, SWEETENED RICE CEREAL, CHOCOLATEY, SWEETENED"
1400829,branded_food,"CHOCOLATE CRISPY SHELL OUTSIDE, SMOOTH CHOCOLATE INSIDE CEREAL, CHOCOLATE"
1400929,branded_food,"CHOCOLATEY BERRY SWEETENED CORN & OAT CEREAL, CHOCOLATEY BERRY"
1400932,branded_food,"CHOCOLATEY BERRY SWEETENED CORN & OAT CEREAL, CHOCOLATEY BERRY"
1400986,branded_food,"FRUIT FLAVOR SWEETENED MULTI-GRAIN CEREAL, FRUIT"
1401184,branded_food,"FRUIT RINGS MULTIGRAIN CEREAL, FRUIT RINGS"
1401189,branded_food,"RICE SQUARES CRUNCHY, BITE-SIZE, TOASTED RICE CEREAL, RICE SQUARES"
1401214,branded_food,"HONEY TOASTED OATS CEREAL, HONEY TOASTED OATS"
1401229,branded_food,"PEANUT BUTTER SWEETENED CORN & OAT CEREAL, PEANUT BUTTER"
1401329,branded_food,"ENRICHED WHEAT BRAN WHOLE GRAIN WHEAT CEREAL WITH WHEAT BRAN, ENRICHED WHEAT BRAN"
1401339,branded_food,"STRAWBERRY FLAVORED MULTIGRAIN CEREAL, STRAWBERRY"
1401345,branded_food,"BROWN SUGAR FLAVOR OATMEAL SQUARES CRUNCHY OAT CEREAL, BROWN SUGAR"
1401436,branded_food,"A DELICIOUS BLEND OF CORN FLAKES, FROSTED CORN FLAKES, WHEAT FLAKES AND GRANOLA WITH OATS AND HONEY, HONEY CRUNCH & OATS CEREAL"
1401463,branded_food,"HALLOWEEN CRUNCH SWEETENED CORN & OAT CEREAL, HALLOWEEN CRUNCH"
1401595,branded_food,"PEANUT BUTTER COOKIE BITES CEREAL, PEANUT BUTTER"
1401614,branded_food,"PEANUT BUTTER COOKIE BITES CEREAL, PEANUT BUTTER"
1401798,branded_food,"MORNING O'S HONEY NUT NATURALLY FLAVORED SWEETENED ORGANIC WHOLE GRAIN OAT CEREAL WITH ORGANIC HONEY, MORNING O'S HONEY NUT"
1402038,branded_food,"MAPLE PECAN FLAKES & CLUSTERS CEREAL, MAPLE PECAN FLAKES & CLUSTERS"
1402181,branded_food,"CHOCOLATE CEREAL, CHOCOLATE"
1402186,branded_food,"SWEETENED CEREAL WITH APPLE, CINNAMON AND SPOOKY MARSHMALLOWS, APPLE, CINNAMON AND SPOOKY MARSHMALLOWS"
1402195,branded_food,"SWEETENED MULTI-GRAIN CEREAL WITH SPOOKY MARSHMALLOWS, SPOOKY MARSHMALLOWS"
1402212,branded_food,"NATURAL CHOCOLATE FLAVORED CEREAL, CHOCOLATE"
1402416,branded_food,"PUMPKIN SPICE WHOLE GRAIN CEREAL, PUMPKIN SPICE"
1402417,branded_food,"CHOCOLATEY DELIGHT FLAVORED CRUNCHY WHEAT & RICE FLAKES WITH CHOCOLATEY PIECES CEREAL, CHOCOLATEY DELIGHT"
1402420,branded_food,"S'MORES FLAVORED CEREAL TREAT BARS, S'MORES"
1402421,branded_food,"BLUEBERRY WHOLE GRAIN CEREAL, BLUEBERRY"
1402423,branded_food,"ORIGINAL WHOLE GRAIN CEREAL, ORIGINAL"
1402424,branded_food,"ORIGINAL ANTIOXIDANTS LIGHTLY SWEETENED, TOASTED MULTI-GRAIN FLAKES AND CRUNCHY OAT CLUSTERS CEREAL, ORIGINAL ANTIOXIDANTS"
1402427,branded_food,"BLUEBERRY WITH LEMON CLUSTERS FLAVORED MULTI-GRAIN FLAKES WITH BLUEBERRY OAT CLUSTERS AND LEMON FLAVORED CLUSTERS CEREAL, BLUEBERRY WITH LEMON CLUSTERS"
1402428,branded_food,"STRAWBERRY FLAVORED WHOLE GRAIN CEREAL, STRAWBERRY"
1402433,branded_food,"FRUIT & YOGURT FLAVORED CRUNCHY WHEAT & RICE FLAKES WITH OAT & FRUIT CLUSTERS & YOGURT-COATED CLUSTERS CEREAL, FRUIT & YOGURT"
1402434,branded_food,CEREAL
1402437,branded_food,"STRAWBERRY FLAVORED SWEETENED RICE CEREAL, STRAWBERRY"
1402439,branded_food,"ORIGINAL A WHEAT BRAN CEREAL, ORIGINAL"
1402441,branded_food,SWEETENED CORN CEREAL
1402442,branded_food,"SWEETENED MULTI-GRAIN CEREAL WITH MARSHMALLOWS, MARSHMALLOWS"
1402443,branded_food,"RED BERRIES CRUNCHY WHEAT & RICE FLAKES WITH REAL STRAWBERRIES CEREAL, RED BERRIES"
1402456,branded_food,"CRANBERRY & ALMOND HONEY GLAZED CORN FLAKES, BRAN FLAKES, HONEY OAT CLUSTERS, CRANBERRIES, CORN FLAKES AND ALMONDS CEREAL, CRANBERRY & ALMOND"
1402479,branded_food,"CINNAMON CHURRO CRUNCH WITH PECANS, CINNAMON YOGURT-FLAVORED PRETZEL BALLS, YOGURT-FLAVORED CONFECTIONERY CHIPS, ALMONDS, SEASONED CORN STICKS & CINNAMON MULTIGRAIN CEREAL SQUARES, CINNAMON CHURRO CRUNCH"
1402491,branded_food,"ORIGINAL WHOLE GRAIN CEREAL, ORIGINAL"
1402495,branded_food,"VANILLA ALMOND FLAVORED CEREAL, VANILLA ALMOND"
1402497,branded_food,"CEREAL WITH BANANAS, BANANAS"
1402500,branded_food,"DELICIOUS RAISINS AND CRANBERRIES BLENDED WITH CRISP BRAN FLAKES CEREAL, CRANBERRIES"
1402580,branded_food,"PUMPKIN SPICE FLAVORED CEREAL, PUMPKIN SPICE"
1402591,branded_food,"WILD BERRY FLAVORED SWEETENED MULTI-GRAIN CEREAL, WILD BERRY"
1402714,branded_food,"SWEETENED RICE CEREAL, SWEETENED RICE"
1402988,branded_food,"ALMOND CRISP 100% NATURAL ENERGY CEREAL, ALMOND CRISP"
1402989,branded_food,CEREAL
1402990,branded_food,"TOY STORY 4, CARNIVAL BERRY FLAVORED CEREAL, CARNIVAL BERRY"
1402991,branded_food,"HONEY ALMOND ANCIENT GRAINS BLEND OF WHOLE GRAIN WHEAT, RICE, SOY, ANCIENT GRAINS, SORGHUM & BLACK RICE FLAKES WITH HONEY & ALMOND PROTEIN CEREAL, HONEY ALMOND ANCIENT GRAINS"
1402995,branded_food,SWEETENED TOASTED RICE CEREAL
1403000,branded_food,"SWEETENED TOASTED RICE CEREAL WITH MARSHMALLOWS, MARSHMALLOWS"
1403001,branded_food,"ORIGINAL WHOLE GRAIN CEREAL, ORIGINAL"
1403003,branded_food,"STRAWBERRY BIRTHDAY CAKE FLAVORED SWEETENED MULTIGRAIN CEREAL, STRAWBERRY BIRTHDAY CAKE"
1403004,branded_food,"APPLE CINNAMON CRUNCH FLAVORED CRUNCHY WHEAT & RICE FLAKES WITH APPLE CINNAMON CLUSTERS CEREAL, APPLE CINNAMON CRUNCH"
1403083,branded_food,"CRUNCH BERRIES XL SWEETENED CORN & OAT CEREAL, CRUNCH BERRIES"
1403147,branded_food,"CRUNCH BERRIES XL SWEETENED CORN & OAT CEREAL, CRUNCH BERRIES"
1403150,branded_food,"PEANUT BUTTER XL SWEETENED CORN & OAT CEREAL, PEANUT BUTTER"
1403225,branded_food,"SNICKER DOODLES SWEETENED CORN CEREAL, SNICKER DOODLES"
1403242,branded_food,"UNSWEETENED WITH CHIA SEEDS CHILLED OAT CEREAL WITH FLAXSEED & QUINOA OVERNIGHT OATS, UNSWEETENED WITH CHIA SEEDS"
1403388,branded_food,"CHOCOLATEY, SWEETENED RICE CEREAL, CHOCOLATEY"
1403391,branded_food,"REAL PEANUT BUTTER CEREAL, PEANUT BUTTER"
1403579,branded_food,"TOASTED OATS TOASTED WHOLE GRAIN OAT CEREAL, TOASTED OATS"
1403827,branded_food,"BLUEBERRY PANCAKE SWEETENED CORN & OAT CEREAL, BLUEBERRY PANCAKE"
1403828,branded_food,"SWEETENED WHOLE WHEAT & RICE CEREAL, SWEETENED"
1403951,branded_food,"SWEETENED MULTI-GRAIN CEREAL WITH SPOOKY MARSHMALLOWS, SPOOKY MARSHMALLOWS"
1403961,branded_food,TOASTED WHOLE GRAIN OAT CEREAL
1403981,branded_food,FIBER WAY TOASTED CORN WHEAT & WHEAT BRAN CEREAL
1403985,branded_food,WHEAT & BRAN CEREAL WITH RAISINS
1404013,branded_food,WHOLE GRAIN SHREDDED WHEAT CEREAL
1404014,branded_food,APPLE CRUNCH SWEETENED MULTI-GRAIN CEREAL
1404015,branded_food,CRANBERRY ALMOND HARVEST CEREAL
1404037,branded_food,HONEY NUT TOASTED OATS SWEETENED WHOLE GRAIN OAT CEREAL WITH HONEY
1404053,branded_food,TOASTED WHOLE GRAIN WHEAT & BRAN CEREAL WITH RAISIN BRAN
1404065,branded_food,"STRAWBERRY HAZELNUT CAULI HOT CEREAL, STRAWBERRY HAZELNUT"
1404100,branded_food,"FRUITY CEREAL MACROS BARS, FRUITY"
1404118,branded_food,"MACROS FRUITY CEREAL BAR, MACROS FRUITY CEREAL"
1404129,branded_food,CRISPY ALMONDS LIGHTLY SWEETENED CORN & WHOLE WHEAT FLAKE CEREAL WITH GRANOLA HONEY & OATS CLUSTERS
1404165,branded_food,HONEY OAT CLUSTER CRUNCH CEREAL WITH ALMONDS
1404166,branded_food,FROSTED WHOLE GRAIN OAT CEREAL WITH MARSHMALLOWS TREASURES
1404181,branded_food,CRISPY TOASTED RICE CEREAL
1404206,branded_food,BERRY TREASURE SWEETENED CORN & OAT CEREAL
1404386,branded_food,SWEETENED MULTIGRAIN APPLE & CINNAMON FLAVORED CEREAL
1404389,branded_food,TOASTED RICE SQUARES CEREAL
1404390,branded_food,CRUNCHY RICE & WHEAT FLAKES WITH STRAWBERRIES CEREAL
1404394,branded_food,"FRUITY ROLLS SWEETENED MULTI-GRAIN CEREAL WITH NATURAL FRUIT, FRUIT"
1404406,branded_food,TOASTED WHOLE GRAIN OAT CEREAL WITH MARSHMALLOWS
1404419,branded_food,VANILLA & ALMOND SWEETENED CRUNCH RICE & WHEAT FLAKES WITH ALMONDS SPECIAL CEREAL
1404469,branded_food,"HONEY NUT O'S FLAVORED SWEETENED WHOLE GRAIN OAT CEREAL WITH HONEY, HONEY NUT O'S"
1404554,branded_food,"TOASTED OATS WHOLE GRAIN OAT CEREAL, TOASTED OATS"
1404592,branded_food,"TASTEEOS, SWEETENED MULTI-GRAIN CEREAL"
1404593,branded_food,"TASTEEOS, APPLE CINNAMON APPLE & CINNAMON SWEETENED OAT CEREAL, APPLE CINNAMON"
1404594,branded_food,"TASTEEOS, HONEY NUT FLAVORED SWEETENED TOASTED OAT CEREAL WITH REAL HONEY & NATURAL ALMOND FLAVOR, HONEY NUT"
1404599,branded_food,"GRANOLA WITH RAISINS LOW FAT CEREAL WITH SWEETENED WHOLE GRAIN OATS, WHOLE GRAIN WHEAT FLAKES AND PUFFED RICE WITH PLUMP RAISINS AND ALMONDS, GRANOLA WITH RAISINS"
1404602,branded_food,"FRUITY FLAVORED CRISP RICE CEREAL, FRUITY"
1404603,branded_food,"OATS & MORE, TOASTED MULTI-GRAIN CEREAL WITH HONEY OAT CLUSTERS & ALMONDS, ALMONDS"
1404605,branded_food,"RAISIN BRAN CRUNCHY WHEAT FLAKES WITH RAISINS CEREAL, RAISIN BRAN"
1404608,branded_food,"COCOA PEANUT BUTTER SPHERES SWEETENED CORN CEREAL WITH PEANUT BUTTER AND COCOA, COCOA PEANUT BUTTER"
1404636,branded_food,"COCOA CRUNCHIES SWEETENED CORN CEREAL WITH REAL COCOA AND NATURAL CHOCOLATE FLAVOR, CHOCOLATE"
1404643,branded_food,"OATS & MORE, TOASTED MULTI-GRAIN CEREAL WITH HONEY OAT CLUSTERS WITH HONEY, HONEY"
1404644,branded_food,"CORN FLAKES TOASTED FLAKES OF CORN CEREAL, CORN FLAKES"
1404648,branded_food,"GRANOLA LOW FAT CEREAL WITH SWEETENED WHOLE GRAIN OATS, WHOLE GRAIN WHEAT FLAKES AND PUFFED RICE MIXED WITH ALMONDS AND MOLASSES, BAKED INTO CRUNCHY CLUSTERS, GRANOLA"
1404659,branded_food,"SHREDDED WHEAT BITE SIZE WHOLE GRAIN WHEAT CEREAL, SHREDDED WHEAT"
1404660,branded_food,"DOUBLE CRUNCH BLEND OF CORN & RICE CEREAL, DOUBLE CRUNCH"
1404663,branded_food,"TOASTED WHEAT CEREAL, TOASTED WHEAT"
1404700,branded_food,"FROSTED FLAKES SWEETENED CORN CEREAL, FROSTED FLAKES"
1404713,branded_food,"HONEY & OATS WITH ALMONDS TOASTED MULTI-GRAIN CEREAL WITH HONEY OAT CLUSTERS & ALMONDS, HONEY & OATS WITH ALMONDS"
1404776,branded_food,"CRISP RICE FAT FREE OVEN-TOASTED RICE CEREAL, CRISP RICE"
1404848,branded_food,"GRANOLA WITH OATS, WHEAT, HONEY & ALMONDS CEREAL, GRANOLA WITH OATS, WHEAT, HONEY & ALMONDS"
1404877,branded_food,CORN FLAKES CEREAL
1404924,branded_food,"HONEY BUN CEREAL, HONEY BUN"
1404960,branded_food,"COOKIE DOUGH FLAVORED CEREAL WITH MARSHMALLOWS, COOKIE DOUGH"
1405002,branded_food,ORGANIC WHOLE WHEAT & BRAN FLAKES WITH RAISINS CEREAL
1405089,branded_food,"POWDERED MINI DONUTS CEREAL, POWDERED"
1405456,branded_food,"SWEETENED CEREAL WITH APPLE, CINNAMON & MARSHMALLOWS, APPLE, CINNAMON & MARSHMALLOWS"
1405492,branded_food,TOASTED OATS CEREAL
1405499,branded_food,"FRUITY CEREAL CARB WISE PROTEIN POWDER, FRUITY CEREAL"
1405559,branded_food,"RAISIN, DATE & ALMOND MUESLI CEREAL"
1405632,branded_food,CRISP 6 BLENDED CORN & RICE CEREAL
1405722,branded_food,SWEETENED NATURALLY & ARTIFICIALLY FLAVORED CORN PUFF CEREAL WITH REAL COCOA CRUNCHIES CEREAL
1405725,branded_food,SWEETENED WHOLE WHEAT AND RICE CEREAL WITH CINNAMON
1405835,branded_food,"PUMPKIN SPICE FLAVORED CRUNCHY WHEAT & RICE FLAKES WITH NUTMEG, ALLSPICE, GINGER & CINNAMON CLUSTERS CEREAL, PUMPKIN SPICE"
1406200,branded_food,"MILK AND WHITE CHOCOLATE FLAVORED ICE CREAM SURROUND A LAYER OF CHOCOLATE GANACHE, ALL COATED IN DARK CHOCOLATE AND CEREAL CRUNCHIES BARS"
1406270,branded_food,LOW FAT GRANOLA CEREAL
1406309,branded_food,STRAWBERRY CREAM BITE-SIZED FROSTED SHREDDED WHEAT CEREAL
1406350,branded_food,FROSTED SWEETENED FLAKES OF CORN CEREAL
1406390,branded_food,"SWEETENED WHOLE GRAIN WHEAT & OAT CEREAL FINISHED WITH REAL HONEY & ROASTED GROUND ALMONDS FALCON FLAKES, REAL HONEY & ROASTED GROUND ALMONDS"
1406401,branded_food,LOW FAT GRANOLA CEREAL WITH RAISINS
1406403,branded_food,WHOLE GRAIN WHEAT & BRAN FLAKES CEREAL
1406404,branded_food,"RAISIN PECAN CRISP MULTIGRAIN CEREAL WITH RAISINS, DATES & PECANS HARVEST CEREAL"
1406557,branded_food,CORN FLAKES CRISPY TOASTED CEREAL
1406588,branded_food,WHOLE GRAIN WHEAT & BRAN FLAKES CEREAL
1406652,branded_food,"CINNAMON POWER O'S TOASTED RICE & BEAN CEREAL, CINNAMON"
1406823,branded_food,"ORIGINAL SWEETENED CORN & OAT CEREAL, ORIGINAL"
1406849,branded_food,"COCOA PEANUT BUTTER CEREAL, COCOA PEANUT BUTTER"
1406939,branded_food,"CRISPY TOASTED RICE CEREAL, CRISPY RICE"
1406991,branded_food,"CEREAL MILK POPCAKES, CEREAL MILK"
1407050,branded_food,"TASTEEOS, TOASTED OAT CEREAL, TOASTED OAT"
1407099,branded_food,"APPLE LOONS, SWEETENED MULTI-GRAIN APPLE CEREAL, APPLE"
1407289,branded_food,"MILK & CEREAL BREAKFAST BISCUITS, MILK & CEREAL"
1407339,branded_food,"CRISPY RICE TOASTED RICE CEREAL, CRISPY RICE"
1407354,branded_food,"BERRY FIN-TASTIC WITH MARSHMALLOWS FLAVORED CEREAL, BERRY FIN-TASTIC WITH MARSHMALLOWS"
1407356,branded_food,"SWEETENED MULTIGRAIN CEREAL, SWEETENED MULTIGRAIN"
1407361,branded_food,"BERRY FIN-TASTIC WITH MARSHMALLOWS FLAVORED CEREAL, BERRY FIN-TASTIC WITH MARSHMALLOWS"
1407434,branded_food,"RED BERRIES CRUNCHY WHEAT & RICE FLAKES WITH REAL STRAWBERRIES CEREAL, RED BERRIES"
1407436,branded_food,"HONEY ALMOND ANCIENT GRAINS BLEND OF WHOLE GRAIN WHEAT, RICE, SOY, ANCIENT GRAINS, SORGHUM & BLACK RICE FLAKES WITH HONEY & ALMOND PROTEIN CEREAL, HONEY ALMOND ANCIENT GRAINS"
1407649,branded_food,"APPLE CINNAMON FRUIT & GRAIN CEREAL BARS, APPLE CINNAMON"
1407677,branded_food,"PUMPKIN SPICE WHOLE GRAIN CEREAL, PUMPKIN SPICE"
1407708,branded_food,"TOASTED OATS CEREAL, TOASTED OATS"
1407806,branded_food,"BERRY GRANOLA CRUNCH WHOLE OAT CLUSTERS & MULTIGRAIN FLAKES CEREAL WITH DRIED CRANBERRIES, CHERRIES & BLUEBERRIES, CRUNCH, DRIED CRANBERRIES, CHERRIES & BLUEBERRIES"
1407811,branded_food,"VANILLA GRANOLA CLUSTERS WHOLE GRAIN ROLLED OAT CLUSTERS CEREAL WITH ALMONDS, VANILLA"
1407813,branded_food,"FALL HARVEST WHOLE OAT CLUSTERS & MULTI-GRAIN FLAKES CEREAL WITH DRIED CRANBERRIES, PUMPKIN SEEDS & APPLES"
1407820,branded_food,"CRUNCH SWEETENED WHOLE GRAIN CEREAL, CRUNCH"
1407824,branded_food,"MAPLE PECAN CRUNCH WHOLE OAT CLUSTERS & CORN FLAKES CEREAL WITH PECANS & MAPLE SYRUP, MAPLE PECAN CRUNCH"
1407854,branded_food,"ALL BERRIES SWEETENED CORN & OAT CEREAL, ALL BERRIES"
1407855,branded_food,"CRUNCH BERRIES SWEETENED CORN & OAT CEREAL, CRUNCH BERRIES"
1407858,branded_food,"COTTON CANDY SWEETENED CORN & OAT CEREAL, COTTON CANDY"
1407859,branded_food,"SOCCER CRUNCH SWEETENED CORN & OAT CEREAL, SOCCER CRUNCH"
1407861,branded_food,"SWEETENED CORN & OAT CEREAL, SWEETENED"
1407888,branded_food,"CHOCOLATE FLAVORED CEREAL WITH SPOOOKY MARSHMALLOWS, CHOCOLATE WITH SPOOOKY MARSHMALLOWS"
1408232,branded_food,"GOLDEN HONEY SWEETENED PUFFED WHEAT CEREAL, GOLDEN HONEY"
1408233,branded_food,FROSTED SHREDDED WHEAT SWEETENED WHOLE GRAIN CEREAL
1408234,branded_food,"FROSTED FLAKES SWEETENED CORN CEREAL, FROSTED FLAKES"
1408245,branded_food,"RED, WHITE & BLUE BERRIES SWEETENED CORN & OAT CEREAL, RED, WHITE & BLUE BERRIES"
1408285,branded_food,"TOASTED OATS WHOLE GRAIN OAT CEREAL, TOASTED OATS"
1408286,branded_food,"CORN FLAKES TOASTED CORN CEREAL, CORN FLAKES"
1408287,branded_food,"HONEY NUT TOASTED OATS SWEETENED TOASTED OAT CEREAL WITH HONEY & ALMONDS, HONEY NUT TOASTED OATS"
1408337,branded_food,CRUNCHY OAT CEREAL
1408428,branded_food,"SAFARI COCOA CRUNCH SWEETENED CORN PUFF CEREAL WITH REAL COCOA, SAFARI COCOA CRUNCH"
1408439,branded_food,"STRAWBERRY FRUIT & GRAIN LOW FAT CEREAL BARS, STRAWBERRY"
1408461,branded_food,"SUGAR FROSTED FLAKES SWEETENED CORN CEREAL, FROSTED FLAKES"
1408462,branded_food,TOASTED CRISP RICE CEREAL
1408463,branded_food,"FRUIT WHIRLS SWEETENED MULTI-GRAIN CEREAL, FRUIT WHIRLS"
1408464,branded_food,"SWEETENED MULTIGRAIN CEREAL WITH REAL APPLE WHIRLS & CINNAMON, APPLE WHIRLS & CINNAMON"
1408465,branded_food,"BERRY BUNCH O'KRUNCH SWEETENED CORN & OAT CEREAL, BERRY BUNCH O'KRUNCH"
1408472,branded_food,"MAGIC SHAPES SWEETENED TOASTED OAT CEREAL WITH MARSHMALLOWS, MARSHMALLOWS"
1408515,branded_food,"BLUEBERRY FLAVORED FROSTED BITE SIZE LIGHTLY SWEETENED SHREDDED WHOLE GRAIN WHEAT CEREAL, BLUEBERRY"
1408588,branded_food,"APPLE BLUEBERRY OVERNIGHT OATS + PROBIOTICS CHILLED CEREAL, APPLE BLUEBERRY"
1408589,branded_food,"CRANBERRY MAPLE OVERNIGHT OATS CHILLED CEREAL, CRANBERRY MAPLE"
1408638,branded_food,"TOASTED MULTIGRAIN CEREAL WITH HONEY OAT CLUSTERS, OATS & HONEY"
1409069,branded_food,"CHOCOLATE FLAVORED CEREAL WITH MARSHMALLOWS, CHOCOLATE WITH MARSHMALLOWS"
1409118,branded_food,TOASTED RICE CEREAL
1409390,branded_food,"MULTIGRAIN WITH FLAX WITH OATS, WHEAT, RYE AND BARLEY INSTANT HOT CEREAL, MULTIGRAIN WITH FLAX"
1409444,branded_food,"COTTON CANDY SWEETENED CORN & OAT CEREAL, COTTON CANDY"
1409540,branded_food,"PUMPKIN SPICE FLAVORED MULTIGRAIN CEREAL, PUMPKIN SPICE"
1409681,branded_food,"FIBER ACTIVE, TOASTED CORN & WHEAT CEREAL, TOASTED CORN & WHEAT"
1409683,branded_food,"TOASTED CORN CRUNCHY TOASTED CORN CEREAL, TOASTED CORN"
1409844,branded_food,"CRUNCHY CASHEWS WILD BLUEBERRIES GOLDEN TURMERIC COCONUT-BASED CEREAL GOLDEN HOUR MIX, CRUNCHY CASHEWS WILD BLUEBERRIES GOLDEN TURMERIC"
1410150,branded_food,"TASTEEOS, MULTI-GRAIN LIGHTLY SWEETENED CORN, OAT, BARLEY, WHEAT AND RICE CEREAL, MULTI-GRAIN"
1410160,branded_food,"STRAWBERRY FROSTED SHREDDED WHEAT BITE SIZE SWEETENED WHOLE GRAIN CEREAL, STRAWBERRY FROSTED SHREDDED WHEAT"
1410193,branded_food,"MARSHMALLOW DREAMS FROSTED WHOLE GRAIN OAT CEREAL WITH MARSHMALLOWS, MARSHMALLOW DREAMS"
1410204,branded_food,"SWEETENED MULTI-GRAIN CEREAL, SWEETENED"
1410219,branded_food,"APPLE CINNAMON FRUIT & GRAIN CEREAL BARS, APPLE CINNAMON"
1410306,branded_food,"FRUITY HOOPS CEREAL SWEETS IN PINK CONFECTION, FRUITY HOOPS"
1410407,branded_food,CEREAL SWEETS FRUITY CRISPED RICE IN WHITE CONFECTION
1410431,branded_food,"PECAN CEREAL YOGURT SMOOTHIE, PECAN CEREAL"
1410654,branded_food,"CINNAMON ALMOND CAULI HOT CEREAL, CINNAMON ALMOND"
1410657,branded_food,"CINNAMON CEREAL IN MILK CHOCOLATE CEREAL SWEETS, CINNAMON"
1410666,branded_food,"ORIGINAL SWEETENED CORN & OAT CEREAL, ORIGINAL"
1410689,branded_food,"CINNAMON CEREAL IN A CUP, CINNAMON"
1410709,branded_food,"CINNAMON OF CORN CEREAL, CINNAMON"
1410728,branded_food,"FROSTED FLAKES SWEETENED CORN CEREAL, FROSTED FLAKES"
1410736,branded_food,"APPLE WOWS SWEETENED MULTI-GRAIN CEREAL & CINNAMON, APPLE WOWS"
1411029,branded_food,"HONEY PUFFED WHEAT SWEETENED WHEAT CEREAL WITH REAL HONEY, HONEY PUFFED WHEAT"
1411054,branded_food,"LIGHTLY TOASTED CORN FLAKES CEREAL, LIGHTLY TOASTED"
1411056,branded_food,"ORIGINAL MULTIGRAIN SPOONFULS CEREAL, ORIGINAL MULTIGRAIN"
1411132,branded_food,"SWEETENED MULTI-GRAIN CEREAL WITH REAL APPLES & CINNAMON HOOTS, APPLES & CINNAMON"
1411142,branded_food,"SWEETENED MULTI-GRAIN CEREAL FRUITY HOOTS, SWEETENED"
1411592,branded_food,"MARSHMALLOW RICE CEREAL TREAT, MARSHMALLOW"
1411680,branded_food,"CINNAMON ORGANIC GRAIN-FREE OS TOASTED CASSAVA CEREAL WITH PLANT PROTEIN, CINNAMON"
1411725,branded_food,"NEAPOLITAN VANILLA AND STRAWBERRY FLAVORED ICE CREAM SURROUND A LAYER OF CHOCOLATE GANACHE, ALL COATED IN MILK CHOCOLATE AND CEREAL CRUNCHIES DECADENT DELIGHTS BARS, NEAPOLITAN"
1411976,branded_food,"FRUIT & CRISP CEREAL WITH REAL RAISINS, DATES & PECANS, FRUIT & CRISP"
1411995,branded_food,"CRANBERRY ALMOND CRUNCH CRUNCHY CORN FLAKES, WHEAT BRAN FLAKES, HONEY OAT CLUSTERS, CRANBERRIES CEREAL, CRANBERRY ALMOND CRUNCH"
1412046,branded_food,"BLUEBERRY FRUIT & GRAIN CEREAL BARS, BLUEBERRY"
1412170,branded_food,"ORGANIC OAT CEREAL, ORIGINAL"
1412248,branded_food,"HONEY NUT TOASTED OATS SWEETENED WHOLE GRAIN OAT CEREAL WITH REAL HONEY & ALMONDS, HONEY NUT TOASTED OATS"
1412309,branded_food,"ORIGINAL WHOLE GRAIN CEREAL, ORIGINAL"
1412440,branded_food,"HONEY GRAIN FREE CEREAL, HONEY"
1412449,branded_food,"ORIGINAL CEREAL, ORIGINAL"
1412455,branded_food,"10 GRAIN HOT CEREAL, 10 GRAIN"
1412483,branded_food,"KOO-KIES, SNICKERDOODLE SWEETENED CORN CEREAL, SNICKERDOODLE"
1412536,branded_food,CEREAL
1413130,branded_food,"CINNAMON SQUARES ORGANIC CRUNCHY CEREAL, CINNAMON SQUARES"
1413309,branded_food,"FANTASTIC FRUIT FLAVORED WITH GLITTERY SPARKLES CEREAL, FANTASTIC FRUIT"
1413432,branded_food,"ORGANIC PEANUT BUTTER DOTS SWEETENED CORN & OAT CEREAL, PEANUT BUTTER DOTS"
1413450,branded_food,"MARSHMALLOWS CEREAL, MARSHMALLOWS"
1413501,branded_food,"PEANUT BUTTER & COCOA DOTS ORGANIC SWEETENED CORN & OAT CEREAL, PEANUT BUTTER & COCOA DOTS"
1413544,branded_food,"MAGIC SHAPES SWEETENED TOASTED OAT CEREAL WITH MARSHMALLOWS, MAGIC SHAPES"
1413676,branded_food,"FRUITY POST WORKOUT RECOVERY IOWHEY PROTEIN STRENGTH CEREAL, FRUITY"
1414839,branded_food,"KAMUT HOT CEREAL, KAMUT"
1414844,branded_food,"8 GRAIN HOT CEREAL, 8 GRAIN"
1414849,branded_food,"5 GRAIN HOT CEREAL, 5 GRAIN"
1414851,branded_food,"CREAMY BUCKWHEAT HOT CEREAL, CREAMY BUCKWHEAT"
1414860,branded_food,"5 GRAIN HOT CEREAL, 5 GRAIN"
1414861,branded_food,"6 GRAIN HOT CEREAL, 6 GRAIN"
1414864,branded_food,"CREAMY WHEAT HOT CEREAL, CREAMY WHEAT"
1414875,branded_food,"7 GRAIN HOT CEREAL, 7 GRAIN"
1414886,branded_food,"CREAMY BROWN RICE HOT CEREAL, CREAMY BROWN RICE"
1414901,branded_food,CEREAL
1414973,branded_food,"HONEY OATS & FLAKES WITH STRAWBERRIES SWEETENED MULTIGRAIN CEREAL WITH REAL STRAWBERRIES & HONEY OAT CLUSTERS, HONEY OATS & FLAKES WITH STRAWBERRIES"
1415054,branded_food,A NON ALCOHOLIC CEREAL BEVERAGE
1415714,branded_food,"CEREAL WITH ALMONDS, ALMONDS"
1415756,branded_food,"FROSTED CEREAL, FROSTED"
1415816,branded_food,"SWEETENED CEREAL WITH APPLE & CINNAMON HOOPS, SWEETENED CEREAL WITH APPLE & CINNAMON"
1416354,branded_food,"TOASTED OATS WHOLE GRAIN OAT CEREAL, TOASTED OATS"
1417026,branded_food,"MIGHTY TASTY HOT CEREAL, MIGHTY TASTY"
1417028,branded_food,"CREAMY WHEAT HOT CEREAL, CREAMY WHEAT"
1417628,branded_food,"FRUIT FLAVOR MARSHMALLOW CEREAL BARS TREATS, FRUIT"
1417678,branded_food,"RAISIN CLUSTER CRUNCH CEREAL, RAISIN CLUSTER CRUNCH"
1417830,branded_food,"FROSTED CEREAL, FROSTED"
1417950,branded_food,"CINNAMON GRAIN FREE CEREAL, CINNAMON"
1417951,branded_food,"UNSWEETENED GRAIN FREE CEREAL, UNSWEETENED"
1418006,branded_food,"BLUEBERRY FLAVORED MUFFIN TOASTERS CEREAL, BLUEBERRY"
1418196,branded_food,"MIXED BERRY FRUIT & GRAIN CEREAL BARS, MIXED BERRY"
1418437,branded_food,"FROSTED SHREDDED WHEAT BITE SIZE WHOLE GRAIN WHEAT CEREAL, FROSTED SHREDDED WHEAT"
1418951,branded_food,"BLUEBERRY FLAVORED WAFFLE CEREAL, BLUEBERRY"
1418952,branded_food,"ORIGINAL TOASTED RICE CEREAL, ORIGINAL"
1418977,branded_food,"DARK CHOCOLATE KETO FRIENDLY CEREAL, DARK CHOCOLATE"
1418995,branded_food,"BLUEBERRY FLAVORED WAFFLE CEREAL, BLUEBERRY"
1419005,branded_food,"CINNAMON TOAST KETO CEREAL, CINNAMON TOAST"
1419101,branded_food,"FRUIT & GRAIN RASPBERRY CEREAL BARS, RASPBERRY"
1419221,branded_food,"APPLE CINNAMON HOT CEREAL WITH ROLLED OATS, RED QUINOA, BLACK CHIA, APPLE CINNAMON, ROLLED OATS, RED QUINOA, BLACK CHIA"
1419392,branded_food,"CINNAMON TOAST ICE CREAM WITH CINNAMON SUGAR SHORTBREAD PIECES AND A SWEET FROSTING SWIRL CEREAL BOWL, CINNAMON TOAST, CINNAMON SUGAR SHORTBREAD, SWEET FROSTING SWIRL"
1419415,branded_food,"FRUITY JURASSIC BITES SWEETENED RICE CEREAL, FRUITY"
1419565,branded_food,"TASTEEOS, PEANUT BUTTER SWEETENED MULTI-GRAIN CEREAL MADE WITH REAL PEANUT BUTTER, PEANUT BUTTER"
1419690,branded_food,"SNICKERDOODLE DUNKSTERS SWEETENED CORN CEREAL DUSTED WITH SUGAR & CINNAMON, SNICKERDOODLE DUNKSTERS"
1419839,branded_food,HOSTESS TWINKIES CEREAL
1420059,branded_food,"MARSHMALLOW FLAVORED CEREAL, MARSHMALLOW"
1420287,branded_food,CEREAL
1420381,branded_food,"BANANA FLAVORED CRUNCHY WHEAT & RICE FLAKES WITH REAL BANANAS CEREAL, BANANA"
1420740,branded_food,"FALL MAPLE TRAIL MIX WITH A BLEND OF ROASTED SALTED PEANUTS, RAISINS, MAPLE GLAZED PECANS, MAPLE FLAVORED CEREAL SQUARES, YOGURT FLAVORED CHIPS & DRIED SWEETENED CRANBERRIES, FALL MAPLE"
1421070,branded_food,"PUFFED MULTIGRAIN CEREAL WITH PEANUT BUTTER, PEANUT BUTTER"
1421352,branded_food,"LEAF & OLAF MARSHMALLOWS CEREAL, LEAF & OLAF MARSHMALLOWS"
1421482,branded_food,"APPLE STRAWBERRY FLAVORED CUTIE O'S CEREAL, APPLE STRAWBERRY"
1421484,branded_food,"CHOCOLATEY STRAWBERRY CRUNCHY WHEAT AND RICE FLAKES WITH CHOCOLATEY PIECES & REAL STRAWBERRIES CEREAL, CHOCOLATEY STRAWBERRY"
1421565,branded_food,"COCO KRUNCH SWEETENED RICE CEREAL, COCO KRUNCH"
1421599,branded_food,"GRANOLA CEREAL WITH RAISINS A BLEND OF WHOLE GRAIN ROLLED OATS AND WHEAT, RAISINS AND ALMONDS, SWEETENED WITH BROWN SUGAR AND HONEY, GRANOLA"
1421600,branded_food,"RAISIN BRAN HEARTY WHEAT & BRAN FLAKES WITH RAISINS CEREAL, RAISIN BRAN"
1421601,branded_food,"OATS & MORE, TOASTED MULTI-GRAIN CEREAL WITH HONEY OAT CLUSTERS WITH REAL STRAWBERRIES, REAL STRAWBERRIES"
1421602,branded_food,"OATS & MORE, TOASTED MULTI-GRAIN CEREAL WITH HONEY OAT CLUSTERS WITH HONEY, HONEY"
1421629,branded_food,"SHREDDED WHEAT BIG BISCUIT CEREAL, SHREDDED WHEAT"
1422113,branded_food,CEREAL
1422279,branded_food,"CRACKLING FRUIT CRISPS SWEETENED RICE CEREAL, CRACKLING FRUIT CRISPS"
1422462,branded_food,"HONEY TOASTED OATS CEREAL, HONEY"
1422548,branded_food,"RICE CRISP CEREAL, RICE CRISP"
1422568,branded_food,ORGANIC TOASTED O'S CEREAL
1422859,branded_food,"TOASTED CORN BRAN & WHEAT FIBER ESSENTIALS CEREAL, TOASTED CORN BRAN & WHEAT"
1423029,branded_food,"COCONUT FLAKES TOASTED CEREAL, COCONUT FLAKES"
1423030,branded_food,"CINNAMON FLAKES TOASTED CEREAL, CINNAMON FLAKES"
1423031,branded_food,"VANILLA O'S TOASTED CEREAL, VANILLA"
1423294,branded_food,"LIGHTLY SWEETENED 100% PREMIUM QUINOA TOASTED ORGANIC CEREAL, LIGHTLY SWEETENED"
1423463,branded_food,"SHREDDED WHEAT BITE SIZE WHOLE GRAIN CEREAL, SHREDDED WHEAT"
1423803,branded_food,"UNSWEETENED QUINOA MULTIGRAIN ORGANIC CREAMY HOT BREAKFAST WHOLE GRAIN CEREAL, UNSWEETENED QUINOA MULTIGRAIN"
1423804,branded_food,"UNSWEETENED AMARANTH MULTIGRAIN ORGANIC CREAMY HOT BREAKFAST WHOLE GRAIN CEREAL, UNSWEETENED AMARANTH MULTIGRAIN"
1423809,branded_food,"BERRY LLAMA FLAVORED INSTANT OATMEAL WITH HIDDEN VEGGIES*, BERRY CEREAL"
1423811,branded_food,"FRUITY HOOPS CEREAL FLAVOR INSTANT OATMEAL, FRUITY HOOPS CEREAL"
1424016,branded_food,"TOASTED OATS WHOLE GRAIN OAT CEREAL, TOASTED OATS"
1424022,branded_food,"FANTASTIC FRUIT FLAVORED WITH GLITTERY SPARKLES CEREAL, FANTASTIC FRUIT"
1424025,branded_food,MAPLE BROWN SUGAR WHOLE GRAIN CEREAL
1424032,branded_food,"MIXED BERRY FLAVORED FILLED WHOLE GRAIN CEREAL, MIXED BERRY"
1424043,branded_food,"SWEETENED CEREAL WITH APPLE & CINNAMON, APPLE & CINNAMON"
1424073,branded_food,"SWEETENED CEREAL WITH APPLE, CINNAMON & MARSHMALLOWS, APPLE, CINNAMON & MARSHMALLOWS"
1424114,branded_food,"SWEETENED RICE CEREAL, SWEETENED"
1424171,branded_food,"BIRTHDAY CAKE REMIX CAKE BATTER FLAVORED CEREAL WITH CHOCOLATE FLAVORED MARSHMALLOWS, BIRTHDAY CAKE REMIX"
1424572,branded_food,"COCO TREATS SWEETENED CORN CEREAL, COCO TREATS"
1424675,branded_food,"PLAIN ORGANIC GRAIN-FREE OS TOASTED CASSAVA CEREAL WITH PLANT PROTEIN, PLAIN"
1424676,branded_food,"CHOCOLATE ORGANIC GRAIN-FREE OS TOASTED CASSAVA CEREAL WITH PLANT PROTEIN, CHOCOLATE"
1424759,branded_food,"HONEY ROASTED CEREAL, HONEY ROASTED"
1424849,branded_food,"CHOCOLATEY STRAWBERRY CRUNCHY WHEAT AND RICE FLAKES WITH CHOCOLATEY PIECES & REAL STRAWBERRIES CEREAL, CHOCOLATEY STRAWBERRY"
1424854,branded_food,"FROSTED COOKIES & CREME FLAVORED CEREAL, FROSTED COOKIES & CREME"
1424858,branded_food,"VANILLA RED TITAN'S CEREAL, VANILLA"
1424946,branded_food,"WHEAT BRAN FLAKES WITH RAISINS CEREAL, RAISIN BRAN"
1425414,branded_food,"HONEY OAT FLAVORED CRUNCHY WHEAT, RICE & CORN FLAKES WITH OATS & HONEY CEREAL, HONEY OAT"
1425460,branded_food,"PECAN CEREAL YOGURT SMOOTHIE WITH PROBIOTICS, PECAN CEREAL"
1425662,branded_food,"PECAN CEREAL FLAVORED YOGURT SMOOTHIE, PECAN CEREAL"
1425681,branded_food,"STRAWBERRY BANANA CEREAL, STRAWBERRY BANANA"
1425704,branded_food,"RASPBERRY CRUNCHY WHEAT & RICE FLAKES WITH REAL RASPBERRY PIECES CEREAL, RASPBERRY"
1425705,branded_food,"BANANA FLAVORED CRUNCHY WHEAT & RICE FLAKES WITH REAL BANANAS CEREAL, BANANA"
1425706,branded_food,"MAPLE FLAVORED HOMESTYLE WAFFLE CEREAL, MAPLE"
1425708,branded_food,"MAPLE FLAVORED HOMESTYLE WAFFLE CEREAL, MAPLE"
1425712,branded_food,"CEREAL MADE WITH BARLEY, WHOLE GRAIN WHEAT AND OATS WITH RAISINS, DATES AND ALMONDS"
1425713,branded_food,"MARSHMALLOW FLAVORED CEREAL WITH MARSHMALLOWS, MARSHMALLOW"
1425810,branded_food,"SWEETENED CHOCOLATE FLAVORED RICE CEREAL WITH REAL COCOA, SWEETENED, CHOCOLATE, REAL COCOA"
1426348,branded_food,CEREAL
1426446,branded_food,"FARMERS MARKET MIX OAT-BASED CEREAL, FARMERS MARKET"
1426738,branded_food,"SWEETENED RICE CEREAL, SWEETENED"
1426795,branded_food,"SUGAR COOKIE CEREAL FLAVORED WITH MARSHMALLOWS, SUGAR COOKIE WITH MARSHMALLOWS"
1427065,branded_food,"ORGANIC KIDS FROSTED FLAKES SWEETENED CORN CEREAL, FROSTED FLAKES, SWEETENED"
1427368,branded_food,"CRISPY RICE & WHEAT FLAKES WITH OAT & FRUIT CLUSTERS & YOGURT COATED CLUSTERS CEREAL, FRUIT & YOGURT"
1427497,branded_food,"HALLOWEEN CRUNCH SWEETENED CORN & OAT CEREAL, HALLOWEEN CRUNCH"
1427762,branded_food,"ORGANIC FROSTED CORN FLAKES CEREAL, FROSTED CORN FLAKES"
1427773,branded_food,CORN FLAKES CEREAL
1427791,branded_food,"FRUIT SWIRLS SWEETENED MULTIGRAIN CEREAL WITH NATURAL FRUIT FLAVOR, FRUIT SWIRLS"
1427795,branded_food,"RED, WHITE & BLUE BERRIES SWEETENED CORN & OAT CEREAL, RED, WHITE & BLUE BERRIES"
1427838,branded_food,"OATS & MORE, ALMONDS TOASTED MULTI-GRAIN CEREAL WITH ALMONDS & HONEY OAT CLUSTERS, ALMONDS"
1427839,branded_food,"CRISP RICE TOASTED RICE CEREAL, CRISP RICE"
1427879,branded_food,"CHOCOLATE FLAVORED CEREAL WITH SPOOKY MARSHMALLOWS, CHOCOLATE WITH SPOOKY MARSHMALLOWS"
1428065,branded_food,"RAISIN BRAN WHOLE GRAIN WHEAT CEREAL WITH RAISINS, RAISIN BRAN"
1428066,branded_food,"WHOLE WHEAT & BRAN FLAKES CEREAL, WHOLE WHEAT"
1428068,branded_food,"PURPLE SWEET POTATO GRANOLA ALL-IN-ONE CEREAL, PURPLE SWEET POTATO"
1428096,branded_food,"CEREAL WITH REAL STRAWBERRIES, REAL STRAWBERRIES"
1428418,branded_food,"CINNAMON FLAVORED CEREAL WITH MARSHMALLOWS, CINNAMON WITH MARSHMALLOWS"
1429926,branded_food,"SWEETENED WHOLE GRAIN OAT CEREAL WITH REAL HONEY & NATURAL ALMOND, HONEY NUT"
1429929,branded_food,"FROSTED WHOLE GRAIN OAT CEREAL WITH MARSHMALLOWS, MARSHMALLOWS"
1430168,branded_food,"BANANA OATMEAL & CHOCOLATE SOFT BAKED BREAKFAST CEREAL BISCUIT, BANANA OATMEAL & CHOCOLATE"
1430169,branded_food,"CRANBERRY ORANGE FLAVOUR SOFT BAKED BREAKFAST CEREAL BISCUIT, CRANBERRY ORANGE"
1430170,branded_food,"CRANBERRY ORANGE FLAVOUR SOFT BAKED BREAKFAST CEREAL BISCUITS, CRANBERRY ORANGE"
1430274,branded_food,"RAISIN BRAN CEREAL, RAISIN BRAN"
1430282,branded_food,"COOKIE DOUGH FLAVORED CEREAL WITH MARSHMALLOWS, COOKIE DOUGH"
1430284,branded_food,"CINNAMON TOASTERS CEREAL, CINNAMON TOASTERS"
1430285,branded_food,"ORIGINAL CEREAL, ORIGINAL"
1430286,branded_food,"COCOA DYNO-BITES CEREAL, COCOA DYNO-BITES"
1430287,branded_food,"STRAWBERRY CEREAL, STRAWBERRIES"
1430555,branded_food,"SWEETENED CEREAL WITH APPLE & CINNAMON, APPLE & CINNAMON"
1430657,branded_food,"CREAMY! RICE HOT CEREAL, CREAMY! RICE HOT"
1430827,branded_food,"TOASTED WHOLE GRAIN OAT CEREAL, TOASTED WHOLE GRAIN OAT"
1431198,branded_food,"CARAMEL FLAVORED CEREAL, CARAMEL"
1431203,branded_food,CEREAL MEGA SNAX
1431204,branded_food,MEGA SNAX CEREAL
1431205,branded_food,MEGA SNAX CEREAL
1431206,branded_food,"NATURAL FRUIT FLAVORED MEGA SNAX CEREAL, NATURAL FRUIT"
1431410,branded_food,"APPLE CINNAMON ANTIOXIDANTS WHOLE GRAIN TOASTED OAT CEREAL, APPLE CINNAMON"
1431697,branded_food,"BOSTON COMMON COW CHOW FLAVORED CORN CEREAL REDUCED FAT ICE CREAM WITH PIECES OF CHOCOLATY SUGAR CONES, PEANUT BUTTER SWIRL, AND CHOCOLATE COOKIE CRUMBLE SWIRL, BOSTON COMMON COW CHOW"
1431702,branded_food,"JUNGLE BERRY CRUNCH SWEETENED CORN AND OAT CEREAL, JUNGLE BERRY CRUNCH"
1431933,branded_food,"FRUIT FLAVOR JUMBO SNAX CEREAL, FRUIT"
1431934,branded_food,JUMBO SNAX CEREAL
1431944,branded_food,JUMBO SNAX CEREAL
1431947,branded_food,JUMBO SNAX CEREAL
1431948,branded_food,"NATURAL FRUIT FLAVORS JUMBO SNAX CEREAL, NATURAL FRUIT"
1431949,branded_food,"VANILLA FLAVORED CEREAL WITH MARSHMALLOWS, VANILLA WITH MARSHMALLOWS"
1432347,branded_food,"RAISIN CLUSTER CRUNCH CEREAL, RAISIN CLUSTER CRUNCH"
1432348,branded_food,"RAISIN CLUSTER CRUNCH CEREAL, RAISIN CLUSTER CRUNCH"
1432374,branded_food,"CACAO CRISPS ORGANIC SUNFLOWER PROTEIN CEREAL, CACAO CRISPS"
1432375,branded_food,"ORGANIC SUNFLOWER PROTEIN VANILLA CRISPS CEREAL, VANILLA"
1432777,branded_food,"NATURAL HONEY FLAVORED MULTIGRAIN CEREAL WITH GRANOLA AND ALMONDS, ALMOND CRUNCHY HONEY OATS"
1433160,branded_food,"MEGA STUF CEREAL, MEGA STUF"
1433161,branded_food,"ORIGINAL MORNING OAT CRUNCH CEREAL, ORIGINAL MORNING OAT CRUNCH"
1433162,branded_food,"COCOA DYNO-BITES CEREAL WITH MARSHMALLOWS, COCOA DYNO-BITES"
1433408,branded_food,"CREAM FARINA ENRICHED WHEAT CEREAL, CREAM FARINA"
1433440,branded_food,"PECAN CEREAL YOGURT SMOOTHIE WITH PROBIOTICS, PECAN CEREAL"
1433472,branded_food,"PRUNE CEREAL YOGURT SMOOTHIE WITH PROBIOTICS, PRUNE CEREAL"
1433621,branded_food,"HONEY ROASTED CEREAL, HONEY ROASTED"
1433622,branded_food,SWEETENED RICE CEREAL
1433644,branded_food,"HONEY OATS & FLAKES SWEETENED MULTIGRAIN CEREAL WITH HONEY OAT CLUSTERS, HONEY OATS & FLAKES"
1433773,branded_food,"SWEETENED CEREAL WITH APPLE & CINNAMON, APPLE & CINNAMON"
1433955,branded_food,"SWEETENED CEREAL WITH APPLE, CINNAMON AND SPOOKY MARSHMALLOWS, APPLE, CINNAMON AND SPOOKY MARSHMALLOWS"
1434337,branded_food,"TOASTY SWEET CINNAMON SQUARES CRISPY, SWEETENED WHEAT AND RICE CEREAL, TOASTY SWEET CINNAMON SQUARES"
1434518,branded_food,"ORGANIC CRISPY CINNAMON PUFFS + FILLED PILLOWS MADE WITH HONEY, CINNAMON AND SWEET APPLE SUPER FOOD COMBOS CEREAL, HONEY CINNAMON"
1434540,branded_food,"TOASTED COCONUT SWEETENED WHOLE GRAIN OAT CEREAL, TOASTED COCONUT"
1434579,branded_food,"INSTANT HOT CEREAL, ORIGINAL"
1434600,branded_food,"CEREAL, ORIGINAL"
1434609,branded_food,"FROSTED TOASTED OAT CEREAL WITH MARSHMALLOWS, MARSHMALLOWS"
1434691,branded_food,"CEREAL, ORGANIC BLUEBERRY CLUSTERS"
1434784,branded_food,CEREAL
1434799,branded_food,"FROSTED WHOLE GRAIN OAT CEREAL, FROSTED"
1434828,branded_food,FROSTED TOASTED OAT CEREAL WITH MARSHMALLOWS
1434852,branded_food,NATURALLY FLAVORED SWEETENED CEREAL
1434864,branded_food,"COCONUT ALMOND CRUNCH CEREAL, COCONUT ALMOND CRUNCH"
1435049,branded_food,"SWEETENED CORN PUFFS CEREAL, FRUIT"
1435248,branded_food,CEREAL
1435249,branded_food,"FRUITY FLAVORED CEREAL WITH MARSHMALLOWS, FRUITY"
1435251,branded_food,"TOASTED COCONUT SWEETENED WHOLE GRAIN OAT CEREAL, TOASTED COCONUT"
1435359,branded_food,"BANANA NUT SWEETENED WHOLE GRAIN OAT CEREAL, BANANA NUT"
1435411,branded_food,"RAISIN NUT BRAN WHEAT AND BRAN CEREAL WITH RAISINS & ALMONDS, RAISIN NUT BRAN"
1435412,branded_food,"CINNAMON SWEETENED MULTIGRAIN CEREAL WITH WHOLE GRAIN OATS CRUNCH, CINNAMON"
1435557,branded_food,CEREAL
1435558,branded_food,"STRAWBERRIES & VANILLA CLUSTERS LIGHTLY SWEETENED FLAKES WITH REAL DRIED STRAWBERRIES CEREAL, STRAWBERRIES & VANILLA CLUSTERS"
1435565,branded_food,"FLAKES, ALMOND PIECES AND CLUSTER CEREAL, FLAKES, ALMOND PIECES AND CLUSTER"
1435566,branded_food,"LIGHTLY SWEETENED FLAKES WITH HONEY CLUSTERS CEREAL, HONEY CLUSTERS"
1435567,branded_food,"MULTIGRAIN CEREAL WITH FRUIT & ALMONDS, FRUIT & ALMONDS"
1435595,branded_food,"HONEY NUT NATURALLY FLAVORED SWEETENED WHOLE GRAIN OAT CEREAL, HONEY NUT"
1435684,branded_food,"PINEAPPLE & TOASTED COCONUT ANCIENT GRAIN BREAKFAST BOWL HOT CEREAL, PINEAPPLE & TOASTED COCONUT"
1435763,branded_food,ORGANIC FRUITY BUNNIES & BLOSSOMS SWEETENED ORGANIC CORN & OAT CEREAL
1435764,branded_food,"JOLLY RANCHER CEREAL, JOLLY RANCHER"
1435766,branded_food,"OATS 'N HONEY CRUNCH SWEETENED MULTIGRAIN CEREAL WITH WHOLE GRAIN OATS, OATS 'N HONEY CRUNCH"
1435967,branded_food,"FROSTED CINNAMON VANILLA OAT CEREAL WITH MARSHMALLOWS, CINNAMON VANILLA"
1435968,branded_food,"FROSTED CINNAMON VANILLA OAT CEREAL WITH MARSHMALLOWS, CINNAMON VANILLA"
1436065,branded_food,"CHOCOLATEY CEREAL BAR WITH MARSHMALLOWS TREATS, CHOCOLATEY CEREAL BAR WITH MARSHMALLOWS"
1436076,branded_food,"CHOCOLATEY CEREAL WITH MARSHMALLOWS, CHOCOLATEY"
1436080,branded_food,"STRAWBERRY FLAVOR FROSTED CEREAL WITH MARSHMALLOWS, STRAWBERRY"
1436101,branded_food,"FRUITY FLAVORED SWEETENED CORN CEREAL WITH MARSHMALLOWS, FRUITY"
1436136,branded_food,"BERRY FLAVOR FROSTED CEREAL WITH MARSHMALLOWS, BERRY"
1436173,branded_food,"HONEY TOASTED OAT CEREAL, HONEY TOASTED"
1436175,branded_food,"MAPLE BROWN SUGAR FLAKES & CLUSTERS CEREAL, MAPLE BROWN SUGAR"
1436182,branded_food,"CINNAMON CRUMBLE NATURALLY SWEETENED MULTIGRAIN CLUSTER CEREAL, CINNAMON CRUMBLE"
1436183,branded_food,"TOASTED BERRY CRUMBLE WITH CRANBERRIES & WILD BLUEBERRIES NATURALLY SWEETENED MULTIGRAIN CLUSTER CEREAL, TOASTED BERRY CRUMBLE"
1436225,branded_food,"BERRY BERRY LIGHTLY SWEETENED CORN CEREAL, BERRY BERRY"
1436358,branded_food,"COOKIES 'N' CREME FILLED SWEETENED WHEAT CEREAL, COOKIES 'N' CREME"
1436359,branded_food,"CINNAMON ROLL CREME FILLED SWEETENED WHEAT CEREAL, CINNAMON"
1436362,branded_food,"MINT CHOCOLATE SWEETENED CORN AND WHEAT CEREAL, MINT CHOCOLATE"
1436567,branded_food,"NATURALLY SWEETENED FIBER TWIGS, SOY PROTEIN GRAHAMS AND HONEY PUFF CEREAL"
1436569,branded_food,"HONEY ALMOND FLAX NATURALLY SWEETENED MULTIGRAIN CLUSTER CEREAL, HONEY ALMOND FLAX"
1436570,branded_food,"STRAWBERRY FIELDS CEREAL, STRAWBERRY"
1436668,branded_food,"SWEETENED WHOLE GRAIN OAT CEREAL WITH REAL CINNAMON, REAL CINNAMON"
1436677,branded_food,"HONEY NUT SWEETENED WHOLE GRAIN OAT CEREAL WITH REAL HONEY & NATURAL ALMOND FLAVOR, HONEY NUT"
1436678,branded_food,"CINNAMON SWEETENED RICE CEREAL, CINNAMON"
1436685,branded_food,"CINNAMON CRUMBLE NATURALLY SWEETENED MULTIGRAIN CLUSTER CEREAL, CINNAMON CRUMBLE"
1436686,branded_food,"TOASTED BERRY CRUMBLE WITH CRANBERRIES & WILD BLUEBERRIES NATURALLY SWEETENED MULTIGRAIN CLUSTER CEREAL, TOASTED BERRY CRUMBLE"
1436690,branded_food,NATURALLY SWEETENED MULTIGRAIN CLUSTER CEREAL
1436777,branded_food,"FRUIT FLAVOR SWEETENED MULTI-GRAIN CEREAL, FRUIT"
1436780,branded_food,"CORN CEREAL, CORN"
1436991,branded_food,"CARAMEL CRUNCH FLAVORED JUMBO SNAX CEREAL, CARAMEL CRUNCH"
1437113,branded_food,"FROSTED SWEETENED FLAKES OF CORN CEREAL, FROSTED"
1437583,branded_food,"MAPLE PECAN GRANOLA CEREAL CLUSTERS, MAPLE PECAN"
1437950,branded_food,"CINNAMON MULTIGRAIN CEREAL, CINNAMON"
1438078,branded_food,"COCOA DYNO-BITES CEREAL, COCOA DYNO-BITES"
1438149,branded_food,"STRAWBERRY BANANA CEREAL YOGURT SMOOTHIE WITH PROBIOTICS, STRAWBERRY BANANA CEREAL"
1438199,branded_food,"MAPLE BROWN SUGAR HEALTHY & DELICIOUS HOT CEREAL, MAPLE BROWN SUGAR"
1438514,branded_food,"SCARECROW CRUNCH TRAIL MIX WITH PEANUTS, PEANUT BUTTER CANDIES, MILK CHOCOLATE-COVERED CEREAL SQUARES, WHITE CHOCOLATE OAT CEREAL & MILK CHOCOLATE MARSHMALLOW BITS, SCARECROW CRUNCH"
1438986,branded_food,"FRUIT FLAVOR SWEETENED RICE CEREAL, FRUIT"
1439063,branded_food,FRUIT FLAVOR SWEETENED CEREAL MASHUPS
1439064,branded_food,"TROPICAL PINEAPPLE, BANANA, ORANGE & MANGO FLAVORED SWEETENED MULTI-GRAIN CEREAL, TROPICAL"
1439159,branded_food,"FRUIT FLAVOR JUMBO SNAX CEREAL, FRUIT"
1439160,branded_food,JUMBO SNAX CEREAL
1439238,branded_food,JUMBO SNAX CEREAL
1439241,branded_food,"FRUIT FLAVOR JUMBO SNAX CEREAL, FRUIT"
1439674,branded_food,SWEETENED CEREAL MASHUPS
1439676,branded_food,"CARAMEL CRUNCH FLAVORED JUMBO SNAX CEREAL, CARAMEL CRUNCH"
1439677,branded_food,JUMBO SNAX CEREAL
1440029,branded_food,"COCO FLAVORED CORN CEREAL BITES, COCO"
1440248,branded_food,"PECAN CEREAL YOGURT SMOOTHIE WITH PROBIOTICS, PECAN CEREAL"
1440337,branded_food,"PECAN & CEREAL YOGURT SMOOTHIE, PECAN & CEREAL"
1440407,branded_food,"CRACKLING FRUIT CRISPS SWEETENED RICE CEREAL, CRACKLING FRUIT CRISPS"
1440504,branded_food,"FROSTED FLAKES ORGANIC CEREAL, FROSTED FLAKES"
1440505,branded_food,"CHOCOLATE HAZELNUT PILLOWS ORGANIC CEREAL, CHOCOLATE HAZELNUT PILLOWS"
1440506,branded_food,"CORN FLAKES ORGANIC CEREAL, CORN FLAKES"
1440507,branded_food,"HONEY O RINGS ORGANIC CEREAL, HONEY O RINGS"
1440510,branded_food,"MULTIGRAIN FLAKES ORGANIC CEREAL, MULTIGRAIN FLAKES"
1440511,branded_food,"RAISIN BRAN ORGANIC CEREAL, RAISIN BRAN"
1440512,branded_food,"RICE CRISPIES ORGANIC CEREAL, RICE CRISPIES"
1440513,branded_food,"HONEY NUT O RINGS ORGANIC CEREAL, HONEY NUT O RINGS"
1440829,branded_food,"SPELT FLAKES ORGANIC WHOLE GRAIN ROASTED & ROLLED HOT OR COLD CEREAL, SPELT FLAKES"
1441821,branded_food,"HONEY ALMOND CEREAL, HONEY ALMOND"
1441876,branded_food,"CARAMEL MACCHIATO CEREAL, CARAMEL MACCHIATO"
1441877,branded_food,"MOCHA LATTE CEREAL, MOCHA LATTE"
1441896,branded_food,"TOASTED RICE CEREAL WITH HOLIDAY COLORS, HOLIDAY COLORS"
1441910,branded_food,"CRANBERRY ALMOND CEREAL, CRANBERRY ALMOND"
1441911,branded_food,"APPLE CINNAMON CEREAL, APPLE CINNAMON"
1441913,branded_food,"DARK CHOCOLATE ALMOND CEREAL, DARK CHOCOLATE ALMOND"
1442046,branded_food,"JUNGLE BERRY CRUNCH SWEETENED CORN AND OAT CEREAL, JUNGLE BERRY CRUNCH"
1442074,branded_food,"ORIGINAL WHOLE GRAIN CEREAL IN A CUP, ORIGINAL"
1442406,branded_food,"SWEETENED CEREAL WITH APPLE & CINNAMON, APPLE & CINNAMON"
1442416,branded_food,"RED BERRIES CRUNCHY WHEAT & RICE FLAKES WITH REAL STRAWBERRIES CEREAL, RED BERRIES"
1442417,branded_food,"CHOCOLATE CRISPY SHELL OUTSIDE, SMOOTH CHOCOLATE INSIDE CEREAL IN A CUP, CHOCOLATE"
1442422,branded_food,"FRUIT & YOGURT FLAVORED CRUNCHY WHEAT & RICE FLAKES WITH OAT & FRUIT CLUSTERS & YOGURT-COATED CLUSTERS CEREAL, FRUIT & YOGURT"
1442425,branded_food,"FRUIT FLAVOR SWEETENED MULTI-GRAIN CEREAL, FRUIT"
1442483,branded_food,"CRACKLING SWEETENED RICE CEREAL WITH REAL COCOA, CRACKLING SWEETENED"
1442553,branded_food,"FRUIT FLAVOR JUMBO SNAX CEREAL, FRUIT"
1442554,branded_food,JUMBO SNAX CEREAL
1442629,branded_food,CEREAL
1442630,branded_food,"ORIGINAL ANTIOXIDANTS LIGHTLY SWEETENED, TOASTED MULTI-GRAIN FLAKES AND CRUNCHY OAT CLUSTERS CEREAL, ORIGINAL ANTIOXIDANTS"
1443246,branded_food,"RAISIN BRAN WHOLE WHEAT AND BRAN CEREAL WITH PLUMP RAISINS, RAISIN BRAN"
1443272,branded_food,"BANANA NUT CRUNCH CEREAL, BANANA NUT CRUNCH"
1443947,branded_food,"BLUEBERRY FRUIT & GRAIN NATURALLY FLAVORED CEREAL BARS, BLUEBERRY"
1444108,branded_food,"ELDERBERRY-FLAVORED CEREAL PUFFS WITH ORGANIC STRAWBERRY-FILLED CRISP PILLOWS, ELDERBERRY"
1444322,branded_food,FORTIFIED CORNSTARCH CEREAL
1444431,branded_food,"FRUITY FOSSILS SWEETENED RICE CEREAL, SWEETENED RICE"
1444539,branded_food,"PB&J PUFFS SWEETENED CORN AND OAT CEREAL WITH PEANUT BUTTER AND NATURAL STRAWBERRY FLAVOR, PB&J PUFFS"
1444565,branded_food,"MOCHA LATTE CEREAL, MOCHA LATTE"
1444566,branded_food,"SWEETENED RICE CEREAL WITH MARSHMALLOWS, MARSHMALLOWS"
1444567,branded_food,"CARAMEL MACCHIATO CEREAL, CARAMEL MACCHIATO"
1444586,branded_food,"CEREAL WITH ALMONDS, ALMONDS"
1444650,branded_food,"CHOCOLATE FLAVORED SWEETENED RICE CEREAL WITH REAL COCOA, CHOCOLATE"
1444866,branded_food,"APPLE CINNAMON CEREAL, APPLE CINNAMON"
1445162,branded_food,"HONEY ROASTED CEREAL, HONEY ROASTED"
1445167,branded_food,"VANILLA LOWFAT YOGURT AND CEREAL, VANILLA"
1445382,branded_food,"HONEY ALMOND TOASTED COCONUT GLUTEN FREE CEREAL WITH OATS, SORGHUM QUINOA, AMARNATH, HONEY ALMOND"
1445383,branded_food,"CRANBERRY ALMOND CEREAL, CRANBERRY ALMOND"
1445384,branded_food,"DARK CHOCOLATE ALMOND CEREAL, DARK CHOCOLATE ALMOND"
1445687,branded_food,"COCOA HONEY CRUNCH WITH BUCKWHEAT COCOA COATED MULTIGRAIN FLAKES AND LIGHTLY SWEETENED CORN FLAKES CEREAL, COCOA HONEY CRUNCH WITH BUCKWHEAT"
1446064,branded_food,CEREAL
1446107,branded_food,"RED & BLUE FROSTED ROLLS CEREAL, RED & BLUE FROSTED ROLLS"
1446160,branded_food,"RAISIN BRAN CEREAL, RAISIN BRAN"
1446162,branded_food,"CRISPY RICE SQUARES TOASTED RICE CEREAL, CRISPY RICE SQUARES"
1446650,branded_food,"CINNAMON FLAVORED CEREAL WITH MARSHMALLOWS, CINNAMON WITH MARSHMALLOWS"
1446672,branded_food,"STRAWBERRY BIRTHDAY CAKE FLAVORED SWEETENED MULTIGRAIN CEREAL, STRAWBERRY BIRTHDAY CAKE"
1446851,branded_food,"STRAWBERRY FRUIT & GRAIN CEREAL BARS, STRAWBERRY"
1446852,branded_food,"APPLE CINNAMON FRUIT & GRAIN CEREAL BARS, APPLE CINNAMON FRUIT & GRAIN"
1446977,branded_food,"COLOSSAL CRUNCH CEREAL, COLOSSAL CRUNCH"
1447157,branded_food,"CEREAL WITH CRANBERRIES, CRANBERRIES"
1447430,branded_food,"WHOLE GRAIN WHEAT CEREAL, WHOLE GRAIN"
1447431,branded_food,"SWEETENED WHOLE GRAIN WHEAT CEREAL, SWEETENED WHOLE GRAIN"
1447539,branded_food,"SUGAR COOKIE CEREAL WITH MARSHMALLOWS, MARSHMALLOWS"
1447582,branded_food,CEREAL 'N CANDY
1447801,branded_food,SWEETENED CORN CEREAL
1447851,branded_food,"SUGAR COOKIE CEREAL FLAVORED WITH MARSHMALLOWS, SUGAR COOKIE WITH MARSHMALLOWS"
1448224,branded_food,"COCOA GRAIN FREE CEREAL, COCOA"
1448716,branded_food,"MULTIGRAIN TOASTED OATS SWEETENED CORN, WHEAT, OAT, BARLEY & RICE CEREAL, MULTIGRAIN TOASTED OATS"
1448717,branded_food,CRISPY CORN SQUARES TOASTED CORN CEREAL
1448938,branded_food,"BLUEBERRY FLAX INSTANT HOT CEREAL, BLUEBERRY FLAX"
1448942,branded_food,"APPLE SNAPS SWEETENED MULTIGRAIN CEREAL WITH APPLE & CINNAMON, APPLE SNAPS"
1448943,branded_food,"SWEETENED CORN FROSTED FLAKES CEREAL, SWEETENED CORN FLAKES"
1448945,branded_food,"OAT CRISPS SWEETENED MULTIGRAIN CEREAL, OAT CRISPS"
1448946,branded_food,"FRUITY RICE CRISPS SWEETENED TOASTED RICE CEREAL, FRUITY RICE CRISPS"
1448947,branded_food,"CINNAMON OAT CRISPS SWEETENED MULTIGRAIN CEREAL WITH A TOUCH OF CINNAMON, CINNAMON OAT CRISPS"
1448961,branded_food,"CINNAMON ROLL GRAIN FREE INSTANT HOT CEREAL, CINNAMON ROLL"
1449175,branded_food,"BERRY GRAIN FREE CEREAL, BERRY"
1449176,branded_food,"CINNAMON GRAIN FREE CEREAL, CINNAMON"
1449561,branded_food,RICE SQUARES TOASTED CEREAL
1449761,branded_food,"SPRINKLED DONUT SWEETENED CORN & OAT CEREAL, SPRINKLED DONUT"
1449877,branded_food,"FRUITY CEREAL CRUNCH FLAVORED MEAL REPLACEMENT BARS, FRUITY CEREAL CRUNCH"
1450156,branded_food,"FRUITY FLAVORED WHEY PROTEIN CEREAL, FRUITY"
1450284,branded_food,"TOASTED OATS CEREAL WHOLE GRAIN OAT CEREAL, TOASTED OATS"
1450449,branded_food,"VANILLA CANDY CANE COOKIE WITH MARSHMALLOWS FLAVORED CEREAL, VANILLA CANDY CANE COOKIE WITH MARSHMALLOWS"
1450663,branded_food,"FRUITY CEREAL FLAVORED 100% WHEY ISOLATE PROTEIN POWDER, FRUITY CEREAL"
1450757,branded_food,"CHOCOLATEY CEREAL FLAVOR MACROS BARS, CHOCOLATEY CEREAL"
1450863,branded_food,"CHRISTMAS CRUNCH SWEETENED CORN & OAT CEREAL, CHRISTMAS CRUNCH"
1451045,branded_food,"COOKIES & CREME FLAVORED SWEETENDED RICE CEREAL, COOKIES & CREME"
1451112,branded_food,"GRAHAM CRACKER KETO FRIENDLY CEREAL, GRAHAM CRACKER"
1451640,branded_food,CEREAL
1451879,branded_food,SWEETENED CORN AND OAT CEREAL
1452578,branded_food,"TOASTED COCONUT GRAIN FREE INSTANT HOT CEREAL, TOASTED COCONUT"
1452694,branded_food,"FRUIT FLAVORED CEREAL IN WHITE CONFECTION CLUSTERS, FRUIT"
1452761,branded_food,"FROOT LOOPS FLAVORED CEREAL BARS, FROOT LOOPS"
1452762,branded_food,"CEREAL BARS, CEREAL"
1452763,branded_food,"CHOCOLATE CHIP COOKIE DOUGH FLAVORED CRISPY COOKIE DOUGH FLAVORED SHELL OUTSIDE, SMOOTH CHOCOLATE INSIDE CEREAL, CHOCOLATE CHIP COOKIE DOUGH"
1452764,branded_food,CEREAL BARS
1452765,branded_food,"CHOCOLATE CRISPY COOKIE DOUGH FLAVORED SHELL OUTSIDE, SMOOTH CHOCOLATE INSIDE CEREAL, CHOCOLATE CHIP COOKIE DOUGH"
1452766,branded_food,CEREAL BARS
1453334,branded_food,"CARAMEL MACCHIATO FLAVORED CEREAL, CARAMEL MACCHIATO"
1453405,branded_food,"PB&J PUFFS CEREAL, PB&J"
1453552,branded_food,"WAFFLE CRISP FLAVORED CEREAL, WAFFLE CRISP"
1454056,branded_food,"MINT CHOCOLATE KETO FRIENDLY CEREAL, MINT CHOCOLATE"
1454069,branded_food,"CORN FLAKES CEREAL, CORN FLAKES"
1454452,branded_food,"SWEETENED RICE CEREAL WITH REAL COCOA, SWEETENED WITH REAL COCOA"
1454454,branded_food,"FRUITY DIAMONDS SWEETENED RICE CEREAL, FRUITY DIAMONDS"
1454737,branded_food,"CHOCOLATE PEANUT BUTTER KETO FRIENDLY CEREAL, CHOCOLATE PEANUT BUTTER"
1454840,branded_food,"PEANUT BUTTER CHOCOLATE PEANUT BUTTER CUPS, MILK CHOCOLATE-COVERED CEREAL SQUARES, PEANUTS, CHOCOLATE CHIPS AND PEANUT BUTTER CHIPS TRAIL MIX, PEANUT BUTTER CHOCOLATE"
1454857,branded_food,"CEREAL WITH MARSHMALLOWS, MARSHMALLOWS"
1454865,branded_food,"THE VANILLIEST VANILLA FLAVOR EVER FLAVORED SWEETENED CEREAL WITH NAUTICAL MARSHMALLOWS, THE VANILLIEST VANILLA FLAVOR EVER WITH NAUTICAL MARSHMALLOWS"
1454868,branded_food,TOASTED RICE CEREAL
1454886,branded_food,"ORIGINAL DELICIOUS RAISINS, TOASTED FLAKES & CRUNCHY OAT CLUSTERS GLAZED WITH A TOUCH OF GOLDEN HONEY CEREAL, ORIGINAL"
1454889,branded_food,"APPLE STRAWBERRY FLAVORED CUTIE O'S CEREAL, APPLE STRAWBERRY"
1454890,branded_food,"ORIGINAL DELICIOUS RAISINS, TOASTED FLAKES & CRUNCHY OAT CLUSTERS GLAZED WITH A TOUCH OF GOLDEN HONEY CEREAL, ORIGINAL"
1454977,branded_food,"CARAMEL FLAVORED CEREAL, CARAMEL"
1454978,branded_food,CEREAL
1454988,branded_food,"STRAWBERRY BANANA CEREAL FLAVORED YOGURT SMOOTHIE, STRAWBERRY BANANA CEREAL"
1455060,branded_food,"SWEETENED MULTI-GRAIN CEREAL WITH MARSHMALLOWS, MARSHMALLOWS"
1455117,branded_food,"ORIGINAL WHOLE GRAIN CEREAL, ORIGINAL"
1455119,branded_food,CEREAL
1455239,branded_food,"SWEETENED CEREAL WITH APPLE & CINNAMON, APPLE & CINNAMON"
1455241,branded_food,"SMORZ FLAVORED CRUNCHY GRAHAM CEREAL WRAPPED IN RICH CHOCOLATEY COATING WITH MARSHMALLOWS, SMORZ"
1455242,branded_food,"NATURAL FRUIT FLAVORS SWEETENED MULTI-GRAIN CEREAL, NATURAL FRUIT"
1455243,branded_food,"TOASTED OATS & HONEY CEREAL, TOASTED OATS & HONEY"
1455244,branded_food,"TOASTED OATS & HONEY CEREAL, TOASTED OATS & HONEY"
1456248,branded_food,GMILLS APPLE CINN CHEERIOS SWEETENED WHL GRN OAT CEREAL FAMILY SZ
1456249,branded_food,GMILLS CINN TST CRNCH SWEETENED WHL WHT RICE CEREAL GNT SZ
1456250,branded_food,GMILLS HNY NUT CHEERIOS SWEETENED WHL GRN OAT CEREAL GNT SZ
1456251,branded_food,"Cheerios Cereal, Family Size"
1456252,branded_food,Cheerios Cereal
1456253,branded_food,Cheerios Cereal
1456254,branded_food,GMILLS HNY NUT CHEERIOS SWEETENED WHL GRN OAT CEREAL
1456256,branded_food,GMILLS FRTY CHEERIOS SWEETENED WHL GRN OAT CEREAL
1456257,branded_food,GMILLS CINN TST CRNCH SWEETENED WHL WHT RICE CEREAL
1456258,branded_food,GMILLS HNY NUT CHEERIOS SWEETENED WHL GRN OAT CEREAL
1456259,branded_food,Cheerios Cereal
1456260,branded_food,GMILLS APPLE CINN CHEERIOS SWEETENED WHL GRN OAT CEREAL
1456402,branded_food,GMILLS VERY BRY CHEERIOS SWEETENED WHL GRN OAT CEREAL
1456417,branded_food,GMILLS HNY NUT CHRS MEDLEY CRNCH SWEETENED OAT WHEAT CEREAL
1456432,branded_food,Cheerios Cereal 2 Pack
1456440,branded_food,Reese's Peanut Butter Puffs Cereal
1456532,branded_food,GMILLS GIRL SCOUTS WHL GRN CORN CEREAL THIN MINTS
1456571,branded_food,Cinnamon Toast Crunch Cereal
1456572,branded_food,Honey Nut Cheerios Cereal
1456573,branded_food,Lucky Charms Cereal
1456574,branded_food,Cheerios Cereal
1456576,branded_food,Reese's Puffs Cereal
1456577,branded_food,GMILLS CHOC CHEERIOS WHL GRN OAT CEREAL FAMILY SZ
1456601,branded_food,GMILLS REESES PUFFS SWT CRNCHY CORN PUFFS CEREAL
1456697,branded_food,Cocoa Puffs Cereal
1456737,branded_food,GMILLS FRTY CHEERIOS SWEETENED WHL GRN OAT CEREAL FAMILY SZ
1456738,branded_food,GMILLS VERY BRY CHEERIOS SWEETENED WHL GRN OAT CEREAL FAMILY SZ
1456745,branded_food,Reese's Puffs Cereal
1456772,branded_food,GMILLS CINN TST CRNCH SHREDS SHRD SWTND WHL GRN WHEAT CEREAL
1456798,branded_food,Cheerios Cereal
1456799,branded_food,Reese's Puffs Cereal
1456801,branded_food,GMILLS CHEERIOS SWEETENED WHL GRN OAT CEREAL PEACH
1456802,branded_food,GMILLS CHEERIOS SWEETENED WHL GRN OAT CEREAL PEACH FAMILY SZ
1456804,branded_food,Reese's Puffs Cereal
1456829,branded_food,Cinnamon Chex Cereal
1456839,branded_food,Honey Nut Cheerios Cereal
1456840,branded_food,Honey Nut Cheerios Cereal
1456841,branded_food,Honey Nut Cheerios Cereal
1456842,branded_food,Honey Nut Cheerios Cereal
1456844,branded_food,Apple Cinnamon Cheerios Cereal
1456849,branded_food,Very Berry Cheerios Cereal
1456851,branded_food,Cinnamon Toast Crunch Cereal
1456853,branded_food,Cinnamon Toast Crunch Cereal
1456854,branded_food,Cinnamon Toast Crunch Cereal
1456935,branded_food,Cinnamon Toast Crunch Cereal
1456936,branded_food,GMILLS CHEERIOS SWEETENED WHL GRN OAT CEREAL CHOC PNT BTR FAMILY SZ
1456946,branded_food,GMILLS CHOC TST CRNCH SWEETENED WHEAT CEREAL FAMILY SZ
1457138,branded_food,GMILLS CINN TST CRNCH SWEETENED WHL WHT RICE CEREAL
1457139,branded_food,GMILLS LCKY CHRMS TSTD OAT W MRSHMLWS CEREAL
1457151,branded_food,Cinnamon Chex Cereal
1457158,branded_food,GMILLS HNY NUT CHEERIOS SWEETENED WHL GRN OAT CEREAL
1457159,branded_food,GMILLS CHOC CHEERIOS WHL GRN OAT CEREAL
1457160,branded_food,GMILLS FRSTD CHEERIOS FRSTD WHL GRN OAT CEREAL
1457161,branded_food,GMILLS COOKIE CRISP SWEETENED CEREAL
1457162,branded_food,GMILLS CINN TST CRNCH SWEETENED WHL WHT RICE CEREAL
1457163,branded_food,GMILLS LCKY CHRMS TSTD OAT W MRSHMLWS CEREAL
1457511,branded_food,Quaker Corn Bran Crunch Toasted Corn Cereal 10.5 Ounce Paper Box
1457576,branded_food,Quaker Oatmeal Squares with a hint of Cinnamon Crunchy Oat Cereal 21 Ounce Box
1457610,branded_food,Quaker Life Cinnamon Multigrain Cereal 2.29 Ounce Cup
1457822,branded_food,Quaker Puffed Wheat Regular Cereal 5.2 Ounce Paper Box
1458020,branded_food,Cap'n Crunch Sweetened Corn & Oat Cereal 14 Ounce Paper Box
1458252,branded_food,Cap'N Crunch Berries Sweetened Corn & Oat Cereal 1.30 Ounce Plastic Cup
1458304,branded_food,Cap'N Crunch Sweetened Corn & Oat Cereal 1.51 Ounce Plastic Cup
1458339,branded_food,Cap'N Crunch'S Sprinkled Donut Crunch Naturally & Artificially Flavored Sweetened Corn & Oat Cereal 17.3 Ounce Box
1458407,branded_food,Cap'n Crunch's Oops! All Berries Sweetened Corn & Oat Cereal 11.5 Ounce Box
1458434,branded_food,Cap'N Crunch's Crunch Berries Sweetened Corn & Oat Cereal 22.4 Ounce Paper Box
1458498,branded_food,Cap'n Crunch's Peanut Butter Crunch Sweetened Corn & Oat Cereal 12.5 Ounce Paper Box
1458600,branded_food,Cap'n Crunch's Crunch Berries Sweetened Corn & Oat Cereal 26 Ounce Box
1458666,branded_food,Cap'n Crunch Sweetened Corn & Oat Cereal 24 Ounce Box
1458744,branded_food,Mother's Bumpers Peanut Butter Crunchy Corn Cereal 12.3 Ounce Box
1458785,branded_food,Quaker Simply Granola Oats/Honey/Almond Cereal 28 Ounce Paper Box
1458805,branded_food,Quaker Life Cinnamon Multigrain Cereal 21.6 Ounce Box
1458847,branded_food,Quaker Life Original Multigrain Cereal 2.29 Ounce Cup
1458942,branded_food,Cap'N Crunch's Peanut Butter Crunch Sweetened Corn & Oat Cereal 20.6 Ounce Paper Box
1459003,branded_food,Cap'n Crunch's Peanut Butter Crunch Sweetened Corn & Oat Cereal 17.1 Ounce Paper Box
1459050,branded_food,Quaker Life Maple Brown Sugar Multigrain Cereal 13 Ounce Paper Box
1459074,branded_food,Quaker Life Maple & Brown Sugar MultiGrain Cereal21.6 Ounce Box
1459191,branded_food,Quaker Life Cinnamon Cereal 18 Ounce Paper Box
1459374,branded_food,Quaker Life Maple & Brown Sugar Multigrain Cereal 18 Ounce Box
1459438,branded_food,Cap'n Crunch Crunch Berries Sweetened Corn & Oat Cereal 18.7 Ounce Paper Box
1459863,branded_food,Quaker Life Original Multigrain Cereal 21.6 Ounce Paper Box
1459899,branded_food,Cap'n Crunch's Crunch Berries Sweetened Corn & Oat Cereal 13 Ounce Paper Box
1459941,branded_food,Cap'n Crunch's Crunch Berries Sweetened Corn & Oat Cereal (2-20 Ounce) 40 Ounce 2 Pack Bag
1459950,branded_food,Cap'N Crunch's OOPS! All Berries Naturally & Artificially Flavored Sweetened Corn & Oat Cereal 21.3 Ounce Box
1460163,branded_food,Cap'N Crunch's Oops!All Berries Corn&Oat Cereal 15.4 Ounce Box
1460182,branded_food,Cap'n Crunch Sweetened Corn & Oat Cereal  28 Ounce Paper Box
1460239,branded_food,Quaker Oat Bran Hot Cereal 16 Ounce Box
1460273,branded_food,Cap'n Crunch's Cinnamon Roll Crunch Flavored Sweetened Corn & Oat Cereal 10.3Oz Paper Box
1460321,branded_food,Quaker Life Cinnamon Cereal 13 Ounce Box
1460496,branded_food,Cap'n Crunch Sweetened Corn & Oat Cereal 20 Ounce Paper Box
1460505,branded_food,Quaker Corn Crunch Toasted Corn & Oat Cereal 15 Ounce Paper Box
1460686,branded_food,Mothers Oatbran Cereal 16 Ounce Paper Box
1461466,branded_food,Reese's Puffs Bunnies Cereal
1461808,branded_food,Reese's Puffs Bunnies Cereal
1461997,branded_food,General Mills Mermaid Cereal
1462005,branded_food,Blueberry Cheerios Cereal
1462006,branded_food,Blueberry Cheerios Cereal
1462008,branded_food,Chocolate Lucky Charms Cereal
1462013,branded_food,Cookie Crisp Cereal
1462015,branded_food,Chocolate Lucky Charms Cereal
1462017,branded_food,Cookie Crisp Cereal
1462023,branded_food,General Mills Mermaid Cereal
1462027,branded_food,Cookie Crisp Cereal
1462033,branded_food,Trix Cereal
1462036,branded_food,French Toast Crunch Cereal
1462050,branded_food,Peanut Butter Chex Cereal
1462085,branded_food,French Toast Crunch Cereal
1462093,branded_food,Pnut Butter Chex Cereal
1462106,branded_food,Blueberry Cheerios Cereal
1462110,branded_food,General Mills Mermaid Cereal
1462114,branded_food,Trix Cereal
1462774,branded_food,Golden Grahams Cereal
1462777,branded_food,Trix and Cocoa Puffs Cereal
1462781,branded_food,Cocoa Puffs Cereal
1462782,branded_food,Lucky Charms Cereal
1462784,branded_food,Multi Grain Cheerios Cereal
1462785,branded_food,Wheaties Cereal
1462787,branded_food,Total Cereal
1462790,branded_food,Corn Chex Cereal
1462791,branded_food,Cheerios Cereal 3 Pk
1462792,branded_food,Lucky Charms Cereal
1462793,branded_food,Kid Cereal 3 Pack
1462794,branded_food,Multi Grain Cheerios Cereal
1462795,branded_food,Frosted Cheerios Cereal
1462796,branded_food,Berry Berry Kix Cereal
1462797,branded_food,Lucky Charms Cereal
1462801,branded_food,Multi Grain Cheerios Cereal
1462805,branded_food,Golden Grahams Cereal
1462807,branded_food,Corn Chex Cereal
1462816,branded_food,Kix Cereal
1462817,branded_food,Cocoa Puffs Cereal
1462818,branded_food,Golden Grahams Cereal
1462819,branded_food,Cocoa Puffs Cereal
1462821,branded_food,Cocoa Puffs Cereal
1462822,branded_food,Golden Grahams Cereal
1462823,branded_food,Fruity Lucky Charms Cereal
1462824,branded_food,Rice Chex Cereal
1462840,branded_food,Honey Nut Chex Cereal
1462841,branded_food,Honey Nut Chex Cereal 2 Pack
1462842,branded_food,Honey Nut Chex Cereal
1462843,branded_food,Lucky Charms Cereal
1462844,branded_food,Kix Cereal
1462845,branded_food,Trix Cereal
1462846,branded_food,Rice Chex Cereal
1462848,branded_food,Cocoa Puffs Cereal
1462849,branded_food,Honey Kix Cereal
1462850,branded_food,Fruity Lucky Charms Cereal
1462972,branded_food,LOWFAT GRANOLA CEREAL WITH ALMOND
1463302,branded_food,EXTRA RAISIN BRAIN CEREAL
1463303,branded_food,CORN FLAKES CEREAL
1463312,branded_food,"WHITE ROSE, CEREAL TOASTED OATS"
1463313,branded_food,"WHITE ROSE, FROSTED FLAKES SWEETENED CEREAL"
1463317,branded_food,FLAKES & CLUSTERS CEREAL
1463364,branded_food,"H-E-B, RAISIN BRAN CEREAL"
1463410,branded_food,"HARRIS TEETER, SHREDDED WHEAT CEREAL"
1463422,branded_food,TOASTED OATS CEREAL
1463631,branded_food,"CLOVER VALLEY, SWEETENED MULTI-GRAIN CEREAL, FRUITY HOOPS"
1463700,branded_food,FROSTED OAT CEREAL BITES WITH MARSHMALLOWS
1463723,branded_food,"BITE SITE FROSTED SHREDDED WHEAT, CEREAL"
1463726,branded_food,COCOA BITES SWEETENED RICE CEREAL WITH REAL COCOA
1463803,branded_food,TOASTED OATS CEREAL
1463804,branded_food,TOASTED CRISPY RICE CEREAL
1463805,branded_food,FROSTED FLAKES SWEETENED CORN CEREAL
1463854,branded_food,FROSTED SHREDDED LIGHTLY SWEETENED WHOLE WHEAT CEREAL
1463925,branded_food,"HARRIS TEETER, HIGH FIBER CEREAL"
1463959,branded_food,"HARRIS TEETER, TOASTED MULTIGRAIN CEREAL WITH HONEY OAT CLUSTERS"
1464025,branded_food,"WEIS, CRUNCHY PUFFED WHEAT CEREAL"
1464026,branded_food,"WEIS, WHEAT BRAN FLAKES, WHOLE GRAIN WHEAT CEREAL WITH BRAN"
1464027,branded_food,"WEIS, CHOCOLATE TOASTED CORN & OATS CEREAL"
1464028,branded_food,"WEIS, COCOA CRUNCHIES, SWEETENED CORN CEREAL"
1464029,branded_food,"WEIS QUALITY, TOASTED RICE CEREAL"
1464031,branded_food,"CRISPY HEXAGONS CRISPY CORN & RICE CEREAL, CRISPY HEXAGONS"
1464032,branded_food,"TOASTED OATS TOASTED WHOLE GRAIN OAT CEREAL, TOASTED OATS"
1464034,branded_food,"ARROWHEAD MILLS, ORGANIC PUFFED KAMUT CEREAL"
1464035,branded_food,"ARROWHEAD MILLS, WHOLE GRAIN PUFFED MILLET CEREAL"
1464037,branded_food,"POST, HONEY BUNCHES OF OATS, FRUIT BLENDS CEREAL, PEACH FLAKES, RASPBERRY GRANOLA CLUSTERS"
1464050,branded_food,"WEIS, FROSTED FLAKES SWEETENED CORN CEREAL"
1464051,branded_food,"WEIS, TASTED CRISP RICE CEREAL"
1464052,branded_food,"FROSTED FRUITO'S, SWEETENED MULTI-GRAIN CEREAL WITH NATURAL FRUIT FLAVORS"
1464053,branded_food,"WEIS, MARSHMALLOW TREASURES, FROSTED WHOLE GRAIN OAT CEREAL WITH MARSHMALLOWS"
1464054,branded_food,"WEIS, KOO-KIES!, SWEETENED CORN CEREAL, WITH NATURAL AND ARTIFICIAL FLAVORS"
1464055,branded_food,"WEIS, APPLE DAPPLES, SWEETENED MULTI-GRAIN CEREAL"
1464056,branded_food,PB COCOA SPHERES SWEETENED CRUNCHY CORN CEREAL
1464057,branded_food,"STRAWBERRY CREAM FROSTED SHREDDED WHEAT LIGHTLY SWEETENED WHOLE GRAIN WHEAT CEREAL, STRAWBERRY CREAM FROSTED SHREDDED WHEAT"
1464058,branded_food,"WEIS, SHREDDED WHEAT, BITE SIZE, 100% NATURAL WHOLE GRAIN CEREAL"
1464059,branded_food,HONEY GRAHAM CEREAL
1464060,branded_food,"WEIS, BITE SIZE OVEN TOASTED CORN BISCUIT CEREAL"
1464145,branded_food,FRUIT & GRAIN CEREAL BARS
1464160,branded_food,"SMART SELECTIONS, LOW FAT GRANOLA CEREAL WITH RAISINS"
1464162,branded_food,"NATURE'S CRUNCH, RAISIN BRAN CEREAL"
1464233,branded_food,"KIGGINS, TOASTED CORN FLAKES CEREAL"
1464236,branded_food,OATS & MORE WITH HONEY CEREAL
1464237,branded_food,OATS & MORE WITH ALMONDS CEREAL
1464242,branded_food,TOASTED RICE CEREAL
1464278,branded_food,FROSTED WHOLE GRAIN OAT CEREAL WITH LUNAR MARSHMALLOWS
1464280,branded_food,"KIGGINS, YUKON GOLD, SWEETENED POPPED-CORN CEREAL"
1464281,branded_food,SWEETENED CORN & OAT CEREAL
1464282,branded_food,"SAVE-A-LOT, CRUNCH CEREAL, CHOCOLATE CHIP"
1464289,branded_food,SWEETENED PUFFED WHEAT CEREAL
1464301,branded_food,"COCOA DIAMONDS, SWEETENED RICE CEREAL"
1464302,branded_food,"APPLE BOBBERS, SWEETENED MULTI-GRAIN CEREAL, APPLE + CINNAMON"
1464336,branded_food,"CORN FLAKES CEREAL, CORN FLAKES"
1464451,branded_food,"YOCRUNCH, CEREAL BOWL, 1% MILKFAT YOGURT WITH KELLOGG'S FROSTED FLAKES, VANILLA"
1464533,branded_food,"POST, GREAT GRAINS, WHOLE GRAIN CEREAL DIGESTIVE BLEND, VANILLA GRAHAM"
1464551,branded_food,"SWEETENED RICE CEREAL, SWEETENED RICE CEREAL"
1464583,branded_food,"MULTI-GRAIN FLAKES CEREAL, MULTI-GRAIN FLAKES"
1464604,branded_food,"STRAWBERRY CRUNCHY RICE & WHEAT FLAKES WITH STRAWBERRIES CEREAL, STRAWBERRY"
1464676,branded_food,"NATURE'S PLACE, ORGANIC PEANUT BUTTER DOTS CEREAL"
1464730,branded_food,"MAPLE BROWN SUGAR WALNUT INSTANT TO-GO HOT CEREAL, MAPLE BROWN SUGAR WALNUT"
1464734,branded_food,"CINNA-APPLE WALNUT INSTANT HOT CEREAL, CINNA-APPLE WALNUT"
1464736,branded_food,"MIXED BERRY WITH ALMONDS INSTANT TO-GO HOT CEREAL, MIXED BERRY WITH ALMONDS"
1464788,branded_food,"PEACE CEREAL, HONEY FLAX GRANOLA"
1465244,branded_food,MONTANA'S HOT CEREAL
1465573,branded_food,RAISIN BRAN CEREAL
1465867,branded_food,LIGHTLY SWEETENED CORN & WHOLE WHEAT FLAKE CEREAL WITH GRANOLA AND ALMOND SLICES
1465868,branded_food,SWEETENED CORN FLAKE CEREAL
1465925,branded_food,TOASTED CORN CEREAL
1465967,branded_food,"WESTERN FAMILY, 100% NATURAL OATMEAL, 100% WHOLE GRAIN CEREAL"
1465975,branded_food,"HARRIS TEETER, MAGIC STARS, SWEETENED OAT CEREAL WITH MARSHMALLOWS CEREAL"
1465976,branded_food,"HARRIS TEETER, LEANWAY CRUNCH, HIGH FIBER CEREAL"
1465982,branded_food,"HARRIS TEETER, FRUITY FLAVORS CEREAL"
1466157,branded_food,WHOLE WHEAT AND RICE CEREAL
1466158,branded_food,"WEIS QUALITY, CINNI-MINI CRUNCH, SWEETENED WHEAT AND RICE CEREAL WITH CINNAMON"
1466159,branded_food,"WEIS QUALITY, CONFETTI CRISP, NATURALLY FLAVORED SWEETENED RICE CEREAL"
1466160,branded_food,"WEIS QUALITY, CRISP CRUNCH & BERRY BITS, SWEETENED CORN & OAT CEREAL"
1466161,branded_food,CRISP CRUNCH SWEETENED MULTI-GRAIN CEREAL
1466405,branded_food,"KEY FOOD, RAISIN BRAN CEREAL"
1466406,branded_food,"KEY FOOD, CRISP RICE CEREAL"
1466409,branded_food,"KEY FOOD, FROSTED SHREDDED WHEAT BITE SIZE CEREAL"
1466410,branded_food,"KEY FOOD, BUNCH O' CINNAMON SQUARES CEREAL"
1466411,branded_food,"KEY FOOD, TOASTED OATS CEREAL"
1466412,branded_food,"KEY FOOD, HONEY NUT TOASTED OATS CEREAL"
1466413,branded_food,CRISPY WHEAT & RICE FLAKES CEREAL
1466414,branded_food,WHEAT BRAN FLAX FLAKES CEREAL
1466424,branded_food,"POST, CEREAL, APPLE, APPLE"
1466425,branded_food,"POST, HONEY BUNCHES OF OATS, FRUIT BLENDS CEREAL, BANANA BLUEBERRY"
1466494,branded_food,"CHAI SPICE FLAVORED ORGANIC MULTIGRAIN HOT CEREAL WITH FLAX & QUINOA, CHAI SPICE"
1466499,branded_food,MULTIGRAIN HOT CEREAL
1466558,branded_food,SWEETENED MULTI-GRAIN CEREAL
1466618,branded_food,ORGANIC WHOLE GRAIN HOT CEREAL WITH FLAXSEED
1466619,branded_food,"CEREAL, FIBER TWIGS, GRAHAMS & HONEY PUFFS, FIBER TWIGS, GRAHAMS & HONEY PUFFS"
1466620,branded_food,"CEREAL, MULTIGRAIN CLUSTERS, WITH HONEY ALMOND FLAX"
1466621,branded_food,MULTIGRAIN CLUSTERS CEREAL
1466638,branded_food,"SCRUNCHY, SWEETENED CORN CEREAL, COCOA TREATS, COCOA TREATS"
1466639,branded_food,"OAT CLUSTERS WITH ALMONDS, MULTI-GRAIN CEREAL, HONEY, HONEY"
1466640,branded_food,"SHOPRITE, CRISPY RICE SQUARES CEREAL"
1466641,branded_food,"HONEY NUT TOASTED OATS SWEETENED OAT CEREAL WITH REAL HONEY AND NATURAL ALMOND FLAVOR, HONEY NUT TOASTED OATS"
1466642,branded_food,"SCRUNCHY, FRUITY FLOATS, SWEETENED MULTI-GRAIN CEREAL, ORANGE, LEMON, CHERRY, LIME & BERRY, ORANGE, LEMON, CHERRY, LIME & BERRY"
1466643,branded_food,"TOASTED CORN CEREAL WITH HONEY & NATURAL ALMOND, CRISPY HONEY NUT, CRISPY HONEY NUT"
1466644,branded_food,"SCRUNCHY, SWEETENED CEREAL, MINI COOKIE BITES, MINI COOKIE BITES"
1466682,branded_food,ORGANIC SUPERFOOD OAT-BASED CEREAL
1466683,branded_food,SUPERFOOD CEREAL
1466714,branded_food,"CINNI-MINI CRUNCH, SWEETENED WHEAT AND RICE CEREAL"
1466720,branded_food,SHREDDED WHEAT WHOLE GRAIN WHEAT CEREAL
1466721,branded_food,"TOASTED MULTI-GRAIN CEREAL, HONEY OATS & FLAKES WITH STRAWBERRIES"
1467024,branded_food,"EARTHLY CHOICE, CHIA GOODNESS, SUPERFOOD CEREAL, CHOCOLATE ALMOND"
1467762,branded_food,"CINNAMON MORNING OAT CRUNCH CEREAL, CINNAMON"
1467766,branded_food,"HONEY & OATS TOASTED MULTI-GRAIN CEREAL WITH HONEY OAT CLUSTERS, HONEY & OATS"
1467770,branded_food,"OATS & HONEY WITH STRAWBERRIES TOASTED MULTIGRAIN CEREAL WITH HONEY OAT CLUSTERS, OATS & HONEY WITH STRAWBERRIES"
1467771,branded_food,"FRUIT FRENZY SWEETENED MULTI-GRAIN CEREAL, FRUIT FRENZY"
1467772,branded_food,"HONEY & OATS WITH ALMONDS TOASTED MULTI-GRAIN CEREAL WITH ALMONDS & HONEY OAT CLUSTERS, HONEY & OATS WITH ALMONDS"
1467773,branded_food,"APPLE LOONS SWEETENED MULTI-GRAIN CEREAL, APPLE LOONS"
1467774,branded_food,"FROSTED FLAKES SWEETENED CORN CEREAL, FROSTED FLAKES"
1467775,branded_food,"FOOD CLUB, RICE SQUARES TOASTED RICE CEREAL"
1467779,branded_food,"SWEETENED CORN & OAT CEREAL WITH MARSHMALLOWS, SWEETENED CORN & OAT CEREAL WITH MARSHMALLOWS"
1467888,branded_food,"SWEETENED WHEATFULS LIGHTLY SWEETENED WHOLE GRAIN WHEAT CEREAL, SWEETENED WHEATFULS"
1467897,branded_food,"FULL CIRCLE, GO RIGHT MEDLEY, HIGH FIBER MULTIGRAIN CEREAL"
1467955,branded_food,"FOOD CLUB, RAISIN BRAN CEREAL"
1467956,branded_food,"FOOD CLUB, TOASTED OATS, TOASTED WHOLE GRAIN OAT CEREAL, ORIGINAL"
1467957,branded_food,"CORN FLAKES TOASTED FLAKES OF CORN CEREAL, CORN FLAKES"
1468477,branded_food,"CINNAMON CRUNCH SNACKIMALS CEREAL, CINNAMON CRUNCH"
1468478,branded_food,"PEANUT BUTTER & CHOCOLATE CEREAL, PEANUT BUTTER & CHOCOLATE"
1468482,branded_food,"SHOPRITE, RAISIN BRAN CEREAL"
1468484,branded_food,WHOLE GRAIN STEEL CUT OATS CEREAL
1468876,branded_food,"RAISIN BRAN CEREAL, RAISIN BRAN"
1468910,branded_food,"HONEY NUT TOASTED OATS SWEETENED TOASTED OAT CEREAL WITH REAL HONEY AND NATURAL ALMOND FLAVOR, HONEY NUT TOASTED OATS"
1468955,branded_food,"DUNKSTERS SWEET & CRUNCHY CORN CEREAL, DUNKSTERS"
1469106,branded_food,"WEETABIX, CRISPY FLAKES CEREAL"
1469107,branded_food,WHOLE GRAIN TOASTED OAT CEREAL
1469108,branded_food,"SHOPRITE, TOASTED WHOLE GRAIN OAT CEREAL"
1469321,branded_food,"SHOPRITE, NATURAL WHEAT & BARLEY NUGGETS CRUNCHY CEREAL"
1469322,branded_food,"HONEY OAT CLUSTERS MULTI-GRAIN CEREAL, HONEY"
1469324,branded_food,"RAISIN BRAN CEREAL, RAISIN BRAN"
1469325,branded_food,"SHOPRITE, CRISP CORN & RICE CEREAL"
1469326,branded_food,"SHOPRITE, CORN SQUARES, CRISPY TOASTED CORN CEREAL"
1469327,branded_food,CORN FLAKES CEREAL
1469328,branded_food,"SHOPRITE, CORN FLAKES CEREAL"
1469333,branded_food,"SHOPRITE, TOASTED WHOLE GRAIN OAT CEREAL"
1469371,branded_food,"WEIS QUALITY, CRUNCHY PUFFED RICE CEREAL"
1469392,branded_food,"WEIS QUALITY, SIMPLE LIVING, WHOLE GRAIN OAT CEREAL WITH CINNAMON, CINNAMON, CINNAMON"
1469393,branded_food,"WHEAT FLAKES CRISPY WHOLE WHEAT CEREAL, WHEAT FLAKES"
1469394,branded_food,"APPLE CINNAMON TOASTED OATS SWEETENED TOASTED OAT CEREAL, APPLE CINNAMON TOASTED OATS"
1469397,branded_food,SHREDDED WHEAT CEREAL
1469398,branded_food,"WEIS QUALITY, OATS & MORE, TOASTED MULTI-GRAIN CEREAL WITH HONEY OAT CLUSTER"
1469451,branded_food,"ARROWHEAD MILLS, PUFFED WHEAT CEREAL"
1469452,branded_food,NATURAL PUFFED RICE CEREAL
1469515,branded_food,"PEACE CEREAL, ORGANIC FLAKES & CLUSTERS, COCONUT CHIA ALMOND"
1469516,branded_food,"PEACE CEREAL, ORGANIC FLAKES & CLUSTERS, BLUEBERRY WALNUT"
1469517,branded_food,"PEACE CEREAL, ORGANIC CLUSTERS & FLAKES, BAOBAB COCONUT"
1469518,branded_food,"PEACE CEREAL, LOW FAT CLUSTERS & FLAKES, WILD BERRY"
1469519,branded_food,"PEACE CEREAL, CLUSTERS & FLAKES, MAPLE PECAN"
1469520,branded_food,"PEACE CEREAL, HEARTY RAISIN BRAN CLUSTERS & FLAKES"
1469522,branded_food,"ARROWHEAD MILLS, SHREDDED WHEAT, BITE SIZE CEREAL"
1469526,branded_food,"HEALTH VALLEY, RICE CRUNCH-EMS CEREAL"
1469527,branded_food,"MAPLE BROWN SUGAR MULTIGRAIN SQUAREFULS CEREAL, MAPLE BROWN SUGAR"
1469528,branded_food,"ORGANIC ORIGINAL HONEST O'S CEREAL, ORIGINAL"
1469531,branded_food,"CREAM OF THE WEST, ROASTED 7-GRAIN HOT CEREAL"
1469533,branded_food,"SIMPLY PURE OATS, CHIA, QUINOA & AMARANTH SUPER OATS UNSWEETENED HOT CEREAL BLEND, SIMPLY PURE"
1469534,branded_food,"NUTS & SEEDS ALMONDS, WALNUTS, PUMPKIN SEEDS & FLAXSEEDS SUPER OATS UNSWEETENED HOT CEREAL BLEND, NUTS & SEEDS"
1469535,branded_food,"QUINOA & OAT ORGANIC GLUTEN FREE INSTANT HOT CEREAL, QUINOA & OAT"
1469605,branded_food,"RALSTON FOODS, TASTEEOS, TOASTED WHOLE GRAIN OAT CEREAL"
1469640,branded_food,"HODGSON MILL, BUCKWHEAT CREAMY HOT CEREAL"
1470252,branded_food,"GREAT VALUE, HONEY NUT SPINS, SWEETENED TOASTED OAT CEREAL"
1470253,branded_food,"FAMILY GOURMET, TOASTED OATS CEREAL, HONEY NUT"
1470254,branded_food,"RALEY'S, HONEY NUT TOASTED OATS, A SWEETENED TOASTED OAT CEREAL WITH THE FLAVOR OF HONEY & NUTS"
1470255,branded_food,"ESSENTIAL EVERYDAY, HONEY OATS & FLAKES, WITH ALMONDS, TOASTED MULTI-GRAIN CEREAL, WITH ALMONDS & HONEY OAT CLUSTERS"
1470256,branded_food,"KROGER, CRUNCHY WHEAT FLAKES CEREAL WITH RAISINS"
1470257,branded_food,"RAISIN BRAN CEREAL, RAISIN BRAN"
1470258,branded_food,CORN & OAT CEREAL
1470259,branded_food,CINNI - MINI CRUNCH CEREAL
1470264,branded_food,"SHOPRITE, OAT BRAN HOT CEREAL"
1470528,branded_food,"LINO, CHOCOLINO, INSTANT CEREAL FLAKES WITH SWEET CHOCOLATE"
1470968,branded_food,CORN FLAKES CEREAL
1470969,branded_food,"SPRINGFIELD, CRISPY TOASTED RICE CEREAL"
1470970,branded_food,"HONEY OAT BLENDERS CEREAL, HONEY OAT BLENDERS"
1470974,branded_food,"MAPLE BROWN SUGAR INSTANT HOT CEREAL, MAPLE BROWN SUGAR"
1471035,branded_food,"TOASTED OAT CEREAL, HONEY NUT"
1471036,branded_food,"DIERBERGS, CRISPY HONEY OATS & FLAKES CEREAL"
1471037,branded_food,"GREAT VALUE, CRUNCHY HONEY OATS WITH ALMONDS CEREAL"
1471038,branded_food,"EXTRA RAISIN BRAN CEREAL, EXTRA RAISIN BRAN"
1471040,branded_food,"APPLE BLASTS SWEETENED MULTI-GRAIN CEREAL, APPLE BLASTS"
1471042,branded_food,"ESSENTIAL EVERYDAY, CRUNCHY RICE SQUARES, OVEN TOASTED RICE CEREAL"
1471044,branded_food,RAISIN BRAN CEREAL
1471045,branded_food,"BRAN FLAKES WHOLE WHEAT WITH BRAN CEREAL, BRAN FLAKES"
1471046,branded_food,"STRAWBERRY CRUNCHY RICE & WHEAT FLAKES WITH STRAWBERRIES CEREAL, STRAWBERRY"
1471047,branded_food,"ESSENTIAL EVERYDAY, LOW FAT GRANOLA, WHOLE GRAIN CEREAL WITH RAISINS & ALMONDS"
1471048,branded_food,"ESSENTIAL EVERYDAY, CRUNCHY OAT SQUARES CEREAL, CINNAMON"
1471049,branded_food,"ESSENTIAL EVERYDAY, LOW FAT GRANOLA WHOLE GRAIN CEREAL WITH ALMONDS"
1471050,branded_food,"HONEY NUT SWEETENED TOASTED OAT CEREAL WITH REAL HONEY AND NATURAL ALMOND FLAVOR, HONEY NUT TOASTED OATS"
1471052,branded_food,A SWEETENED CORN CEREAL MADE WITH REAL COCOA
1471053,branded_food,"TOASTED MULTI-GRAIN CEREAL WITH HONEY OAT CLUSTERS & SLICED STRAWBERRIES, HONEY & OATS WITH STRAWBERRIES"
1471054,branded_food,"FRUIT & YOGURT FLAVORED SWEETENED CRUNCHY RICE & WHEAT FLAKE CEREAL WITH FRUIT & YOGURT CLUSTERS CEREAL, FRUIT & YOGURT"
1471079,branded_food,"OATS & HONEY BLEND CORN AND WHOLE WHEAT FLAKE CEREAL, OATS & HONEY BLEND"
1471101,branded_food,"ARROWHEAD MILLS, NATURAL PUFFED CORN CEREAL"
1471129,branded_food,CRISP CEREAL
1471137,branded_food,TOASTED MULTI-GRAIN CEREAL WITH HONEY OAT CLUSTERS
1471138,branded_food,TOASTED FLAKES OF CORN CEREAL
1471146,branded_food,CEREAL
1471147,branded_food,"CHOCOLATE CHUNK FLAVORED CRISPY RICE & WHEAT FLAKES WITH CHOCOLATE PIECES CEREAL, CHOCOLATE CHUNK"
1471148,branded_food,"BERRY CRUNCH FLAVORED SWEETENED CORN & OAT CEREAL, BERRY CRUNCH"
1471346,branded_food,BROWN RICE FARINA HOT CEREAL
1471354,branded_food,"TOASTED OATS ANTIOXIDANTS WHOLE GRAIN CEREAL, TOASTED OATS"
1471435,branded_food,"HARRIS TEETER, SMART WAY HONEY TOASTED O'S WHOLE GRAIN CEREAL"
1471827,branded_food,"PINEAPPLE & CEREAL FIBER LOWFAT YOGURT, PINEAPPLE & CEREAL"
1471859,branded_food,"SUGAR FROSTED FLAKES CEREAL, SUGAR FROSTED FLAKES"
1471860,branded_food,"TOASTED WHEAT CEREAL, TOASTED WHEAT"
1471861,branded_food,"TOASTED CORN CEREAL, TOASTED CORN"
1471862,branded_food,"GREAT VALUE, FRUIT SPINS, SWEETENED MULTIGRAIN CEREAL, SWEETENED MULTIGRAIN"
1471863,branded_food,"FRUITY PUFFS FLAVORED SWEETENED PUFFED CORN CEREAL, FRUITY PUFFS"
1471864,branded_food,"TOASTED WHOLE-GRAIN OATS CEREAL, TOASTED WHOLE-GRAIN OATS"
1471866,branded_food,"TOASTED RICE CEREAL, TOASTED RICE"
1471867,branded_food,"VANILLA ALMOND FLAVORED SWEETENED CRUNCHY RICE & WHEAT FLAKES WITH ALMONDS CEREAL, VANILLA ALMOND"
1471868,branded_food,"CRISP RICE CEREAL, CRISP RICE"
1471869,branded_food,"CRUNCHY RAISIN BRAN CRUNCHY WHEAT & RICE FLAKES WITH RAISINS & CRUNCHY OAT CLUSTERS CEREAL, CRUNCHY RAISIN BRAN"
1472113,branded_food,"GLUTENFREEDA, GRANOLA CEREAL / SNACK, CRANBERRY CASHEW HONEY"
1472116,branded_food,"EUROPEAN STYLE MUESLI GLUTEN FREE HOT OR COLD CEREAL, EUROPEAN STYLE MUESLI"
1472117,branded_food,"HEALTH VALLEY ORGANIC, BAKED MULTIGRAIN CEREAL"
1472120,branded_food,"BENEFIT NUTRITION, PROTEIN PLUS, SOY PROTEIN & MULTIGRAIN CEREAL"
1472124,branded_food,"CRANBERRY CEREAL, CRANBERRY"
1472603,branded_food,"NATURE'S PLACE, ORGANIC RAISIN BRAN CEREAL"
1472653,branded_food,SWEETENED WHOLE WHEAT AND RICE CEREAL WITH CINNAMON
1473006,branded_food,"FROSTED FLAKES SWEETENED FLAKES OF CORN CEREAL, FROSTED FLAKES"
1473532,branded_food,CREAMY BUCKWHEAT HOT CEREAL
1473535,branded_food,5 GRAIN ROLLED HOT CEREAL
1473536,branded_food,OLD COUNTRY STYLE MUESLI HOT OR COLD CEREAL
1473537,branded_food,7 GRAIN HOT CEREAL
1473538,branded_food,GLUTEN FREE MIGHTY TASTY HOT CEREAL
1473539,branded_food,WHOLE GRAIN HOT CEREAL
1473540,branded_food,CREAMY WHEAT HOT CEREAL
1473570,branded_food,HIGH FIBER HOT CEREAL OAT BRAN
1473574,branded_food,"BOB'S RED MILL, BROWN RICE FARINA CREAMY RICE HOT CEREAL"
1473627,branded_food,SWEETENED CORN PUFF CEREAL WITH REAL COCOA
1474254,branded_food,"INCAPARINA, CORN & SOY HOT CEREAL MIX"
1474757,branded_food,TOASTED WHOLE GRAIN OAT WITH MARSHMALLOWS CEREAL
1474791,branded_food,SWEETENED CORN CEREAL
1474792,branded_food,"CRISPY-O'S, FROSTED CEREAL"
1474793,branded_food,"ESSENTIAL EVERYDAY, BITE SIZE FROSTED LIGHTLY SWEETENED WHOLE GRAIN SHREDDED WHEAT CEREAL"
1474797,branded_food,CORN FLAKES CEREAL
1474798,branded_food,TOASTED MULTI-GRAIN FLAKES WITH ALMONDS & HONEY OAT CLUSTERS CEREAL
1474800,branded_food,"HONEY NUT O'S ORGANIC CEREAL, HONEY NUT O'S"
1474801,branded_food,"OPEN NATURE, CRANBERRY ALMOND CRAZE CEREAL"
1474804,branded_food,"PECANS & MAPLE SYRUP FLAKES & CLUSTERS CEREAL, PECANS & MAPLE SYRUP"
1474805,branded_food,"BLUEBERRY WHEATFULS LIGHTLY SWEETENED WHOLE WHEAT CEREAL, BLUEBERRY WHEATFULS"
1474806,branded_food,"HEALTH VALLEY ORGANIC, OAT BRAN FLAKES BAKED MULTIGRAIN CEREAL"
1474807,branded_food,CRISPY TOASTED RICE CEREAL
1474808,branded_food,FRUIT FLAVORED MULTI-GRAIN SWEETENED CEREAL
1474810,branded_food,"MALLOW OATS SWEETENED WHOLE GRAIN OAT CEREAL WITH MARSHMALLOW PIECES, MALLOW OATS"
1474811,branded_food,ENRICHED BRAN FLAKES CEREAL
1474812,branded_food,"HONEY CRUNCH 'N OATS ORGANIC CEREAL A BLEND OF CORN FLAKES, WHEAT FLAKES, AND GRANOLA WITH OATS AND HONEY, HONEY CRUNCH 'N OATS"
1474813,branded_food,"ALMOND VANILLA FLAKES & CLUSTERS CEREAL, ALMOND VANILLA"
1474814,branded_food,"SUPERFOOD CEREAL, ACAI BLUEBERRY"
1474816,branded_food,ORGANIC WHEAT SQUARES CEREAL
1474841,branded_food,"COCOA DYNO-BITES CEREAL, COCOA DYNO-BITES"
1474842,branded_food,"POST, MINI CHURROS CEREAL, SWEETENED WHEAT CEREAL, CINNAMON"
1474854,branded_food,"SWEETENED MULTIGRAIN CEREAL, SWEETENED MULTIGRAIN CEREAL"
1474855,branded_food,"HONEY GRAHAM, COCOA CORN PUFF AND MARSHMALLOW CEREAL, HONEY GRAHAM, COCOA CORN PUFF AND MARSHMALLOW CEREAL"
1474863,branded_food,"CHOCOLATE TOASTED RICE & BEAN CEREAL, CHOCOLATE"
1474864,branded_food,"FAMILIA, SWISS BALANCE, SWISS MUESLI CEREAL, BLUEBERRIES & QUINOA"
1474866,branded_food,"TOASTED WHEATFULS WHOLE GRAIN WHEAT CEREAL, TOASTED WHEATFULS"
1474867,branded_food,"PEACE CEREAL, LOW FAT CLUSTERS & FLAKES, MANGO PEACH PASSION"
1474868,branded_food,"PEACE CEREAL, CLUSTERS & FLAKES, CEREAL, WALNUT SPICE"
1474869,branded_food,"HIGH FIBER MEDLEY CEREAL, ORIGINAL"
1474870,branded_food,"PEACE CEREAL, CLUSTERS & FLAKES, RASPBERRY GINGER"
1474872,branded_food,"PEACE CEREAL, GRANOLA, FRENCH VANILLA"
1474874,branded_food,"SCHNUCKS, FRUIT RINGS, SWEETENED MULTI-GRAIN CEREAL, ORANGE, LEMON, CHERRY, LIME & BERRY"
1474875,branded_food,CEREAL
1474876,branded_food,"HOSPITALITY, PUFFED WHEAT CEREAL"
1474877,branded_food,"HOSPITALITY, PUFFED RICE CEREAL"
1474878,branded_food,CRISP CRUNCH SWEETENED MULTI-GRAIN CEREAL
1474931,branded_food,ANCIENT GRAIN HOT CEREAL
1474932,branded_food,"EARNEST EATS, ASIA BLEND SUPERFOOD HOT CEREAL"
1474953,branded_food,"OLD WESSEX LTD., INSTANT OATMEAL, 100% WHOLE GRAIN, HIGH FIBER CEREAL"
1474954,branded_food,"OVEN TOASTED FLAKES OF CORN CEREAL, OVEN TOASTED FLAKES OF CORN CEREAL"
1474956,branded_food,8 GRAIN HOT CEREAL
1474957,branded_food,"OLD WESSEX LTD., CREAMY OAT BRAN, HIGH FIBER BREAKFAST CEREAL"
1474959,branded_food,"OLD WESSEX LTD., ALL NATURAL 5 GRAIN CEREAL"
1474960,branded_food,ORGANIC WHOLE GRAIN 6 GRAIN HOT CEREAL WITH FLAXSEED
1474961,branded_food,OATS CEREAL
1474962,branded_food,FROSTED FLAKES SWEETENED CEREAL
1474964,branded_food,ORGANIC FROSTED CORN FLAKES CEREAL
1474965,branded_food,SWEETENED CORN & OAT CEREAL
1474968,branded_food,"HOSPITALITY, MAGIC STARS & MARSHMALLOWS SWEETENED CEREAL"
1474969,branded_food,ORGANIC TOASTED OATS CEREAL
1474975,branded_food,"OLD WESSEX LTD., IRISH-STYLE OATMEAL HIGH FIBER CEREAL"
1474977,branded_food,"OLD WESSEX LTD., IRISH-STYLE OATMEAL, 100% WHOLE GRAIN, HIGH FIBER CEREAL"
1474978,branded_food,"OLD WESSEX LTD., SCOTTISH-STYLE PORRIDGE OATS CEREAL"
1474979,branded_food,ORGANIC CREAMY OAT BRAN HIGH FIBER BREAKFAST CEREAL
1474980,branded_food,"BOB'S RED MILL, WHOLE GRAIN WHEAT FARINA HOT CEREAL"
1474993,branded_food,"SWEETENED RICE CEREAL WITH COCOA & MARSHMALLOWS, SWEETENED RICE CEREAL WITH COCOA & MARSHMALLOWS"
1475004,branded_food,"365 EVERYDAY VALUE, WHOLE GRAIN WHEAT SQUARES CEREAL"
1475005,branded_food,"PEACE CEREAL, SUPERGRAINS CEREAL, MAPLE BUCKWHEAT HEMP"
1475007,branded_food,"PEACE CEREAL, CRISPY RICE & FLAKES, CRISPY RICE AND OAT CLUSTERS, WHEAT-RICE FLAKES WITH POMEGRANATE AND REAL BLUEBERRIES, BLUEBERRY POMEGRANATE"
1475008,branded_food,"WHOLE GRAIN CEREAL, HONEY RICE TWICE"
1475015,branded_food,"365 EVERYDAY VALUE, ORGANIC BRAN FLAKES CEREAL"
1475017,branded_food,"365 EVERYDAY VALUE, ORGANIC RAISIN BRAN CEREAL"
1475021,branded_food,"ORGANIC PEANUT BUTTER & COCOA BALLS SWEETENED ORGANIC CORN & WHOLE GRAIN OAT CEREAL WITH ORGANIC COCOA & THE DELICIOUS GOODNESS OF REAL ORGANIC PEANUT BUTTER BALLS, PEANUT BUTTER & COCOA"
1475022,branded_food,"MORNING O'S HONEY NUT FLAVORED SWEETENED ORGANIC WHOLE GRAIN OAT CEREAL WITH REAL ORGANIC HONEY, MORNING O'S HONEY NUT"
1475024,branded_food,"365 EVERYDAY VALUE, LITTLE CUBBIES CEREAL, OAT & CORN, MARSHMALLOW BITES"
1475025,branded_food,"ORGANIC SWEETENED CRISPY RICE FLOUR CEREAL WITH ORGANIC COCOA & NATURAL CHOCOLATE FLAVOR, COCOA & CHOCOLATE"
1475026,branded_food,MORNING O'S ORGANIC WHOLE GRAIN OAT CEREAL
1475029,branded_food,WHEAT WAFFLES CEREAL
1475030,branded_food,"365 EVERYDAY VALUE, ORGANIC CRUNCHY CINNAMON SQUARES CEREAL"
1475252,branded_food,"NATURE'S PATH, ORGANIC WHOLE GRAIN BROWN CRISPY RICE CEREAL"
1475253,branded_food,ORGANIC PUMPKIN RAISIN CRUNCH CEREAL
1475254,branded_food,ORGANIC MULTIBRAN FLAKES CEREAL
1475255,branded_food,CRUNCHY MAPLE CEREAL
1475256,branded_food,CEREAL
1475257,branded_food,"NATURE'S PATH, HERITAGE BITES, ORGANIC ANCIENT GRAINS CEREAL"
1475258,branded_food,"NATURE'S PATH, FRUIT JUICE SWEETENED MILLET RICE CEREAL WITH OATBRAN"
1475259,branded_food,"NATURE'S PATH, MULTIGRAIN OATBRAN CEREAL"
1475260,branded_food,"NATURE'S PATH, OATY BITES, OATS, BROWN RICE AND CORN CEREAL"
1475261,branded_food,ENVIROKIDZ CORN PUFFS CEREAL
1475262,branded_food,KOALA CRISP CEREAL
1475263,branded_food,PANDA PUFFS CEREAL
1475264,branded_food,ORGANIC CORN FLAKES CEREAL
1475265,branded_food,CEREAL
1475266,branded_food,CEREAL
1475268,branded_food,"NATURE'S PATH, MESA SUNRISE, CEREAL"
1475269,branded_food,"NATURE'S PATH, OPTIMUM SLIM CEREAL, VANILLA"
1475270,branded_food,CORN PUFFS CEREAL
1475271,branded_food,CEREAL
1475272,branded_food,"NATURE'S PATH, ORGANIC KAMUT PUFFS CEREAL"
1475273,branded_food,"NATURE'S PATH, GRANOLA CEREAL WITH COCONUT & HEMP, VANILLA CRANBERRY"
1475280,branded_food,"CHIA, BUCKWHEAT & HEMP CEREAL"
1475281,branded_food,"CHIA, BUCKWHEAT & HEMP CEREAL"
1475282,branded_food,"CHIA, BUCKWHEAT & HEMP CEREAL"
1475499,branded_food,SUPERFOOD CEREAL
1476157,branded_food,"FOODHOLD, OATS & O'S, CHOCOLATE, NATURALLY FLAVORED WHOLE GRAIN CORN AND OAT CEREAL "
1476159,branded_food,"FOODHOLD, CRISPERS, CORN & RICE CEREAL BLENDED INTO CRUNCHY BITE-SIZED PIECES"
1476160,branded_food,"FOODHOLD, FRUIT SWIRLS, SWEETENED MULTIGRAIN CEREAL NATURAL FRUIT FLAVOR WITH OTHER NATURAL FLAVORS"
1476163,branded_food,"FOODHOLD, FRUIT SWIRLS, SWEETENED MULTIGRAIN CEREAL NATURAL FRUIT FLAVOR WITH OTHER NATURAL FLAVORS"
1476647,branded_food,"FRUIT & GRAIN CEREAL BARS, BLUEBERRY"
1476651,branded_food,"LOW FAT CEREAL BARS, APPLE CINNAMON"
1476727,branded_food,"AHOLD, GRANOLA CEREAL, OATS, HONEY & RAISINS"
1476811,branded_food,"PEANUT BUTTER CEREAL, PEANUT BUTTER"
1476885,branded_food,"ORIGINAL SPROUTED CRUNCHY CEREAL, ORIGINAL"
1476886,branded_food,"CINNAMON RAISIN SPROUTED CRUNCHY CEREAL, CINNAMON RAISIN"
1476887,branded_food,"ALMOND SPROUTED CRUNCHY CEREAL, ALMOND"
1476888,branded_food,"GOLDEN FLAX SPROUTED CRUNCHY CEREAL, GOLDEN FLAX"
1477714,branded_food,"ORIGINAL FLAVOR INSTANT HOT CEREAL, ORIGINAL"
1477961,branded_food,CORN CEREAL
1477975,branded_food,"RAISIN BRAN TOASTED WHOLE GRAIN WHEAT & WHEAT BRAN CEREAL WITH RAISINS, RAISIN BRAN"
1477976,branded_food,"CORN FLAKES CRISP CORN CEREAL, CORN FLAKES"
1477977,branded_food,"WHOLE GRAIN WHEAT & BARLEY CEREAL BRAN BITS, WHOLE GRAIN WHEAT & BARLEY CEREAL"
1477994,branded_food,"MULTIGRAIN SQUARES LOW FAT CEREAL, MULTIGRAIN"
1477995,branded_food,FROSTED SHREDDED WHEAT LIGHTLY SWEETENED WHOLE GRAIN WHEAT CEREAL
1477996,branded_food,"BLUEBERRY FLAVORED FROSTED SHREDDED WHEAT LIGHTLY SWEETENED WHOLE GRAIN WHEAT CEREAL, BLUEBERRY"
1478039,branded_food,"HONEY RICE CEREAL, HONEY RICE"
1478363,branded_food,"RAISIN BRAN TOASTED WHOLE GRAIN WHEAT & WHEAT BRAN CEREAL WITH RAISINS, RAISIN BRAN"
1478615,branded_food,MULTIGRAIN CEREAL
1478616,branded_food,"PEANUT BUTTER CEREAL, PEANUT BUTTER"
1478617,branded_food,"ORIGINAL WHEAT BERRY FLAKES TOASTED WHOLE WHEAT BERRY FLAKES & FLAXSEED CEREAL, ORIGINAL WHEAT BERRY FLAKES"
1478745,branded_food,"HODGSON MILL, MULTI GRAIN WITH QUINOA & FLAX HOT CEREAL"
1479119,branded_food,"RICE SQUARES OVEN TOASTED RICE CEREAL, RICE SQUARES"
1479167,branded_food,"FROSTED FLAKES SWEETENED FLAKES OF CORN CEREAL, FROSTED FLAKES"
1479170,branded_food,"APPLE CRUNCHIES FLAVORED SWEETENED MULTI-GRAIN CEREAL, APPLE CRUNCHIES"
1479171,branded_food,SWEETENED PUFFED WHEAT CEREAL
1479182,branded_food,"CRACKLING COCOA CRISPS SWEETENED RICE CEREAL WITH REAL COCOA, CRACKLING COCOA CRISPS"
1479484,branded_food,"CRAZY CRUNCH SWEETENED CORN & OAT CEREAL, CRAZY CRUNCH"
1479626,branded_food,"MAPLE MORNING ANCIENT GRAINS KISSED WITH WARM NATURAL MAPLE FLAVOR GLUTEN-FREE ORGANIC HOT CEREAL, MAPLE MORNING"
1479686,branded_food,"COCOA CRUNCH SWEETENED CEREAL, COCOA CRUNCH"
1479712,branded_food,ORGANIC ANCIENT GRAINS HOT CEREAL
1481258,branded_food,FROSTED FLAKES OF CORN CEREAL
1481259,branded_food,"SHOPRITE, SCRUNCHY, TOASTED RICE CEREAL"
1481260,branded_food,COCOA PEANUT BUTTER TREATS SWEETENED CORN CEREAL
1481261,branded_food,"COCOA CRISPY RICE, SWEETENED RICE CEREAL"
1481263,branded_food,"SHOPRITE, SCRUNCHY, TOASTED OATS SWEETENED OAT CEREAL, APPLE CINNAMON"
1481264,branded_food,"SHOPRITE, SCRUNCHY, MARSHMALLOW DREAMS SWEETENED OAT CEREAL WITH MARSHMALLOWS"
1481267,branded_food,"SHOPRITE, SCRUNCHY, CRISPY COLORS SWEETENED RICE CEREAL"
1481427,branded_food,"IGA, SWEETENED MULTI-GRAIN APPLE WHIRLS CEREAL, APPLE AND CINNAMON"
1481456,branded_food,"BRAN FLAKES CEREAL, BRAN FLAKES"
1481536,branded_food,"SWEETENED WHOLE GRAIN OAT CEREAL WITH MARSHMALLOW PIECES, MALLOW OATS"
1481537,branded_food,"OAT & HONEY FLAVORED CLUSTERS LIGHTLY SWEETENED CORN & WHOLE WHEAT FLAKE CEREAL WITH GRANOLA WITH ALMONDS, OAT & HONEY WITH ALMONDS"
1481542,branded_food,"APPLE CINNAMON TOASTED OATS SWEETENED TOASTED OAT CEREAL WITH THE FLAVOR OF APPLE & CINNAMON, APPLE CINNAMON"
1481551,branded_food,"CINNAMON CRUNCH SWEETENED WHEAT & RICE, FLAVORED WITH REAL CINNAMON CEREAL, CINNAMON CRUNCH"
1481559,branded_food,"FROSTED FLAKES SWEETENED FLAKES OF CORN CEREAL, FROSTED FLAKES"
1481612,branded_food,"HONEY NUT FLAVORED TOASTED OATS CEREAL WITH REAL HONEY, HONEY NUT"
1481613,branded_food,"TOASTED OATS WHOLE GRAIN OAT CEREAL, TOASTED OATS"
1481614,branded_food,"FRUIT MUNCH SWEETENED RICE CEREAL, FRUIT MUNCH"
1481615,branded_food,"CRACKLING FRUIT CRISPS SWEETENED RICE CEREAL, CRACKLING FRUIT CRISPS"
1481617,branded_food,"FROSTED OAT CEREAL WITH MARSHMALLOWS, FROSTED OAT WITH MARSHMALLOWS"
1481618,branded_food,"SUPER CINNAMON SWIRL CRUNCH SWEETENED WHOLE WHEAT AND RICE CEREAL WITH CINNAMON, SUPER CINNAMON SWIRL CRUNCH"
1481619,branded_food,"HONEY NUT FLAVORED TOASTED OATS SWEETENED WHOLE GRAIN OAT CEREAL WITH REAL HONEY, HONEY NUT"
1481698,branded_food,"ORIGINAL CEREAL, ORIGINAL"
1481699,branded_food,"ORIGINAL MULTIGRAIN SPOONFULS CEREAL, ORIGINAL"
1481848,branded_food,"CRISP RICE OVEN TOASTED RICE CEREAL, CRISP RICE"
1481849,branded_food,"FROSTED FLAKES SWEETENED CORN CEREAL, FROSTED FLAKES"
1481924,branded_food,SWEETENED PUFFED WHEAT CEREAL
1482084,branded_food,"NATURE'S PROMISE, ORGANIC, CINNAMON SQUARES, CRUNCHY CINNAMON CEREAL"
1482806,branded_food,HOT CEREAL ORGANIC SUPERFOOD
1482977,branded_food,"GIANT, NATURE'S PROMISE, FRUIT, NUT & SEED MUESLI CEREAL"
1482982,branded_food,MIXED BERRY MUESLI CEREAL
1483548,branded_food,CEREAL
1483989,branded_food,"KIGGINS, WHOLE GRAIN SHREDDED WHEAT CEREAL"
1484121,branded_food,"GREAT VALUE, WHOLE GRAIN OAT CEREAL"
1484122,branded_food,"CRUNCHY NUGGETS WHOLE GRAIN WHEAT WITH BARLEY CEREAL, CRUNCHY NUGGETS"
1484198,branded_food,"YOCRUNCH, CEREAL BOWL, LOWFAT YOGURT, VANILLA WITH KELLOGG'S FROOT LOOPS"
1484251,branded_food,"TOASTED MULTI-GRAIN LIGHTLY SWEETENED MULTI-GRAIN CEREAL, TOASTED MULTI-GRAIN"
1484272,branded_food,"SWEETENED RICE CEREAL WITH REAL COCOA, SWEETENED RICE CEREAL WITH REAL COCOA"
1484274,branded_food,"OAT CRUNCH SWEETENED MULTIGRAIN CEREAL, OAT CRUNCH"
1484276,branded_food,"SWEETENED CORN & OAT CEREAL, SWEETENED CORN & OAT CEREAL"
1484309,branded_food,"FROSTED WHOLE GRAIN OAT CEREAL WITH MARSHMALLOWS, FROSTED WHOLE GRAIN OAT CEREAL WITH MARSHMALLOWS"
1485285,branded_food,"HONEY GRAHAM, CEREAL "
1485347,branded_food,ESSENTIALLY YOU VANILLA ALMOND CEREAL
1485372,branded_food,"BUNCH O' CINNAMON SQUARES , NATURAL FLAVOR CEREAL "
1485562,branded_food,"ESSENTIAL EVERYDAY, APPLE CRUNCHIES, SWEETENED MULTI-GRAIN CEREAL, APPLE, CINNAMON"
1485563,branded_food,SWEETENED RICE CEREAL
1485565,branded_food,"ESSENTIAL EVERYDAY, COCOA COMETS, COCOA COMETS SWEETENED CORN CEREAL MADE WITH REAL COCOA"
1485566,branded_food,FROSTED WHOLE GRAIN OAT CEREAL WITH MARSHMALLOWS
1485567,branded_food,MULTI GRAIN TOASTED CEREAL
1485568,branded_food,APPLE CINNAMON SWEETENED TOASTED OAT CEREAL
1485569,branded_food,"ESSENTIAL EVERYDAY, CORN CEREAL, HONEY & NATURAL ALMOND"
1485570,branded_food,CRUNCHY WHEAT SQUARES WHOLE GRAIN CEREAL
1485572,branded_food,FROSTED FRUIT-O'S SWEETENED MULTI-GRAIN CEREAL WITH NATURAL FRUIT FLAVORS
1486139,branded_food,"NATURAL BANANA PROTEEN CRUNCH SWEETENED CEREAL, NATURAL BANANA"
1486623,branded_food,"BANANAS & CREAM INSTANT HOT CEREAL, BANANAS & CREAM"
1486658,branded_food,"STRAWBERRY COBBLER CEREAL BARS, STRAWBERRY COBBLER"
1486731,branded_food,APPLES & MORE MUESLI COLD OR HOT CEREAL
1486772,branded_food,SHREDDED WHEAT CEREAL
1486773,branded_food,QUINOA HOT CEREAL FLAKES
1486777,branded_food,"BROWN RICE CRISPS CEREAL, BROWN RICE CRISPS"
1486780,branded_food,"ORIGINAL CEREAL, ORIGINAL"
1486782,branded_food,"SPARTAN, CEREAL, CRANBERRY ALMOND, CRANBERRY ALMOND"
1486783,branded_food,ORGANIC TOASTED OATS CEREAL
1486785,branded_food,"BLUEBERRY MORNING CEREAL, BLUEBERRY MORNING"
1486786,branded_food,"CINNAMON PUFFINS CEREAL, CINNAMON"
1486791,branded_food,"HONEY & OATS CORN FLAKES, WHEAT FLAKES AND GRANOLA MEDLEY CEREAL, HONEY & OATS"
1486823,branded_food,"VANILLA ALMOND MORNING OAT CRUNCH CEREAL, VANILLA ALMOND"
1487722,branded_food,"HONEY ALMOND FLAX CEREAL, HONEY ALMOND FLAX"
1488055,branded_food,FRUIT & GRAIN CEREAL BARS
1488066,branded_food,CEREAL BARS
1488553,branded_food,"MULTI-GRAIN MORNING O'S CEREAL, MULTI-GRAIN"
1488587,branded_food,"HONEY NUT TOASTY O'S SWEETENED WHOLE GRAIN OAT CEREAL WITH REAL HONEY, HONEY NUT TOASTY O'S"
1488616,branded_food,"OATS & MORE WITH ALMONDS, TOASTED MULTI-GRAIN CEREAL WITH ALMONDS & HONEY OAT CLUSTERS"
1488622,branded_food,"SWEETENED WHEATFULS LIGHTLY SWEETENED WHOLE GRAIN WHEAT CEREAL, SWEETENED WHEATFULS"
1488899,branded_food,"APPLE CINNAMON FRUIT & GRAIN CEREAL BARS, APPLE CINNAMON"
1489198,branded_food,"FAMILY GOURMET, SQUARES CEREAL, BUNCH O' CINNAMON"
1489236,branded_food,APPLE CINNAMON CEREAL BARS
1489391,branded_food,ORGANIC CEREAL
1489392,branded_food,ORGANIC CEREAL WHOLE GRAIN GOLDEN RICE CRISPS
1489393,branded_food,WHOLE GRAIN CINNAMON CRUNCH ORGANIC CEREAL
1489394,branded_food,WHOLE GRAIN WHEAT SQUARES ORGANIC CEREAL
1489396,branded_food,WHOLE GRAIN BRAN PLUS ORGANIC CEREAL
1489398,branded_food,ORGANIC CEREAL
1489415,branded_food,"HONEY CEREAL, HONEY"
1489417,branded_food,"TOASTED RICE CRISPS CEREAL, TOASTED RICE"
1489419,branded_food,"CINNAMON OAT CRUNCH SWEETENED MULTIGRAIN CEREAL WITH CINNAMON, CINNAMON OAT CRUNCH"
1489420,branded_food,"RAISIN BRAN CEREAL, RAISIN BRAN"
1489422,branded_food,"CRUNCHY RAISIN BRAN CRUNCHY WHEAT & RICE FLAKES WITH RAISINS & CRUNCHY OAT CLUSTERS CEREAL, CRUNCHY RAISIN BRAN"
1489423,branded_food,TOASTED OAT CEREAL
1489424,branded_food,"CRUNCHY HONEY OATS FLAVORED LIGHTLY SWEETENED CORN & WHEAT FLAKES CEREAL WITH OAT CLUSTERS & HONEY CEREAL, CRUNCHY HONEY OATS"
1489425,branded_food,NATURAL HONEY FLAVORED MULTIGRAIN CEREAL WITH GRANOLA AND ALMONDS
1489426,branded_food,"HOSPITALITY, TOASTED OATS CEREAL"
1489427,branded_food,TOASTED OATS SWEETENED CEREAL
1489430,branded_food,"FROSTED FLAKES SWEETENED FLAKES OF CORN CEREAL, FROSTED FLAKES"
1489433,branded_food,"TOASTED WHEAT CEREAL, TOASTED WHEAT"
1489434,branded_food,"TOASTED MULTI-GRAIN SPINS LIGHTLY SWEETENED MULTI-GRAIN CEREAL, TOASTED MULTI-GRAIN SPINS"
1489435,branded_food,"CORN FLAKES CEREAL, CORN FLAKES"
1489436,branded_food,"FROSTED SHREDDED WHEAT LIGHTLY SWEETENED WHOLE GRAIN CEREAL, FROSTED SHREDDED WHEAT"
1489437,branded_food,TOASTED CORN CEREAL
1489438,branded_food,"SWEETENED MULTIGRAIN CEREAL, SWEETENED MULTIGRAIN"
1489440,branded_food,"HONEY NUT O'S SWEETENED TOASTED OAT CEREAL, HONEY NUT O'S"
1489942,branded_food,"BLUEBERRY COBBLER CEREAL BARS, BLUEBERRY COBBLER"
1489956,branded_food,CEREAL BARS
1490618,branded_food,PECAN FLAKE & GRANOLA CEREAL
1490624,branded_food,FRUIT & GRAIN CEREAL BARS
1490811,branded_food,FRUIT & GRAIN CEREAL BAR
1490876,branded_food,TOASTED OATS CEREAL
1490877,branded_food,"SWEETENED MULTI-GRAIN CEREAL, APPLE"
1490878,branded_food,RAISIN BRAN CEREAL
1490879,branded_food,"SWEETENED TOASTED OAT CEREAL WITH THE FLAVOR OF APPLE & CINNAMON, APPLE CINNAMON"
1490880,branded_food,"FIBER BRAN TOASTED CORN AND WHEAT CEREAL, FIBER BRAN"
1490883,branded_food,"CRISP RICE OVEN TOASTED RICE CEREAL, CRISP RICE"
1490886,branded_food,"SWEETENED CEREAL, SWEETENED"
1490887,branded_food,"CHOCOLATE TOASTED CORN AND OAT CEREAL MADE WITH REAL COCOA, CHOCOLATE"
1490908,branded_food,CEREAL
1490909,branded_food,"BITE SIZE FROSTED SHREDDED WHEAT LIGHTLY SWEETENED WHOLE GRAIN CEREAL, FROSTED SHREDDED WHEAT"
1490910,branded_food,"SCHNUCKS, CORN SQUARES TOASTED CORN CEREAL"
1490911,branded_food,TWIN GRAIN CRISP CRISPY CORN & RICE CEREAL
1491167,branded_food,"SCHNUCKS, OAT WISE CEREAL"
1491169,branded_food,"SCHNUCKS, HONEY & OATS WITH ALMONDS, TOASTED MULTI-GRAIN CEREAL"
1491171,branded_food,"WHEAT SQUARES GOLDEN BROWN SQUARES OF TOASTED WHOLE GRAIN WHEAT CEREAL, WHEAT SQUARES"
1491172,branded_food,"CINNAMON FROSTED WHOLE GRAIN SHREDDED WHEAT CEREAL WITH ONYX SORGHUM, CINNAMON FROSTED"
1491175,branded_food,"TOASTED CINNAMON SQUARES SWEETENED WHOLE WHEAT AND RICE CEREAL WITH CINNAMON, TOASTED CINNAMON SQUARES"
1491176,branded_food,"HONEY & OATS TOASTED MULTI-GRAIN CEREAL WITH HONEY OAT CLUSTERS, HONEY & OATS"
1491181,branded_food,"TOASTED RICE & WHEAT FLAKES CEREAL WITH BITS OF STRAWBERRY, STRAWBERRY"
1491317,branded_food,CRUNCHEE CEREAL BARS
1492638,branded_food,"GRANOLA, RAISINS & ALMONDS FRUIT & NUT CEREAL WITH CRUNCHY OAT CLUSTERS, SWEET CHEWY RAISINS & SLICED ALMONDS, GRANOLA, RAISINS & ALMONDS"
1492639,branded_food,"CORN FLAKES CRISP CORN CEREAL, CORN FLAKES"
1492928,branded_food,CEREAL BARS
1492930,branded_food,CEREAL BARS
1492931,branded_food,FRUIT & GRAIN CEREAL BARS
1492934,branded_food,CEREAL BARS
1492938,branded_food,FRUIT & GRAIN CEREAL BARS
1493636,branded_food,"SWEETENED CORN & OAT CEREAL, SWEETENED CORN & OAT CEREAL"
1493637,branded_food,SWEETENED RICE CEREAL WITH REAL COCOA
1493638,branded_food,COCOA DYNO-BITES CEREAL
1493721,branded_food,"APPLE ZINGS CEREAL, APPLE ZINGS"
1493722,branded_food,"BERRY COLOSSAL CRUNCH CEREAL WITH MARSHMALLOWS, BERRY COLOSSAL CRUNCH"
1493723,branded_food,"SWEETENED CORN & OAT CEREAL, BERRY BUNCH CRUNCH"
1493724,branded_food,"BERRY COLOSSAL CRUNCH CEREAL WITH MARSHMALLOWS, BERRY COLOSSAL CRUNCH"
1493725,branded_food,SWEETENED CORN & OAT CEREAL
1493726,branded_food,"SWEETENED CORN & OAT CEREAL, SWEETENED CORN & OAT CEREAL"
1493727,branded_food,"BERRY COLOSSAL CRUNCH CEREAL, BERRY COLOSSAL CRUNCH"
1493728,branded_food,"BERRY COLOSSAL CRUNCH CEREAL, BERRY COLOSSAL CRUNCH"
1493729,branded_food,"SWEETENED CORN PUFF CEREAL WITH REAL PEANUT BUTTER, PEANUT BUTTER"
1493730,branded_food,SWEETENED CORN & OAT CEREAL
1493731,branded_food,SWEETENED CORN PUFF CEREAL WITH REAL PEANUT BUTTER
1493732,branded_food,CEREAL
1493733,branded_food,"COCOA DYNO-BITES CEREAL, COCOA DYNO-BITES"
1493734,branded_food,"COCOA DYNO-BITES CEREAL, COCOA DYNO-BITES"
1493735,branded_food,"COCOA DYNO-BITES CEREAL, COCOA DYNO-BITES"
1493736,branded_food,"CINNAMON TOASTERS CEREAL, CINNAMON TOASTERS"
1493737,branded_food,"S'MORES CEREAL, S'MORES"
1493738,branded_food,"FROSTED MINI SPOONERS CEREAL, FROSTED MINI SPOONERS"
1493739,branded_food,"HONEY & ALMONDS FLAVORED CEREAL, HONEY & ALMONDS"
1493740,branded_food,OAT BLENDERS LIGHTLY SWEETENED CORN & WHOLE WHEAT FLAKE CEREAL WITH GRANOLA & SLICED ALMONDS
1493741,branded_food,SWEETENED CORN & OAT CEREAL
1493742,branded_food,"WHOLE GRAIN OAT CEREAL WITH MARSHMALLOW PIECES, SWEETENED"
1493743,branded_food,CEREAL
1493744,branded_food,SWEETENED PUFFED WHEAT CEREAL
1493745,branded_food,CEREAL
1493746,branded_food,CEREAL
1493747,branded_food,SWEETENED CORN & OAT CEREAL
1493748,branded_food,"BERRY COLOSSAL CRUNCH CEREAL, BERRY COLOSSAL CRUNCH"
1493749,branded_food,"COCOA DYNO-BITES CEREAL, COCOA DYNO-BITES"
1493750,branded_food,"COCO ROOS CEREAL, COCO ROOS"
1493751,branded_food,SWEETENED CORN PUFF CEREAL WITH REAL COCOA
1493752,branded_food,CEREAL
1493754,branded_food,"TOOTIE FRUITIES FLAVORED CEREAL, TOOTIE FRUITIES"
1493755,branded_food,"TOOTIE FRUITIES CEREAL, TOOTIE FRUITIES"
1493756,branded_food,SWEETENED RICE CEREAL WITH MARSHMALLOWS
1493757,branded_food,"SWEETENED RICE CEREAL, MARSHMALLOWS"
1493758,branded_food,CEREAL
1493759,branded_food,"FRUITY DYNO-BITES CEREAL WITH MARSHMALLOWS, FRUITY DYNO-BITES WITH MARSHMALLOWS"
1493760,branded_food,LIGHTLY SWEETENED WHOLE GRAIN WHEAT CEREAL
1493761,branded_food,"STRAWBERRY CREAM CEREAL, STRAWBERRY CREAM"
1493762,branded_food,LIGHTLY SWEETENED WHOLE GRAIN WHEAT CEREAL
1493763,branded_food,"FROSTED CEREAL, FROSTED"
1493764,branded_food,LIGHTLY SWEETENED WHOLE GRAIN WHEAT CEREAL
1493765,branded_food,LIGHTLY SWEETENED WHOLE GRAIN WHEAT CEREAL
1493766,branded_food,"HONEY GRAHAM SQUARES & COCOA CORN PUFF CEREAL WITH MARSHMALLOWS, S'MORES"
1493767,branded_food,"BLUEBERRY CEREAL, BLUEBERRY"
1493768,branded_food,"HONEY NUT SCOOTERS CEREAL, HONEY NUT SCOOTERS"
1493769,branded_food,"HONEY NUT SCOOTERS CEREAL, HONEY NUT SCOOTERS"
1493770,branded_food,"CEREAL, HONEY NUT"
1493771,branded_food,"PEANUT BUTTER CUPS CEREAL, PEANUT BUTTER CUPS"
1493772,branded_food,"FROSTED FLAKES CEREAL, FROSTED FLAKES"
1493773,branded_food,"CINNAMON TOASTERS CEREAL, CINNAMON TOASTERS"
1493774,branded_food,"CINNAMON TOASTERS CEREAL, CINNAMON TOASTERS"
1493775,branded_food,"CRISPY RICE CEREAL, CRISPY RICE"
1493776,branded_food,"COCO ROOS CEREAL, COCO ROOS"
1493777,branded_food,SWEETENED WHOLE WHEAT & RICE CEREAL WITH CINNAMON
1493778,branded_food,CRISPY RICE CEREAL
1493779,branded_food,"CRISPY RICE CEREAL, CRISPY RICE"
1493780,branded_food,"TOOTIE FRUITIES CEREAL, TOOTIE FRUITIES"
1493781,branded_food,"TOOTIE FRUITIES CEREAL, TOOTIE FRUITIES"
1493782,branded_food,"FRUITY DYNO-BITES CEREAL, FRUITY DYNO-BITES"
1493783,branded_food,"TOOTIE FRUITIES CEREAL, TOOTIE FRUITIES"
1493784,branded_food,CEREAL
1493785,branded_food,CEREAL
1493786,branded_food,CEREAL
1493787,branded_food,GLUTEN FREE CEREAL
1493788,branded_food,"FRUITY DYNO-BITES CEREAL, FRUITY DYNO-BITES"
1493789,branded_food,"FROSTED MINI SPOONERS CEREAL, FROSTED MINI SPOONERS"
1493790,branded_food,"MINI SPOONERS FROSTED CEREAL, MINI SPOONERS FROSTED"
1493791,branded_food,"FROSTED MINI SPOONERS CEREAL, FROSTED MINI SPOONERS"
1493792,branded_food,"FROSTED MINI SPOONERS CEREAL, FROSTED MINI SPOONERS"
1493793,branded_food,"S'MORES CEREAL, S'MORES"
1493794,branded_food,"HONEY & ALMONDS OAT BLENDERS CEREAL, HONEY & ALMONDS OAT BLENDERS"
1493795,branded_food,"HONEY GRAHAM TOASTERS CEREAL, HONEY GRAHAM TOASTERS"
1493796,branded_food,OAT BLENDERS LIGHTLY SWEETENED CORN & WHOLE WHEAT FLAKE CEREAL WITH GRANOLA & SLICED ALMONDS
1493797,branded_food,"SWEETENED WHOLE GRAIN OAT CEREAL WITH REAL HONEY, SWEETENED WHOLE GRAIN OAT CEREAL WITH REAL HONEY"
1493798,branded_food,"HONEY BUZZERS CEREAL, HONEY BUZZERS"
1493799,branded_food,"HONEY BUZZERS CEREAL, HONEY BUZZERS"
1493800,branded_food,"LIGHTLY SWEETENED CORN & WHOLE WHEAT FLAKE CEREAL WITH GRANOLA, LIGHTLY SWEETENED CORN & WHOLE WHEAT FLAKE CEREAL WITH GRANOLA"
1493801,branded_food,"HONEY OAT BLENDERS CEREAL, HONEY OAT BLENDERS"
1493802,branded_food,"HONEY OAT BLENDERS CEREAL, HONEY OAT BLENDERS"
1493803,branded_food,"RAISIN BRAN CEREAL, RAISIN BRAN"
1493804,branded_food,"PEANUT BUTTER CUPS CEREAL, PEANUT BUTTER CUPS"
1493806,branded_food,SWEETENED PUFFED WHEAT CEREAL
1493807,branded_food,"WHOLE GRAIN WHEAT & BRAN CEREAL WITH RAISINS, CINNAMON, AND STEEL CUT OAT CLUSTERS"
1493808,branded_food,CEREAL
1493809,branded_food,"GOLDEN PUFFS CEREAL, GOLDEN PUFFS"
1493810,branded_food,GOLDEN PUFFS CEREAL
1493811,branded_food,"LIGHTLY SWEETENED TOASTED WHOLE GRAIN OAT CEREAL, LIGHTLY SWEETENED TOASTED WHOLE GRAIN OAT CEREAL"
1493812,branded_food,LIGHTLY SWEETENED TOASTED WHOLE GRAIN OAT CEREAL
1493816,branded_food,"APPLE ZINGS CEREAL, APPLE ZINGS"
1493817,branded_food,CEREAL
1493818,branded_food,"APPLE ZINGS CEREAL, APPLE ZINGS"
1493820,branded_food,SWEETENED CORN & OAT CEREAL
1493821,branded_food,"BERRY COLOSSAL CRUNCH CEREAL, BERRY COLOSSAL CRUNCH"
1493822,branded_food,"SWEETENED CORN & OAT CEREAL, SWEETENED CORN & OAT CEREAL"
1493823,branded_food,"BERRY COLOSSAL CRUNCH CEREAL, BERRY COLOSSAL CRUNCH"
1493824,branded_food,"BERRY COLOSSAL CRUNCH CEREAL, BERRY COLOSSAL CRUNCH"
1493825,branded_food,"BERRY COLOSSAL CRUNCH CEREAL, BERRY COLOSSAL CRUNCH"
1493826,branded_food,"CEREAL, CHOCOLATEY COLOSSAL CRUNCH"
1493827,branded_food,"SWEETENED NATURALLY & ARTIFICIALLY CHOCOLATE FLAVORED RICE CEREAL WITH REAL COCOA, CHOCOLATE, CHOCOLATE"
1493828,branded_food,"SWEETENED CORN & OAT CEREAL WITH REAL COCOA, SWEETENED CORN & OAT CEREAL WITH REAL COCOA"
1493829,branded_food,"SWEETENED RICE CEREAL WITH REAL COCOA, SWEETENED RICE CEREAL WITH REAL COCOA"
1493830,branded_food,"CINNAMON TOASTERS CEREAL, CINNAMON TOASTERS"
1493831,branded_food,"SWEETENED RICE CEREAL WITH REAL COCOA, COCOA DYNO-BITES"
1493833,branded_food,CEREAL
1493834,branded_food,"CINNAMON TOASTERS CEREAL, CINNAMON TOASTERS"
1493835,branded_food,SWEETENED CORN PUFF CEREAL WITH REAL COCOA
1493836,branded_food,"COCO ROOS CEREAL, COCO ROOS"
1493837,branded_food,CEREAL
1493838,branded_food,"COCO ROOS CEREAL, COCO ROOS"
1493839,branded_food,"SWEETENED CORN PUFF CEREAL, REAL COCOA"
1493840,branded_food,INSTANT MULTIGRAIN HOT CEREAL WITH FLAX
1493843,branded_food,"SWEETENED RICE CEREAL, MARSHMALLOWS"
1493844,branded_food,CEREAL
1493845,branded_food,"TOOTIE FRUITIES CEREAL, TOOTIE FRUITIES"
1493846,branded_food,"FRUITY DYNO-BITES CEREAL, FRUITY DYNO-BITES"
1493847,branded_food,SWEETENED RICE CEREAL
1493848,branded_food,"FRUITY DYNO-BITES CEREAL, FRUITY"
1493849,branded_food,"SWEETENED RICE CEREAL, SWEETENED RICE CEREAL"
1493850,branded_food,CEREAL
1493851,branded_food,"SWEETENED MULTIGRAIN CEREAL, SWEETENED MULTIGRAIN CEREAL"
1493852,branded_food,LIGHTLY SWEETENED WHOLE GRAIN WHEAT CEREAL
1493853,branded_food,"FROSTED MINI SPOONERS CEREAL, FROSTED MINI SPOONERS"
1493854,branded_food,"LIGHTLY SWEETENED WHOLE GRAIN WHEAT CEREAL, MAPLE & BROWN SUGAR"
1493855,branded_food,CEREAL
1493856,branded_food,"CEREAL, STRAWBERRY CREAM"
1493857,branded_food,LIGHTLY SWEETENED WHOLE GRAIN WHEAT CEREAL
1493858,branded_food,"MADAGASCAR, S'MORES JUNGLE PARTY HONEY GRAHAM, COCOA PUFF AND MARSHMALLOW CEREAL, S'MORES JUNGLE PARTY"
1493859,branded_food,"S'MORES CEREAL, S'MORES"
1493861,branded_food,"HONEY GRAHAM TOASTERS CEREAL, HONEY GRAHAM TOASTERS"
1493862,branded_food,"HONEY NUT SCOOTERS CEREAL, HONEY NUT SCOOTERS"
1493863,branded_food,"HONEY GRAHAM TOASTERS CEREAL, HONEY GRAHAM TOASTERS"
1493864,branded_food,SWEETENED WHOLE GRAIN OAT CEREAL
1493865,branded_food,"HONEY BUZZERS CEREAL, HONEY BUZZERS"
1493866,branded_food,"COCOA HOT CEREAL, COCOA"
1493867,branded_food,SWEETENED CORN & OAT CEREAL
1493868,branded_food,"SWEETENED CORN & OAT CEREAL, HONEY"
1493869,branded_food,"MAPLE & BROWN SUGAR OATS, BARLEY, WHEAT, QUINOA & RYE ORGANIC INSTANT MULTIGRAIN HOT CEREAL WITH FLAX, MAPLE & BROWN SUGAR OATS, BARLEY, WHEAT, QUINOA & RYE"
1493874,branded_food,NATURALLY FLAVORED SWEETENED CORN PUFF CEREAL WITH REAL COCOA
1493875,branded_food,SWEETENED WHOLE WHEAT AND RICE CEREAL WITH CINNAMON
1493876,branded_food,"TOASTED CINNAMON SQUARES SWEETENED WHOLE GRAIN WHEAT AND RICE CEREAL WITH CINNAMON, TOASTED CINNAMON SQUARES"
1493877,branded_food,OAT CLUSTER CRUNCH CEREAL
1493879,branded_food,SWEETENED WHOLE GRAIN WHEAT & CORN CEREAL
1493880,branded_food,"SWEETENED WHOLE GRAIN OAT CEREAL, HONEY NUT TOASTY O'S"
1493884,branded_food,"BARE OATS, BARLEY, WHEAT, QUINOA & RYE CATS, BARLEY. BARE, QUINOA & RYE ORGANIC INSTANT MULTIGRAIN HOT CEREAL WITH FLAX, BARE OATS, BARLEY, WHEAT, QUINOA & RYE"
1493885,branded_food,"RAISIN BRAN CEREAL, RAISIN BRAN"
1493887,branded_food,"RAISIN BRAN CEREAL, RAISIN BRAN"
1493888,branded_food,CEREAL
1493889,branded_food,RAISIN BRAN CEREAL
1493890,branded_food,CEREAL
1493891,branded_food,SWEETENED FLAKES OF CORN CEREAL
1493892,branded_food,SWEETENED PUFFED WHEAT CEREAL
1493893,branded_food,SWEETENED POPPED-UP CORN CEREAL
1493894,branded_food,SWEETENED POPPED-UP CORN CEREAL
1493895,branded_food,"CORN BURSTS CEREAL, CORN BURSTS"
1494044,branded_food,"BERRY COLOSSAL CRUNCH CEREAL, BERRY COLOSSAL CRUNCH"
1494045,branded_food,CEREAL
1494046,branded_food,"BERRY COLOSSAL CRUNCH CEREAL, BERRY"
1494047,branded_food,COLOSSAL CRUNCH SWEETENED CORN & OAT CEREAL
1494049,branded_food,"SWEETENED CORN & OAT CEREAL, SWEETENED CORN & OAT CEREAL"
1494050,branded_food,"COCOA DYNO-BITES GLUTEN FREE CEREAL, COCOA DYNO-BITES"
1494051,branded_food,"SWEETENED RICE CEREAL WITH REAL COCOA, SWEETENED RICE CEREAL WITH REAL COCOA"
1494052,branded_food,SWEETENED CORN & OAT CEREAL
1494053,branded_food,"CINNAMON TOASTERS CEREAL, CINNAMON TOASTERS"
1494054,branded_food,SWEETENED RICE CEREAL WITH REAL COCOA
1494055,branded_food,SWEETENED RICE CEREAL WITH REAL COCOA
1494056,branded_food,SWEETENED WHOLE WHEAT & RICE CEREAL
1494057,branded_food,"COCO ROOS CEREAL, COCO ROOS"
1494058,branded_food,"SWEETENED CHOCOLATE FLAVORED CORN PUFF CEREAL WITH REAL COCOA, SWEETENED CHOCOLATE"
1494059,branded_food,"TOOTIE FRUITIES CEREAL, TOOTIE FRUITIES"
1494060,branded_food,"SWEETENED MULTI-GRAIN CEREAL, SWEETENED MULTI-GRAIN CEREAL"
1494061,branded_food,"SWEETENED MULTI-GRAIN CEREAL, SWEETENED MULTI-GRAIN CEREAL"
1494062,branded_food,SWEETENED RICE CEREAL
1494063,branded_food,"FRUITY CEREAL, FRUITY"
1494064,branded_food,CEREAL
1494065,branded_food,CEREAL
1494066,branded_food,"FROSTED MINI SPOONERS CEREAL, FROSTED MINI SPOONERS"
1494067,branded_food,"FROSTED MINI SPOONERS CEREAL, FROSTED"
1494068,branded_food,"FROSTED MINI SPOONERS CEREAL, FROSTED MINI SPOONERS"
1494069,branded_food,LIGHTLY SWEETENED WHOLE GRAIN WHEAT CEREAL
1494070,branded_food,"CEREAL, STRAWBERRY CREAM"
1494071,branded_food,"LIGHTLY SWEETENED WHOLE GRAIN WHEAT CEREAL, STRAWBERRY CREAM"
1494073,branded_food,LIGHTLY SWEETENED WHOLE GRAIN WHEAT CEREAL
1494074,branded_food,LIGHTLY SWEETENED WHOLE GRAIN WHEAT CEREAL
1494075,branded_food,"LIGHTLY SWEETENED WHOLE GRAIN WHEAT CEREAL, BLUEBERRY"
1494076,branded_food,CEREAL
1494077,branded_food,CEREAL
1494078,branded_food,"HONEY ALMOND OAT BLENDERS CEREAL, HONEY ALMOND OAT BLENDERS"
1494079,branded_food,"HONEY ALMOND FLAVORED CEREAL, HONEY ALMOND"
1494080,branded_food,"LIGHTLY SWEETENED CORN & WHOLE WHEAT FLAKE CEREAL WITH GRANOLA & SLICED ALMONDS, LIGHTLY SWEETENED CORN & WHOLE WHEAT FLAKE CEREAL WITH GRANOLA & SLICED ALMONDS"
1494081,branded_food,"HONEY NUT SCOOTERS CEREAL, HONEY NUT SCOOTERS"
1494082,branded_food,"SWEETENED WHOLE GRAIN OAT CEREAL WITH REAL HONEY, SWEETENED WHOLE GRAIN OAT CEREAL WITH REAL HONEY"
1494083,branded_food,"HONEY OAT BLENDERS CEREAL, HONEY OAT BLENDERS"
1494084,branded_food,"HONEY BUZZERS CEREAL, HONEY BUZZERS"
1494085,branded_food,LIGHT SWEETENED CORN & WHOLE WHEAT FLAKE CEREAL WITH GRANOLA WITH HONEY
1494086,branded_food,"ORIGINAL ENRICHED CREAMY HOT WHEAT CEREAL, ORIGINAL"
1494087,branded_food,"ORIGINAL QUICK COOKING HOT WHEAT CEREAL, ORIGINAL"
1494088,branded_food,"CEREAL, ORIGINAL"
1494089,branded_food,"ORIGINAL QUICK COOKING HOT WHEAT CEREAL, ORIGINAL"
1494090,branded_food,"CEREAL, CHOCOLATE"
1494091,branded_food,CEREAL
1494092,branded_food,SWEETENED RICE CEREAL WITH REAL COCOA
1494093,branded_food,"CHOCOLATE FLAVORED SWEETENED RICE CEREAL WITH REAL COCOA, CHOCOLATE"
1494094,branded_food,"SWEETENED RICE CEREAL, COCOA"
1494095,branded_food,SWEETENED RICE CEREAL
1494096,branded_food,SWEETENED RICE CEREAL
1494097,branded_food,"CHOCOLATE FLAVORED RICE CEREAL WITH REAL COCOA, CHOCOLATE"
1494098,branded_food,"FRUIT FLAVOR SWEETENED RICE CEREAL, FRUIT"
1494099,branded_food,SWEETENED RICE CEREAL
1494100,branded_food,SWEETENED RICE CEREAL
1494101,branded_food,"FRUIT FLAVOR SWEETENED RICE CEREAL, FRUIT"
1494102,branded_food,"FRUIT FLAVOR SWEETENED RICE CEREAL, FRUIT"
1494103,branded_food,SWEETENED RICE CEREAL
1494104,branded_food,"SWEETENED PUFFED WHEAT CEREAL, SWEETENED PUFFED WHEAT"
1494105,branded_food,"BIG REAL HONEY SWEETENED CORN & OAT CEREAL, BIG REAL HONEY, SWEETENED"
1494106,branded_food,CEREAL
1494107,branded_food,"CEREAL WITH ALMONDS, ALMONDS"
1494108,branded_food,PEBBLES SWEETENED RICE CEREAL
1494110,branded_food,"CEREAL WITH ALMONDS, ALMONDS"
1494111,branded_food,"WHOLE GRAIN WHEAT AND BRAN CEREAL, WHOLE GRAIN WHEAT AND BRAN"
1494112,branded_food,ORGANIC WHOLE GRAIN WHEAT & BRAN CEREAL
1494114,branded_food,"RAISINS, DATES & PECANS CEREAL, RAISINS, DATES & PECANS"
1494115,branded_food,WHOLE GRAIN CEREAL
1494116,branded_food,CHOCOLATEY ALMOND CRUNCH WHOLE GRAIN CEREAL
1494117,branded_food,"BANANA NUT CRUNCH FLAVORED CEREAL, BANANA NUT CRUNCH"
1494118,branded_food,"CRANBERRY ALMOND CRUNCH FLAVORED CEREAL, CRANBERRY ALMOND CRUNCH"
1494119,branded_food,"HONEY CRUNCH WHOLE GRAIN CEREAL, HONEY CRUNCH"
1494120,branded_food,WHOLE GRAIN CEREAL
1494121,branded_food,"WHOLE GRAIN WHEAT & BRAN CEREAL, WHOLE GRAIN WHEAT & BRAN"
1494122,branded_food,"CEREAL, RAISINS, DATES & PECANS"
1494123,branded_food,WHOLE GRAIN WHEAT & BRAN CEREAL
1494127,branded_food,ALMOND CRUNCH CEREAL
1494128,branded_food,CEREAL
1494129,branded_food,"ALMOND CRUNCH CEREAL, ALMOND CRUNCH"
1494130,branded_food,CRUNCH! CEREAL
1494131,branded_food,CEREAL
1494132,branded_food,"CEREAL WITH VANILLA BUNCHES, VANILLA"
1494133,branded_food,"CEREAL WITH REAL STRAWBERRIES, REAL STRAWBERRIES"
1494134,branded_food,CEREAL
1494135,branded_food,"CINNAMON BUNCHES WITH GRANOLA BUNCHES CEREAL, CINNAMON BUNCHES"
1494136,branded_food,"ORIGINAL 100% WHOLE GRAIN SHREDDED WHEAT CEREAL, ORIGINAL"
1494137,branded_food,CEREAL
1494138,branded_food,CEREAL
1494139,branded_food,CEREAL WITH NUTTY PECAN BUNCHES
1494140,branded_food,"WHEAT 'N BRAN CEREAL, WHEAT 'N BRAN"
1494142,branded_food,"SWEETENED WHOLE GRAIN OAT CEREAL WITH REAL HONEY, HONEY NUT"
1494143,branded_food,"CEREAL SNACKERS, CINNAMON TOASTERS"
1494145,branded_food,"SWEETENED MULTI-GRAIN CEREAL, SWEETENED MULTI-GRAIN CEREAL"
1494149,branded_food,SWEETENED RICE CEREAL WITH REAL COCOA
1494150,branded_food,SWEETENED RICE CEREAL
1494151,branded_food,"SWEETENED RICE CEREAL, REAL COCOA"
1494152,branded_food,PUFFED WHEAT CEREAL
1494153,branded_food,CEREAL
1494154,branded_food,WHEAT CEREAL
1494155,branded_food,SWEETENED RICE CEREAL NATURAL AND ARTIFICIAL FLAVORS
1494156,branded_food,SWEETENED RICE CEREAL
1494159,branded_food,NUTRITIOUS SWEETENED CORN & OAT CEREAL
1494161,branded_food,NUTRITIOUS SWEETENED CORN & OAT CEREAL
1494164,branded_food,OLD FASHIONED OATS CEREALS
1494174,branded_food,SWEETENED RICE CEREAL WITH REAL COCOA
1494180,branded_food,CEREAL
1494181,branded_food,SWEETENED RICE CEREAL WITH MARSHMALLOWS AND REAL COCOA
1494182,branded_food,"CRISPY RICE CEREAL, CRISPY RICE"
1494183,branded_food,"FRUIT FLAVORS SWEETENED RICE CEREAL WITH MARSHMALLOWS, FRUIT WITH MARSHMALLOWS"
1494184,branded_food,"HONEY OAT BLENDERS CEREAL, HONEY OAT BLENDERS"
1494185,branded_food,"CHOCOLATE FLAVOR QUICK COOKING HOT WHEAT CEREAL, CHOCOLATE"
1494186,branded_food,"CHOCOLATE QUICK COOKING HOT WHEAT CEREAL, CHOCOLATE"
1494187,branded_food,"MAPLE & BROWN SUGAR QUICK COOKING HOT WHEAT CEREAL, MAPLE & BROWN SUGAR"
1494188,branded_food,"ORIGINAL ENRICHED CREAMY HOT WHEAT CEREAL, ORIGINAL"
1494189,branded_food,"MAPLE & BROWN SUGAR CEREAL, MAPLE & BROWN SUGAR"
1494190,branded_food,CEREAL WITH SWEET CINNAMON BUNCHES
1494191,branded_food,"CEREAL WITH ALMONDS, ALMONDS"
1494192,branded_food,"HONEY ROASTED CEREAL, HONEY ROASTED"
1494193,branded_food,"HONEY BUNCHES OF OATS, CEREAL, CHOCOLATE"
1494194,branded_food,"CEREAL WITH ALMONDS, ALMONDS"
1494195,branded_food,"HONEY ROASTED CEREAL, HONEY ROASTED"
1494196,branded_food,"CREAMY HOT WHEAT CEREAL, CREAMY HOT WHEAT"
1494197,branded_food,GOLDEN PUFFS CEREAL
1494198,branded_food,SWEETENED FLAKES OF CORN CEREAL
1494199,branded_food,"LIGHTLY SWEETENED TOASTED WHOLE GRAIN OAT CEREAL, LIGHTLY SWEETENED TOASTED WHOLE GRAIN OAT CEREAL"
1494200,branded_food,"SWEETENED POPPED-UP CORN CEREAL, SWEETENED POPPED-UP CORN CEREAL"
1494201,branded_food,CEREAL
1494202,branded_food,"NUTRITIOUS SWEETENED CORN & OAT CEREAL, STRAWBERRY"
1494203,branded_food,CEREAL
1494205,branded_food,QUICK COOKING FARINA CEREAL
1494209,branded_food,"WHOLE GRAIN WHEAT & BRAN CEREAL WITH RAISINS, WHOLE GRAIN WHEAT & BRAN CEREAL WITH RAISINS"
1494210,branded_food,"GOLDEN PUFFS CEREAL, GOLDEN PUFFS"
1494211,branded_food,"GOLDEN PUFFS CEREAL, GOLDEN PUFFS"
1494212,branded_food,SWEETENED PUFFED WHEAT CEREAL
1494213,branded_food,"GOLDEN PUFFS CEREAL, GOLDEN PUFFS"
1494534,branded_food,"KROGER, FROSTED FLAKES, SWEETENED CORN CEREAL"
1495095,branded_food,"WHOLE FARRO, CEREAL GRAIN"
1496256,branded_food,"LIGHTLY SWEETENED WHOLE GRAIN WHEAT CEREAL, LIGHTLY SWEETENED WHOLE GRAIN WHEAT CEREAL"
1496321,branded_food,"ARROWHEAD MILLS, OAT BRAN HOT CEREAL"
1496327,branded_food,ORGANIC OATMEAL INSTANT HOT CEREAL
1497697,branded_food,WHOLE GRAIN HOT CEREAL
1498396,branded_food,"WOLFF'S, CREAM OF BUCKWHEAT, 100% ALL NATURAL CEREAL"
1498420,branded_food,SUPERFOOD HOT CEREAL
1498421,branded_food,SUPERFOOD HOT CEREAL
1498429,branded_food,"BENEFIT NUTRITION, SIMPLY FIBER, ALL NATURAL CRUNCHY O'S CEREAL"
1500679,branded_food,BITE SIZE LIGHTLY SWEETENED WHOLE GRAIN FROSTED SHREDDED WHEAT CEREAL
1500696,branded_food,FROSTED WHOLE GRAIN OAT CEREAL WITH MARSHMALLOWS
1500886,branded_food,"HEALTH VALLEY ORGANIC, MULTIGRAIN CEREAL BARS, APPLE COBBLER"
1500895,branded_food,"BLUEBIRD GRAIN FARMS, OLD WORLD CEREAL BLEND, A RUSTIC HOT CEREAL BLEND OF FARRA , HEIRLOOM RYE AND FLAX"
1501214,branded_food,SUSTAINED ENERGY CEREAL
1502258,branded_food,"MOUNTAIN MUESLI, CEREAL, CHERRY ALMOND"
1502844,branded_food,FROSTED COCOA SWEETENED CORN CEREAL
1502845,branded_food,"RAISIN BRAN CRUNCHY WHEAT FLAKES CEREAL WITH RAISINS, RAISIN BRAN"
1502854,branded_food,"FROSTED FLAKES SWEETENED CORN CEREAL, FROSTED FLAKES"
1502865,branded_food,"BERRY CRUNCH SWEETENED MULTI-GRAIN CEREAL, BERRY CRUNCH"
1502869,branded_food,"HONEY NUT SWEETENED TOASTED OAT CEREAL WITH REAL HONEY AND NATURAL ALMOND FLAVOR, HONEY NUT"
1502877,branded_food,"COCOA CRISP SWEETENED RICE CEREAL, COCOA"
1502889,branded_food,PUFFED RICE CEREAL
1502901,branded_food,SILLY STARS SWEETENED OAT CEREAL WITH REAL MARSHMALLOWS
1503137,branded_food,"POCONO, CREAM OF BUCKWHEAT, 100% ORGANIC CEREAL"
1503155,branded_food,CEREAL BARS
1503278,branded_food,"365 EVERYDAY VALUE, WHOLE FOODS MARKET, APPLE CEREAL BARS, APPLE"
1503461,branded_food,INSTANT HOT CEREAL
1503587,branded_food,CEREAL BARS
1503596,branded_food,"SIMPLE TRUTH ORGANIC, FROSTED FLAKES CEREAL, SWEETENED ORGANIC FLAKES OF CORN"
1503598,branded_food,"SIMPLE TRUE ORGANIC, CEREAL TOASTED OATS"
1503599,branded_food,"KROGER, SHREDDED WHEAT CEREAL, CHOCOLATE FROSTED"
1503603,branded_food,"KROGER, CRUNCHY SWEETENED WHEAT AND RICE FLAKES CEREAL WITH OAT CLUSTERS, RAISIN"
1503703,branded_food,FROSTED SHREDDED WHEAT BITE SIZE CEREAL
1503711,branded_food,MULTI-GRAIN TOASTED CEREAL
1503712,branded_food,"KROGER, RICE BITZ TOASTED RICE CEREAL"
1503715,branded_food,CHOCOLATY SWEETENED RICE CEREAL
1503718,branded_food,CRISPY RICE CEREAL
1503740,branded_food,"ALMOND SPROUTED FLOURLESS FLAKE CEREAL, ALMOND"
1503741,branded_food,"FLAX + CHIA SPROUTED FLOURLESS FLAKE CEREAL, FLAX + CHIA"
1503742,branded_food,"RAISIN SPROUTED FLOURLESS FLAKE CEREAL, RAISIN"
1503743,branded_food,"ORIGINAL SPROUTED FLOURLESS FLAKE CEREAL, ORIGINAL"
1503791,branded_food,SUPERFOOD CEREAL
1503845,branded_food,"FREEDOM FOODS, TROPICO'S CEREAL"
1503875,branded_food,"SWEETENED FLAKES OF CORN CEREAL FROSTED FLAKES, SWEETENED FLAKES OF CORN CEREAL"
1503877,branded_food,"SWEETENED FLAKES OF CORN CEREAL FROSTED FLAKES, SWEETENED FLAKES OF CORN CEREAL"
1503953,branded_food,CRUNCHY WHEAT & BRAN FLAKES CEREAL WITH RAISINS
1504106,branded_food,"OATS & HONEY BLEND CORN AND WHOLE WHEAT FLAKE CEREAL WITH NATURALLY HONEY FLAVORED CLUSTERS, OATS & HONEY BLEND"
1504218,branded_food,TOASTED RICE CEREAL
1504223,branded_food,HONEY & OAT CLUSTERS CEREAL
1504353,branded_food,"HONEY GRAHAMS SWEETENED WHOLE GRAIN WHEAT AND CORN CEREAL, HONEY GRAHAMS"
1504371,branded_food,WHEAT & RICE CEREAL
1504499,branded_food,"MARKET PANTRY, CINNAMON OAT BITES, SWEETENED OAT CEREAL"
1505296,branded_food,"KROGER, SWEETENED CORN & OAT PUFFS CEREAL, CRISP BERRY CRUNCH"
1505525,branded_food,"GRANOLA, RAISINS & ALMONDS FRUIT & NUT CEREAL WITH CRUNCHY OAT CLUSTERS, CHEWY RAISINS & SLICED ALMONDS, GRANOLA, RAISINS & ALMONDS"
1506459,branded_food,"TOASTED OATS CEREAL, TOASTED OATS"
1506467,branded_food,"NATURALLY FLAVORED SWEETENED RICE CEREAL WITH REAL COCOA, CRISPY COCOA RICE"
1506475,branded_food,"HONEY NUT TOASTED OATS CEREAL, HONEY NUT"
1506510,branded_food,"APPLE COBBLER CEREAL BARS, APPLE COBBLER"
1506661,branded_food,"FROSTED FRUIT O'S SWEETENED MULTIGRAIN CEREAL, FROSTED FRUIT O'S"
1506662,branded_food,"FROSTED FRUIT O'S SWEETENED MULTIGRAIN CEREAL, FROSTED FRUIT O'S"
1507155,branded_food,"GRANOLA, FRUIT & GRAINS FRUIT & NUT CEREAL WITH SWEET CHEWY RAISINS, DATES, ROLLED BARLEY FLAKES, PECANS, BRAN FLAKES, CRUNCHY OAT CLUSTERS & CRISP CORN FLAKES, GRANOLA, FRUIT & GRAINS"
1507334,branded_food,WHOLE GRAIN CEREAL
1507342,branded_food,CEREAL
1507347,branded_food,"GLUTEN FREE WHOLE GRAIN CEREAL, COCOA SENSATION"
1507524,branded_food,"RAISIN BRAN TOASTED WHOLE GRAIN WHEAT AND BRAN CEREAL WITH RAISINS, RAISIN BRAN"
1507525,branded_food,"FROSTED WHOLE GRAIN OAT CEREAL WITH MARSHMALLOWS, FROSTED WITH MARSHMALLOWS"
1507526,branded_food,"RAISIN BRAN TOASTED WHOLE GRAIN WHEAT AND BRAN CEREAL WITH RAISINS, RAISIN BRAN"
1507635,branded_food,"TOASTED OATS WHOLE GRAIN OAT CEREAL, TOASTED OATS"
1507636,branded_food,"RAISIN BRAN WITH GRANOLA WHOLE GRAIN WHEAT & WHEAT CEREAL WITH RAISINS AND CRUNCHY OAT CLUSTERS, RAISIN BRAN"
1507644,branded_food,"SUPER BERRY CRUNCH FLAVORED SWEETENED CORN AND OAT CEREAL, SUPER BERRY CRUNCH"
1507645,branded_food,"RAISIN BRAN WITH GRANOLA WHOLE GRAIN WHEAT & WHEAT BRAN CEREAL WITH RAISINS AND CRUNCHY OAT CLUSTERS, RAISIN BRAN"
1507646,branded_food,"SUPER CRUNCH SWEETENED CORN AND OAT CEREAL, SUPER CRUNCH"
1507647,branded_food,"TOASTED OATS WHOLE GRAIN OAT CEREAL, TOASTED OATS"
1508259,branded_food,"HONEY NUT FLAVORED TOASTED OATS SWEETENED WHOLE GRAIN OAT CEREAL WITH REAL HONEY, HONEY NUT"
1508260,branded_food,"HONEY NUT FLAVORED TOASTED OATS SWEETENED WHOLE GRAIN OAT CEREAL WITH REAL HONEY, HONEY NUT"
1508301,branded_food,ORGANIC GRANOLA CEREAL
1508921,branded_food,"STRAWBERRY FLAVORED CEREAL BARS, STRAWBERRY"
1508923,branded_food,"APPLE CINNAMON CEREAL BARS, APPLE CINNAMON"
1509351,branded_food,SWEETENED CORN CEREAL
1509366,branded_food,SWEETENED WHOLE WHEAT AND RICE CEREAL
1510292,branded_food,YUMMY WHOLE GRAIN & VEGETABLE CEREAL
1510295,branded_food,YUMMY WHOLE GRAIN & VEGETABLE CEREAL
1510369,branded_food,"FULL CIRCLE, GO RIGHT, CRUNCHY FIBER TWIGS, SOY PROTEIN GRAHAMS AND HONEY PUFFS CEREAL"
1510370,branded_food,"BACK TO NATURE, ANCIENT GRAINS RISIN' RAISIN BLEND CEREAL"
1510385,branded_food,"PB BLASTS GOLDEN, LIGHTLY TOASTED CEREAL MADE WITH REAL ORGANIC PEANUT BUTTER, PB BLASTS"
1510407,branded_food,"RAISIN BRAN CEREAL, RAISIN BRAN"
1510408,branded_food,"FROSTED FLAKES CEREAL, FROSTED FLAKES"
1510445,branded_food,GRANOLA CEREAL WITH FRUIT
1510534,branded_food,"CHUAO CHOCOLATIER, CEREAL SMOOCH BAR, CINNAMON"
1510623,branded_food,CEREAL
1510820,branded_food,"CORN FLAKES CRISP CORN CEREAL, CORN FLAKES"
1511850,branded_food,ORGANIC MULTIGRAIN CEREAL BAR
1511851,branded_food,"HOT & FIT CEREAL, EARNEST EATS, MAYAN BLEND, COCOA + CASHEWS + PEPITAS"
1513223,branded_food,"LOTTE, CEREAL CHOCO"
1513974,branded_food,"APPLE CINNAMON SWEETENED TOASTED OAT CEREAL, APPLE CINNAMON"
1513997,branded_food,"BLUEBERRY FROSTED SHREDDED WHEAT FLAVORED LIGHTLY SWEETENED WHOLE GRAIN WHEAT CEREAL, BLUEBERRY FROSTED SHREDDED WHEAT"
1513999,branded_food,"FROSTED SHREDDED WHEAT LIGHTLY SWEETENED WHOLE GRAIN WHEAT CEREAL, FROSTED SHREDDED WHEAT"
1514000,branded_food,"FROSTED SHREDDED WHEAT LIGHTLY SWEETENED WHOLE GRAIN WHEAT CEREAL, FROSTED SHREDDED WHEAT"
1514001,branded_food,"STRAWBERRY FROSTED SHREDDED WHEAT FLAVORED LIGHTLY SWEETENED WHOLE GRAIN WHEAT CEREAL, STRAWBERRY FROSTED SHREDDED WHEAT"
1514018,branded_food,INSTANT HOT CEREAL
1514050,branded_food,"CINNAMON SUGAR INSTANT TO-GO HOT CEREAL, CINNAMON SUGAR"
1514132,branded_food,"MIXED BERRY INSTANT TO-GO HOT CEREAL, MIXED BERRY"
1514178,branded_food,"CREAM OF WHEAT, INSTANT WHOLE GRAIN HOT CEREAL"
1514352,branded_food,INSTANT HOT CEREAL
1514408,branded_food,"CINNAMON SUGAR FLAVORED INSTANT HOT CEREAL, CINNAMON SUGAR"
1514568,branded_food,"AHOLD, INSTANT CREAM FARINA, HOT WHEAT CEREAL, ORIGINAL"
1514957,branded_food,"FRUIT CRISPS SWEETENED RICE CEREAL, FRUIT CRISPS"
1514959,branded_food,"COCOA CRISPS SWEETENED CHOCOLATE FLAVORED RICE CEREAL WITH REAL COCOA, COCOA CRISPS"
1514964,branded_food,"APPLE SNAPS FLAVORED SWEETENED MULTI-GRAIN CEREAL, APPLE SNAPS"
1514965,branded_food,"APPLE SNAPS FLAVORED SWEETENED MULTI-GRAIN CEREAL, APPLE SNAPS"
1515078,branded_food,"COCOA CRUNCH FLAVORED SWEETENED CORN CEREAL, COCOA CRUNCH"
1515596,branded_food,"FROSTED FLAKES SWEETENED FLAKES OF CORN CEREAL, FROSTED FLAKES"
1515597,branded_food,"CORN SQUARES OVEN TOASTED CORN CEREAL, CORN SQUARES"
1515598,branded_food,"TOASTED OATS WHOLE GRAIN OAT CEREAL, TOASTED OATS"
1515599,branded_food,"WHEAT SQUARES OVEN TOASTED WHOLE GRAIN WHEAT CEREAL, WHEAT SQUARES"
1515600,branded_food,"FROSTED OAT CEREAL WITH MARSHMALLOWS, FROSTED OAT WITH MARSHMALLOWS"
1515601,branded_food,"RICE SQUARES OVEN TOASTED RICE CEREAL, RICE SQUARES"
1517893,branded_food,"LIVING WELL, MULTI-GRAIN CEREAL"
1520522,branded_food,"LALA, YOGURT SMOOTHIE, PECAN CEREAL"
1523295,branded_food,CEREAL NUGGETS
1534354,branded_food,"WHEAT AND BRAN FLAKES CEREAL, WHEAT AND BRAN FLAKES"
1535161,branded_food,"ORGANIC CORN FLAKES CEREAL LIGHTLY SWEETENED WITH ORGANIC CANE SUGAR, CORN"
1535235,branded_food,"ORIGINAL RIP'S BIG BOWL CEREAL, ORIGINAL"
1535236,branded_food,"RIP'S BIG BOWL BANANA WALNUT CEREAL, RIP'S BIG BOWL BANANA WALNUT"
1535364,branded_food,"RAINBOW MORNING O'S LIGHTLY SWEETENED CEREAL WITH WHOLE GRAIN GOODNESS, RAINBOW MORNING O'S WHOLE GRAIN"
1535526,branded_food,"MULTIGRAIN & CHIA TRIPLE BERRY INSTANT HOT CEREAL, MULTIGRAIN & CHIA TRIPLE BERRY"
1536600,branded_food,"WILDWAY, INSTANT HOT CEREAL"
1536601,branded_food,"WILDWAY, CINNAMON ROLL INSTANT HOT CEREAL"
1536778,branded_food,"MORNING GLORY, CEREAL AND TRAIL MIX"
1536948,branded_food,"CRISPY CINNAMON CRUNCH CEREAL, CRISPY CINNAMON CRUNCH"
1537339,branded_food,"FIVE WHOLE GRAIN CEREAL, NATURAL STRAWBERRY"
1537638,branded_food,"KROGER, LIVING WELL, MULTI-GRAIN CEREAL, CINNAMON, CINNAMON"
1537643,branded_food,"KROGER, CRUNCHY WHEAT FLAKES CEREAL, RAISIN BRAN"
1537652,branded_food,"KROGER, NUTTY NUGGETS, CRUNCHY WHEAT & BARLEY CEREAL"
1537654,branded_food,"KROGER, HONEY NUT BITZ TOASTED CORN CEREAL"
1537704,branded_food,"FOODTOWN, RAISIN BRAN CEREAL"
1537706,branded_food,"FOODTOWN, MAGIC STARS, SWEETENED OAT CEREAL, MARSHMALLOWS"
1537720,branded_food,"SHURFINE, BRAN CRUNCHY WHEAT FLAKES CEREAL, RAISIN"
1537724,branded_food,"SHURFINE, WHOLE GRAIN OAT CEREAL, CINNAMON"
1537725,branded_food,"SHURFINE, PUFFED RICE CEREAL"
1537727,branded_food,"SHURFINE, HONEY & OATS MULTI-GRAIN CEREAL"
1537728,branded_food,"SHURFINE, RICE SQUARES CEREAL"
1537736,branded_food,"SHURFINE, TOASTED OATS CEREAL"
1537751,branded_food,"BRAN FLAKES CEREAL, BRAN FLAKES"
1537752,branded_food,"HONEY NUT TOASTED OATS, SWEETENED TOASTED OAT CEREAL WITH HONEY AND ALMONDS"
1537753,branded_food,"FROSTED FRUIT SWEETENED MULTI-GRAIN CEREAL, FROSTED FRUIT"
1537755,branded_food,"VALU TIME, SILLY STARS SWEETENED OAT CEREAL WITH COLORED MARSHMALLOW BITS"
1537757,branded_food,FROSTED SHREDDED WHEAT 100% WHOLE WHEAT CEREAL
1537758,branded_food,"BERRY CRUNCH SWEETENED CORN AND OAT CEREAL, BERRY CRUNCH"
1537762,branded_food,"HONEY NUT TOASTED OATS CEREAL, HONEY NUT"
1537763,branded_food,"FROSTED FRUIT SWEETENED MULTI-GRAIN CEREAL, FROSTED FRUIT"
1537768,branded_food,SILLY STARS SWEETENED OAT CEREAL WITH REAL MARSHMALLOWS
1537771,branded_food,"CRISP RICE TOASTED RICE CEREAL, CRISP RICE"
1537772,branded_food,"CORN FLAKES CEREAL, CORN FLAKES"
1537774,branded_food,"HONEY NUT SWEETENED TOASTED OAT CEREAL WITH REAL HONEY AND NATURAL ALMOND FLAVOR, HONEY NUT"
1537775,branded_food,"FROSTED FLAKES SWEETENED CORN CEREAL, FROSTED FLAKES"
1537776,branded_food,"RAISIN BRAN CRUNCHY WHEAT FLAKES CEREAL WITH RAISINS, RAISIN BRAN"
1538053,branded_food,KARIOT NOUGAT CREME FILLED CEREAL
1538067,branded_food,"THE GRANOLA GODDESS, GRANOLA CEREAL, ORIGINAL"
1538079,branded_food,"GRANVITA, PUFFITOS, WHOLE GRAIN PUFFED WHEAT CEREAL, HONEY, HONEY"
1538108,branded_food,"WESTERN FAMILY, HIGH FIBRE CEREAL, RAISINBRAN"
1538110,branded_food,"WESTERN FAMILY, HEALTHY MORNINGS, CRUNCHY RICE CEREAL AND WHEAT FLAKES, ALMONDS & VANILLA"
1538345,branded_food,"EXTRA RAISINS WHEAT BRAN CEREAL WITH RAISINS, EXTRA RAISINS"
1538356,branded_food,"CORN FLAKES CEREAL, CORN FLAKES"
1538357,branded_food,"BRAN FLAKES WHOLE GRAIN WHEAT & WHEAT BRAN CEREAL, BRAN FLAKES"
1538795,branded_food,ORIGINAL LIGHTLY SWEETENED MULTIGRAIN CEREAL
1538796,branded_food,SILLY CIRCLES SWEETENED MULTI-GRAIN CEREAL
1538797,branded_food,OVEN TOASTED RICE CEREAL
1538802,branded_food,"100% WHOLE GRAIN OAT CEREAL QUICK ONE MINUTE OATMEAL, WHOLE GRAIN"
1538803,branded_food,SWEETENED CORN AND OAT CEREAL
1538807,branded_food,"SAFEWAY KITCHENS, SILLY CIRCLES SWEETENED MULTI-GRAIN CEREAL"
1538810,branded_food,WHEAT & BRAN CEREAL WITH RAISINS
1538822,branded_food,"OATS & MORE, TOASTED MULTI-GRAIN CEREAL, HONEY OAT CLUSTERS, HONEY OAT CLUSTERS"
1538823,branded_food,"ESSENTIALLY YOU WHOLE GRAIN CEREAL, VANILLA ALMOND, VANILLA ALMOND"
1538825,branded_food,SWEETENED COCOA RICE CEREAL NUGGETS
1538837,branded_food,"INSTANT OATMEAL CEREAL, MAPLE & BROWN SUGAR, MAPLE & BROWN SUGAR"
1538840,branded_food,"SWEETENED OAT CEREAL WITH MARSHMALLOWS, MARSHMALLOWS"
1538849,branded_food,RICE SQUARES TOASTED RICE CEREAL
1539351,branded_food,"GIANT EAGLE, SWEETENED CORN CEREAL, FROSTED FLAKES"
1539532,branded_food,SWEETENED CORN & OAT CEREAL
1539535,branded_food,FRUIT WHIRLS NATURALLY FLAVORED SWEETENED CEREAL
1539783,branded_food,"FOOD LION, LIGHTLY SWEETENED WHOLE GRAIN WHEAT CEREAL, BITE-SIZED STRAWBERRY FROSTED"
1539788,branded_food,"FOOD LION, TASTEEOS CEREAL"
1539797,branded_food,"FOOD LION, TASTEEOS CEREAL, HONEY NUT"
1539803,branded_food,"TASTEEOS, TOASTED WHOLE GRAIN OAT CEREAL"
1539804,branded_food,"FOOD LION, SIMPLE LIVING, OAT CEREAL"
1539807,branded_food,"FOOD LION, BRAN CEREAL, RAISIN"
1539883,branded_food,"FOOD CLUB, ESSENTIAL CHOICE, OAT CEREAL"
1539888,branded_food,SQUARES TOASTED CORN CEREAL
1539890,branded_food,"ORIGINAL TOASTED OATS TOASTED WHOLE GRAIN OAT CEREAL, ORIGINAL TOASTED OATS"
1539895,branded_food,"FOOD CLUB, ESSENTIAL CHOICE, OAT CEREAL, CINNAMON"
1539896,branded_food,"RICE SQUARES TOASTED RICE CEREAL, RICE SQUARES"
1539900,branded_food,"CORN SQUARES TOASTED CORN CEREAL, CORN SQUARES"
1540103,branded_food,WHOLEGRAIN HOT CEREAL
1540109,branded_food,SPICE N' NICE HOT CEREAL WITH CINNAMON & RAISINS
1540113,branded_food,"BOB'S RED MILL, GRAINS & NUTS HOT CEREAL"
1540116,branded_food,"BOB'S RED MILL, CREAMY RYE FLAKES HOT CEREAL"
1540125,branded_food,"MUESLI, WHOLE GRAIN HOT OR COLD CEREAL, OLD COUNTRY STYLE"
1540126,branded_food,"BOB'S RED MILL, ROLLED SPELT HOT CEREAL WHOLE GRAIN"
1540196,branded_food,TOASTED WHOLE GRAIN OATS CEREAL
1540201,branded_food,"PRICE RITE, CEREAL, RAISIN BRAN"
1540211,branded_food,"SWEETENED CORN & OAT CEREAL CRISPY CRUNCH BERRY TREATS, SWEETENED CORN & OAT CEREAL"
1540213,branded_food,"PRICE RITE, TOASTED OATS CEREAL"
1540222,branded_food,"HANNAFORD, OAT BRAN HOT CEREAL"
1540227,branded_food,"HANNAFORD, PUFFED WHEAT CEREAL"
1540244,branded_food,"HANNAFORD, PUFFED RICE CEREAL"
1540251,branded_food,WHEAT FLAKES CEREAL
1540257,branded_food,"HANNAFORD, CRISPY HEXAGONS CORN & RICE CEREAL"
1540341,branded_food,OAT CEREAL
1540349,branded_food,"HANNAFORD, SIMPLE LIVING, OAT CEREAL"
1540357,branded_food,"HANNAFORD, TOASTED CORN CEREAL"
1540359,branded_food,"HANNAFORD, MULTIGRAIN TASTEEOS, LIGHTLY SWEETENED MULTIGRAIN CEREAL"
1540361,branded_food,FROSTED SHREDDED WHEAT CEREAL
1540366,branded_food,"HANNAFORD, WHOLE GRAIN WHEAT CEREAL, STRAWBERRY FROSTED"
1540371,branded_food,"HANNAFORD, TASTEEOS, SWEETENED TOASTED OAT CEREAL WITH HONEY AND NATURAL ALMOND FLAVOR, HONEY NUT"
1540386,branded_food,"HANNAFORD, TASTEEOS OAT CEREAL, HONEY NUT"
1540394,branded_food,"HANNAFORD, RAISIN BRAN CEREAL"
1540401,branded_food,TOASTED WHOLE GRAIN OATS CEREAL
1540404,branded_food,CEREAL
1540405,branded_food,CRISPY TOASTED RICE CEREAL
1540457,branded_food,"CRUNCHY OAT SQUARES, OAT CEREAL"
1540461,branded_food,CRUNCHY CORN SQUARES OVEN TOASTED CORN CEREAL
1540467,branded_food,TOASTED OATS CEREAL
1540469,branded_food,CRUNCHY WHEAT & BARLEY CEREAL
1540473,branded_food,TOASTED RICE CEREAL
1540500,branded_food,"PUBLIX, OAT CRUNCH CEREAL, ORIGINAL"
1540511,branded_food,"WEIS, BRAN CRUNCHY WHEAT FLAKES CEREAL, RAISIN"
1540568,branded_food,CRISPY RICE & WHEAT FLAKES CEREAL WITH STRAWBERRIES
1540594,branded_food,"PRICE CHOPPER, CRISP CRUNCH SWEETEND CORN & OATS CEREAL, BERRY TREATS"
1540672,branded_food,"MARSHMALLOW MATEYS CEREAL, MARSHMALLOW MATEYS"
1540675,branded_food,"CORN BURSTS CEREAL, CORN BURSTS"
1540691,branded_food,"HONEY GRAHAM TOASTERS CEREAL, HONEY GRAHAM TOASTERS"
1540696,branded_food,"BERRY FLAVORED COLOSSAL CRUNCH CEREAL, BERRY"
1540699,branded_food,"FROSTED MINI SPOONERS CEREAL, FROSTED MINI SPOONERS"
1540705,branded_food,"HONEY NUT SCOOTERS CEREAL, HONEY NUT SCOOTERS"
1540737,branded_food,"FRUITY DYNO-BITES CEREAL, FRUITY DYNO-BITES"
1540739,branded_food,"TOOTIE FRUITIES FLAVORED CEREAL, TOOTIE FRUITIES"
1540755,branded_food,FROSTED LIGHTLY SWEETENED WHOLE GRAIN WHEAT CEREAL
1540756,branded_food,"SWEETENED RICE CEREAL WITH REAL COCOA, SWEETENED RICE CEREAL WITH REAL COCOA"
1540758,branded_food,"SWEETENED PUFFED WHEAT CEREAL, SWEETENED PUFFED WHEAT CEREAL"
1540762,branded_food,"COCOA DYNO-BITES CEREAL, COCOA DYNO-BITES"
1540768,branded_food,"TOASTED WHEATFULS WHOLE GRAIN WHEAT CEREAL, TOASTED WHEATFULS"
1540770,branded_food,COCOA CORN PUFF CEREAL WITH MARSHMALLOWS
1540772,branded_food,"CLOVER VALLEY, WHOLE GRAIN WHEAT CEREAL, RAISIN BRAN"
1541006,branded_food,CEREAL
1541007,branded_food,CEREAL
1541009,branded_food,"RALEY'S, ORGANIC TOASTED OATS CEREAL"
1541011,branded_food,"RALEY'S, ORGANIC HONEY TOASTED OATS CEREAL"
1541016,branded_food,ORGANIC COCOA CRISPY RICE CEREAL
1541027,branded_food,TOASTED OATS CEREAL
1541266,branded_food,COCOA CRUNCH CORN PUFF CEREAL
1541267,branded_food,"MARKET BASKET, SWEETENED POPPED-UP CORN CEREAL"
1541268,branded_food,SHREDDED WHEAT CEREAL
1541270,branded_food,CORN FLAKES CEREAL
1541446,branded_food,"KIGGINS, COCOA DIAMONDS, SWEETENED RICE CEREAL"
1541606,branded_food,WHOLE GRAIN GRANOLA CEREAL
1541644,branded_food,ORGANIC TOASTED OATS CEREAL
1541648,branded_food,ORGANIC HONEY NUT TOASTED OATS CEREAL
1541650,branded_food,ORGANIC PEANUT BUTTER DOT CEREAL
1541651,branded_food,ORGANIC CINNAMON TOAST SQUARES CEREAL
1541653,branded_food,"ORGANIC CEREAL, RAISIN BRAN, RAISIN BRAN"
1541735,branded_food,"OUR FAMILY, HEARTY WHEAT & BRAN FLAKES CEREAL, RAISIN"
1541737,branded_food,"OUR FAMILY, 4 CORNER CRUNCH, MULTI-GRAIN CEREAL, CINNAMON"
1541738,branded_food,"CORN BISCUITS TOASTED CORN CEREAL, CORN BISCUITS"
1541739,branded_food,"OUR FAMILY, RAISIN BRAN CEREAL"
1541742,branded_food,"OUR FAMILY, 4 CORNER CRUNCH, MULTI-GRAIN CEREAL, ORIGINAL"
1541745,branded_food,"OUR FAMILY, SWEETENED CORN & OAT CEREAL, MIGHTY BERRY CURNCH"
1541747,branded_food,"CRISPY RICE TOASTED RICE CEREAL, CRISPY RICE"
1541749,branded_food,"RICE BISCUITS TOASTED RICE CEREAL, RICE BISCUITS"
1541758,branded_food,"OUR FAMILY, MULTIGRAIN HOT CEREAL, SUMMER BERRY"
1541761,branded_food,PEACH ALMOND MULTIGRAIN HOT CEREAL
1541874,branded_food,"PUMPKIN CEREAL, PUMPKIN"
1541875,branded_food,CEREAL
1541973,branded_food,"CRUNCHY, BITE-SIZE, TOASTED RICE CEREAL"
1541974,branded_food,TOASTED WHOLE GRAIN OAT CEREAL
1541979,branded_food,"TOASTY SWEET CINNAMON SQUARES CRISPY, SWEETENED WHEAT & RICE CEREAL, TOASTY SWEET CINNAMON SQUARES"
1542005,branded_food,"BERRIES BUNCH O'KRUNCH, SWEETENED CORN & OAT CEREAL, SWEETENED"
1542006,branded_food,"FROSTED FRUIT ROLLS SWEETENED, MULTIGRAIN, FRUIT-FLAVORED CEREAL, FROSTED FRUIT ROLLS"
1542168,branded_food,"HARRIS TEETER, LIVEWISE CEREAL BITE SIZE WHOLE GRAIN OAT CEREAL"
1542291,branded_food,RICE CEREAL MIDDLE EAST DESSERT MIX
1542376,branded_food,"RAISIN BRAN WHEAT & WHEAT BRAN CEREAL WITH SWEET & PLUMP SUGAR-COATED RAISINS, RAISIN BRAN"
1542386,branded_food,"EXCEPTIONAL VALUE, HONEY NUT TOASTED OATS, SWEETENED CEREAL"
1542421,branded_food,"PEACE CEREAL, QUINOA CHIA CRUNCH"
1542422,branded_food,"PEACE CEREAL, ORGANIC RAISIN BRAN"
1542423,branded_food,"PEACE CEREAL, GRANOLA, FRENCH VANILLA"
1542438,branded_food,"MARSHMALLOW TREASURES, FROSTED WHOLE GRAIN OAT CEREAL WITH MARSHMALLOWS, MARSHMALLOW"
1542509,branded_food,"BALANCED LIVING, CINNAMON MULTIGRAIN CEREAL, CINNAMON"
1542523,branded_food,"TOASTED RICE OVEN TOASTED RICE CEREAL, TOASTED RICE"
1542525,branded_food,"TOASTED CORN OVEN TOASTED CORN CEREAL, TOASTED CORN"
1542741,branded_food,"SMART & SIMPLE, BUNCH O'KRUNCH BERRIES CEREAL"
1542776,branded_food,"WEGMANS, WHEAT PUFFS CEREAL, HONEY"
1542779,branded_food,"WEGMANS, SQUARES WHOLE WHEAT & RICE CEREAL, CINNAMON"
1542787,branded_food,"WEGMANS, RAISIN BRAN CEREAL"
1542789,branded_food,"WEGMANS, CEREAL"
1542790,branded_food,OAT CRISPS CEREAL
1542794,branded_food,"WEGMANS, SHREDDED WHEAT WHOLE GRAIN WHEAT CEREAL"
1542809,branded_food,CRISPY RICE CEREAL
1542814,branded_food,"WEGMANS, ORGANIC HEMP & GREENS SUPERFOOD CEREAL"
1542816,branded_food,"WEGMANS, RICE SQUARES CEREAL"
1542826,branded_food,CORN SQUARES CEREAL
1542827,branded_food,ORGANIC CACAO CRUNCH SUPERFOOD CEREAL
1542840,branded_food,"WEGMANS, SWEETENED WHOLE WHEAT & RICE SQUARES CEREAL, CINNAMON"
1542999,branded_food,ANCIENT GRAINS SWISS GRANOLA CEREAL WITH MAPLE & PECAN
1543023,branded_food,"VANILLA ALMOND FLAVORED SWEETENED CRUNCHY RICE & WHEAT FLAKES WITH ALMONDS CEREAL, VANILLA ALMOND"
1543025,branded_food,"CRUNCHY HONEY OATS FLAVORED LIGHTLY SWEETENED CORN & WHEAT FLAKES CEREAL WITH OAT CLUSTERS & HONEY CEREAL, CRUNCHY HONEY OATS"
1543026,branded_food,"SWEETENED NATURALLY APPLE FLAVORED MULTIGRAIN CEREAL, APPLE"
1543028,branded_food,"BERRY CRUNCH SWEETENED BERRY FLAVORED CORN AND OAT CEREAL, BERRY CRUNCH"
1543029,branded_food,"CINNAMON CRUNCH SWEETENED WHEAT AND RICE CEREAL, CINNAMON CRUNCH"
1543032,branded_food,"MAGIC TREASURES TOASTED WHOLE GRAIN OAT CEREAL, MARSHMALLOWS"
1543034,branded_food,"TOASTED RICE CEREAL, TOASTED RICE"
1543210,branded_food,GRANOLA CEREAL WITH RAISINS
1543260,branded_food,BRAN CEREAL
1543437,branded_food,ANCIENT GRAINS ORGANIC HOT CEREAL
1543438,branded_food,ORGANIC HOT CEREAL
1543496,branded_food,"BROOKSHIRE'S, SWEETENED HONEY PUFFED WHEAT CEREAL"
1543499,branded_food,HONEY NUT TOASTED OATS CEREAL
1543500,branded_food,WHEAT BRAN CEREAL LOADED WITH RAISINS
1543502,branded_food,"BROOKSHIRE'S, RICE CEREAL"
1543710,branded_food,"SWEETENED CORN & OAT CEREAL, BERRY CRUNCH"
1543716,branded_food,"MARKET ESSENTIALS, CORN & WHOLE WHEAT FLAKE CEREAL WITH GRANOLA, HONEY & OAT"
1543802,branded_food,SHREDDED WHEAT CEREAL
1543840,branded_food,BREAKFAST BLENDABLES MULTIGRAIN HOT CEREAL KIT
1543846,branded_food,MULTIGRAIN HOT CEREAL KIT
1544337,branded_food,PROTEIN CEREAL
1544345,branded_food,WHOLE WHEAT FLAKE & GRANOLA CEREAL
1544346,branded_food,FLAKE & GRANOLA CEREAL
1544347,branded_food,FLAKE & GRANOLA CEREAL
1544529,branded_food,"MEIJER, SWIRL CRUNCH SWEETEND WHOLE WHEAT AND RICE CEREAL, CINNAMON"
1544530,branded_food,"TOASTED OATS WHOLE GRAIN OAT CEREAL, TOASTED OATS"
1544532,branded_food,"APPLE CRUNCHIES FLAVORED SWEETENED MULTI-GRAIN CEREAL, APPLE CRUNCHIES"
1544542,branded_food,"RICE SQUARES OVEN TOASTED RICE CEREAL, RICE SQUARES"
1544549,branded_food,"PEANUT BUTTER & COCOA DOTS ORGANIC CORN, WHOLE OAT & RICE FLOUR CEREAL, PEANUT BUTTER & COCOA DOTS"
1544553,branded_food,"WILD HARVEST, GRANOLA CEREAL, CHOCOLATE CHERRY NUT"
1544556,branded_food,ORGANIC MULTIGRAIN WITH FLAX INSTANT HOT CEREAL
1544603,branded_food,NUTTY NUGGETS CRUNCHY WHEAT AND BARLEY CEREAL
1544611,branded_food,"SUNNY SELECT, RAISIN BRAN CEREAL"
1544751,branded_food,RAISIN BRAN CEREAL
1544942,branded_food,"LOWES FOODS, WHEAT AND BRAN CEREAL WITH RAISINS"
1544945,branded_food,CORN FLAKES CEREALES
1545023,branded_food,RAISIN BRAN CEREAL
1545045,branded_food,"FRENCH VANILLA PROTEIN CEREAL, FRENCH VANILLA"
1545056,branded_food,ORGANIC GRANOLA CEREAL
1545060,branded_food,LOW-FAT GRANOLA CEREAL
1545069,branded_food,CRUNCHY GRANOLA CEREAL
1549130,branded_food,"ESSENTIAL EVERYDAY, MEUSLI, MULTI GRAIN CEREAL WITH RAISINS, DATES & ALMONDS"
1550232,branded_food,"KEEN ONE QUINOA, SUPER CEREAL, APPLE BERRY"
1550366,branded_food,"SWEETENED RICE CEREAL WITH CINNAMON, CINNAMON"
1550367,branded_food,CEREAL
1550368,branded_food,"HONEY ROASTED CEREAL, HONEY"
1550369,branded_food,SWEETENED CORN AND OAT CEREAL 
1550370,branded_food,"FRENCH TOASTERS CEREAL, FRENCH TOASTERS"
1550371,branded_food,CEREAL
1550372,branded_food,"CEREAL WITH ALMONDS, ALMONDS"
1550374,branded_food,"HONEY ROASTED CEREAL, HONEY ROASTED"
1550375,branded_food,"PECAN & MAPLE BROWN SUGAR CEREAL, PECAN & MAPLE BROWN SUGAR"
1550376,branded_food,"COOKIES & CREAM CEREAL, COOKIES & CREAM"
1550648,branded_food,TRADITIONAL CORN FLAKES CEREAL
1550729,branded_food,OATS & GRAIN CEREAL
1550731,branded_food,OATS & GRAIN CEREAL
1550732,branded_food,OATS & GRAIN CEREAL
1550735,branded_food,ORGANIC CINNAMON SQUARES CEREAL
1550743,branded_food,A DELICIOUS TOASTED CEREAL
1550744,branded_food,MIGHTY BEAN FLAKES CEREAL
1550747,branded_food,SUPER OATS CEREAL
1550748,branded_food,CEREAL
1550749,branded_food,"CHOCOLATE COMET CRISPIES TOASTED RICE & BEAN CEREAL, CHOCOLATE"
1550751,branded_food,BATS & BOOS DELICIOUS AND SPOOKY CEREAL
1550752,branded_food,"TOASTED RICE & BEAN CEREAL, TOASTED RICE & BEAN"
1550781,branded_food,ORGANIC CEREAL
1550782,branded_food,ORGANIC STONEGROUND FLAKES CEREAL
1550783,branded_food,"BACK TO THE ROOTS, ORGANIC STONEGROUND FLAKES CEREAL, PURPLE CORN"
1550799,branded_food,ALL ROUND GOODNESS ALLERGEN FREE CEREAL
1550800,branded_food,"ALL AROUND GOODNESS CEREAL, MAPLE SYRUP"
1550801,branded_food,FRUITY RAINBOW ROCKS CEREAL
1550806,branded_food,ORIGINAL ANCIENT GRAIN GRANOLA + PUFFS CEREAL
1550807,branded_food,"ANCIENT GRAIN GRANOLA + PUFFS CEREAL., PUMPKIN CINNAMON"
1550808,branded_food,ORIGINAL ANCIENT GRAIN GRANOLA + PUFFS CEREAL
1550824,branded_food,"BREAKFAST MULTIGRAIN CEREAL, APPLE CINNAMON"
1550839,branded_food,NATURAL CORN CEREAL WITH SUGAR AND CINNAMON
1550840,branded_food,CORN CEREAL
1550841,branded_food,NATURAL CORN CEREAL PINOLE
1550863,branded_food,SUPERFOOD CEREAL
1550864,branded_food,SUPERFOOD CEREAL
1550865,branded_food,SUPERFOOD CEREAL
1550893,branded_food,SWEETENED RICE CEREAL
1550894,branded_food,CEREAL
1550931,branded_food,SPARK DETOXIFYING HOT CEREAL
1550932,branded_food,"BEAM DRAGONFRUIT MAQUI BERRY ORGANIC DETOXIFYING HOT CEREAL, BEAM"
1550933,branded_food,DETOXIFYING HOT CEREAL
1550934,branded_food,DETOXIFYING HOT CEREAL
1550947,branded_food,FROSTED FLAKES CEREAL
1550948,branded_food,ARROZ INFLADO CON SABOR A CHOCOLATE CEREAL
1555709,branded_food,"FOOD LION, FRUIT & GRAIN CEREAL BAR, BLUEBERRY"
1556486,branded_food,"FRUIT & GRAIN CEREAL BARS, STRAWBERRY"
1556917,branded_food,CEREAL BAR
1558570,branded_food,FRUIT & GRAIN CEREAL BAR
1558571,branded_food,"LOW FAT FRUIT & GRAIN CEREAL BAR, STRAWBERRY"
1558572,branded_food,FRUIT & GRAIN CEREAL BAR
1561696,branded_food,"CINNABON INSTANT HOT CEREAL, CINNABON"
1562558,branded_food,"LALA, YOGURT SMOOTHIE, PECAN CEREAL"
1562617,branded_food,"STRAWBERRY BANANA CEREAL YOGURT SMOOTHIE, STRAWBERRY BANANA CEREAL"
1562621,branded_food,"PECAN CEREAL YOGURT SMOOTHIE, PECAN CEREAL"
1562623,branded_food,"LALA, YOGURT SMOOTHIE, VANILLA, ALMOND CEREAL"
1562995,branded_food,"AMBROSIAL, ORGANIC MUESLI CEREAL, GOJI BERRY PUMPKIN, GOJI BERRY PUMPKIN"
1563435,branded_food,"WILDWAY, INSTANT HOT CEREAL, TOASTED COCONUT, TOASTED COCONUT"
1563608,branded_food,"LALA, YOGURT SMOOTHIE, PECAN CEREAL"
1563614,branded_food,"PECAN CEREAL YOGURT SMOOTHIE, PECAN CEREAL"
1563616,branded_food,"LALA, YOGURT SMOOTHIE, STRAWBERRY, BANANA CEREAL"
1563622,branded_food,"HONEY GRAHAM CEREAL, HONEY GRAHAM"
1563623,branded_food,"CINNAMON SWIRL CRUNCH SWEETENED WHOLE WHEAT AND RICE CEREAL WITH CINNAMON, CINNAMON SWIRL CRUNCH"
1563624,branded_food,"CINNAMON SWIRL CRUNCH SWEETENED WHOLE WHEAT AND RICE CEREAL WITH CINNAMON, CINNAMON SWIRL CRUNCH"
1563629,branded_food,"HONEY CLUSTERS OF OATS WITH ALMONDS LIGHTLY SWEETENED CORN & WHOLE WHEAT FLAKE CEREAL WITH GRANOLA, HONEY CLUSTERS OF OATS WITH ALMONDS"
1563702,branded_food,"STRAWBERRY BANANA CEREAL DAIRY DRINK, STRAWBERRY BANANA CEREAL"
1563705,branded_food,"NUT AND CEREAL DAIRY DRINK, NUT AND CEREAL"
1563733,branded_food,"STRAWBERRY BANANA CEREAL DAIRY DRINK, STRAWBERRY BANANA CEREAL"
1564341,branded_food,FRUIT RINGS MULTI-GRAIN CEREAL
1564378,branded_food,CRISPY RICE & WHEAT FLAKES CEREAL
1564438,branded_food,LIGHTLY TOASTED RICE & WHEAT FLAKES CEREAL
1564586,branded_food,"MULTIGRAIN CLUSTER & FLAKE CEREAL, BLUEBERRY POMEGRANATE"
1564587,branded_food,CHERRY ALMOND MULTIGRAIN CLUSTER & FLAKE CEREAL
1564635,branded_food,CRISP CRUNCH MULTIGRAIN CEREAL
1564636,branded_food,GRANOLA CEREAL
1564648,branded_food,"HONEY NUT TOASTED OATS SWEETENED TOASTED OAT CEREAL WITH HONEY & ALMONDS, HONEY NUT TOASTED OATS"
1564651,branded_food,"FRUIT FRENZY SWEETENED MULTI-GRAIN CEREAL, FRUIT FRENZY"
1564653,branded_food,"COCO LOCO A SWEETENED CORN CEREAL MADE WITH REAL COCOA, COCO LOCO"
1564656,branded_food,"VERY BERRY CRUNCH SWEETENED CORN AND OAT CEREAL, VERY BERRY CRUNCH"
1564662,branded_food,"CORN FLAKES TOASTED CORN FLAKES CEREAL, CORN FLAKES"
1564665,branded_food,"CINN-AMAZING CRUNCH SWEETENED WHEAT & RICE CEREAL, CINN-AMAZING CRUNCH"
1564668,branded_food,"MULTIGRAIN MEDLEY, SWEETENED TOASTED MULTIGRAIN CEREAL"
1564671,branded_food,"TOASTED RICE & WHEAT FLAKES CEREAL WITH STRAWBERRIES, STRAWBERRIES"
1564672,branded_food,"CINN-AMAZING CRUNCH SWEETENED WHEAT & RICE CEREAL, SWEETENED"
1564673,branded_food,"CRISPY RICE & WHEAT FLAKES CEREAL, CHOCOLATEY CHUNKS"
1564675,branded_food,ENRICHED FARINA HOT WHEAT CEREAL
1564708,branded_food,COCOA RAGEOUS SWEETENED RICE CEREAL WITH REAL COCOA
1564713,branded_food,PEANUT BUTTERY FILLED SQUARES CEREAL
1564737,branded_food,GRANOLA CEREAL
1564738,branded_food,FRUIT & NUT GRANOLA CEREAL
1564739,branded_food,GRANOLA CEREAL
1564740,branded_food,"GRANOLA CEREAL, VANILLA ALMOND"
1564826,branded_food,SWEETENED MULTI-GRAIN CEREAL
1564844,branded_food,SWEETENED WHOLE GRAIN OAT CEREAL WITH REAL HONEY
1564872,branded_food,CRISPY RICE & WHEAT FLAKES CEREAL
1564874,branded_food,"SWEETENED PUFFED WHEAT CEREAL, SWEETENED PUFFED WHEAT CEREAL"
1564875,branded_food,"SWEETENED MULTI-GRAIN CEREAL, SWEETENED MULTI-GRAIN CEREAL"
1564876,branded_food,"FRUIT FLAVOR SWEETENED RICE CEREAL, FRUIT"
1564877,branded_food,SWEETENED WHOLE GRAIN OAT CEREAL WITH REAL HONEY
1564878,branded_food,SWEETENED FLAKES OF CORN CEREAL
1564879,branded_food,"TOOTIE FRUITIES CEREAL, TOOTIE FRUITIES"
1564880,branded_food,CEREAL
1564928,branded_food,CEREAL
1564973,branded_food,HONEY NUT O'S CEREAL
1564979,branded_food,MULTI GRAIN LIGHTLY SWEETENED CEREAL
1565026,branded_food,"BUNCH O' SQUARES, SWEETENED WHEAT & RICE CEREAL"
1565032,branded_food,FROSTED SHREDDED WHEAT CEREAL
1565045,branded_food,SWEETENED RICE CEREAL FRUITY DIAMONDS
1565077,branded_food,FROSTED FLAKES PRESWEETENED CORN CEREAL
1565078,branded_food,MULTIGRAIN HOT CEREAL
1565285,branded_food,INSTANT MAPLE BUCKWHEAT HOT CEREAL
1565309,branded_food,SWEETENED OAT CEREAL WITH MARSHMALLOWS
1565316,branded_food,"WHEAT FLAKES WHOLE GRAIN WHEAT CEREAL, WHEAT FLAKES"
1565325,branded_food,"OAT SQUARES CRUNCHY OAT CEREAL WITH A SPRINKLE OF BROWN SUGAR, OAT SQUARES"
1565327,branded_food,TOASTED CRISPY RICE CEREAL
1565341,branded_food,TOASTED OAT CEREAL
1565451,branded_food,FALL HARVEST CEREAL
1565460,branded_food,CEREAL WITH ALMONDS
1565613,branded_food,SHREDDED WHOLE WHEAT CEREAL
1565619,branded_food,CORN FLAKES CEREAL
1566891,branded_food,SUPREME CEREAL GRANOLA
1566903,branded_food,SUPREME CEREAL GRANOLA
1567134,branded_food,ORGANIC MULTIGRAIN FLAKE CEREAL
1567410,branded_food,SWEETENED RICE CEREAL
1567452,branded_food,"SUPERFOOD HOT CEREAL, BLUEBERRY CHAI"
1567544,branded_food,WHOLE WHEAT CEREAL BISCUITS
1567723,branded_food,RICE CEREAL MOGHLY MIDDLE EAST DESSERT MIX
1570103,branded_food,"FRUIT & GRAIN CEREAL BARS, STRAWBERRY"
1573924,branded_food,"FRUIT & GRAIN CEREAL BARS, BLUEBERRY"
1575592,branded_food,"MIXED FRUIT FRUIT & GRAIN LOW FAT CEREAL BARS, MIXED FRUIT"
1575668,branded_food,"BLUEBERRY FRUIT & GRAIN LOW FAT CEREAL BARS, BLUEBERRY"
1575788,branded_food,"STRAWBERRY FRUIT & GRAIN LOW FAT CEREAL BARS, STRAWBERRY"
1575835,branded_food,"MRS. FRESHLEY'S, DELICIOUS DEALS, FRUIT&GRAIN LOW FAT CEREAL BARS, STRAWBERRY, STRAWBERRY"
1576047,branded_food,"WHOLE GRAIN WHEAT AND BARLEY CEREAL NUTTY BITS, WHOLE GRAIN WHEAT AND BARLEY CEREAL"
1576742,branded_food,"CRISP RICE OVEN TOASTED RICE CEREAL, CRISP RICE"
1576743,branded_food,"SUPER FRUIT MUNCH SWEETENED RICE CEREAL, SUPER FRUIT MUNCH"
1576744,branded_food,"SUPER COCOA MUNCH FLAVORED SWEETENED RICE CEREAL, SUPER COCOA MUNCH"
1576745,branded_food,"OAT SQUARES CRUNCHY OAT CEREAL WITH THE TASTE OF BROWN SUGAR, OAT SQUARES"
1576746,branded_food,"COCOA CRUNCH FLAVORED SWEETENED CORN CEREAL, COCOA CRUNCH"
1578859,branded_food,CEREAL
1578903,branded_food,TOASTED OATS MUESLI CEREAL
1578930,branded_food,ORGANIC TOASTED COCONUT MUESLI CEREAL
1579335,branded_food,MINION MARSHMALLOWS CEREAL
1580692,branded_food,"HONEY OATS & FLAKES CEREAL, HONEY OATS & FLAKES"
1580693,branded_food,"TOASTED OATS CEREAL, TOASTED OATS"
1580696,branded_food,"RICE SQUARES OVEN TOASTED RICE CEREAL, RICE SQUARES"
1580981,branded_food,CRUNCHY WHEAT & BARLEY CEREAL
1581355,branded_food,"BERRY CRISP CRUNCH SWEETENED CORN & OAT CEREAL, BERRY"
1581372,branded_food,FROSTED BITE-SIZE SHREDDED WHEAT CEREAL
1581778,branded_food,MARSHMALLOW MINI'S WHOLE GRAIN OAT CEREAL
1581779,branded_food,CRUNCH' TASTIC CEREAL
1581958,branded_food,"WHEAT BRAN FLAKES WHEAT AND BRAN CEREAL, WHEAT BRAN"
1581959,branded_food,"CRISP RICE OVEN TOASTED RICE CEREAL, CRISP RICE"
1582248,branded_food,HONEY OAT CEREAL MONSTER BARS
1583327,branded_food,ORGANIC BOWLS HOT CEREAL STEEL-CUT OATS
1583545,branded_food,"BARBARA'S, PUFFINS, CEREAL, CINNAMON, CINNAMON"
1583582,branded_food,"CORN FLAKES CEREAL, CORN FLAKES"
1583869,branded_food,"FRUIT FLAVOR MARSHMALLOW CEREAL BARS TREATS, FRUIT"
1584085,branded_food,"TROPICAL, DRINKABLE LOWFAT YOGURT, PECAN CEREAL"
1584378,branded_food,"RAISIN BRAN WITH GRANOLA WHOLE GRAIN WHEAT & WHEAT BRAN CEREAL WITH RAISINS AND CRUNCHY OAT CLUSTERS, RAISIN BRAN WITH GRANOLA"
1584387,branded_food,"100% NATURAL GRANOLA CEREAL WITH CRUNCHY OAT CLUSTERS, HONEY & SLICED ALMONDS, 100% NATURAL GRANOLA"
1584419,branded_food,"VANILLA BLAST ORGANIC CEREAL, VANILLA BLAST"
1584522,branded_food,"WHEAT SQUARES OVEN TOASTED WHOLE GRAIN WHEAT CEREAL, WHEAT SQUARES"
1585017,branded_food,"PEANUT CHOCOLATE CHUNK WITH PRETZELS, PEANUTS AND CEREAL WITH A MILK CHOCOLATE FLAVORED COATING CHEWY SWEET & SALTY PRETZEL BARS, PEANUT CHOCOLATE CHUNK"
1585040,branded_food,"HONEY NUT FLAVORED TOASTED OATS SWEETENED WHOLE GRAIN OAT CEREAL WITH REAL HONEY, HONEY NUT"
1585184,branded_food,"BLUEBERRY FLAVORED 90 CALORIE CEREAL BARS, BLUEBERRY"
1585263,branded_food,"STRAWBERRY 90 CALORIE CEREAL BARS, STRAWBERRY"
1586885,branded_food,FLAKES CEREAL
1587374,branded_food,WHOLE GRAIN RAISIN BRAN ORGANIC CEREAL
1587799,branded_food,FRUIT & GRAIN CEREAL BAR
1587899,branded_food,CEREAL BARS
1588048,branded_food,CRUNCHEE CEREAL BARS
1588576,branded_food,100% WHOLE GRAIN BIG BISCUIT CEREAL
1589320,branded_food,"YOGURT SMOOTHIE, STRAWBERRY BANANA CEREAL"
1589588,branded_food,OAT BRAN HOT CEREAL
1590186,branded_food,"TOASTED OATS WHOLE GRAIN OAT CEREAL, TOASTED OATS"
1590292,branded_food,"STRAWBERRY FRUIT & GRAIN CEREAL BARS, STRAWBERRY"
1590293,branded_food,"MIXED BERRY FRUIT & GRAIN CEREAL BARS, MIXED BERRY"
1590788,branded_food,"GRANOLA WITH NO ADDED SUGAR GRANOLA CEREAL WITH CRUNCHY OAT CLUSTERS, GRANOLA WITH NO ADDED SUGAR"
1590790,branded_food,"NICE!, FRUIT & GRAIN CEREAL BARS, STRAWBERRY"
1591062,branded_food,"GRANOLA WITH ALMONDS GRANOLA CEREAL WITH CRUNCHY OAT CLUSTERS, HONEY & SLICED ALMONDS, GRANOLA WITH ALMONDS"
1592504,branded_food,FROSTED WHOLE GRAIN OAT CEREAL
1595078,branded_food,"CAP'N CRUNCH, SWEETENED CORN & OAT CEREAL, PEANUT BUTTER CRUNCH"
1595079,branded_food,"KELLOGG'S, TOASTED RICE CEREAL, RICE KRISPIES"
1595080,branded_food,"KELLOGG'S, FROSTED FLAKES, CORN CEREAL"
1595082,branded_food,"GENERAL MILLS, CHEERIOS, MULTI GRAIN LIGHTLY SWEETENED CEREAL"
1596091,branded_food,"LIGHTLY SWEETENED ORGANIC WHOLE GRAIN BROWN RICE CEREAL CRISPS, BROWN RICE CRISPS"
1596404,branded_food,"CRISPY SWEETENED CORN CEREAL, CINNAMON & SYRUP"
1596506,branded_food,"CRUNCH BERRIES SWEETENED CORN & OAT CEREAL, CRUNCH BERRIES"
1596518,branded_food,"ALL BERRIES SWEETENED CORN & OAT CEREAL, ALL BERRIES"
1596519,branded_food,"CINNAMON ROLL SWEETENED CORN & OAT CEREAL, CINNAMON ROLL"
1596556,branded_food,TASTEEOS SWEETENED TOASTED OAT CEREAL
1596568,branded_food,"HONEY SMACKS, SWEETENED PUFFED WHEAT CEREAL"
1596569,branded_food,"FRUIT FLAVOR SWEETENED MULTI-GRAIN CEREAL, FRUIT"
1596570,branded_food,CEREAL
1596572,branded_food,"RED BERRIES CRUNCHY RICE & WHEAT FLAKES WITH REAL STRAWBERRIES CEREAL, RED BERRIES"
1596574,branded_food,CEREAL
1596577,branded_food,"APPLE CINNAMON CRUNCH FLAVORED CRUNCHY RICE & WHEAT FLAKES WITH APPLE CINNAMON CLUSTERS CEREAL, APPLE CINNAMON CRUNCH"
1596588,branded_food,CEREAL
1596589,branded_food,"FRUIT FLAVOR SWEETENED MULTI-GRAIN CEREAL, FRUIT"
1596590,branded_food,TOASTED RICE CEREAL
1596591,branded_food,SWEETENED CEREAL WITH APPLE & CINNAMON
1596592,branded_food,CEREAL
1596594,branded_food,CEREAL
1596595,branded_food,"SWEETENED CEREAL, APPLE & CINNAMON"
1596603,branded_food,CEREAL
1596607,branded_food,WHOLE GRAIN ROLLED HOT CEREAL
1596625,branded_food,"LIGHTLY TOASTED RICE & WHEAT CEREAL, STRAWBERRY"
1596663,branded_food,"CORN FLAKES CEREAL, CORN FLAKES"
1596672,branded_food,"LALA, YOGURT SMOOTHIE, PRUNE CEREAL"
1596700,branded_food,"GENERAL MILLS, CEREAL, CINNAMON TOAST CRUNCH"
1596703,branded_food,"KELLOGG'S, APPLE JACKS, CEREAL WITH APPLE & CINNANON"
1596704,branded_food,"ORIGINAL MULTIGRAIN CEREAL, ORIGINAL"
1596768,branded_food,GRAHAM CRACKER CEREAL
1596769,branded_food,"CINNAMON SWIRL BITES SWEETENED WHOLE WHEAT & RICE CEREAL WITH CINNAMON, CINNAMON SWIRL"
1596786,branded_food,"SWEETENED CORN CEREAL, CHOCO CHIPPERS"
1596807,branded_food,"ARROWHEAD MILLS, ORGANIC RICE & SHINE HOT CEREAL"
1596811,branded_food,"BALANCED LIVING, ORIGINAL MULTIGRAIN CEREAL, ORIGINAL"
1596812,branded_food,"FIBER NUTS, WHOLE GRAIN WHEAT & BARLEY CEREAL, WHOLE GRAIN"
1596845,branded_food,GRANOLA CEREAL
1596913,branded_food,"GIANT, OVEN-TOASTED OAT SQUARES CEREAL, CINNAMON"
1596959,branded_food,RAISIN BRAN CEREAL
1597183,branded_food,"RAISIN TOUCH OF FRUIT IN THE MIDDLE LIGHTLY SWEETENED WHOLE GRAIN CEREAL, RAISIN"
1597185,branded_food,"SWEETENED THREE-GRAIN CEREAL WITH APPLE & CINNAMON, APPLE & CINNAMON"
1597201,branded_food,"BROWN SUGAR FLAVOR OATMEAL SQUARES CRUNCHY OAT CEREAL, BROWN SUGAR"
1597460,branded_food,"CEREAL WITH ALMONDS, ALMONDS"
1597515,branded_food,GRAB 'N GO MUESLI CEREAL
1597516,branded_food,GRAB 'N GO MUESLI CEREAL
1597577,branded_food,"CEREAL BARS, CHOCOLATEY DRIZZLE"
1597609,branded_food,"CRUNCH BERRIES TREATS CEREAL BARS, CRUNCH BERRIES"
1598017,branded_food,FRUIT & GRAIN CEREAL BAR
1598327,branded_food,"STRAWBERRY FLAVORED CEREAL BARS, STRAWBERRY"
1598329,branded_food,"APPLE CINNAMON CEREAL BARS, APPLE CINNAMON"
1598333,branded_food,"CHOCOLATEY PRETZEL FLAVORED CEREAL BARS, CHOCOLATEY PRETZEL"
1598335,branded_food,"RED BERRIES FLAVORED CEREAL BARS, RED BERRIES"
1598568,branded_food,"BLUEBERRY CEREAL BARS, BLUEBERRY"
1598573,branded_food,"APPLE CINNAMON CEREAL BARS, APPLE CINNAMON"
1598575,branded_food,"MIXED BERRY CEREAL BARS, MIXED BERRY"
1598730,branded_food,"CEREAL BARS, STRAWBERRY"
1599801,branded_food,"CINNAMON CEREAL, CINNAMON"
1599818,branded_food,"STRAWBERRY FLAVORED CEREAL WITH PRINCESS MARSHMALLOWS, STRAWBERRY WITH PRINCESS MARSHMALLOWS"
1599918,branded_food,SWEET OATS & ALMONDS MULTIGRAIN CLUSTER FLAKE CEREAL
1599942,branded_food,"HONEY PUFFED WHEAT SWEETENED PUFFED WHEAT CEREAL, HONEY PUFFED WHEAT"
1599943,branded_food,"RAISIN BRAN WHOLE GRAIN WHEAT AND WHEAT BRAN WITH RAISINS CEREAL, RAISIN BRAN"
1599944,branded_food,"FROSTED FLAKES SWEETENED CORN CEREAL, FROSTED FLAKES"
1599949,branded_food,"CRUNCHY CEREAL OATMEAL SQUARES WITH BROWN SUGAR, BROWN SUGAR"
1599953,branded_food,SWEETENED MULTIGRAIN CEREAL
1599954,branded_food,"CHOCOLATE CRISPY MULTI-GRAIN OUTSIDE, SMOOTH CHOCOLATE INSIDE CEREAL, CHOCOLATE"
1599956,branded_food,"SWEETENED THREE-GRAIN CEREAL WITH APPLE & CINNAMON, APPLE & CINNAMON"
1599959,branded_food,MULTI-GRAIN SHAPES CEREAL
1599961,branded_food,"CEREAL, PEANUT BUTTER"
1599962,branded_food,MULTI-GRAIN SHAPES CEREAL
1599964,branded_food,"CEREAL, PEANUT BUTTER"
1599965,branded_food,"SWEETENED THREE-GRAIN CEREAL WITH APPLE & CINNAMON, APPLE & CINNAMON"
1599966,branded_food,"LIGHT SWEETENED WHOLE GRAIN CEREAL, STRAWBERRY"
1599967,branded_food,"LIGHTLY SWEETENED WHOLE GRAIN CEREAL, MAPLE BROWN SUGAR"
1599968,branded_food,"FROSTED LIGHTLY SWEETENED WHOLE GRAIN CEREAL, ORIGINAL"
1600013,branded_food,CLASSIC GOURMET PREMIUM GRANOLA CEREAL
1600019,branded_food,"SWEETENED CORN & OAT CEREAL, SWEETENED CORN & OAT CEREAL"
1600033,branded_food,ALL-NATURAL TIMELESS GRAINS CEREAL
1600074,branded_food,SWEETENED MULTI-GRAIN CEREAL
1600466,branded_food,"PEANUT BUTTER TREATS CEREAL BARS, PEANUT BUTTER"
1600477,branded_food,"SWEETENED CEREAL WITH MARSHMALLOWS, MARSHMALLOWS"
1600478,branded_food,CEREAL
1600491,branded_food,"RED BERRIES CRUNCHY RICE & WHEAT FLAKES WITH REAL STRAWBERRIES CEREAL, RED BERRIES"
1600493,branded_food,"CHOCOLATEY DELIGHT FLAVORED CRUNCHY RICE & WHEAT FLAKES WITH CHOCOLATEY PIECES CEREAL, CHOCOLATEY DELIGHT"
1600517,branded_food,"RED BERRIES CRUNCHY RICE & WHEAT FLAKES WITH REAL STRAWBERRIES CEREAL, RED BERRIES"
1600518,branded_food,CEREAL
1600520,branded_food,CEREAL
1601061,branded_food,"BLUEBERRY FLAVORED FRUIT & GRAIN CEREAL BARS, BLUEBERRY"
1601659,branded_food,ORGANIC STONEGROUND FLAKES CEREAL
1601709,branded_food,"LIGHTLY SWEETENED WHOLE GRAIN CEREAL, ORIGINAL"
1601907,branded_food,"NATURAL FRUIT SWEETENED MULTI-GRAIN CEREAL, FRUIT"
1602109,branded_food,"TOASTED OATS WHOLE GRAIN OAT CEREAL, TOASTED OATS"
1602122,branded_food,"CINNAMON BROWN SUGAR CRUNCH FLAVORED WHEAT, SOY AND RICE PROTEIN CEREAL, CINNAMON BROWN SUGAR CRUNCH"
1602536,branded_food,ORGANIC GRANOLA CEREAL
1602601,branded_food,CEREAL BARS WITH VANILLA FILLING
1603033,branded_food,FLAKE & GRANOLA CEREAL
1603547,branded_food,"SHREDDED WHEAT BITE SIZE 100% WHOLE WHEAT CEREAL, SHREDDED WHEAT"
1603819,branded_food,"PUMPKIN SPICE FLAVORED MULTIGRAIN CEREAL, PUMPKIN SPICE"
1603822,branded_food,"CHRISTMAS CRUNCH SWEETENED CORN & OAT CEREAL, CHRISTMAS CRUNCH"
1603936,branded_food,CEREAL
1604026,branded_food,"HALLOWEEN CRUNCH SWEETENED CORN & OAT CEREAL, HALLOWEEN CRUNCH"
1605290,branded_food,GRANOLA CEREAL WITH FRUIT
1607597,branded_food,TOASTED OATS CEREAL
1607774,branded_food,"MAGIC STARS, SWEETENED OAT CEREAL WITH MARSHMALLOWS, MARSHMALLOWS"
1608018,branded_food,"PECAN CEREAL YOGURT SMOOTHIE, PECAN CEREAL"
1608148,branded_food,"GRANOLA WITH RAISINS AND ALMONDS, CEREAL WITH WHOLE GRAIN OATS, WHOLE GRAIN WHEAT, PLUMP RAISINS PUFFED RICE AND ALMONDS"
1608149,branded_food,"RAISINS, DATES & PECANS MULTI GRAIN CEREAL, RAISINS, DATES & PECANS"
1608172,branded_food,"PALEO STYLE MUESLI COLD CEREAL, PALEO STYLE"
1609001,branded_food,"CINNAMON SQUARES CRISPY, SWEETENED WHEAT & RICE CEREAL"
1609006,branded_food,"BERRY COLOSSAL CRUNCH CEREAL, BERRY COLOSSAL CRUNCH"
1609007,branded_food,"MARSHMALLOW MATEYS CEREAL, MARSHMALLOW MATEYS"
1609008,branded_food,"S'MORES CEREAL, S'MORES"
1609009,branded_food,"GOLDEN PUFFS CEREAL, GOLDEN PUFFS"
1609010,branded_food,"FRUITY DYNO-BITES CEREAL, FRUITY DYNO-BITES"
1609196,branded_food,"ORGANIC CEREAL, CINNAMON CRUNCH"
1609201,branded_food,"CORN FLAKES ORGANIC CEREAL, CORN FLAKES"
1610141,branded_food,TOASTED OATS CEREAL
1610142,branded_food,HONEY NUT SWEETENED OAT CEREAL WITH REAL HONEY & NATURAL ALMOND
1610254,branded_food,"NATURAL HONEY FLAVORED MULTIGRAIN CEREAL WITH GRANOLA AND ALMONDS, ALMOND CRUNCHY HONEY OATS"
1610256,branded_food,"TOASTED RICE CRISPS CEREAL, RICE CRISPS"
1610257,branded_food,"HONEY NUT O'S SWEETENED TOASTED OAT CEREAL, HONEY NUT O'S"
1610258,branded_food,TOASTED OAT CEREAL
1610259,branded_food,"FROSTED WHOLE GRAIN OAT CEREAL WITH MARSHMALLOWS, MARSHMALLOWS"
1610645,branded_food,"RUDOLPH'S MIX WITH CHOCOLATE-COVERED CEREAL, GRAHAM BITES, M&M'S MILK CHOCOLATE CANDIES & PEANUT BUTTER CUPS INDULGENT TRAIL MIX, RUDOLPH'S MIX"
1610792,branded_food,"MULTIGRAIN SQUARES CEREAL, MULTIGRAIN"
1610793,branded_food,"CINNAMON FLAVORED MULTIGRAIN SQUARES CEREAL, CINNAMON"
1610981,branded_food,VANILLA ALMOND CEREAL NATURALLY FLAVORED
1611102,branded_food,FROSTED SHREDDED WHEAT CEREAL
1611318,branded_food,SWEETENED CORN CEREAL
1611379,branded_food,"CORN FLAKES CEREAL, CORN FLAKES"
1611636,branded_food,GOJI-CACAO SUPERFOOD CEREAL
1612260,branded_food,ORGANIC WHOLE WHEAT FARINA HOT CEREAL
1612577,branded_food,FRUIT & GRAIN CEREAL BARS
1612612,branded_food,"FRUIT & GRAIN APPLE CINNAMON CEREAL BARS, FRUIT & GRAIN APPLE CINNAMON"
1612659,branded_food,"LOW FAT BLUEBERRY FRUIT & GRAIN CEREAL BARS, BLUEBERRY"
1612742,branded_food,STRAWBERRY FRUIT & GRAIN CEREAL BAR
1612776,branded_food,"FRUIT AND GRAIN CEREAL BARS, BLUEBERRY"
1613130,branded_food,"FRUIT & GRAIN CEREAL BARS, MIXED BERRY"
1613251,branded_food,"FRUIT AND GRAIN CEREAL BARS, APPLE CINNAMON"
1613639,branded_food,YOGURT SMOOTHIE VANILLA ALMOND CEREAL
1613669,branded_food,"FRUIT & GRAIN CEREAL BARS, BLUEBERRY"
1613783,branded_food,FROSTED TOASTED OAT CEREAL WITH MARSHMALLOWS
1613956,branded_food,FRUIT & GRAIN CEREAL BARS
1614415,branded_food,"FRUIT AND GRAIN CEREAL BARS, RASPBERRY"
1615257,branded_food,FRUIT & GRAIN CEREAL BARS
1615565,branded_food,"100% WHOLE GRAIN OAT CEREAL QUICK ONE MINUTE OATMEAL, WHOLE GRAIN"
1616488,branded_food,"FRUIT & GRAIN CEREAL BARS, APPLE CINNAMON"
1616544,branded_food,"LOW FAT STRAWBERRY FRUIT & GRAIN CEREAL BARS, STRAWBERRY"
1617391,branded_food,"FRUIT & GRAIN CEREAL BARS, RASPBERRY"
1617544,branded_food,"OLD FASHIONED 100% WHOLE GRAIN CEREAL OATS, OLD FASHIONED WHOLE GRAIN"
1617768,branded_food,"APPLE CINNAMON FRUIT & GRAIN CEREAL BAR, APPLE CINNAMON"
1618359,branded_food,MULTI GRAIN CEREAL BAR WITH CHIA
1618982,branded_food,"OLD FASHIONED 100% WHOLE GRAIN CEREAL OATS, OLD FASHIONED WHOLE GRAIN"
1619002,branded_food,100% WHOLE GRAIN CEREAL QUICK OATS
1619301,branded_food,"CINNA-APPLE WALNUT WITH REAL APPLES INSTANT HOT CEREAL, CINNA-APPLE WALNUT WITH REAL APPLES"
1619351,branded_food,"MIXED BERRY INSTANT HOT CEREAL, MIXED BERRY"
1619800,branded_food,"ORIGINAL ENRICHED CREAMY HOT WHEAT FARINA CEREAL, ORIGINAL"
1620465,branded_food,BLUEBERRY FRUIT & GRAIN CEREAL BAR
1622093,branded_food,SWEETENED MULTIGRAIN CEREAL
1622094,branded_food,FROSTED WHOLE GRAIN OAT CEREAL WITH MARSHMALLOWS
1622095,branded_food,"SWEETENED MULTIGRAIN CEREAL, NATURAL FRUIT"
1622099,branded_food,SWEETENED CORN AND OAT CEREAL
1622101,branded_food,"CINNAMON SWEETENED OAT, CORN, WHEAT AND RICE CEREAL"
1622102,branded_food,FROSTED CORN PUFFS CEREAL
1622106,branded_food,"NUTTY NUGGETS CRUNCHY WHEAT & BARLEY CEREAL, WHEAT & BARLEY"
1622312,branded_food,"CEREAL, FROSTED CINNAMON ROLL, VANILLA"
1622400,branded_food,"FROSTED S'MORES BITES CEREAL, CHOCOLATE CHIPS"
1622439,branded_food,HIGH FIBER OAT BRAN HOT CEREAL
1623438,branded_food,CEREAL
1624179,branded_food,"RAISIN APPLE ANCIENT GRAINS GRANOLA MIX OF TOASTED OATS, BARELY, WHEAT, SPELT, RYE & FRUIT CEREAL, RAISIN APPLE"
1624184,branded_food,"SPRINKLED DONUT SWEETENED CORN & OAT CEREAL, SPRINKLED DONUT"
1624189,branded_food,"CHOCOLATEY SWEETENED CORN & OAT CEREAL, CHOCOLATEY"
1624193,branded_food,"CARAMEL POPCORN SWEETENED CORN & OAT CEREAL, CARAMEL POPCORN"
1624608,branded_food,"MULTIGRAIN RYE, BARLEY, OATS, WHEAT HOT CEREAL, MULTIGRAIN"
1624699,branded_food,"KELLOGG'S, KNOURISH, HOT CEREAL, CINNAMON, RAISIN PECAN, CINNAMON RAISIN PECAN"
1624703,branded_food,"ORIGINAL LOW FAT GRANOLA MULTI-GRAIN CEREAL, ORIGINAL"
1624836,branded_food,"ORIGINAL LIGHTLY SWEETENED WHOLE GRAIN CEREAL, ORIGINAL"
1624839,branded_food,"CHOCOLATE CRISPY MULTI-GRAIN OUTSIDE, SMOOTH CHOCOLATE INSIDE CEREAL, CHOCOLATE"
1624842,branded_food,"OAT SQUARES CRUNCHY OAT CEREAL WITH THE TASTE OF BROWN SUGAR, OAT SQUARES"
1624844,branded_food,"KASHI, HONEY-KISSED SEVEN WHOLE GRAIN CEREAL SQUARES, HONEY SUNSHINE, HONEY SUNSHINE"
1624866,branded_food,CEREAL
1624869,branded_food,"MULTIGRAIN HOT CEREAL, MULTIGRAIN"
1624957,branded_food,"FRUIT FLAVOR SWEETENED MULTI-GRAIN CEREAL, FRUIT"
1625005,branded_food,"CHOCOLATEY PRETZEL FLAVORED CEREAL BARS, CHOCOLATEY PRETZEL"
1625158,branded_food,"CRANBERRY ALMOND WITH PUMPKIN SEEDS ANCIENT GRAINS GRANOLA CEREAL, CRANBERRY ALMOND WITH PUMPKIN SEEDS"
1625332,branded_food,"FROSTED MINI-WHEATS, LITTLE BITES, LIGHTLY SWEETENED WHOLE GRAIN CEREAL, CHOCOLATE, CHOCOLATE"
1625334,branded_food,MULTI-GRAIN SHAPES CEREAL
1625364,branded_food,"OATS & HONEY CRUNCHY WHEAT, RICE & CORN FLAKES WITH OATS & HONEY CEREAL, OATS & HONEY"
1625365,branded_food,REDUCED SUGAR CEREAL
1625377,branded_food,"RED BERRIES FLAVORED CEREAL BARS, RED BERRIES"
1625390,branded_food,"KELLOGG'S, FROSTED FLAKES, FROSTED CORN FLAKE CEREAL"
1625396,branded_food,"LIFE, MULTIGRAIN CEREAL, CINNAMON, CINNAMON"
1625404,branded_food,"CHOCOLATE CRISPY MULTI-GRAIN OUTSIDE, SMOOTH CHOCOLATE INSIDE CEREAL IN A CUP, CHOCOLATE"
1625564,branded_food,CEREAL
1625565,branded_food,SWEETENED RICE CEREAL
1625582,branded_food,SWEETENED CORN CEREAL
1625583,branded_food,"CHOCOLATE CRISPY MULTI-GRAIN OUTSIDE, SMOOTH CHOCOLATE INSIDE CEREAL, CHOCOLATE"
1625587,branded_food,"WHOLE GRAIN BROWN RICE GLUTEN FREE TOASTED BROWN RICE CEREAL, WHOLE GRAIN BROWN RICE"
1625588,branded_food,"MULTI-GRAIN LIGHTLY SWEETENED FLAKES MADE FROM A HEARTY BLEND OF WHEAT, RICE AND CORN CEREAL, MULTI-GRAIN"
1625589,branded_food,"CHOCOLATEY STRAWBERRY FLAVORED CRUNCHY RICE & WHEAT FLAKES WITH CHOCOLATEY PIECES & STRAWBERRIES CEREAL, CHOCOLATEY STRAWBERRY"
1625767,branded_food,FROSTED TOASTED OAT CEREAL WITH MARSHMALLOWS
1625772,branded_food,FRUIT FILLING CEREAL BARS
1625809,branded_food,FRUIT & GRAIN CEREAL BARS
1625834,branded_food,"CRISPY, SWEETENED WHOLE WHEAT AND RICE CEREAL, CINNAMON"
1625835,branded_food,"CRISPY, SWEETENED WHOLE WHEAT AND RICE CEREAL"
1625836,branded_food,FROSTED TOASTED OAT CEREAL WITH MARSHMALLOWS
1625843,branded_food,"CRISPY, SWEETENED WHOLE WHEAT & RICE CEREAL"
1625848,branded_food,"CEREAL, CHOCOLATE STRAWBERRY"
1625855,branded_food,"SWEETENED WHOLE GRAIN CORN AND OAT CEREAL, FRUITY"
1625911,branded_food,"CRUNCHY OUTSIDE STRAWBERRY FLAVORED FILLING INSIDE SWEETENED MULTI-GRAIN CEREAL, CRUNCHY OUTSIDE STRAWBERRY FILLING INSIDE"
1625912,branded_food,"BLUEBERRY FLAVORED CEREAL BARS, BLUEBERRY"
1625913,branded_food,"MIXED BERRY FLAVORED CEREAL BARS, MIXED BERRY"
1625914,branded_food,"APPLE CINNAMON CEREAL BARS, APPLE CINNAMON"
1625920,branded_food,"STRAWBERRY GREEK NONFAT YOGURT CEREAL BOWL, STRAWBERRY"
1625955,branded_food,"VANILLA CRISP FLAVORED CEREAL BARS, VANILLA CRISP"
1625956,branded_food,"CHOCOLATEY STRAWBERRY FLAVORED CEREAL BARS, CHOCOLATEY STRAWBERRY"
1625957,branded_food,"RASPBERRY CHEESECAKE FLAVORED CEREAL BARS, RASPBERRY CHEESECAKE"
1625962,branded_food,"BLUEBERRY FLAVORED CEREAL BARS, BLUEBERRY"
1625963,branded_food,"BLUEBERRY FLAVORED CEREAL BARS, BLUEBERRY"
1625971,branded_food,"STRAWBERRY FLAVORED CEREAL BARS, STRAWBERRY"
1626027,branded_food,"SWEETENED CEREAL WITH MARSHMALLOWS, MARSHMALLOWS"
1626033,branded_food,CEREAL
1626034,branded_food,"CEREAL, FROSTED FLAKES"
1626035,branded_food,"RED BERRIES FLAVORED CEREAL BARS, RED BERRIES"
1626036,branded_food,"VANILLA ALMOND CEREAL, VANILLA ALMOND"
1626076,branded_food,"HONEY ROASTED CEREAL, HONEY ROASTED"
1626077,branded_food,CORN CEREAL
1626201,branded_food,"VANILLA FLAVORED CEREAL, VANILLA"
1626834,branded_food,"GRAHAM CEREAL, HONEY"
1626835,branded_food,"OATS & HONEY CEREAL WITH RAISINS & ALMONDS, OATS & HONEY"
1627381,branded_food,"ORIGINAL MULTIGRAIN CEREAL, ORIGINAL"
1628278,branded_food,"ORIGINAL CEREAL, ORIGINAL"
1628389,branded_food,"PEANUT BUTTER FLAVORED CEREAL, PEANUT BUTTER"
1628395,branded_food,"CEREAL, CHOCOLATE"
1628524,branded_food,"CHOCOLATEY STRAWBERRY FLAVORED CRUNCHY RICE & WHEAT FLAKES WITH CHOCOLATEY PIECES & STRAWBERRIES CEREAL, CHOCOLATEY STRAWBERRY"
1628581,branded_food,"SWEETENED CEREAL WITH APPLE & CINNAMON, APPLE & CINNAMON"
1628592,branded_food,"7 WHOLE GRAIN HONEY PUFFS CEREAL, 7 WHOLE GRAIN HONEY"
1628750,branded_food,"TOUCH OF HONEY ANCIENT GRAINS BLEND CEREAL, TOUCH OF HONEY"
1628781,branded_food,"CHOCOLATEY STRAWBERRY FLAVORED CRUNCHY RICE & WHEAT FLAKES WITH CHOCOLATEY PIECES & STRAWBERRIES CEREAL, CHOCOLATEY STRAWBERRY"
1628814,branded_food,"CEREAL, PB&J STRAWBERRY"
1628825,branded_food,"RED BERRIES FLAVORED CEREAL BARS, RED BERRIES"
1628835,branded_food,"CHOCOLATEY PRETZEL FLAVORED CEREAL BARS, CHOCOLATEY PRETZEL"
1628848,branded_food,"PROTEIN LIGHTLY SWEETENED WHEAT, RICE & SOY FLAKES CEREAL, PROTEIN"
1628887,branded_food,"CHOCOLATEY ALMOND CEREAL, CHOCOLATEY ALMOND"
1628908,branded_food,"CINNAMON PECAN CRUNCHY RICE & WHEAT FLAKES WITH PECANS & CINNAMON CEREAL, CINNAMON PECAN"
1628914,branded_food,"KASHI, GOLEAN, CREAMY INSTANT HOT CEREAL"
1628949,branded_food,"SWEETENED CEREAL WITH APPLE, CINNAMON AND MARSHMALLOWS"
1628974,branded_food,"FRUIT & YOGURT CRUNCHY RICE & WHEAT FLAKES WITH OAT & FRUIT CLUSTERS & YOGURT-COATED CLUSTERS CEREAL, FRUIT & YOGURT"
1628982,branded_food,"ORIGINAL SWEETENED CORN & OAT CEREAL, ORIGINAL"
1629536,branded_food,FROSTED TOASTED OAT CEREAL WITH MARSHMALLOWS
1629622,branded_food,"ORIGINAL PERKY'S CRUNCHY RICE CEREAL, ORIGINAL"
1629623,branded_food,"ORIGINAL PERKY'S CRUNCHY FLAX CEREAL, ORIGINAL"
1629624,branded_food,"PERKY'S CRUNCHY FLAX CEREAL WITH CHIA, CHIA"
1629859,branded_food,"GO DIEGO GO LIGHTLY SWEETENED CORN PUFFS CEREAL, HONEY"
1629951,branded_food,"GENERAL MILLS, LIGHTLY SWEETENED OAT CEREAL, CHERRIOS + ANCIENT GRAIN, CHERRIOS + ANCIENT GRAIN"
1629952,branded_food,"GENERAL MILLS, CHEERIOS, OAT CEREAL"
1629954,branded_food,"GENERAL MILLS, CHEX, CLUSTERS CEREAL, FRUIT & OATS, FRUIT & OATS"
1630008,branded_food,"GENERAL MILLS, CHEX, SWEETENED RICE CEREAL, APPLE CINNAMON, APPLE CINNAMON"
1630009,branded_food,"GENERAL MILLS, TOAST CRUNCH, PEANUT BUTTER SWEETENED SQUARES CEREAL, PEANUT BUTTER, PEANUT BUTTER"
1630306,branded_food,HOT CEREAL
1630307,branded_food,"CRISPY, SWEETENED CORN CEREAL, FRENCH TOAST CRUNCH"
1630309,branded_food,NATURALLY FLAVORED SWEETENED CEREAL
1630318,branded_food,FROSTED TOASTED OAT CEREAL WITH MARSHMALLOWS
1630320,branded_food,"GENERAL MILLS, CHEERIOS, MULTI GRAIN CEREAL, DARK CHOCOLATE CRUNCH, DARK CHOCOLATE CRUNCH"
1630323,branded_food,"SWEETENED WHOLE MULTI GRAIN CEREAL WITH REAL PEANUT BUTTER, PEANUT BUTTER"
1630326,branded_food,"FIBER ONE, PROTEIN - SWEETENED GRANOLA CEREAL, CRANBERRY ALMOND, CRANBERRY ALMOND "
1630327,branded_food,"FIBER ONE, PROTEIN - SWEETENED GRANOLA CEREAL, MAPLE BROWN SUGAR, MAPLE BROWN SUGAR "
1630512,branded_food,TOASTED WHOLE GRAIN OAT CEREAL
1630629,branded_food,FROSTED WHOLE GRAIN OAT CEREAL
1630747,branded_food,HOT CEREAL
1630749,branded_food,FROSTED TOASTED OAT CEREAL WITH MARSHMALLOWS
1630750,branded_food,CHOCOLATEY WHOLE GRAIN CEREAL WITH MARSHMALLOWS
1631203,branded_food,NATURALLY FLAVORED SWEETENED CEREAL
1631374,branded_food,"CEREAL BARS, BLUEBERRY"
1631656,branded_food,"GENERAL MILLS, MINIONS, WHEAT & RICE CEREAL, BANANA BERRY, BANANA BERRY"
1631752,branded_food,FROSTED SHREDDED WHEAT CEREAL
1632265,branded_food,"BITE SIZE FROSTED SHREDDED WHEAT SWEETENED WHOLE GRAIN CEREAL, FROSTED SHREDDED WHEAT"
1632418,branded_food,"COCOA CRISPS SWEETENED CHOCOLATE FLAVORED RICE CEREAL WITH REAL COCOA, COCOA CRISPS"
1633173,branded_food,"CREPES TO GO! CARAMEL FILLED WITH CRISPY CEREAL BALLS, CARAMEL"
1633175,branded_food,"CHOCOLATE HAZELNUT FILLED WITH CRISPY CEREAL BALLS, CHOCOLATE HAZELNUT"
1633297,branded_food,"ORGANIC SUPERFOOD HOT CEREAL, CHIA CRUNCH"
1633378,branded_food,"CINNAMON TOAST CRUNCH, TREATS, MILK'N CEREAL BARS"
1633418,branded_food,"SWEETENED RICE CEREAL, VANILLA"
1633472,branded_food,"ORIGINAL FLAVOR INSTANT HOT CEREAL, ORIGINAL"
1633607,branded_food,"GENERAL MILLS, REESE'S PUFFS, PEANUT BUTTER AND COCOA CEREAL BARS"
1633789,branded_food,"YOCRUNCH, CEREAL BOWL, LOWFAT YOGURT WITH KELLOGG'S CRAVE DOUBLE CHOCOLATE, VANILLA"
1633793,branded_food,"CEREAL, CHOCOLATE"
1633798,branded_food,"GENERAL MILLS, WHOLE GRAIN OAT CEREAL, HONEY, HONEY"
1633799,branded_food,"GENERAL MILLS, CINNAMON TOAST CRUNCH, CRISPY, SWEETENED WHOLE WHEAT & RICE CEREAL"
1633800,branded_food,LIGHTLY SWEETENED MULTI GRAIN CEREAL
1633801,branded_food,FROSTED WHOLE GRAIN OAT & CORN CEREAL
1633864,branded_food,"SPONGEBOB SQUAREPANTS CEREAL, FRUITY SPLASH"
1633907,branded_food,FRUIT & GRAIN CEREAL BARS
1634005,branded_food,LIGHTLY SWEETENED CEREAL
1634008,branded_food,TOASTED WHOLE GRAIN OAT CEREAL
1634098,branded_food,CEREAL
1634099,branded_food,"GENERAL MILLS, LUCKY CHARMS, FROSTED TOASTED OAT CEREAL WITH MARSHMALLOWS"
1634151,branded_food,SWEETENED ORGANIC CORN AND OAT CEREAL
1634163,branded_food,"OVEN TOASTED FLAKES OF CORN CEREAL, OVEN TOASTED FLAKES OF CORN CEREAL"
1634164,branded_food,"MARSHMALLOW MATEYS CEREAL, MARSHMALLOW MATEYS"
1634165,branded_food,"MARSHMALLOW MATEYS CEREAL, MARSHMALLOW MATEYS"
1634166,branded_food,"FROSTED FLAKES CEREAL, FROSTED FLAKES"
1634167,branded_food,CEREAL
1634168,branded_food,"FROSTED FLAKES CEREAL, FROSTED FLAKES"
1634169,branded_food,"MARSHMALLOW MATEYS CEREAL, MARSHMALLOW MATEYS"
1634170,branded_food,"MARSHMALLOW MATEYS CEREAL, MARSHMALLOW"
1634171,branded_food,CEREAL
1634172,branded_food,"MARSHMALLOW MATEYS CEREAL, MARSHMALLOW MATEYS"
1634173,branded_food,"CHOCOLATE MARSHMALLOW MATEYS CEREAL, CHOCOLATE MARSHMALLOW MATEYS"
1634174,branded_food,"CHOCOLATE MARSHMALLOW MATEYS CEREAL, CHOCOLATE MARSHMALLOW MATEYS"
1634175,branded_food,"CRISPY COCOA RICE SWEETENED RICE CEREAL WITH REAL COCOA, CRISPY COCOA RICE"
1634176,branded_food,"SWEETENED CORN PUFF CEREAL, REAL PEANUT BUTTER AND COCOA"
1634177,branded_food,"FROSTED FLAKES CEREAL, FROSTED FLAKES"
1634178,branded_food,"FROSTED FLAKES CEREAL, FROSTED FLAKES"
1634179,branded_food,"FROSTED FLAKES CEREAL, FROSTED FLAKES"
1634180,branded_food,CEREAL
1634184,branded_food,OVEN TOASTED FLAKES OF CORN CEREAL
1634185,branded_food,CORN FLAKES OVEN TOASTED FLAKES OF CORN CEREAL
1634186,branded_food,FROSTED SHREDDED WHEAT WITH PROTEIN CEREAL
1634187,branded_food,"SWEETENED WHOLE GRAIN OAT CEREAL WITH REAL HONEY, WHOLE GRAIN HONEY NUT TOASTED OATS"
1634188,branded_food,"THE ORIGINAL CEREAL, ORIGINAL"
1634189,branded_food,THE ORIGINAL CEREAL
1634190,branded_food,FIT CEREAL
1634191,branded_food,MARSHMALLOW MATEYS CEREAL
1634192,branded_food,"MARSHMALLOW MATEYS CEREAL, MARSHMALLOW MATEYS"
1634193,branded_food,"MARSHMALLOW MATEYS FROSTED WHOLE GRAIN OAT CEREAL WITH MARSHMALLOWS, MARSHMALLOW MATEYS"
1634195,branded_food,FROSTED WHOLE GRAIN OAT CEREAL
1634196,branded_food,"WHOLE GRAIN FROSTED SHREDDED WHEAT CEREAL, CHOCOLATE FROSTED SHREDDED WHEAT"
1634197,branded_food,"SWEETENED CORN PUFF CEREAL WITH REAL PEANUT BUTTER AND COCOA, SWEETENED CORN PUFF CEREAL WITH REAL PEANUT BUTTER AND COCOA"
1634198,branded_food,"FROSTED FLAKES CEREAL, FROSTED FLAKES"
1634200,branded_food,CEREAL
1634201,branded_food,"FROSTED FLAKES CEREAL, FROSTED FLAKES"
1634472,branded_food,HOT CEREAL
1634473,branded_food,HOT CEREAL
1634474,branded_food,"MAPLE BROWN SUGAR INSTANT HOT CEREAL, MAPLE BROWN SUGAR"
1634531,branded_food,"WHOLE GRAIN CORN & OAT CEREAL, CARAMEL"
1634535,branded_food,"CEREAL BARS, STRAWBERRY"
1634861,branded_food,"CEREAL BARS, APPLE CINNAMON"
1635850,branded_food,"HOLIDAY SPRINKLES SWEETENED CEREAL, SWEETENED CEREAL"
1635858,branded_food,GOLDEN GRAHAMS CEREAL
1635860,branded_food,"CEREAL, CARAMEL CRUNCH"
1635867,branded_food,FROSTED TOASTED OAT CEREAL WITH MIXED UP MARSHMALLOWS
1635873,branded_food,"PROTEIN CEREAL, OATS & HONEY"
1635880,branded_food,"CEREAL WITH SPOOKY-FUN MARSHMALLOWS, CHOCOLATEY"
1635905,branded_food,"ORGANIC OAT, CORN, AND RICE CEREAL, COCOA BUNNIES"
1635920,branded_food,CEREAL
1635936,branded_food,"GENERAL MILLS, CINNAMON TOAST CRUNCH, MILK 'N CEREAL BARS, CINNAMON TOAST CRUNCH, CINNAMON TOAST CRUNCH"
1635939,branded_food,FROSTED TOASTED OAT CEREAL WITH MARSHMALLOWS
1635957,branded_food,"CHOCOLATEY WHOLE GRAIN CEREAL WITH MARSHMALLOWS, CHOCOLATE WITH MIXED-UP MARSHMALLOWS"
1635961,branded_food,"ARTIFICIAL BERRY FLAVOR FROSTED CEREAL WITH MONSTER MARSHMALLOWS, BERRY"
1635964,branded_food,CEREAL
1635967,branded_food,SWEETENED CEREAL
1635991,branded_food,MULTI GRAIN CHEERIOS + ANCIENT GRAINS CEREAL
1636007,branded_food,"GENERAL MILLS, CHEERIOS, MILK 'N CEREAL BARS, HONE NUT, HONE NUT"
1636014,branded_food,RAISIN OAT CLUSTERS CEREAL
1636047,branded_food,"FROSTED CEREAL WITH SPOOKY-FUN MARSHMALLOWS, BERRY"
1636072,branded_food,LIGHTLY SWEETENED CEREAL
1636077,branded_food,"SWEETENED CORN PUFFS CEREALS, FRUIT"
1636098,branded_food,SWEETENED CORN AND RICE CEREAL
1636120,branded_food,HOT CEREAL
1636125,branded_food,"MINI SWEETENED TOAST-SHAPED CEREAL, STRAWBERRY"
1636130,branded_food,"GENERAL MILLS, FRENCH TOAST CRUNCH, CRISPY, SWEETENED CORN CEREAL, CINNAMON & SYRUP, CINNAMON & SYRUP"
1636138,branded_food,NATURALLY FLAVORED SWEETENED CEREAL
1636141,branded_food,"CEREAL, RAISIN BRAN CLUSTERS"
1636142,branded_food,"LIGHTLY SWEETENED CORN CEREAL, BERRY BERRY"
1636148,branded_food,"CEREAL, FRUITY"
1636166,branded_food,"STRAWBERRY FLAVOR FROSTED CEREAL WITH MONSTER MARSHMALLOWS, STRAWBERRY"
1636201,branded_food,"CHOCOLATEY CEREAL WITH MONSTER MARSHMALLOWS, CHOCOLATEY"
1636237,branded_food,HOT CEREAL
1636240,branded_food,"SWEETENED WHOLE GRAIN OAT CEREAL, HONEY NUT"
1636246,branded_food,LIGHTLY SWEETENED OAT & ANCIENT GRAIN CEREAL
1636251,branded_food,FROSTED TOASTED OAT CEREAL WITH MARSHMALLOWS
1636253,branded_food,"ORIGINAL BRAN CEREAL, ORIGINAL"
1636258,branded_food,"CREAM OF WHEAT, INSTANT HOT CEREAL, CINNABON, CINNABON"
1636268,branded_food,"MINI SWEETENED TOAST-SHAPED CEREAL, BLUEBERRY"
1636269,branded_food,"FROSTED CEREAL WITH SPOOKY-FUN MARSHMALLOWS, STRAWBERRY"
1636282,branded_food,CHOCOLATEY WHOLE GRAIN CEREAL WITH MARSHMALLOWS
1636293,branded_food,CEREAL
1636294,branded_food,FRUIT & OATS CEREAL
1636303,branded_food,HOT CEREAL
1636329,branded_food,CHOCOLATEY CEREAL BAR WITH SPOOKY-FUN MARSHMALLOWS
1636330,branded_food,"ORGANIC OAT, CORN, AND RICE CEREAL, BERRY"
1636541,branded_food,"SWEETENED WHOLE WHEAT & RICE CEREAL WITH CINNAMON BITES, CINNAMON"
1636542,branded_food,"CRUNCHY HONEY OATS NATURAL HONEY FLAVORED MULTIGRAIN CEREAL WITH GRANOLA, CRUNCHY HONEY OATS"
1636543,branded_food,"EXTRA RAISIN BRAN WHOLE GRAIN WHEAT & WHEAT BRAN WITH RAISINS CEREAL, EXTRA RAISIN BRAN"
1636577,branded_food,"FRUITY DYNO-BITES CEREAL, FRUITY DYNO-BITES"
1636580,branded_food,CORN SQUARES OVEN TOASTED CORN CEREAL
1636637,branded_food,"HONEY NUT HONEST O'S CEREAL, HONEY NUT"
1636642,branded_food,"CHOCOLATEY CHIP FLAVORED COOKIE BITES CEREAL, CHOCOLATEY CHIP"
1636685,branded_food,TOASTED OATS CEREAL
1636700,branded_food,"FRUITY O'S FROSTED MULTIGRAIN CEREAL WITH NATURAL FRUIT FLAVORS, FRUITY O'S"
1636728,branded_food,TOASTED MULTIGRAIN CEREAL WITH ALMONDS AND HONEY OAT CLUSTERS
1636729,branded_food,CRISPY RICE CEREAL
1636730,branded_food,TOASTED MULTIGRAIN CEREAL WITH HONEY OAT CLUSTERS
1636731,branded_food,RAISIN & BRAN KRISP CEREAL
1636732,branded_food,BRAN FLAKES CEREAL
1636733,branded_food,VANILLA ALMOND CEREAL
1636734,branded_food,RICE BISCUITS CEREAL
1636735,branded_food,CRUNCHY WHEAT & CORN CEREAL
1636736,branded_food,"RAISIN BRAN CEREAL, RAISIN BRAN"
1636737,branded_food,"CORN FLAKES CEREAL, CORN FLAKES"
1636738,branded_food,FROSTED FLAKES CEREAL
1636739,branded_food,SWEETENED WHOLE WHEAT & RICE CEREAL WITH CINNAMON
1636740,branded_food,CORN BISCUITS CEREAL
1636741,branded_food,SHREDDED WHEAT CEREAL
1636750,branded_food,"SWEETENED CEREAL WITH ISLAND MARSHMALLOWS, ISLAND MARSHMALLOWS"
1636758,branded_food,"FROSTED SHREDDED WHEAT BITE SIZE CEREAL, BLUEBERRY"
1636759,branded_food,"STRAWBERRY FROSTED SHREDDED WHEAT BITE SIZE CEREAL, STRAWBERRY"
1636776,branded_food,TOASTED CORN CEREAL POCKETS
1636778,branded_food,"CRISP RICE TOASTED RICE CEREAL, CRISP RICE"
1636787,branded_food,BITE-SIZE FROSTED SHREDDED WHEAT LIGHTLY SWEETENED WHOLE GRAIN WHEAT CEREAL
1637050,branded_food,"BERRY CRUNCH SWEETENED CORN & OAT CEREAL, BERRY CRUNCH"
1637448,branded_food,CREAMY WHEAT CEREAL
1637692,branded_food,CEREAL
1637778,branded_food,MULTI-GRAIN CEREAL
1637937,branded_food,"ANCIENT GRAIN GRANOLA + PUFFS CEREAL, CRANBERRY PECAN"
1638039,branded_food,"FROSTY FLAKES SWEETENED CORN FLAKE CEREAL, FROSTY FLAKES"
1638095,branded_food,"SWEETENED FROSTED FLAKES CEREAL, SWEETENED"
1638361,branded_food,"TOUCHDOWN CRUNCH SWEETENED CORN & OAT CEREAL, TOUCHDOWN CRUNCH"
1638653,branded_food,"KOO-KIES SWEETENED CORN CEREAL, KOO-KIES"
1638900,branded_food,SWEETENED RICE CEREAL
1638977,branded_food,"CRISPY, OVEN TOASTED RICE CEREAL"
1639043,branded_food,"PEANUT BUTTER COCO LOCO SWEET & CRUNCHY CORN CEREAL, PEANUT BUTTER COCO LOCO"
1639053,branded_food,"CORN FLAKES TOASTED FLAKES OF CORN CEREAL, CORN FLAKES"
1639070,branded_food,"FRUIT FLAVOR SWEETENED RICE CEREAL, FRUIT"
1639292,branded_food,"FROSTED FLAKES CEREAL, FROSTED FLAKES"
1639293,branded_food,SWEETENED WHOLE WHEAT & RICE CEREAL WITH CINNAMON SWIRLS
1639302,branded_food,"FROSTED FLAKES CEREAL, FROSTED FLAKES"
1639308,branded_food,"GOLDEN PUFFS CEREAL, GOLDEN PUFFS"
1639500,branded_food,"KROGER, CORN FLAKES TOASTED CORN CEREAL"
1639511,branded_food,"OLD-FASHIONED 100% WHOLE GRAIN OAT CEREAL, OLD-FASHIONED"
1639544,branded_food,SUPERFOOD CEREAL
1639614,branded_food,"SWEETENED RICE CEREAL, SWEETENED"
1639630,branded_food,O'S CEREAL
1639710,branded_food,"CINNAMON TOASTERS CEREAL, CINNAMON TOASTERS"
1639733,branded_food,"CHOCOLATE FLAVORED SWEETENED RICE CEREAL WITH REAL COCOA, CHOCOLATE"
1639861,branded_food,"WHEAT SQUARES OVEN TOASTED WHOLE GRAIN WHEAT CEREAL, WHEAT SQUARES"
1640053,branded_food,"RAISIN BRAN TOASTED WHOLE GRAIN WHEAT AND BRAN CEREAL WITH RAISINS, RAISIN BRAN"
1640054,branded_food,"RAISIN BRAN TOASTED WHOLE GRAIN WHEAT AND BRAN CEREAL WITH RAISINS, RAISIN BRAN"
1640511,branded_food,"CHOCOLATE FLAVORED SWEETENED RICE CEREAL WITH REAL COCOA, CHOCOLATE"
1640560,branded_food,"CINNAMON TOASTERS CEREAL, CINNAMON TOASTERS"
1640683,branded_food,NUTTY NUGGETS CRUNCHY WHEAT & BARLEY CEREAL
1640819,branded_food,"CINNAMON TOASTERS CEREAL, CINNAMON TOASTERS"
1640827,branded_food,FRUIT & GRAIN CEREAL BARS
1641247,branded_food,"BERRY BURST FLAVORED PROTEIN CEREAL, BERRY BURST"
1641455,branded_food,TOASTED OATS CEREAL
1641490,branded_food,FROSTED FLAKES CEREAL
1641654,branded_food,CEREAL
1642336,branded_food,"APPLE ZINGS CEREAL, APPLE ZINGS"
1643707,branded_food,WHEAT BRAN CEREAL
1643859,branded_food,FRUIT & GRAIN CEREAL BARS
1643903,branded_food,"STRAWBERRY CEREAL BARS, STRAWBERRY"
1643976,branded_food,"MULTIGRAIN MEDLEY, LIGHTLY SWEETENED MULTIGRAIN CEREAL"
1644025,branded_food,"FRUIT & YOGURT CRISPY RICE & WHEAT FLAKES CEREAL WITH OAT & FRUIT, FRUIT & YOGURT"
1644035,branded_food,FROSTED WHOLE GRAIN OAT CEREAL WITH MARSHMALLOW
1644044,branded_food,"BITE SIZE FROSTED SHREDDED WHEAT CEREAL, STRAWBERRY CREAM"
1644347,branded_food,"FRUIT AND GRAIN CEREAL BARS, STRAWBERRY"
1644513,branded_food,"MULTIGRAIN PUFFINS CEREAL, MULTIGRAIN"
1644983,branded_food,"BERRY COLOSSAL CRUNCH CEREAL, BERRY COLOSSAL CRUNCH"
1645053,branded_food,ORGANIC RAISIN BRAN CEREAL
1645258,branded_food,ORGANIC FROSTED FLAKES CEREAL
1645259,branded_food,"ORGANIC PEANUT BUTTER DOTS CEREAL, PEANUT BUTTER"
1645260,branded_food,ORGANIC TOASTED O'S CEREAL
1645430,branded_food,"TOOTIE FRUITIES CEREAL, TOOTIE FRUITIES"
1645448,branded_food,"CINNAMON OATMEAL SQUARES CRUNCHY OAT CEREAL, CINNAMON"
1645490,branded_food,"COCO ROOS CEREAL, COCO ROOS"
1645512,branded_food,CINNI-MINI CRUNCH CEREAL
1645772,branded_food,"HONEY CRUNCH, SWEETENED CORN & OAT CEREAL, HONEY"
1645875,branded_food,"ORGANIC RIP'S POWER-UP BOWL DOUBLE BERRY HOT CEREAL, BERRY"
1645962,branded_food,"ROCK'N FRUIT SWEETENED RICE CEREAL, ROCK'N FRUIT"
1646012,branded_food,"S'MORES CEREAL, S'MORES"
1646138,branded_food,"ORGANIC RIP'S POWER-UP BOWL ORIGINAL HOT CEREAL, ORIGINAL"
1646289,branded_food,"CRISP RICE TOASTED RICE CEREAL, CRISP RICE"
1646340,branded_food,"POST, GREAT GRAINS, WHOLE GRAIN CEREAL, HONEY,OATS & SEEDS"
1646354,branded_food,"NATURE'S PROMISE, MUESLI CEREAL, PEANUT BUTTER APPLE, PEANUT BUTTER APPLE"
1646376,branded_food,WHOLE GRAIN CEREAL
1646488,branded_food,"POST, GREAT GRAINS, PROTEIN BLEND WHOLE GRAIN CEREAL, CINNAMON HAZELNUT"
1646530,branded_food,"MALTEX, HOT WHEAT CEREAL"
1646531,branded_food,"WHEATENA, WHOLE GRAIN TOASTED WHEAT CEREAL"
1646683,branded_food,CRACKED WHEAT HOT CEREAL WHOLE GRAIN
1646870,branded_food,"BITSY'S BRAINFOOD, ORGANIC WHOLE GRAIN AND VEGETABLE CEREAL, FRUIT"
1647050,branded_food,"YOGURT WITH PECAN & CEREALS FLAVORED SMOOTHIE, YOGURT WITH PECAN & CEREALS"
1647069,branded_food,"HEALTH VALLEY, HEALTH VALLEY ORGANIC, MULTIGRAIN CEREAL BARS, BLUEBERRY COBBLER"
1647371,branded_food,CEREAL
1647523,branded_food,"WHEAT & BRAN CEREAL WITH RAISINS & CRUNCHY GRANOLA, RAISIN BRAN"
1647836,branded_food,"CINNAMON TOASTERS CEREAL, CINNAMON TOASTERS"
1647872,branded_food,"CINNAMON TOASTERS CEREAL, CINNAMON TOASTERS"
1647873,branded_food,"CINNAMON TOASTERS CEREAL, CINNAMON TOASTERS"
1649169,branded_food,"FROSTED BITE SIZE CEREAL, SHREDDED WHEAT"
1649188,branded_food,"S'MORES CEREAL, S'MORES"
1649230,branded_food,"MARSHMALLOW MATEYS CEREAL, MARSHMALLOW MATEYS"
1649231,branded_food,"HONEY GRAHAMS SWEETENED WHOLE WHEAT AND CORN CEREAL, HONEY GRAHAMS"
1649232,branded_food,"APPLE ZING CEREAL, APPLE ZING"
1649233,branded_food,"CRANBERRY VANILLA TRAIL MIX CEREAL, CRANBERRY VANILLA"
1649234,branded_food,"FROSTED SHREDDED WHEAT CEREAL, FROSTED SHREDDED WHEAT"
1649235,branded_food,"GOLDEN HONEY O'S CEREAL, GOLDEN HONEY O'S"
1649236,branded_food,"WITH ALMONDS CEREAL, ALMONDS"
1649237,branded_food,"CINNAMON TOASTERS CEREAL, CINNAMON TOASTERS"
1649238,branded_food,"DOUBLE CHOCOLATE CEREAL, DOUBLE CHOCOLATE"
1649239,branded_food,FROSTED FLAKES CEREAL
1649240,branded_food,"GOLDEN PUFFS CEREAL, GOLDEN PUFFS"
1649242,branded_food,"CRISPY CINNAMON RICE SWEETENED RICE CEREAL WITH REAL CINNAMON, CRISPY CINNAMON RICE"
1649243,branded_food,"HONEY CEREAL, HONEY"
1649244,branded_food,"CRISPY CINNAMON RICE SWEETENED RICE CEREAL WITH REAL CINNAMON, CRISPY CINNAMON RICE"
1649245,branded_food,"RAISIN BRAN WHOLE GRAIN WHEAT AND BRAN CEREAL WITH RAISINS, RAISIN BRAN"
1649246,branded_food,"TOOTIE FRUITIES CEREAL, TOOTIE FRUITIES"
1649247,branded_food,"COCONUT ALMOND CRUNCH CEREAL, COCONUT ALMOND CRUNCH"
1649248,branded_food,"MARSHMALLOW MATEYS CEREAL, CHOCOLATE"
1649249,branded_food,"RAISIN BRAN CEREAL, RAISIN BRAN"
1649250,branded_food,COOKIE BITES CEREAL
1649251,branded_food,"TOOTIE FRUITIES CEREAL, TOOTIE FRUITIES"
1649252,branded_food,"BERRY COLOSSAL CRUNCH CEREAL WITH MARSHMALLOWS, BERRY COLOSSAL CRUNCH"
1649253,branded_food,CEREAL
1649254,branded_food,"HONEY NUT SCOOTERS CEREAL, HONEY NUT SCOOTERS"
1649255,branded_food,"FRUIT FLAVORS SWEETENED RICE CEREAL WITH MARSHMALLOWS, FRUIT WITH MARSHMALLOWS"
1649256,branded_food,"COCO ROOS CEREAL, COCO ROOS"
1649257,branded_food,"HONEY OAT BLENDERS CEREAL, HONEY OAT BLENDERS"
1649259,branded_food,"CEREAL, CINNAMON DYNO-BITES"
1649452,branded_food,"ORIGINAL FROSTED BITE SIZE LIGHTLY SWEETENED SHREDDED WHOLE GRAIN WHEAT CEREAL, ORIGINAL"
1649471,branded_food,"HONEY NUT TOASTY O'S SWEETENED WHOLE GRAIN OAT CEREAL WITH REAL HONEY, HONEY NUT TOASTY O'S"
1649476,branded_food,TOASTED OATS WHOLE GRAIN OAT CEREAL
1649505,branded_food,"FROSTED FLAKES SWEETENED FLAKES OF CORN CEREAL, FROSTED FLAKES"
1649698,branded_food,"CEREAL, RAISIN BRAN"
1649699,branded_food,OAT CEREAL
1649713,branded_food,SWEETENED MULTIGRAIN CEREAL
1649714,branded_food,FROSTED WHOLE GRAIN OAT CEREAL WITH MARSHMALLOW BITS
1650015,branded_food,"FRUIT & GRAIN CEREAL BARS, STRAWBERRY"
1650016,branded_food,"FRUIT & GRAIN CEREAL BARS, APPLE CINNAMON"
1650492,branded_food,"CHOCOLATE MARSHMALLOW MATEYS CEREAL, CHOCOLATE MARSHMALLOW MATEYS"
1650493,branded_food,"APPLE ZINGS CEREAL, APPLE ZINGS"
1650494,branded_food,"S'MORES CEREAL, S'MORES"
1650495,branded_food,"HONEY ROASTED CEREAL, HONEY ROASTED"
1650496,branded_food,"TOOTIE FRUITIES CEREAL WITH MARSHMALLOWS, TOOTIE FRUITIES WITH MARSHMALLOWS"
1650497,branded_food,"DOUBLE CHOCOLATE BROWNIE CRUNCH CEREAL, DOUBLE CHOCOLATE BROWNIE CRUNCH"
1650498,branded_food,"COOKIES & CREAM CEREAL, COOKIES & CREAM"
1650584,branded_food,SWEETENED CORN & OAT CEREAL
1650595,branded_food,OVEN TOASTED CORN CEREAL
1650600,branded_food,SWEETENED OAT CEREAL WITH COLORED MARSHMALLOW BITS
1650611,branded_food,PRE-SWEETENED FROSTED CORN CEREAL
1650612,branded_food,SWEETENED OAT CEREAL WITH MARSHMALLOWS
1650613,branded_food,SWEETENED CORN AND OAT CEREAL
1650615,branded_food,SWEETENED TOASTED OATS CEREAL
1650616,branded_food,OVEN TOASTED RICE CEREAL
1650618,branded_food,CRISPY CORN & RICE CEREAL
1651524,branded_food,"FRUIT & GRAIN CEREAL BARS, BLUEBERRY"
1651526,branded_food,"APPLE CINNAMON FRUIT & GRAIN CEREAL BARS, APPLE CINNAMON"
1651530,branded_food,"STRAWBERRY FRUIT&GRAIN CEREAL BARS, STRAWBERRY"
1651570,branded_food,CEREAL
1651584,branded_food,PUFFED RICE CEREAL
1651776,branded_food,"TREASURES CEREAL, MARSHMALLOW"
1651828,branded_food,"RAISIN GRANOLA CEREAL, RAISIN"
1652143,branded_food,HONEY GRAHAMS CEREAL
1652517,branded_food,BUNCH O' SQUARES CEREAL
1652704,branded_food,"CRUNCHY NUGGETS WHOLE GRAIN WHEAT AND BARLEY CEREAL, CRUNCHY NUGGETS"
1652767,branded_food,"CINNAMON ORGANIC SQUARES CEREAL, CINNAMON"
1652775,branded_food,"HONEY NUT TOASTED OATS FLAVORED ORGANIC CEREAL, HONEY NUT TOASTED OATS"
1652776,branded_food,"TOASTED OATS ORGANIC CEREAL, TOASTED OATS"
1652777,branded_food,"FROSTED CORN FLAKES ORGANIC CEREAL, FROSTED CORN FLAKES"
1652822,branded_food,"FROSTED FLAKES SWEETENED FLAKES OF CORN CEREAL, FROSTED FLAKES"
1652823,branded_food,"STRAWBERRY RICE & WHEAT FLAKES CEREAL, STRAWBERRY"
1652824,branded_food,"VANILLA ALMOND FLAVORED RICE & WHEAT FLAKES WITH ALMONDS CEREAL, VANILLA ALMOND"
1652825,branded_food,"FRUIT & YOGURT CRISPY RICE AND WHEAT CEREAL WITH OAT AND NATURALLY FRUIT FLAVORED WITH CLUSTERS AND YOGURT FLAVORED COATED CLUSTERS, FRUIT & YOGURT"
1652826,branded_food,"FRUIT & YOGURT FLAVORED RICE & WHEAT FLAKES WITH FRUIT & YOGURT COATED CLUSTERS CEREAL, FRUIT & YOGURT"
1652827,branded_food,"CRUNCHY RAISIN BRAN WHEAT & RICE FLAKES WITH RAISINS & OAT CLUSTERS CEREAL, CRUNCHY RAISIN BRAN"
1652828,branded_food,"CORN SQUARES TOASTED CEREAL, CORN SQUARES"
1653146,branded_food,"FROSTED MINI SPOONERS CEREAL, FROSTED MINI SPOONERS"
1653224,branded_food,"COCOA RAGEOUS, CHOCOLATE FLAVORED SWEETENED RICE CEREAL WITH REAL COCOA, CHOCOLATE"
1653369,branded_food,"CHOCOLATE FLAVORED GRANOLA CEREAL, CHOCOLATE"
1653848,branded_food,SUGAR FROSTED FLAKES CEREAL
1653851,branded_food,"CRUNCHY OATMEAL CEREAL WITH A SPRINKLE OF BROWN SUGAR, BROWN SUGAR"
1653853,branded_food,BITE SIZE SHREDDED WHEAT CEREAL
1653855,branded_food,"CINNAMON CRISPY OAT SQUARES LIVEWISE CEREAL, CINNAMON"
1653858,branded_food,TOASTED OATS CEREAL
1653862,branded_food,"RAISIN BRAN CEREAL, RAISIN BRAN"
1653913,branded_food,HONEY NUT TOASTED OATS CEREAL
1653935,branded_food,"HONEY GRAHAM CRUNCH, HONEY GRAHAM CEREAL, HONEY GRAHAM"
1653967,branded_food,CEREAL
1654005,branded_food,"CINNI-MINI CRUNCH, SWEETENED WHOLE WHEAT & RICE CEREAL WITH CINNAMON, CINNAMON"
1654118,branded_food,"S'MORES CEREAL, S'MORES"
1654223,branded_food,"CORN FLAKES CEREAL, CORN FLAKES"
1654255,branded_food,ORGANIC SWEETENED CORN CEREAL
1654267,branded_food,"HONEY OAT CRUNCH CEREAL, HONEY"
1654275,branded_food,WHOLE GRAIN WHEAT AND BARLEY NUTTY BITES CEREAL
1654336,branded_food,"CORN FLAKES TOASTED CORN CEREAL, CORN FLAKES"
1654467,branded_food,"BRAN FLAKES WHOLE GRAIN WHEAT CEREAL, BRAN FLAKES"
1654469,branded_food,CEREAL BARS
1654759,branded_food,TOASTED CINNAMON SQUARES CRISPY SWEETENED WHOLE WHEAT AND RICE CEREAL WITH CINNAMON
1655026,branded_food,CINNAMON SWEETENED WHOLE WHEAT & RICE CEREAL
1655140,branded_food,"CRISPY COCOA RICE FLAVORED SWEETENED RICE CEREAL WITH REAL COCOA, CRISPY COCOA RICE"
1655146,branded_food,"CORN FLAKES TOASTED FLAKES OF CORN CEREAL, CORN FLAKES"
1655148,branded_food,"BLUEBERRY WHEATFULS LIGHTLY SWEETENED WHOLE WHEAT CEREAL, BLUEBERRY WHEATFULS"
1655150,branded_food,"FROSTED SHREDDED WHEAT BITE SIZE LIGHTLY SWEETENED WHOLE GRAIN WHEAT CEREAL, FROSTED SHREDDED WHEAT"
1655151,branded_food,"SHREDDED WHEAT BITE SIZE WHOLE GRAIN WHEAT CEREAL, SHREDDED WHEAT"
1655160,branded_food,"SHREDDED WHEAT BITE SIZE SHREDDED WHOLE GRAIN WHEAT CEREAL, SHREDDED WHEAT"
1655161,branded_food,"FROSTED SHREDDED WHEAT BITE SIZE SWEETENED WHOLE GRAIN WHEAT CEREAL, FROSTED SHREDDED WHEAT"
1655163,branded_food,"HONEY NUT TOASTED OATS SWEETENED TOASTED OAT CEREAL WITH HONEY, HONEY NUT TOASTED OATS"
1655265,branded_food,CEREAL
1655477,branded_food,"SWEETENED PUFFED WHEAT CEREAL, GOLDEN HONEY"
1655478,branded_food,TOASTED RICE CEREAL
1655502,branded_food,SWEETENED MULTI-GRAIN CEREAL
1655506,branded_food,CEREAL
1655507,branded_food,"TOOTIE FRUITIES CEREAL, TOOTIE FRUITIES"
1655974,branded_food,"KROGER, FROSTED FLAKES SWEETENED CORN CEREAL"
1655979,branded_food,CORN FLAKES CEREAL
1655991,branded_food,TOASTED RICE CEREAL
1655992,branded_food,"ORIGINAL 100% WHOLE GRAIN INSTANT OATMEAL CEREAL, ORIGINAL"
1655995,branded_food,"KEMACH, CORN FLAKES CEREAL"
1656060,branded_food,"TOASTED OATS CEREAL, HONEY NUT"
1656073,branded_food,"EATING RIGHT, MUESLI CEREAL"
1656082,branded_food,CRANBERRY ALMOND CEREAL
1656256,branded_food,MULTIGRAIN HOT CEREAL WITH FLAX
1656428,branded_food,TOASTED FLAKES OF CORN CEREAL
1656431,branded_food,CRUNCHY RAISIN BRAN FLAKES CEREAL
1656445,branded_food,"CHOCOLATE CHIP MULTIGRAIN CEREAL BARS, CHOCOLATE CHIP"
1656480,branded_food,APPLE DAPPLES SWEETENED MULTI-GRAIN CEREAL
1656655,branded_food,MAPLE PECANS FLAKES & CLUSTERS CEREAL
1656902,branded_food,100% WHOLE GRAIN CEREAL QUICK OATS
1657004,branded_food,"CEREAL, CINNAMON"
1657013,branded_food,CRISPY RICE CEREAL
1657023,branded_food,HONEY POPS CEREAL
1657045,branded_food,"CINNI-MINI CRUNCH A SWEETENED WHOLE WHEAT & RICE CEREAL WITH CINNAMON, CINNI-MINI CRUNCH"
1657060,branded_food,SWEETENED WHOLE WHEAT & RICE CEREAL WITH CINNAMON
1657074,branded_food,TOASTED OAT CEREAL
1657369,branded_food,"RASPBERRY FRUIT & GRAIN CEREAL BARS, RASPBERRY"
1657382,branded_food,"APPLE CINNAMON FRUIT & GRAIN CEREAL BARS, APPLE CINNAMON"
1657390,branded_food,"STRAWBERRY FRUIT & GRAIN CEREAL BARS, STRAWBERRY"
1657395,branded_food,"BLUEBERRY FRUIT & GRAIN CEREAL BARS, BLUEBERRY"
1657404,branded_food,"APPLE CINNAMON FRUIT & GRAIN CEREAL BARS, APPLE CINNAMON"
1657599,branded_food,CEREAL
1657600,branded_food,CORN FLAKES CEREAL
1657601,branded_food,CEREAL
1657602,branded_food,CEREAL
1657603,branded_food,"COCOA DYNO-BITES CEREAL, COCOA DYNO-BITES"
1657605,branded_food,"TOASTED CINNAMON SQUARES SWEETENED WHOLE WHEAT AND RICE CEREAL WITH CINNAMON, TOASTED CINNAMON SQUARES"
1657606,branded_food,"TOASTED WHEATFULS WHOLE GRAIN WHEAT CEREAL, TOASTED WHEATFULS"
1657607,branded_food,SWEETENED RICE CEREAL
1657608,branded_food,"CRANBERRY ALMOND CRUNCH CEREAL, CRANBERRY"
1657609,branded_food,CEREAL
1657610,branded_food,CEREAL WITH MARSHMALLOWS!
1657833,branded_food,"RASPBERRY FRUIT & GRAIN CEREAL BARS, RASPBERRY"
1657907,branded_food,"WHOLE GRAIN WHEAT & BRAN CEREAL WITH RAISINS, RAISIN BRAN"
1657981,branded_food,FROSTED WHOLE GRAIN OAT CEREAL WITH MARSHMALLOW SHAPES
1657992,branded_food,"WHOLE GRAIN CEREAL WITH REAL HONEY GRAHAM SQUARES, REAL HONEY"
1658017,branded_food,FROSTED SHREDDED WHEAT BITE SIZE CEREAL
1658019,branded_food,FROSTED SHREDDED WHEAT CEREAL
1658269,branded_food,CORN CEREAL FROSTED FLAKES
1658329,branded_food,"CEREAL MADE WITH REAL PEANUT BUTTER, PEANUT BUTTER"
1658474,branded_food,QUICK HOT CEREAL
1658618,branded_food,"MIXED BERRY FRUIT & GRAIN CEREAL BARS, MIXED BERRY"
1658749,branded_food,MINI SQUARES CEREAL
1659155,branded_food,FROSTY FLAKES SWEETENED CORN CEREAL
1659169,branded_food,"MAPLE BROWN SUGAR FLAVORED FROSTED BITE SIZE LIGHTLY SWEETENED SHREDDED WHOLE GRAIN WHEAT CEREAL, MAPLE BROWN SUGAR"
1659483,branded_food,"CORN FLAKES CEREAL, CORN FLAKES"
1659518,branded_food,CEREAL
